# https://github.com/mikedh/trimesh
mtllib material.mtl
usemtl ID3_001
v 0.32174602 -0.18763485 -0.10323008
v 0.30022927 -0.24448193 -0.12148217
v 0.19727211 -0.15358385 -0.16325553
v 0.42158788 -0.42635637 -0.05749868
v 0.44823352 -0.47337649 -0.00138407
v 0.42297799 -0.47131122 -0.00121712
v 0.31115880 -0.45274640 -0.00122100
v 0.29631740 -0.44672267 -0.00223474
v 0.35305573 -0.42109142 -0.06238214
v 0.44947862 0.36339064 -0.01644188
v 0.43651775 0.31180624 -0.00094247
v 0.42934450 0.29949168 -0.00137299
v 0.20505618 -0.08398954 0.17020526
v 0.03692800 -0.03256477 0.23998593
v 0.11627352 -0.13552740 0.19200944
v 0.14717720 -0.30983827 0.12078314
v 0.09938027 -0.27540586 0.14556727
v -0.01329569 0.05597114 0.22420654
v 0.13264796 0.05880803 0.19504345
v 0.08313881 0.17052502 0.17616130
v 0.21439830 -0.02599165 0.18906029
v 0.37569262 0.27919574 0.07059926
v 0.26755451 0.22262062 0.13310575
v 0.36772304 0.21389581 0.08276368
v -0.41276881 -0.34250291 0.05620102
v -0.37767117 -0.38265915 0.07118994
v -0.43262856 -0.27388822 0.02395516
v -0.44366632 -0.28225937 0.00066314
v -0.18964467 -0.40768326 -0.00025187
v -0.19188634 -0.40804988 -0.00025401
v -0.20750901 -0.41037409 -0.00024917
v -0.47113137 0.44273844 -0.00024094
v -0.47274288 0.44182803 -0.00024119
v -0.47083478 0.44085713 -0.00024671
v 0.04840395 -0.10803302 0.20340240
v 0.32626832 -0.19489514 0.10043776
v 0.27095813 -0.12771736 0.13905817
v 0.30023019 -0.24448212 0.12097091
v 0.35282024 -0.02256271 0.09925098
v 0.35429173 0.03905389 0.08234213
v 0.27268370 0.03676488 0.15335173
v 0.19727234 -0.15358761 0.16274418
v 0.41425712 -0.20195044 0.00631168
v 0.01176388 0.23937984 0.16754543
v 0.02469759 0.15446910 0.19652599
v -0.27249945 0.44298442 -0.00022743
v -0.27139575 0.44221660 -0.00025343
v -0.26936209 0.44146192 -0.00025165
v -0.28557814 0.39238026 0.06598429
v -0.39414752 0.41265799 0.04908531
v -0.31079752 0.27967065 0.09980925
v 0.40697287 0.17964297 0.00277175
v 0.41067878 0.22990916 0.00167056
v 0.45821731 0.35043723 -0.00026156
v 0.45508535 0.34421679 -0.00025410
v 0.45391499 0.33864537 -0.00025515
v 0.45221063 0.36380774 0.01278753
v 0.30981659 0.31906938 0.09554618
v 0.43213066 0.42852618 0.04628143
v -0.43798508 -0.24472106 0.00068024
v -0.42864647 -0.20446394 0.00752887
v -0.43310399 -0.21730524 0.00066624
v -0.45699052 -0.35920933 0.00185576
v -0.44725642 -0.32144965 0.00067904
v -0.45106078 -0.33504209 0.00096241
v -0.33191373 -0.18828566 0.09856368
v -0.26227479 -0.24835010 0.12141304
v -0.27245259 -0.36964021 0.07380646
v -0.31260150 -0.44915310 0.00069565
v -0.38004475 -0.45798783 0.02548321
v -0.32489772 -0.45391806 0.00058125
v -0.36958045 -0.06911785 0.07080697
v -0.37026718 0.00745165 0.06236941
v -0.40102755 -0.02406705 0.00062598
v -0.40551809 -0.04149618 0.00187462
v -0.40979660 0.00986681 -0.00025234
v -0.41053831 0.01006763 -0.00032105
v -0.40990431 0.00839174 -0.00025270
v -0.22066212 0.14867386 0.15492066
v -0.30869413 0.08066603 0.12378827
v -0.25059824 0.03265328 0.15453162
v -0.48523937 -0.48081508 -0.00025027
v -0.49117136 -0.47516986 -0.00028674
v -0.48264935 -0.48460700 -0.00024745
v 0.25491174 -0.44190410 -0.00025200
v 0.25500068 -0.44301005 -0.00025641
v 0.25691322 -0.44222097 -0.00024827
v 0.42158888 -0.42636040 0.05698541
v 0.35861711 -0.41912166 0.06398898
v 0.40167058 -0.46846111 0.00065078
v 0.33199507 0.18620336 0.09783206
v 0.35662288 -0.10824666 0.08811453
v 0.29113900 -0.08211756 0.12522933
v 0.40972540 0.13956298 -0.00025458
v 0.40864483 0.13350467 -0.00025659
v 0.41040195 0.14258205 -0.00025720
v 0.39618372 0.15570845 0.01526057
v 0.28275582 0.07440543 0.13158549
v 0.39691804 0.03175870 0.00076028
v 0.39507083 0.05375126 0.00062247
v 0.39490668 0.00559531 0.00254273
v 0.13464400 0.30670211 0.12369915
v 0.16033468 0.14600941 0.17509526
v 0.22282274 0.17393297 0.15505512
v -0.12728952 0.06734050 0.20126537
v -0.04899573 0.20664741 0.17609805
v -0.41874044 0.30330508 0.00076836
v -0.37520629 0.25472552 0.06664629
v -0.44339933 0.37835321 0.00837691
v -0.30171460 0.43909596 0.00062462
v -0.32428124 0.44221418 0.00083612
v 0.10099909 0.37880322 0.06345128
v 0.11788077 0.40893877 0.00090389
v 0.08825632 0.41042946 0.00090517
v 0.03565474 0.41251015 0.00136846
v 0.01609844 0.31668722 0.12624873
v 0.27259600 0.36157288 0.07840781
v 0.40905241 0.20176309 0.00070542
v 0.45297565 0.47626180 0.00045555
v 0.49005007 0.48283013 0.00269571
v 0.42175410 0.28501935 0.00026212
v 0.25031516 0.42305516 0.01874803
v 0.23631445 0.42351155 0.00074237
v 0.17490503 0.38456937 0.06175845
v 0.19283843 0.30575579 0.11517107
v -0.48490465 -0.47506326 0.00553347
v -0.48590150 -0.42631712 0.00042936
v 0.00744918 -0.41295091 0.00070464
v -0.04494344 -0.38786934 0.05651924
v -0.01950491 -0.41751533 0.00060837
v 0.00712121 -0.36751261 0.08582115
v -0.09480698 -0.41167982 0.00065477
v -0.07816986 -0.41517477 0.00064908
v -0.44644880 -0.30319607 0.00051889
v -0.15152333 -0.37041001 0.07229129
v -0.14668859 -0.40297306 0.00207864
v -0.12129006 -0.34865684 0.10136983
v -0.04388840 -0.16782721 0.19241983
v -0.06619739 -0.30284652 0.13692800
v -0.04073384 -0.26985312 0.13125271
v -0.00646653 -0.27879452 0.14985993
v -0.15596757 -0.10109826 0.19466267
v -0.18804814 -0.12081088 0.16578806
v -0.14498022 -0.20900000 0.16881618
v -0.14891029 -0.29819031 0.12064975
v -0.20111850 -0.19412774 0.14900455
v -0.41293157 -0.05860537 0.00027183
v -0.41513945 -0.06636507 0.00060994
v -0.41067261 -0.16955321 0.00892264
v -0.36382721 -0.12131521 0.08289976
v -0.41389707 -0.13005504 0.00079280
v -0.34849196 0.17559380 0.08447871
v -0.40105691 0.12986975 0.00353218
v 0.18203994 -0.38741155 0.06992030
v 0.13937083 -0.39141967 0.06353983
v 0.09043270 -0.37379173 0.08526646
v 0.37828557 -0.46436952 0.00096910
v 0.35239577 0.11285443 0.08975795
v 0.40275247 -0.04933105 0.00068085
v 0.40615980 -0.11011110 0.00629379
v 0.38928583 -0.24457413 0.06881270
v -0.45785699 0.42493081 0.00055643
v -0.46159284 0.46316461 0.00482160
v -0.29028655 0.43924779 0.00075047
v -0.24166236 0.28240618 0.12292993
v -0.40994938 0.01619467 -0.00025279
v -0.41095543 0.01776528 -0.00026047
v -0.40962994 0.01481239 -0.00025204
v -0.40884598 0.09486651 0.00081143
v -0.40915785 0.08538497 0.00082740
v -0.31889274 0.02457394 0.11362150
v -0.40645681 0.04985875 0.00331696
v -0.33648290 0.09734570 0.06803373
v -0.39966731 0.15357989 0.00062751
v 0.00739769 0.41762620 -0.00025338
v 0.00410213 0.41883481 -0.00020441
v 0.00586700 0.41743580 -0.00024938
v 0.07149910 0.41041924 0.00127672
v 0.07865912 0.30013359 0.12507053
v 0.39572107 0.08837578 0.00105958
v 0.48567548 0.44153227 0.00071368
v 0.34539429 0.44306109 0.00263326
v 0.37298390 0.45120497 0.00063177
v 0.43636873 0.31156167 0.00044451
v 0.43011206 0.29974798 0.00048815
v 0.24758106 0.42517934 0.00050827
v 0.22158281 0.41924994 0.00068695
v -0.43610023 -0.48356399 0.00036957
v -0.41776539 -0.47823564 0.00065955
v -0.40287501 -0.47583522 -0.00109219
v -0.42083887 -0.47908859 -0.00098646
v -0.48671496 -0.47200033 -0.00635462
v -0.37666022 -0.47231381 0.00083285
v -0.35682028 -0.46619251 0.00058240
v 0.45426295 -0.32424669 -0.00024773
v 0.45350040 -0.33228586 0.00049350
v 0.45491010 -0.32638925 -0.00024463
v -0.03781411 -0.41890244 0.00067950
v -0.16082278 -0.40275986 0.00112795
v -0.34249710 -0.46163411 0.00051224
v -0.23866534 -0.41821911 0.00059848
v -0.28457366 -0.40802729 0.05027459
v -0.25363166 -0.42240148 0.00232983
v -0.20459303 0.02655848 0.17576025
v -0.40963991 -0.00235742 -0.00025304
v -0.40990448 -0.00315210 -0.00025517
v -0.40923171 -0.00404064 -0.00025224
v -0.40481131 0.00920639 0.00078167
v -0.40466639 -0.00298788 0.00070818
v -0.41439258 -0.15009301 -0.00010589
v -0.27908201 0.00012308 0.14274526
v 0.41093286 -0.16953855 0.00440045
v 0.40342986 -0.14829725 0.00048641
v 0.21363305 -0.27155709 0.13703384
v 0.42277289 -0.47131453 0.00066651
v 0.44883794 -0.47350661 0.00080572
v -0.39825799 0.45231379 -0.00025288
v -0.40665698 0.45019020 0.00019308
v -0.39767061 0.45073734 -0.00021657
v 0.42056068 -0.23944863 0.00142837
v 0.34487942 -0.46694588 -0.00025928
v 0.36647500 -0.46913758 -0.00026192
v 0.35709170 -0.46709282 -0.00025360
v 0.40955386 -0.05580678 -0.00025167
v 0.40994215 -0.05785674 -0.00024980
v 0.41137122 -0.06013166 -0.00025650
v -0.12263463 0.20762759 0.16757761
v -0.38386316 0.45067924 0.00089096
v -0.36456351 0.45059229 0.00046147
v -0.46921586 0.44900221 0.00076028
v -0.27087550 0.22643729 0.12345532
v -0.42713608 0.32063252 0.00048042
v -0.45019356 0.39725173 0.00059568
v -0.41468591 0.19563049 0.00075333
v -0.41179837 0.17825845 0.00086673
v -0.19470531 0.33155747 0.10157920
v -0.12899049 0.29026882 0.13583181
v -0.12123545 0.38195941 0.08202835
v -0.16987946 0.20589036 0.15299774
v -0.41079155 0.16042953 -0.00025869
v -0.40384345 0.15243086 -0.00025033
v -0.40565690 0.15558550 -0.00024826
v 0.14427093 0.41124457 0.00054783
v -0.02591913 0.38703414 0.06415391
v 0.00193381 0.41264024 0.00157373
v 0.40137377 0.03356334 -0.00025230
v 0.40187121 0.03777205 -0.00025695
v 0.40153082 0.03486425 -0.00025331
v 0.39463147 0.07077166 0.00107611
v 0.40165385 0.46041273 0.00063120
v 0.38482848 0.45459173 0.00078371
v 0.29135135 0.43025924 0.00065470
v 0.27104298 0.42665552 0.00062705
v 0.30851935 0.43360870 0.00046772
v -0.47680071 -0.40396678 0.00053178
v -0.45585015 -0.48851300 0.00052511
v -0.46737096 -0.48622319 0.00020320
v -0.00090295 -0.41966352 -0.00025253
v -0.01464781 -0.42230097 -0.00025476
v 0.00150931 -0.41944369 -0.00025301
v -0.00570398 -0.41587839 0.00042983
v -0.01732020 -0.42187373 -0.00025227
v -0.01603819 -0.42199830 -0.00025325
v 0.04053198 -0.41117451 0.00054973
v 0.02343043 -0.41092028 0.00135902
v -0.11612573 -0.40616727 0.00080006
v -0.08931105 -0.41785526 -0.00025279
v -0.08630475 -0.41886996 -0.00025428
v -0.08789136 -0.41794420 -0.00025179
v -0.00518082 -0.41534161 -0.00126597
v -0.01301534 -0.42083866 -0.00022352
v -0.01450230 -0.42063109 -0.00021770
v -0.27581869 -0.10490082 0.13897509
v -0.32279394 -0.09003693 0.08858197
v -0.16722496 -0.40745001 -0.00025146
v -0.16112519 -0.40827619 -0.00025521
v -0.16501025 -0.40776094 -0.00025303
v -0.40534918 0.03038460 -0.00113917
v -0.40488144 0.00830747 -0.00125050
v -0.40852088 0.01374975 -0.00021268
v -0.41777536 -0.10412521 0.00077902
v -0.41642880 -0.08369833 0.00075743
v -0.29953112 -0.44814912 -0.00025225
v -0.30068472 -0.44362944 0.00050426
v -0.30133713 -0.44904588 -0.00025232
v 0.41590771 -0.17041410 -0.00025213
v 0.40778779 -0.15750754 -0.00300544
v 0.41408333 -0.16987879 -0.00021111
v 0.18040231 -0.42779686 -0.00025627
v 0.18755589 -0.42613015 -0.00025229
v 0.18589087 -0.42580672 -0.00024983
v 0.10287137 -0.42029872 0.00147681
v 0.23588836 -0.43342975 0.00462241
v 0.31438556 -0.45152768 0.00626848
v 0.29479524 -0.33948311 0.10090248
v 0.40896540 -0.30997826 0.05720415
v 0.47772533 -0.47337371 0.00058518
v 0.48717813 -0.44597139 0.01218825
v 0.49158157 -0.46013161 0.00045584
v 0.39736217 -0.02651872 0.00080102
v 0.40867052 -0.05013907 -0.00025567
v 0.39985546 -0.01456847 -0.00025054
v 0.40094637 -0.01553125 -0.00025962
v 0.39931066 -0.01288131 -0.00024794
v 0.39954137 -0.01106287 -0.00025084
v -0.44234475 -0.24344580 -0.00023617
v -0.44239022 -0.24486430 -0.00022662
v 0.41680386 -0.19428777 0.00083253
v 0.42199661 -0.19777632 -0.00024854
v 0.42188222 -0.19548389 -0.00025239
v -0.27888767 0.43927182 0.00042980
v -0.20712581 0.39333246 0.06147460
v -0.17321822 0.42527547 0.00051620
v -0.19092509 0.42519351 0.00149588
v -0.10352994 0.42933265 -0.00024651
v -0.10573910 0.43038219 -0.00025377
v -0.10525084 0.42980223 -0.00024495
v -0.34505748 0.44673629 0.00067069
v -0.39804516 0.44691158 -0.00116211
v -0.38409361 0.45061811 -0.00146252
v -0.39550335 0.41321200 -0.04902954
v -0.48560529 -0.41036969 -0.00029630
v -0.48512753 -0.41269614 -0.00021376
v -0.48489753 -0.41092614 -0.00023404
v -0.46684002 0.43219083 -0.00026480
v -0.46834969 0.43656167 -0.00024854
v -0.39973512 0.44659491 0.00075102
v -0.02368031 0.41708550 0.00078711
v -0.08797594 0.32889819 0.11537545
v -0.06005570 0.35713138 0.09286081
v 0.17192302 0.41721293 -0.00095284
v 0.18644061 0.41922189 -0.00113121
v 0.17369132 0.38503968 -0.06199896
v 0.15980276 0.41350967 0.00056603
v 0.41776973 0.23425367 -0.00025292
v 0.41840864 0.23313159 -0.00025460
v 0.41757189 0.23598334 -0.00024907
v 0.41775169 0.23158114 -0.00025310
v 0.41743574 0.23280098 -0.00025106
v 0.41744130 0.22982205 -0.00025333
v 0.41731356 0.22632737 -0.00025395
v 0.41337902 0.18752634 -0.00025134
v 0.41416880 0.19275813 -0.00025687
v 0.41346819 0.18915713 -0.00025195
v 0.41328561 0.18538691 -0.00025109
v 0.40143918 0.03191783 -0.00025232
v 0.41353553 0.19842200 -0.00025063
v 0.41328399 0.20042243 -0.00024684
v 0.41340710 0.19602650 -0.00025112
v 0.41381653 0.19707140 -0.00025378
v 0.28174497 0.43219532 -0.00024532
v 0.28524787 0.43281168 -0.00022504
v 0.47797949 0.41857633 0.00066505
v 0.43436393 0.47047092 0.00038670
v 0.41569320 0.46448272 0.00048251
v -0.41996632 0.45724455 -0.00099271
v -0.41095426 0.45819781 -0.00025163
v -0.41062026 0.45664507 -0.00023095
v -0.46679830 -0.38085119 0.00034414
v -0.49089899 -0.42689624 -0.00023899
v -0.49111603 -0.42949852 -0.00023571
v -0.10665357 -0.41403935 -0.00024902
v -0.10472085 -0.41437597 -0.00024561
v 0.01206300 -0.41855749 -0.00025996
v -0.00262771 -0.41996959 -0.00025264
v -0.14352231 -0.40955755 -0.00025242
v -0.13439810 -0.41045038 -0.00025520
v -0.14100573 -0.40990666 -0.00025267
v -0.14846183 -0.40929976 -0.00025337
v -0.13156554 -0.40953526 -0.00025101
v -0.13310332 -0.40984711 -0.00025296
v -0.13039514 -0.40990581 -0.00025353
v -0.13118037 -0.40498819 0.00075119
v -0.06511389 -0.41763319 0.00071685
v -0.16971648 -0.40773803 -0.00025260
v -0.16861261 -0.40764516 -0.00025220
v -0.26870838 -0.43116902 0.00071192
v 0.44061728 0.31124378 -0.00024514
v 0.43897193 0.30952226 -0.00022586
v -0.40604109 -0.02202800 -0.00025300
v -0.40810435 -0.01519229 -0.00012484
v -0.40545858 -0.02409485 -0.00025088
v 0.21865688 -0.42709448 0.00103753
v 0.18403834 -0.42072921 0.00110310
v 0.15665838 -0.42534361 0.00110699
v 0.13555889 -0.42534423 0.00085523
v 0.24476960 -0.43993471 -0.00025152
v 0.24478842 -0.44106858 -0.00025828
v 0.24693336 -0.44069972 -0.00025288
v 0.20720021 -0.34388416 0.10300056
v 0.41430517 0.21642542 -0.00021445
v 0.41633635 0.21656410 -0.00026054
v 0.41402217 0.21851603 -0.00021626
v 0.41381568 -0.08114573 -0.00025153
v 0.41433688 -0.07727143 -0.00026003
v 0.41384499 -0.07898936 -0.00025275
v -0.06038861 0.42020886 -0.00308545
v -0.04594140 0.42397204 -0.00020762
v -0.04435375 0.42396726 -0.00020685
v 0.44168397 -0.30093318 0.00238439
v 0.42845082 -0.26595057 0.00079446
v 0.34901459 -0.46652974 -0.00025269
v 0.35036560 -0.46627659 -0.00025118
v 0.34808134 -0.46631485 -0.00025215
v 0.45815838 -0.34601459 0.00051740
v 0.46273722 -0.35819532 0.00063824
v 0.47214937 -0.38253141 0.00054341
v -0.40170648 0.14318729 -0.00025243
v -0.40196749 0.14164206 -0.00025136
v -0.43263884 0.32538241 -0.00021747
v -0.43221267 0.32310627 -0.00024553
v 0.41140832 0.15935574 -0.00025216
v 0.41197988 0.15655993 -0.00025765
v 0.41178042 0.16043238 -0.00025384
v 0.46401379 0.38335679 0.00062541
v -0.24149569 0.43409110 0.00063204
v -0.27099545 0.43724067 0.00067987
v -0.25119567 0.43935729 -0.00025064
v -0.25464582 0.44103768 -0.00025251
v -0.25331260 0.43977126 -0.00025109
v -0.44336580 0.34874482 -0.00023389
v -0.44174283 0.34394470 -0.00025215
v -0.44242388 0.34600897 -0.00025132
v -0.40821966 0.07272852 0.00086883
v -0.14337907 0.42463333 0.00075542
v -0.11826374 0.42582800 0.00153666
v 0.48744795 -0.47775447 -0.00022447
v 0.49297886 -0.47471747 -0.00025864
v 0.48686898 -0.47506449 -0.00025094
v -0.25672640 -0.42568115 -0.00554251
v -0.25924123 -0.43223509 -0.00025042
v -0.26094898 -0.43265840 -0.00024842
v 0.41600097 0.26056525 0.00072580
v 0.42577951 0.27759611 -0.00025835
v 0.43309978 0.29422444 -0.00025668
v 0.42760952 0.28537238 -0.00025217
v 0.42866572 0.29302714 -0.00021148
v -0.43880453 -0.23063404 -0.00023131
v -0.01963142 -0.42188414 -0.00025129
v 0.07728452 -0.41317059 0.00087270
v 0.09043463 -0.41644957 0.00084039
v -0.42053361 -0.09736320 -0.00021528
v -0.42134367 -0.09537665 -0.00025178
v -0.42178746 -0.09773367 -0.00025113
v 0.02639277 -0.41610308 -0.00025228
v 0.02807623 -0.41669578 -0.00025524
v 0.02770367 -0.41577611 -0.00025015
v 0.03114185 -0.41590184 -0.00025140
v 0.03177551 -0.41615337 -0.00025270
v -0.16409694 -0.40745317 -0.00025059
v -0.16217232 -0.40768265 -0.00025095
v -0.15993848 -0.40769398 -0.00025109
v -0.15815058 -0.40754195 -0.00025081
v -0.15687397 -0.40799450 -0.00025354
v -0.20477167 -0.40272322 0.00081594
v -0.07550078 -0.42070314 -0.00025662
v -0.07776946 -0.41962349 -0.00025187
v -0.07592549 -0.41988258 -0.00025185
v -0.07480785 -0.42011838 -0.00025238
v 0.42242386 -0.22116820 -0.00022507
v -0.09885387 -0.41569219 -0.00025172
v -0.09875386 -0.41676404 -0.00025753
v -0.09663726 -0.41636943 -0.00025325
v -0.09311269 -0.41756547 -0.00025474
v -0.19726657 -0.40774983 -0.00025090
v -0.19541267 -0.40753601 -0.00025060
v -0.19439565 -0.40788211 -0.00025316
v -0.19240966 -0.40762240 -0.00025153
v -0.19848030 -0.40794182 -0.00025185
v 0.49056841 -0.46314154 -0.00110711
v 0.49632047 -0.46102251 -0.00025192
v 0.49484265 -0.46149349 -0.00022816
v -0.28828063 -0.43917802 0.00054468
v -0.41773701 -0.13524425 -0.00025138
v -0.41853562 -0.13539169 -0.00025518
v -0.41775624 -0.13708467 -0.00025240
v 0.20216458 -0.42218959 0.00078751
v 0.19983427 -0.42914247 -0.00026298
v 0.19613445 -0.42645874 -0.00025088
v 0.19460403 -0.42640282 -0.00025124
v 0.19312861 -0.42608255 -0.00024975
v 0.19021178 -0.42603928 -0.00025095
v 0.31227771 -0.45824352 -0.00025222
v 0.31451059 -0.45967243 -0.00025633
v 0.31392345 -0.45865426 -0.00025316
v 0.30804705 -0.45758024 -0.00026254
v 0.31562534 -0.45861731 -0.00025157
v -0.44277136 -0.48919271 -0.00025128
v -0.44024111 -0.48874548 -0.00025231
v 0.28544356 -0.44420278 0.00061438
v 0.49626285 -0.46658250 -0.00025592
v 0.49662414 -0.45919258 -0.00024970
v 0.42140021 -0.19256359 -0.00025207
v 0.42156798 -0.19432001 -0.00025131
v 0.42212095 -0.19231606 -0.00025641
v 0.41580813 -0.09233671 -0.00025249
v 0.41599248 -0.08867769 -0.00025720
v 0.41551178 -0.09122586 -0.00025154
v 0.41543303 -0.08968194 -0.00025305
v -0.41673059 0.18010373 -0.00023023
v -0.41890571 0.17957112 -0.00025448
v -0.41584075 0.17797263 -0.00020870
v 0.46947112 -0.37326689 -0.00117762
v 0.48267928 -0.44174844 -0.01679520
v 0.46148094 -0.35476918 -0.00107699
v 0.43511653 -0.28640618 0.00057357
v 0.36952119 -0.46865749 -0.00025286
v 0.37185435 -0.46866204 -0.00025259
v -0.15915973 0.42455778 0.00101074
v -0.50000000 -0.45420539 -0.00013904
v -0.49713891 -0.45121397 -0.00023085
v -0.49704054 -0.44924635 -0.00023434
v -0.43937097 0.33621626 -0.00025333
v -0.43985875 0.33967642 -0.00025303
v -0.44148638 0.34157502 -0.00025591
v -0.42103038 0.25213035 0.00034731
v -0.41776100 0.22543641 0.00086175
v -0.42384417 0.24503902 -0.00025114
v -0.42515712 0.24636177 -0.00003240
v -0.42360396 0.24332199 -0.00025144
v 0.40833113 0.14296699 -0.00020550
v 0.40556949 0.14298169 0.00050784
v 0.40827937 0.14141116 -0.00021797
v -0.40142206 0.14837572 -0.00025088
v -0.40189887 0.14985045 -0.00025215
v -0.40483338 0.02045434 0.00077780
v 0.47485030 -0.37657418 -0.00024044
v 0.47505764 -0.37845594 -0.00024003
v 0.40197426 -0.02908212 -0.00023685
v 0.40182763 -0.03115834 -0.00020772
v -0.41207191 0.06695382 -0.00024522
v -0.41286877 0.06903884 -0.00011824
v -0.41137842 0.06486422 -0.00024447
v -0.04254765 0.41837244 0.00238862
v -0.06832263 0.42155577 0.00288217
v 0.18339527 0.41885749 0.00073311
v 0.42266244 0.26751520 -0.00025332
v 0.42202708 0.27006601 -0.00025065
v 0.42171361 0.26889766 -0.00024964
v 0.09302009 0.41471970 -0.00025141
v 0.09041168 0.41462001 -0.00025139
v 0.35514236 -0.46235354 0.00064196
v 0.36862319 -0.46504599 0.00022205
v 0.41379609 0.24289866 0.00066359
v 0.41360850 0.18517622 -0.00025302
v 0.41159036 0.16186635 -0.00025236
v 0.39960809 0.05664152 -0.00025165
v 0.39942050 0.05572219 -0.00025003
v 0.40028024 0.05393815 -0.00025457
v 0.39929485 0.05851407 -0.00024989
v 0.39968044 0.05929690 -0.00025338
v 0.39930812 0.06211230 -0.00024912
v 0.39968183 0.06688467 -0.00025172
v 0.41370515 0.20129016 -0.00025039
v -0.47722610 -0.39164343 -0.00027212
v -0.47493514 -0.39053948 -0.00021799
v -0.47344027 -0.38870693 -0.00022624
v 0.49341868 0.45498937 -0.00024070
v 0.49380473 0.45729121 -0.00023940
v -0.43221468 -0.21372043 -0.00139588
v -0.43895788 -0.24782857 -0.00120554
v 0.42399262 0.27746211 -0.00025158
v -0.43251397 -0.19920083 -0.00018551
v -0.43275258 -0.20514518 -0.00022465
v -0.43239998 -0.20250781 -0.00024301
v -0.01476417 -0.42171413 -0.00025223
v -0.00658705 -0.42020331 -0.00025233
v -0.00420484 -0.41964671 -0.00025002
v 0.12536591 -0.42809152 -0.00024675
v 0.12318702 -0.42872386 -0.00022478
v 0.12767805 -0.42800543 -0.00022705
v 0.05548495 -0.41639935 -0.00025517
v 0.05535741 -0.41595090 -0.00025301
v 0.05371688 -0.41551331 -0.00024828
v 0.05212560 -0.41578128 -0.00025074
v 0.05144701 -0.41609776 -0.00025371
v 0.04948364 -0.41574286 -0.00025199
v 0.02967341 -0.41553252 -0.00024792
v -0.16096136 -0.40789068 -0.00025156
v -0.14048603 -0.40972238 -0.00025146
v -0.12844468 -0.40962504 -0.00025048
v -0.12609583 -0.41016567 -0.00025063
v -0.07351327 -0.41996751 -0.00025054
v -0.30724306 -0.45329621 -0.00025673
v -0.29754931 -0.44819077 -0.00025444
v 0.13141998 0.41458597 -0.00025208
v 0.13346188 0.41394983 -0.00026924
v 0.13141968 0.41383713 -0.00022840
v -0.20006255 -0.40764601 -0.00024947
v -0.42150584 -0.11533621 -0.00025226
v -0.42329430 -0.11196672 -0.00021817
v -0.42121123 -0.11912516 -0.00025972
v 0.20885960 -0.42845914 -0.00025137
v 0.21057552 -0.42951981 -0.00025510
v 0.20996146 -0.42826885 -0.00025016
v 0.20405922 -0.42815407 -0.00025220
v 0.20693687 -0.42839951 -0.00025135
v 0.28506622 -0.44952797 -0.00025733
v 0.28337297 -0.44806859 -0.00025256
v 0.28121868 -0.44835059 -0.00025481
v 0.28511828 -0.44833517 -0.00024264
v 0.42338997 -0.20941618 -0.00025239
v 0.42444046 -0.21702887 -0.00026296
v 0.42303199 -0.19995852 -0.00026230
v 0.39460532 -0.47321373 -0.00026152
v 0.40979706 -0.47524931 -0.00025979
v 0.40574165 -0.47460323 -0.00025444
v 0.41361937 -0.07781499 -0.00025235
v -0.42006496 0.21209535 -0.00024467
v -0.41553670 0.21048207 -0.00105605
v -0.42003535 0.20956942 -0.00025249
v 0.35253723 -0.46615248 -0.00025081
v 0.36835006 -0.46838590 -0.00025242
v 0.39983263 -0.00836992 -0.00025103
v 0.40289949 0.00548655 -0.00021143
v 0.39989218 -0.00570393 -0.00025230
v 0.40152118 0.09443833 -0.00025268
v 0.39571513 0.08842225 -0.00159147
v 0.40119675 0.09562655 -0.00024939
v -0.41613799 0.45588424 0.00039642
v -0.25682139 0.43978297 -0.00023603
v -0.25735829 0.43751547 0.00017089
v -0.25497557 0.44043826 -0.00025260
v -0.47296947 -0.38644651 -0.00023905
v -0.09449243 0.42297703 0.00204962
v 0.20612758 0.42339282 -0.00025159
v 0.20326204 0.42469127 -0.00025532
v 0.20383592 0.42363646 -0.00025067
v 0.42185762 0.26600551 -0.00025201
v 0.42166648 0.26469078 -0.00025178
v 0.42118640 0.25779509 -0.00025998
v 0.42147920 0.26717410 -0.00024874
v 0.41368393 0.19464113 -0.00025292
v 0.41335812 0.17559647 -0.00025326
v 0.41327265 0.18230588 -0.00025137
v 0.39921617 0.05410874 -0.00024815
v 0.39960208 0.05270404 -0.00025206
v 0.39950257 0.05121269 -0.00025123
v 0.40138303 0.09955125 -0.00025097
v 0.40192328 0.09557151 -0.00025515
v 0.40148608 0.10125939 -0.00025307
v 0.40157193 0.09831113 -0.00025165
v 0.40137424 0.09733634 -0.00025063
v 0.41371155 0.20463358 -0.00024845
v 0.43780859 0.30324557 -0.00025022
v 0.43625519 0.29858495 -0.00025736
v 0.44367295 0.31214191 -0.00025287
v -0.47244935 -0.48992317 -0.00025683
v -0.47100311 -0.48923282 -0.00024789
v -0.47170818 -0.48739101 -0.00022421
v 0.42815139 0.28699380 -0.00025033
v -0.40937509 0.17059813 -0.00113132
v -0.41670648 0.18182313 -0.00023511
v 0.09147795 -0.42182305 -0.00025217
v 0.09292275 -0.42316557 -0.00025627
v 0.09381299 -0.42233260 -0.00024385
v 0.06064161 -0.41122820 0.00078863
v 0.07658016 -0.41794350 -0.00025252
v 0.07501013 -0.41778422 -0.00025202
v 0.07887475 -0.41932884 -0.00025662
v 0.40397204 -0.03839261 -0.00023648
v 0.40437028 -0.04108448 -0.00022863
v 0.10528374 -0.42689023 -0.00025536
v 0.09913815 -0.42388215 -0.00024877
v -0.40992606 0.03280156 -0.00024080
v -0.40987752 0.03463600 -0.00022394
v 0.07327847 -0.41768310 -0.00025230
v 0.05666233 -0.41572065 -0.00025127
v 0.02404916 -0.41611743 -0.00024892
v -0.15395325 -0.40796473 -0.00025003
v -0.06792323 -0.42162188 -0.00025275
v -0.06606812 -0.42239724 -0.00025921
v -0.06620040 -0.42196297 -0.00025288
v -0.17861086 -0.40343509 0.00040384
v -0.40789657 -0.01228668 -0.00025163
v -0.40436460 -0.00438837 -0.00129679
v -0.40759657 -0.01446403 -0.00025209
v 0.21557807 -0.43264490 -0.00025627
v 0.22177673 -0.43521563 -0.00027372
v 0.22071019 -0.43398712 -0.00025206
v 0.21289279 -0.43016550 -0.00025103
v 0.40905958 -0.14847458 -0.00025418
v 0.40801657 -0.14426120 -0.00025207
v 0.40800408 -0.14646122 -0.00025188
v 0.41223134 -0.11596886 0.00081440
v 0.39994247 0.04798972 -0.00025077
v 0.40028417 0.04500690 -0.00025080
v 0.37476670 -0.46921486 -0.00025382
v 0.38140634 -0.47128060 -0.00026043
v 0.39986140 -0.01901109 -0.00023354
v 0.40005092 -0.02069431 -0.00022427
v -0.23893549 0.43786947 -0.00025173
v -0.23716532 0.43776855 -0.00025316
v -0.24002898 0.43880005 0.00003032
v -0.40689626 0.45692315 -0.00026060
v -0.41292785 0.46074746 -0.00026330
v 0.40188070 0.00579193 -0.00024029
v 0.39509412 0.01039962 -0.00431637
v 0.40204715 0.00785145 -0.00023908
v -0.42349333 0.30345604 -0.00025091
v -0.42404576 0.30535317 -0.00025199
v -0.42597519 0.30784069 -0.00026287
v -0.44024017 -0.23069899 -0.00025148
v -0.02093745 0.42162715 -0.00025311
v -0.02262395 0.42236454 -0.00021048
v -0.02272573 0.42167704 -0.00025219
v 0.41158935 0.16465205 -0.00025146
v 0.26877832 0.43127270 -0.00025170
v 0.26783003 0.43187225 -0.00025511
v 0.26702992 0.43145952 -0.00025313
v -0.34297956 -0.45989975 -0.00206155
v -0.36385767 -0.47319823 -0.00024308
v -0.36623925 -0.47363242 -0.00023642
v 0.20401796 0.41929170 0.00054300
v 0.28308395 -0.44691559 -0.00022706
v 0.28156463 -0.44703337 -0.00023919
v 0.08808319 -0.42156982 -0.00025474
v 0.09023493 -0.42222253 -0.00025489
v -0.04853828 0.42397022 -0.00021036
v 0.05794056 -0.41604284 -0.00025282
v -0.13920244 -0.40949445 -0.00024983
v -0.13705715 -0.40972254 -0.00025246
v -0.13562249 -0.40990627 -0.00025332
v -0.42469310 -0.48472208 -0.00025010
v -0.42687608 -0.48519160 -0.00024973
v 0.27544102 -0.44721394 -0.00025628
v 0.27736398 -0.44674311 -0.00025367
v 0.27518640 -0.44600494 -0.00025341
v 0.41046080 -0.47427371 -0.00025169
v 0.41199685 -0.47479537 -0.00025280
v 0.43016073 -0.25597695 -0.00024594
v 0.43191592 -0.25790847 -0.00025603
v 0.42987688 -0.25401790 -0.00025309
v 0.39969587 -0.00436438 -0.00025105
v -0.22864921 0.43141530 -0.00109907
v -0.25932781 0.39684999 -0.06136450
v -0.24760520 0.43454802 -0.00126067
v 0.40029760 0.04188277 -0.00024086
v 0.40012481 0.04014856 -0.00023335
v -0.40275859 0.45243652 -0.00024917
v -0.40106872 0.45248941 -0.00025300
v -0.40330677 0.45390624 -0.00025487
v -0.40968944 0.03053879 -0.00025047
v -0.41086155 0.03234951 -0.00020708
v -0.40969072 0.02872482 -0.00025217
v 0.40029266 0.07871070 -0.00025515
v 0.39961766 0.07907574 -0.00025302
v 0.39938949 0.07779558 -0.00025194
v 0.39922551 0.07589962 -0.00025060
v 0.39956389 0.07499657 -0.00025192
v 0.39928328 0.07291109 -0.00025004
v 0.39968692 0.07173511 -0.00025206
v -0.44848979 -0.29080221 -0.00023648
v -0.44848087 -0.28922104 -0.00023843
v 0.46456291 0.36841960 -0.00025895
v 0.46937485 0.38003918 -0.00025591
v 0.46631779 0.37599905 -0.00025407
v -0.13458403 -0.40955315 -0.00025172
v 0.30730656 0.43638945 -0.00021211
v 0.30967297 0.43673696 -0.00020935
v 0.40775887 -0.14774551 -0.00024674
v 0.40771467 -0.14171785 -0.00025141
v 0.40903228 -0.14010853 -0.00025566
v -0.40623830 0.15772227 -0.00023055
v -0.40779350 0.15969533 -0.00023787
v -0.41771192 0.18583591 -0.00021886
v -0.41847619 0.18778164 -0.00022860
v 0.42880849 -0.24966575 -0.00025723
v 0.42832471 -0.24958746 -0.00025289
v 0.42753184 -0.24731424 -0.00025172
v 0.44505890 -0.31321195 0.00111956
v 0.40594552 -0.04522743 -0.00025220
v 0.40652287 -0.04290951 -0.00025844
v 0.40530446 -0.04289135 -0.00025159
v -0.21216202 0.43160657 -0.00024857
v -0.21041499 0.43151453 -0.00025130
v -0.21891102 0.43440042 -0.00018740
v -0.17071965 0.42960327 -0.00025193
v -0.17390949 0.43089397 -0.00025131
v -0.17239034 0.43019876 -0.00025291
v -0.42804530 0.31167050 -0.00024817
v -0.43077494 0.31470859 -0.00026799
v 0.41960622 0.25207420 -0.00025226
v 0.42009510 0.24733226 -0.00025821
v 0.42001504 0.25439617 -0.00025254
v 0.41349395 0.19345320 -0.00025174
v 0.41348107 0.19194625 -0.00025201
v 0.39996723 0.08282932 -0.00025317
v 0.39932817 0.08057453 -0.00025174
v 0.40095840 0.08665985 -0.00025459
v 0.40145407 0.09119175 -0.00025199
v 0.44571207 0.31791217 -0.00025928
v 0.45011459 0.32826291 -0.00025881
v 0.44624260 0.32204986 -0.00025164
v -0.31529638 -0.45680582 -0.00026922
v -0.31213798 -0.45311163 -0.00023004
v -0.31355505 -0.45332020 -0.00023589
v -0.47748114 0.48067207 -0.00025024
v -0.47387946 0.47283057 0.00048417
v -0.47523719 0.48131922 -0.00025039
v 0.08297424 -0.41987618 -0.00025315
v 0.08186405 -0.41999844 -0.00022815
v 0.08528731 -0.41997545 -0.00025116
v 0.10510552 -0.42602686 -0.00025335
v 0.10729239 -0.42615082 -0.00025181
v -0.06517999 0.42678758 -0.00030458
v -0.06449924 0.42573370 -0.00022045
v -0.06243236 0.42568500 -0.00022081
v 0.29533286 -0.45219072 -0.00025035
v 0.29587257 -0.45352129 -0.00025372
v 0.41204074 -0.15869333 -0.00023627
v 0.41212150 -0.15582925 -0.00025521
v 0.41145198 -0.15646492 -0.00024652
v 0.40781795 -0.13942519 -0.00024344
v 0.45630831 -0.32840616 -0.00024894
v 0.45783164 -0.32910654 -0.00025488
v 0.45442925 -0.32294621 -0.00029037
v 0.41930494 0.25023231 -0.00025103
v 0.40118240 0.09267447 -0.00025039
v 0.23134939 0.42178538 -0.00137802
v 0.23089099 0.42622649 -0.00023998
v 0.23259866 0.42626426 -0.00024040
v -0.39205455 0.45276641 -0.00022203
v -0.39286650 0.45483388 -0.00024570
v -0.39429478 0.45194431 -0.00024160
v 0.06004964 -0.41594071 -0.00024772
v 0.03548794 -0.41555913 -0.00024993
v 0.03646870 -0.41585085 -0.00025226
v -0.40502704 0.45412366 -0.00024937
v -0.49307169 -0.46908844 -0.00028153
v -0.49284503 -0.46677788 -0.00023918
v -0.49372178 -0.46501938 -0.00024005
v -0.49109517 -0.47138172 -0.00024174
v -0.49121622 -0.46988223 -0.00023504
v -0.49761653 -0.45489065 -0.00024412
v -0.49705438 -0.45345819 -0.00023501
v -0.49494732 -0.46281218 -0.00024640
v -0.48898475 -0.47653791 -0.00024498
v -0.48707246 -0.47776427 -0.00023885
v -0.48657618 -0.47948961 -0.00025188
v 0.17353065 -0.42655068 -0.00020816
v 0.17549989 -0.42657213 -0.00022850
v 0.49458510 -0.46691773 -0.00025153
v 0.49510799 -0.46482477 -0.00024359
v -0.44848280 0.37821990 -0.00020825
v -0.44858163 0.38034750 -0.00021848
v -0.20830217 0.43118040 -0.00025118
v -0.21074105 0.43053520 -0.00020636
v -0.49281632 -0.46860080 -0.00025163
v 0.03399466 0.41669401 -0.00025154
v 0.03492177 0.41589452 -0.00022083
v -0.13533524 0.42966130 -0.00025016
v -0.13529702 0.42666413 0.00021189
v -0.13350716 0.43039669 -0.00025113
v -0.49085649 -0.47325053 -0.00024581
v -0.48947659 -0.47491586 -0.00023900
v 0.18066850 -0.42712425 -0.00024803
v 0.17964686 -0.42635638 -0.00023199
v -0.45175648 0.38147251 -0.00024007
v -0.47478110 -0.48742209 -0.00024810
v -0.47958569 -0.48640508 -0.00025858
v -0.36837815 -0.47509419 -0.00024557
v -0.37029558 -0.47511995 -0.00023778
v -0.49587959 -0.45912169 -0.00023596
v -0.49730555 -0.45711212 -0.00024572
v 0.43486785 -0.26804854 -0.00025853
v 0.43424052 -0.27117749 -0.00025225
v 0.43700092 -0.27442415 -0.00025984
v -0.49500563 -0.46076203 -0.00023047
v -0.26714955 -0.43622486 -0.00025130
v -0.26548075 -0.43497852 -0.00024367
v -0.47850199 0.48358863 -0.00024075
v -0.47170502 0.48087266 -0.00024954
v -0.46878985 0.48069849 -0.00027638
v -0.47331372 0.48028456 -0.00024177
v -0.45676269 0.40577730 -0.00020940
v -0.45933374 0.40563395 -0.00026017
v -0.45652880 0.40386662 -0.00022405
v -0.42342425 -0.48593780 -0.00025954
v -0.43120753 -0.48559440 -0.00023229
v -0.43297818 -0.48663332 -0.00024316
v -0.49696807 -0.44763857 -0.00023394
v -0.35425843 -0.47075292 -0.00025201
v -0.35609814 -0.47100338 -0.00024969
v 0.47947844 0.48892335 -0.00023865
v 0.48099135 0.48845362 -0.00022277
v 0.48230456 0.48973835 -0.00030463
v 0.47448291 0.48888373 0.00001216
v 0.40031295 0.08748881 -0.00023973
v 0.40008802 0.08970947 -0.00020703
v -0.12538770 0.43003078 -0.00022886
v -0.12865079 0.43088235 -0.00027123
v -0.12740939 0.42998164 -0.00022288
v -0.44180625 -0.26550272 -0.00115974
v -0.44603395 -0.27121428 -0.00021879
v -0.44668375 -0.26951980 -0.00024226
v 0.41377896 0.24458823 -0.00124543
v 0.41642582 0.23634400 -0.00022252
v 0.47917075 -0.47697804 -0.00022344
v 0.47717729 -0.47749507 -0.00023229
v -0.46080326 0.47458691 -0.00024484
v -0.45933490 0.47516743 -0.00024917
v -0.45850372 0.47734449 -0.00025892
v -0.43591098 0.34267816 0.00051482
v -0.43435134 0.32969230 -0.00021449
v 0.43014631 0.29457495 -0.00023139
v 0.43178572 0.29484255 -0.00024236
v -0.27499950 0.44051937 -0.00020811
v -0.27683162 0.44169584 -0.00023774
v 0.00392052 0.41825657 -0.00025293
v -0.41410456 -0.05083644 -0.00023425
v -0.41414064 -0.04884468 -0.00025159
v 0.01822935 0.41581425 -0.00020601
v 0.01814219 0.41653047 -0.00024975
v 0.00208380 0.41293040 -0.00128050
v 0.02380137 0.41615728 -0.00022450
v 0.02107865 0.41592043 -0.00022779
v -0.41279924 0.08884664 -0.00025077
v -0.41189913 0.08911341 -0.00020871
v 0.39639321 -0.47164613 -0.00022796
v 0.39792248 -0.47098417 -0.00020669
v -0.18421314 0.42570501 -0.00166391
v -0.19210157 0.43004109 -0.00020945
v -0.19011326 0.43004932 -0.00021054
v 0.41005045 -0.06294687 -0.00023238
v 0.40605605 -0.05669568 -0.00340104
v 0.41041969 -0.06110409 -0.00024645
v 0.44263349 -0.29553201 -0.00022876
v 0.44300250 -0.29383760 -0.00024391
v -0.48114581 -0.48329495 -0.00023947
v 0.32310474 -0.45797031 0.00010329
v 0.31537172 -0.45708188 -0.00020866
v -0.47546259 -0.48568811 -0.00022106
v -0.47694061 -0.48496660 -0.00022251
v -0.22446576 -0.41090015 0.00062389
v -0.40571415 -0.02075047 -0.00024429
v -0.40599339 -0.01891594 -0.00023841
v 0.09909723 -0.42261406 -0.00020804
v -0.48312677 -0.48126871 -0.00021587
v 0.47886175 -0.38666719 -0.00025237
v 0.47696641 -0.39442867 -0.00113429
v 0.47718246 -0.38651909 -0.00023383
v 0.40991130 -0.05959700 -0.00024380
v 0.41872712 0.25416629 -0.00021381
v 0.47723761 0.48872481 -0.00024354
v 0.38885728 0.46039529 -0.00024323
v 0.39079265 0.46199633 -0.00025189
v 0.38725720 0.46103324 -0.00024452
v 0.48792001 0.49080562 -0.00024784
v 0.48948892 0.49088058 -0.00024712
v 0.48833399 0.49228291 -0.00024590
v 0.08828031 0.41041311 -0.00148009
v 0.08892430 0.41390504 -0.00021112
v 0.48384701 -0.41725925 -0.00112826
v 0.48883482 -0.41856675 -0.00023929
v 0.48956243 -0.42051948 -0.00024140
v -0.46985653 0.48049704 -0.00024967
v -0.46892871 0.47905942 -0.00023322
v 0.37569293 0.45237707 -0.00113231
v 0.38016479 0.45655397 -0.00021795
v 0.38269194 0.45396419 -0.00100886
v -0.46718851 0.47821960 -0.00023929
v -0.47756532 0.47866210 -0.00023065
v -0.48388930 0.48092889 -0.00024047
v 0.41655356 -0.17600472 -0.00022127
v 0.41875335 -0.17625926 -0.00025530
v 0.41602349 -0.17393775 -0.00023373
v -0.42892635 -0.48535335 -0.00023876
v -0.22236642 0.42995148 0.00036856
v -0.22050613 0.43404921 -0.00025065
v -0.22278722 0.43444409 -0.00024899
v -0.41233058 0.11173353 -0.00025162
v -0.41036840 0.11086426 -0.00021977
v -0.40997616 0.11314655 -0.00021178
v -0.35415291 -0.47221778 -0.00026114
v -0.35394461 -0.46930457 -0.00024098
v -0.20753697 -0.40290132 -0.00162665
v -0.20626945 -0.40819088 -0.00024263
v -0.20862630 -0.40907253 -0.00024204
v -0.27863727 0.44238064 -0.00024132
v -0.27944525 0.44304393 -0.00025267
v -0.00374508 0.41870534 -0.00025183
v -0.01172292 0.42002995 0.00011436
v -0.00469051 0.41786381 -0.00022026
v -0.00645311 0.41766188 -0.00021612
v 0.02225537 0.41660517 -0.00024995
v 0.02460426 0.41672965 -0.00025192
v 0.40726104 -0.11384605 -0.00588569
v 0.41604308 -0.11140622 -0.00022965
v 0.41632725 -0.11372592 -0.00023725
v 0.49755053 0.46521631 -0.00025067
v 0.49692366 0.46667188 -0.00024265
v 0.49893964 0.46714110 -0.00025590
v 0.49652479 0.46308946 -0.00024939
v 0.49919156 0.47451034 -0.00024816
v 0.49870114 0.47313028 -0.00024759
v 0.49991754 0.47923307 -0.00026876
v 0.49759341 0.47258850 -0.00022879
v 0.49702648 0.47116428 -0.00022540
v 0.40789763 0.13601643 -0.00023909
v 0.40767410 0.13388933 -0.00024761
v 0.39847545 0.11026859 0.00062277
v 0.39927210 0.12366488 0.00065951
v -0.43898168 -0.48960576 -0.00025770
v -0.43506565 -0.48728580 -0.00024144
v -0.38675642 -0.47939080 -0.00025940
v -0.38417297 -0.47691209 -0.00022189
v -0.38638131 -0.47708356 -0.00021753
v -0.46504183 -0.49136473 -0.00024041
v -0.46712555 -0.48956920 -0.00023600
v -0.46087288 -0.49550491 -0.00025879
v -0.45863465 -0.49361597 -0.00024344
v -0.46046135 -0.49346980 -0.00024293
v 0.41056177 -0.06889434 -0.00022549
v 0.41041182 -0.06703980 -0.00021171
v 0.41636157 0.26041451 -0.00112427
v 0.42025893 0.25865583 -0.00025143
v 0.42022283 0.25688934 -0.00025275
v -0.46904439 -0.49005677 -0.00024824
v -0.47320978 -0.48735475 -0.00024305
v -0.41207805 0.09282924 -0.00021604
v -0.40895739 0.08228954 -0.00141292
v -0.41240651 0.09053820 -0.00024012
v -0.40803837 -0.00815491 -0.00024017
v -0.40797887 -0.00977372 -0.00024434
v -0.41217050 0.07269392 -0.00022781
v -0.41260515 0.07469980 -0.00024478
v -0.40614331 -0.01635135 -0.00020990
v -0.41241340 -0.04292197 -0.00023741
v -0.41268117 -0.03780068 -0.00024453
v -0.41461669 -0.04642290 -0.00014604
v -0.41201396 -0.04430298 -0.00022632
v -0.41409132 -0.05316096 -0.00021234
v 0.18802641 0.42243271 -0.00021850
v 0.18612636 0.42388454 -0.00025292
v 0.06868821 -0.41709017 -0.00025037
v 0.07085838 -0.41631559 -0.00020689
v 0.06875081 -0.41630432 -0.00020889
v -0.23251512 0.43612278 -0.00023921
v -0.23049155 0.43657317 -0.00025078
v 0.49485877 -0.43473972 -0.00023690
v 0.49677772 -0.43242854 -0.00026012
v 0.49357171 -0.43339534 -0.00021791
v 0.48810405 -0.42845436 0.00043558
v -0.46554230 -0.37029167 -0.00022411
v 0.40835735 -0.05465000 -0.00023612
v 0.45603626 -0.33878202 -0.00102982
v 0.46065035 -0.33868522 -0.00025290
v 0.46044533 -0.34037832 -0.00024293
v -0.45025893 -0.30372220 -0.00022773
v -0.45150177 -0.30108513 -0.00018635
v -0.45020163 -0.30581639 -0.00022711
v -0.42475704 0.28178259 -0.00017586
v -0.42434621 0.27490599 -0.00022029
v -0.42418194 0.27684831 -0.00023466
v 0.49478210 0.48923215 -0.00024827
v 0.49297778 0.48952298 -0.00024708
v 0.49561978 0.48697221 -0.00021215
v -0.48097323 0.47507094 -0.00024813
v -0.48098457 0.47653852 -0.00024958
v -0.47918212 0.47753561 -0.00023443
v -0.41816178 0.18180026 -0.00025134
v -0.41834476 0.18410962 -0.00024928
v 0.00988743 -0.41448943 -0.00056662
v 0.01567678 -0.41649161 -0.00023845
v 0.01391438 -0.41668683 -0.00023601
v -0.31012511 -0.45290236 -0.00024052
v -0.10677012 0.42989628 -0.00022602
v -0.10770067 0.43076436 -0.00025211
v -0.46309261 0.47492502 -0.00024740
v -0.46310619 0.47304390 -0.00020508
v -0.40938479 0.01195993 -0.00025141
v -0.41280179 0.08463025 -0.00024931
v -0.41241561 0.08294988 -0.00022381
v -0.41298567 0.08225718 -0.00025182
v -0.01653143 0.42011085 -0.00023864
v -0.01835882 0.42078527 -0.00025166
v -0.01821511 0.41950338 -0.00020648
v 0.00209780 0.41750365 -0.00022271
v 0.00030763 0.41808797 -0.00022710
v -0.00045384 0.41878332 -0.00025200
v -0.45703962 -0.33794643 -0.00024382
v -0.45670413 -0.33429705 -0.00027762
v -0.46041878 -0.34475445 -0.00018615
v -0.49517247 -0.43807824 -0.00023601
v -0.49503099 -0.44105169 -0.00023807
v -0.49487561 -0.43922615 -0.00024723
v -0.41214623 0.08594296 -0.00028720
v 0.49710484 0.46895758 -0.00023182
v 0.38891898 -0.47102914 -0.00024278
v 0.39074035 -0.47113612 -0.00023854
v 0.49609523 0.45458854 -0.00026002
v 0.49520356 0.45899739 -0.00024570
v 0.17031006 0.42150290 -0.00025156
v 0.16986970 0.41961561 -0.00021267
v 0.45014976 0.33363103 -0.00024562
v 0.45124831 0.33578226 -0.00024945
v 0.44825357 0.34121780 0.00067165
v 0.45469505 0.34777205 -0.00023528
v 0.45437764 0.34552167 -0.00024815
v -0.41230692 -0.04613565 -0.00021734
v -0.41414443 -0.04716208 -0.00025277
v 0.45489167 0.35111450 -0.00021556
v 0.45481199 0.34955419 -0.00022993
v -0.43880256 -0.48735622 -0.00021429
v -0.43682664 -0.48770957 -0.00024452
v -0.11890468 0.42566937 -0.00236319
v 0.49128530 0.44876056 -0.00021404
v 0.48756473 0.44943454 -0.00172058
v 0.49179870 0.45054822 -0.00023161
v -0.40962364 -0.00013869 -0.00025262
v -0.40861755 0.00017065 -0.00022511
v -0.47237088 -0.38245003 -0.00023809
v -0.47050818 -0.38003365 -0.00024757
v -0.47076755 -0.37890679 -0.00025220
v -0.46291448 -0.49326578 -0.00025034
v 0.35712703 -0.46527184 -0.00020836
v 0.35520554 -0.46539610 -0.00021341
v 0.47791816 -0.47307458 -0.00116492
v 0.40239734 -0.14470696 -0.00099230
v -0.08092930 0.42634675 -0.00022681
v -0.08083157 0.42824867 0.00008268
v -0.08126838 0.42772037 -0.00025233
v -0.34643464 -0.46711519 -0.00024578
v -0.34795569 -0.46722681 -0.00024158
v -0.37844477 0.45441668 -0.00023445
v -0.37798071 0.45513387 -0.00019560
v -0.38044970 0.45409309 -0.00021803
v -0.32792125 0.44275804 -0.00126783
v -0.31529835 0.44478866 -0.00021219
v -0.31296548 0.44454344 -0.00020839
v 0.12108990 -0.42816757 -0.00025216
v 0.12343551 -0.42723309 -0.00021275
v -0.29180052 -0.44471772 -0.00024688
v -0.29333399 -0.44481090 -0.00024231
v -0.29323078 -0.44599908 -0.00025350
v -0.28529882 -0.44415580 -0.00025788
v -0.28923902 -0.44305355 -0.00023326
v -0.29064563 -0.44303797 -0.00021212
v -0.29105905 0.44311959 -0.00025190
v -0.28917435 0.44216960 -0.00020472
v -0.30243829 0.43970706 -0.00097119
v -0.43578460 0.34215712 -0.00098919
v -0.44034866 0.34328436 -0.00024830
v 0.49907007 0.47643526 -0.00024583
v -0.41372564 -0.15096401 -0.00092617
v -0.41849301 -0.16940642 -0.00133576
v -0.41863622 -0.15627794 -0.00023825
v 0.03785743 0.41588687 -0.00022716
v 0.03509147 0.41215701 -0.00267543
v 0.03638185 0.41591049 -0.00022698
v -0.41041853 -0.03863886 -0.00022338
v -0.41199971 -0.04056286 -0.00023772
v 0.35194314 0.44841180 -0.00021768
v 0.36032231 0.44673571 -0.00120328
v 0.35008244 0.44829762 -0.00023711
v -0.41493755 -0.05485321 -0.00022603
v -0.41798495 -0.06307117 -0.00023877
v -0.41705018 -0.06094793 -0.00022523
v -0.41084642 0.03820238 -0.00025081
v -0.41023531 0.03979216 -0.00020959
v -0.41089606 0.04061846 -0.00025110
v -0.40826537 0.01056449 -0.00020537
v -0.44706589 0.47248196 -0.00025111
v -0.44963064 0.47273320 -0.00024611
v -0.32008996 0.44633616 -0.00023574
v -0.32188574 0.44655716 -0.00024447
v 0.13186173 -0.42930823 -0.00025209
v 0.13354561 -0.42954858 -0.00025377
v 0.13341799 -0.42886147 -0.00022346
v 0.18341486 -0.42646252 -0.00024719
v 0.25915937 -0.44314125 -0.00025037
v 0.26616293 -0.44507871 -0.00026120
v 0.26144540 -0.44255696 -0.00023230
v 0.48955980 -0.47315905 -0.00024810
v 0.48764587 -0.47369960 -0.00024530
v 0.42222771 -0.20540852 -0.00022460
v 0.48996615 -0.46684484 0.00017410
v 0.49324250 -0.46730733 -0.00023873
v 0.42670566 -0.47688386 -0.00025887
v 0.42553538 -0.47534974 -0.00023414
v 0.42341149 -0.47514679 -0.00022169
v 0.42137638 -0.47511455 -0.00022766
v -0.35621198 0.45267735 -0.00021624
v -0.36485767 0.45037708 -0.00108504
v -0.35857369 0.45258015 -0.00021242
v 0.49882031 -0.44555278 -0.00022930
v 0.49891125 -0.44371675 -0.00023138
v 0.50000000 -0.44732856 -0.00023375
v 0.49947718 -0.43920641 -0.00027697
v 0.40791607 -0.05095893 -0.00025054
v 0.40757776 -0.05295690 -0.00023278
v -0.40483771 0.44852304 -0.00103324
v -0.40452543 0.45195260 -0.00022224
v 0.40854602 0.13759108 -0.00024581
v 0.49940730 0.49550491 -0.00027511
v -0.48092030 0.47357159 -0.00024644
v -0.48154453 0.46869440 -0.00026210
v -0.37208935 0.45393034 -0.00021746
v -0.37011348 0.45468354 -0.00023863
v -0.24253708 0.43812193 -0.00024737
v -0.24087216 0.43841051 -0.00025323
v -0.10118911 0.42850079 -0.00022642
v -0.09550374 0.42886011 -0.00018872
v -0.11362014 0.43029075 -0.00022199
v -0.11498734 0.42984860 -0.00020496
v 0.47610458 -0.47800778 -0.00025650
v 0.47093659 -0.47712151 -0.00023109
v 0.46281328 -0.47786107 -0.00028898
v -0.11520610 0.43076027 -0.00025105
v -0.11285362 0.43089685 -0.00025228
v -0.33187096 -0.46235007 -0.00025144
v -0.33359065 -0.46321498 -0.00025064
v 0.43866147 0.30495161 -0.00024888
v 0.43867504 0.30724136 -0.00022976
v -0.42273124 0.22081470 -0.00028383
v -0.42219002 0.22422328 -0.00024297
v -0.42219722 0.22559853 -0.00023580
v -0.45978060 0.41165068 -0.00030205
v -0.45853338 0.41064516 -0.00022310
v -0.45910542 0.41281114 -0.00023198
v -0.40989077 0.16364344 -0.00023827
v -0.41071609 0.16532119 -0.00024009
v -0.41198514 0.16608705 -0.00024954
v -0.42211561 0.22283539 -0.00024639
v -0.41174256 0.06824679 -0.00023271
v -0.41171235 0.07033921 -0.00021028
v -0.38218116 0.45427854 -0.00020907
v 0.27900925 0.43276656 -0.00025273
v 0.28812652 0.42985753 -0.00105620
v 0.27866431 0.43177746 -0.00022501
v -0.17792148 0.42993766 -0.00023812
v -0.17569905 0.42977567 -0.00024646
v -0.01196076 0.41963175 -0.00025249
v -0.01416672 0.41980458 -0.00024325
v -0.09476618 0.42781329 -0.00021689
v -0.09339832 0.42826135 -0.00023241
v -0.01026817 0.41867109 -0.00022708
v -0.00818921 0.41796247 -0.00020866
v -0.17996515 0.43002436 -0.00023417
v 0.14563174 0.41473630 -0.00020908
v 0.14704730 0.41588671 -0.00024663
v 0.14504891 0.41658865 -0.00031865
v 0.14404254 0.41552067 -0.00025053
v 0.16748016 -0.42915967 -0.00026648
v 0.17168568 -0.42667217 -0.00022283
v 0.16992108 -0.42672987 -0.00021390
v -0.40807374 -0.00618023 -0.00021744
v -0.40830551 -0.00418033 -0.00022775
v 0.41638579 0.22874705 -0.00024216
v 0.44675616 0.32609715 -0.00023294
v 0.44705483 0.32777395 -0.00023047
v 0.39957184 0.04381155 -0.00023604
v 0.40021205 0.03178350 -0.00020531
v 0.40656290 0.13177917 -0.00024532
v 0.19322464 -0.42086959 -0.00126510
v 0.21173354 -0.42859752 -0.00024719
v 0.45236984 0.47903974 -0.00022246
v 0.45356858 0.48086211 -0.00024753
v 0.44770700 0.48045685 -0.00027052
v 0.45091624 0.47899057 -0.00024261
v 0.47096852 0.48668254 -0.00022967
v 0.47259243 0.48675368 -0.00021876
v -0.05429300 -0.41864743 0.00063727
v -0.04895122 -0.42216992 -0.00022178
v -0.05460782 -0.42226017 -0.00022834
v -0.04990136 -0.42330202 -0.00028877
v -0.05224751 -0.42219969 -0.00022406
v 0.47532028 0.39695978 -0.00025844
v 0.47276035 0.39233409 -0.00025063
v 0.47243377 0.39031550 -0.00025268
v 0.47294817 0.38902819 -0.00025969
v 0.46127152 0.35961781 -0.00025431
v 0.45834959 0.35607296 -0.00024442
v 0.45676904 0.35367417 -0.00024482
v 0.45665642 0.35218810 -0.00024785
v 0.45278374 0.34124499 -0.00023990
v 0.45269766 0.33979143 -0.00024555
v 0.39665578 0.07838843 -0.00055040
v 0.47707972 0.40689884 -0.00024266
v 0.47732176 0.40869385 -0.00023914
v -0.45335065 -0.49292045 -0.00024583
v -0.45551125 -0.49346448 -0.00024680
v -0.45207382 -0.49372357 -0.00025846
v -0.45171914 -0.49137661 -0.00021138
v -0.41383153 -0.13062094 -0.00126089
v -0.41828273 -0.12954349 -0.00021976
v -0.41865067 -0.12719028 -0.00021996
v -0.41892386 -0.48325877 -0.00024458
v -0.40603639 -0.48241932 -0.00026052
v -0.41662541 -0.48137330 -0.00020723
v -0.42107750 -0.48362153 -0.00024053
v -0.42273151 -0.48327613 -0.00022479
v 0.41437822 -0.12159288 -0.00022312
v 0.41482591 -0.12344348 -0.00023756
v -0.18779265 0.43029914 -0.00022806
v 0.07097324 0.41060201 -0.00148586
v 0.08260786 0.41413122 -0.00022439
v -0.49690638 -0.44519549 -0.00024340
v -0.49672485 -0.44334898 -0.00025066
v 0.42401946 -0.22670629 -0.00024443
v 0.42464432 -0.22921909 -0.00024233
v -0.49157509 -0.43336364 -0.00021973
v -0.49131680 -0.43157983 -0.00022510
v -0.49143754 -0.42516288 -0.00012860
v 0.49104248 -0.47156491 -0.00023352
v 0.48938471 -0.47144157 -0.00021424
v -0.48648781 -0.41314390 -0.00024945
v -0.48680291 -0.41535017 -0.00024032
v -0.26911004 0.44041410 -0.00022807
v -0.46346099 -0.36432225 -0.00023560
v -0.46275204 -0.36235656 -0.00023253
v -0.46484242 -0.36484329 -0.00021270
v -0.46229253 -0.36073937 -0.00024019
v -0.48060816 -0.40106599 -0.00025008
v -0.48170743 -0.40242757 -0.00025521
v -0.48086479 -0.40288050 -0.00023856
v 0.44058905 -0.28874960 -0.00023998
v 0.44047751 -0.28737167 -0.00024626
v -0.47083171 -0.38187021 -0.00023643
v -0.45703493 -0.49282164 -0.00023323
v -0.00881210 -0.42012579 -0.00024111
v -0.01073178 -0.42049055 -0.00023154
v 0.01926669 -0.41650688 -0.00024596
v 0.01727855 -0.41624231 -0.00023977
v -0.12930878 -0.40856969 -0.00020659
v -0.41004022 0.05031095 -0.00021161
v -0.41065883 0.05234394 -0.00024996
v -0.03848646 -0.42270886 -0.00023421
v -0.04047617 -0.42315716 -0.00025201
v -0.03845745 -0.42341024 -0.00025430
v -0.45248450 -0.32577465 -0.00024639
v -0.45280241 -0.32415390 -0.00025299
v -0.45323335 -0.32321826 0.00003698
v -0.45134960 -0.31535628 -0.00025128
v -0.45056133 -0.31630657 -0.00020561
v -0.45078329 -0.31337694 -0.00024110
v -0.45075043 -0.30724137 -0.00023921
v -0.31997229 -0.45660396 -0.00023768
v -0.31786481 -0.45645964 -0.00024939
v -0.32143696 -0.45722581 -0.00024073
v -0.32765278 -0.46111052 -0.00026061
v -0.41066285 -0.03398963 -0.00021770
v -0.40848047 -0.03468565 -0.00021525
v -0.40821060 -0.03265860 -0.00023141
v -0.47127139 0.46548967 -0.00302806
v -0.40481596 -0.47982931 -0.00022812
v -0.40695477 -0.48123261 -0.00024103
v -0.40851213 0.12286708 -0.00021104
v -0.40882236 0.12691343 -0.00010168
v -0.40874900 0.12078963 -0.00020597
v -0.21472402 -0.41070731 -0.00024584
v -0.21663326 -0.41028099 -0.00020836
v -0.21985608 -0.41544991 -0.00025671
v 0.40396294 0.13615565 -0.00105084
v 0.40826880 0.13969299 -0.00021745
v 0.31115880 -0.45274640 -0.00122100
v 0.32825946 -0.45983549 -0.00121542
v 0.44228893 0.31294146 -0.00025193
v -0.40671421 -0.03092385 -0.00023121
v -0.40873081 -0.02998837 -0.00020834
v -0.41810891 -0.06632994 -0.00020559
v -0.41814365 -0.06476658 -0.00023650
v -0.41857929 -0.05783044 -0.00008230
v -0.41917104 -0.06742000 -0.00025054
v -0.39587831 0.45089802 -0.00021886
v -0.41820177 -0.15385431 -0.00024363
v -0.41636466 -0.05692172 -0.00024520
v 0.44838863 -0.30819406 -0.00024372
v 0.44852925 -0.30974584 -0.00023825
v -0.41626466 -0.05919355 -0.00022091
v -0.40566310 0.05167855 -0.00557083
v 0.40861467 -0.07783219 -0.00128107
v 0.41213523 -0.07345220 -0.00023548
v 0.41196029 -0.07506412 -0.00021090
v 0.47800749 0.41895019 -0.00133442
v 0.48272440 0.42429133 -0.00020860
v 0.48307474 0.42252053 -0.00023339
v 0.24868971 -0.44038756 -0.00024585
v 0.47319747 -0.47646047 -0.00021226
v 0.47518607 -0.47697850 -0.00021929
v 0.48099790 -0.47670252 -0.00023721
v 0.48325709 -0.47690615 -0.00024858
v 0.44492531 -0.47694163 -0.00021723
v 0.44680885 -0.47788575 -0.00027049
v 0.44693450 -0.47703705 -0.00023660
v 0.46679587 -0.47674085 -0.00022159
v 0.46877159 -0.47726143 -0.00023502
v 0.48939373 -0.42285294 -0.00021676
v 0.49568241 -0.46284967 -0.00024563
v 0.42731186 -0.47619135 -0.00025303
v 0.42863232 -0.47545140 -0.00023730
v 0.41588581 0.22424745 -0.00025109
v 0.41616388 0.22189751 -0.00025302
v 0.43992963 -0.47760553 -0.00022267
v 0.44107955 -0.47666464 -0.00021927
v 0.43887798 -0.47679207 -0.00024347
v 0.47895639 -0.39987543 0.00064924
v 0.39262012 -0.47107519 -0.00022665
v 0.41211873 -0.06931380 -0.00025144
v 0.41217411 -0.07204354 -0.00024013
v -0.43056365 0.31881171 -0.00024094
v -0.42706420 0.32028794 -0.00099144
v -0.43044272 0.31734637 -0.00024697
v 0.42397110 0.27937978 -0.00024552
v 0.49870538 -0.45520945 -0.00025954
v 0.45688605 -0.47716401 -0.00024166
v 0.45492244 -0.47695197 -0.00022548
v -0.33835211 0.44853013 -0.00021706
v 0.40400953 0.12268200 -0.00024585
v 0.40426191 0.12517178 -0.00024621
v 0.40626123 -0.04891993 -0.00023255
v 0.34551169 -0.46499122 -0.00021070
v 0.34403581 -0.46500295 -0.00021980
v -0.46517315 0.47683983 -0.00024959
v 0.48328085 0.48880185 -0.00022643
v 0.48852883 0.48620762 -0.00082878
v 0.41139004 0.15643286 -0.00025306
v 0.41062842 0.15434190 -0.00023865
v 0.41072969 0.16136004 -0.00021891
v 0.41061044 0.15785737 -0.00023282
v -0.24880807 -0.42679636 -0.00022539
v -0.24657988 -0.42698695 -0.00024913
v 0.24255862 0.42890978 -0.00025096
v 0.24481665 0.42976131 -0.00025295
v 0.47818482 0.40414667 -0.00025763
v 0.47552168 0.40594945 -0.00022000
v 0.47456298 0.40413417 -0.00021398
v 0.47287227 0.39429684 -0.00024318
v -0.09438552 -0.41172957 -0.00125551
v -0.10907304 -0.41242779 -0.00023538
v -0.11614571 -0.40628451 -0.00134964
v 0.40022038 -0.01664072 -0.00024963
v 0.40186188 0.02558982 -0.00023780
v 0.40172419 0.02365205 -0.00022485
v 0.40283793 0.02155219 -0.00021880
v -0.49345807 -0.43915696 -0.00021773
v 0.48548179 0.49061929 -0.00025124
v 0.48706875 0.48934240 -0.00020889
v 0.43650749 0.30312069 -0.00024283
v 0.43636395 0.30124568 -0.00025173
v 0.44720925 0.33740497 -0.00113860
v 0.49139259 0.49098062 -0.00024940
v 0.49169627 0.48888113 -0.00021184
v -0.48081241 0.47096127 -0.00024629
v -0.41002172 0.11905380 -0.00023958
v -0.11179711 0.43012894 -0.00021226
v -0.11078804 0.43089910 -0.00025148
v 0.03332776 -0.41511707 -0.00021115
v 0.03430003 -0.41061699 -0.00148669
v 0.13547994 0.41461109 -0.00025027
v 0.13350743 0.41379148 -0.00020402
v 0.13553702 0.41392430 -0.00021216
v -0.12075945 0.43003070 -0.00021221
v -0.11917550 0.43002655 -0.00021461
v -0.46073455 0.41673064 -0.00024941
v -0.46023413 0.41841890 -0.00023578
v -0.46195903 0.41955926 -0.00027878
v -0.46125376 0.42042307 -0.00024328
v -0.44210725 0.34739669 -0.00024232
v -0.46516125 0.43102422 -0.00024803
v -0.46446959 0.42891611 -0.00024631
v -0.36397351 -0.47149634 -0.00020768
v -0.46687323 0.43519409 -0.00023962
v -0.46531784 0.43415195 -0.00021662
v -0.42221525 0.22767923 -0.00022458
v -0.42303104 0.22871678 -0.00025208
v -0.28519187 0.44289500 -0.00025049
v -0.28532703 0.44222181 -0.00021489
v -0.28181582 0.43565586 -0.00487733
v -0.25779762 0.43741264 -0.00071134
v -0.19016077 0.43101781 -0.00025407
v 0.34186455 0.43798833 -0.01142114
v 0.33743389 0.44425757 -0.00020566
v 0.33970464 0.44510876 -0.00023261
v -0.45428955 0.39101370 -0.00016462
v -0.45413729 0.39431499 -0.00024605
v -0.45514036 0.39631605 -0.00024805
v -0.45708247 0.39885098 -0.00024333
v -0.03312412 0.42380729 -0.00025212
v -0.03224448 0.42248282 -0.00020915
v -0.44156486 0.47121327 -0.00026130
v -0.43842415 0.46654471 -0.00022430
v -0.43686742 0.46722680 -0.00024427
v -0.23050350 -0.41672031 -0.00022541
v -0.23775404 -0.41773794 -0.00110810
v -0.22508201 -0.41114142 -0.00116262
v -0.41972022 -0.12529412 -0.00025217
v -0.42013423 -0.12623497 -0.00008071
v -0.41892652 0.18980282 -0.00025130
v -0.41909400 0.18740173 -0.00035785
v -0.41837281 0.20475614 -0.00021496
v -0.41841283 0.20622170 -0.00021997
v -0.42054092 0.20875191 -0.00012015
v -0.41982679 0.20299365 -0.00021057
v 0.35469198 -0.46230448 -0.00109425
v 0.34751132 -0.46506967 -0.00021675
v -0.41298556 0.09343185 -0.00020356
v -0.40209215 0.15167109 -0.00023820
v -0.40388436 0.15401929 -0.00023168
v 0.46466781 0.37394509 -0.00024856
v 0.46469412 0.37625451 -0.00023676
v -0.00195988 0.41809107 -0.00027297
v -0.08460513 0.42773161 -0.00024502
v -0.08648740 0.42792016 -0.00023795
v 0.42223126 0.27255344 -0.00024347
v 0.42250207 0.27555776 -0.00023746
v -0.39471576 -0.47919110 -0.00024741
v -0.39704310 -0.47947711 -0.00024655
v 0.43861225 -0.28348549 -0.00023754
v 0.43489516 -0.28541285 -0.00103960
v 0.43847380 -0.28085383 -0.00025085
v -0.43304326 -0.20693555 -0.00021617
v 0.49325831 0.45302336 -0.00024567
v 0.49321280 0.45153910 -0.00024856
v 0.41800962 0.24061778 -0.00024088
v 0.41854385 0.23859179 -0.00025085
v 0.41622034 0.22694682 -0.00024237
v 0.41404924 0.21292665 -0.00021239
v 0.41481873 0.21477268 -0.00022955
v 0.16190521 0.41841501 -0.00024607
v 0.15916532 0.41857525 -0.00024888
v 0.16018535 0.41768093 -0.00024495
v -0.44583040 0.38135008 -0.00108644
v -0.44807631 0.37396462 -0.00022092
v -0.44906629 0.37599748 -0.00023498
v 0.44026794 -0.28581325 -0.00024945
v 0.43866856 -0.28542434 -0.00022729
v 0.47292989 -0.37246809 -0.00022418
v 0.47329104 -0.37470730 -0.00021491
v 0.37206693 -0.46729623 -0.00023445
v 0.41418531 0.21072724 -0.00023561
v 0.41414512 0.20817041 -0.00025129
v 0.40614715 0.12937073 -0.00024448
v 0.40469780 0.11899818 -0.00026188
v 0.40424679 0.12722023 -0.00021587
v 0.08490067 0.41394803 -0.00021206
v 0.08713490 0.41419852 -0.00022338
v 0.25676266 0.42998881 -0.00020475
v 0.25425526 0.42994603 -0.00022078
v 0.40209027 0.11163352 -0.00021140
v 0.40152202 0.10945112 -0.00021158
v -0.48244450 -0.40513637 -0.00025186
v -0.48179643 -0.41461570 -0.00106270
v -0.48281345 -0.40677632 -0.00025002
v 0.40192567 0.10464450 -0.00025223
v 0.40228828 0.10813144 -0.00025124
v 0.40007468 0.10467528 -0.00021040
v 0.40058716 0.10316839 -0.00023001
v 0.40193469 0.11873917 -0.00022049
v 0.40252570 0.11744555 -0.00024134
v 0.45539836 0.48117530 -0.00023878
v -0.48108051 -0.40474630 -0.00023018
v -0.47494549 -0.39952547 -0.00120987
v 0.47523150 0.48701329 -0.00020738
v -0.42056523 0.22176394 -0.00021296
v -0.45490513 -0.33530975 -0.00021067
v -0.45498522 -0.33389557 -0.00024348
v 0.45398927 0.48308877 -0.00025006
v 0.45700268 0.48263554 -0.00024431
v -0.33377144 0.44826055 -0.00023819
v -0.33737347 0.45032198 -0.00026142
v -0.33632732 0.44853133 -0.00023018
v 0.48511841 0.42870614 -0.00024218
v 0.48492411 0.42670689 -0.00025233
v 0.48987266 0.43600902 -0.00025879
v 0.48710400 0.43279324 -0.00024581
v 0.48745982 0.43501304 -0.00024574
v -0.44722459 -0.49090401 -0.00025060
v -0.44532746 -0.48960592 -0.00024907
v 0.45245438 0.33824261 -0.00024877
v 0.15158735 0.41592417 -0.00023272
v 0.45920177 0.35783094 -0.00024603
v 0.45281336 0.34363912 -0.00021216
v 0.42442758 0.28108836 -0.00023321
v 0.24086815 0.42826993 -0.00022545
v 0.23619728 0.42855660 -0.00030886
v -0.38857269 -0.47698938 -0.00021137
v -0.44033068 0.46687229 -0.00021226
v -0.45205645 0.46864136 -0.00092144
v -0.44146470 0.46872134 -0.00024331
v 0.46084404 0.36411741 -0.00023480
v 0.46081218 0.37634526 -0.00112093
v 0.46097887 0.36659028 -0.00022452
v -0.41080105 -0.48121093 -0.00022382
v -0.41263702 -0.48122875 -0.00020775
v -0.42131079 0.27286986 0.00019697
v -0.42627859 0.26872793 -0.00024475
v -0.42639148 0.26659592 -0.00025143
v -0.38137265 -0.47728642 -0.00023492
v -0.37900588 -0.47725140 -0.00024629
v -0.37304056 -0.47733633 -0.00025904
v 0.41828229 0.24320087 -0.00023560
v 0.41855303 0.24526385 -0.00024173
v 0.23809370 -0.43686330 -0.00021345
v 0.23658156 -0.43676981 -0.00023118
v 0.36406872 0.45247025 -0.00023805
v -0.03271199 0.42433376 -0.00025511
v 0.44424028 -0.31001088 -0.00237093
v -0.49299584 -0.43506892 -0.00023737
v 0.44858787 0.32939913 -0.00024285
v 0.44896066 0.33184523 -0.00023296
v 0.40637469 0.46595939 -0.00025121
v 0.40625915 0.46482584 -0.00023444
v -0.48692713 -0.41688653 -0.00023710
v -0.48703667 -0.41878650 -0.00022156
v -0.48733156 -0.41508445 -0.00031563
v -0.48890283 -0.42108896 -0.00024820
v -0.45580741 0.41545325 -0.00119931
v 0.42297799 -0.47131122 -0.00121712
v 0.43071163 -0.47517850 -0.00021053
v -0.46231003 -0.35906571 -0.00025304
v 0.44933939 0.47865299 -0.00023147
v -0.47106975 -0.38440654 -0.00020949
v -0.24660763 0.43802405 -0.00020465
v -0.24426116 0.43780344 -0.00023283
v -0.01841377 -0.42087553 -0.00020847
v -0.41764951 -0.10770273 -0.00149698
v -0.42210002 -0.09941158 -0.00025159
v 0.00017639 -0.41819087 -0.00021912
v -0.03644159 -0.42307193 -0.00025153
v -0.03383989 -0.42310980 -0.00025164
v -0.03233631 -0.42237093 -0.00021395
v -0.02866904 -0.42348336 -0.00027664
v -0.46056141 -0.35408646 -0.00023756
v -0.46089228 -0.35225946 -0.00024412
v 0.40043551 0.02998130 -0.00020889
v -0.37906175 -0.47263291 -0.00131199
v -0.15582387 -0.40685353 -0.00020630
v 0.43651775 0.31180624 -0.00094247
v -0.15922591 -0.40667041 -0.00020967
v -0.12256752 -0.41035357 -0.00024641
v -0.45483368 -0.33241012 -0.00024402
v -0.45398938 -0.33036460 -0.00024624
v -0.44420396 -0.25273809 -0.00024581
v -0.44434231 -0.25110971 -0.00025232
v -0.44502241 -0.25031993 -0.00024907
v 0.22701306 0.42548326 -0.00025219
v 0.22667977 0.42383422 -0.00021333
v 0.31770449 0.43536220 -0.00101387
v 0.30402458 0.43622087 -0.00023357
v 0.30546275 0.43634447 -0.00024467
v -0.43221651 -0.20001460 -0.00025281
v -0.43088968 -0.19866043 -0.00022598
v -0.32355013 -0.45714112 -0.00021631
v 0.37414384 -0.46728273 -0.00020974
v 0.37841176 -0.46436173 -0.00152796
v 0.37604513 -0.46735631 -0.00021370
v -0.34170512 -0.46757190 -0.00025880
v -0.34337936 -0.46499693 -0.00022743
v -0.34519393 -0.46527492 -0.00022121
v -0.34209825 -0.46554682 -0.00023808
v 0.33630595 -0.46469364 -0.00021635
v 0.33882138 -0.46500657 -0.00023308
v -0.35197424 -0.46914506 -0.00024505
v -0.34964820 -0.46746052 -0.00023112
v -0.09075327 -0.41693598 -0.00024116
v -0.09250935 -0.41650117 -0.00023582
v -0.10058854 -0.41475925 -0.00022615
v -0.11778007 -0.41262556 -0.00026405
v -0.21846653 -0.41246497 -0.00023696
v -0.20459336 -0.40688847 -0.00021731
v -0.17039711 -0.40662220 -0.00022101
v -0.18002346 -0.40699924 -0.00025039
v -0.17791091 -0.40658024 -0.00022109
v -0.17781395 -0.40728833 -0.00025365
v -0.17514970 -0.40712697 -0.00025018
v -0.43263307 0.46490255 -0.00023315
v -0.43250714 0.46704563 -0.00026342
v -0.43285217 0.46637704 -0.00025170
v -0.27220698 -0.43869308 -0.00025167
v -0.26617508 -0.43679419 -0.00024806
v -0.27072351 -0.43651704 -0.00024464
v -0.27303090 -0.43671705 -0.00022750
v -0.41661899 -0.07861113 -0.00099008
v -0.42023824 -0.07498046 -0.00023861
v -0.42045109 -0.07272170 -0.00025153
v -0.41885561 -0.13240517 -0.00025590
v -0.41787628 -0.13329414 -0.00024585
v -0.41836977 -0.13188031 -0.00024569
v -0.09511471 0.42338430 -0.00216280
v -0.07654187 0.42624236 -0.00022049
v -0.41882508 -0.14888008 -0.00025406
v -0.41830640 -0.15019869 -0.00025262
v -0.41780381 -0.14824927 -0.00025036
v -0.25747383 -0.43070158 -0.00023695
v -0.25558570 -0.43215649 -0.00025619
v -0.41794615 -0.15157229 -0.00025117
v -0.42004261 -0.15644587 -0.00035401
v -0.23042469 -0.41839651 -0.00025126
v -0.41998667 -0.15816218 -0.00024489
v 0.15747423 -0.42849593 -0.00021347
v 0.15751319 -0.42920603 -0.00020161
v 0.15895999 -0.42843314 -0.00020686
v 0.13539722 -0.42925578 -0.00024955
v -0.46569427 -0.37863852 -0.00099711
v 0.27070899 -0.44518253 -0.00025311
v 0.26858441 -0.44407481 -0.00025090
v 0.26511714 -0.44277425 -0.00020985
v 0.26319681 -0.44271810 -0.00022989
v 0.26748586 -0.44282794 -0.00020625
v 0.31803902 -0.45901301 -0.00024469
v 0.30992604 -0.45706568 -0.00022828
v 0.30745320 -0.45626071 -0.00024073
v 0.42698890 -0.23683393 -0.00017515
v 0.43247075 -0.26725421 -0.00021510
v 0.43151382 -0.27343984 0.00002574
v 0.43380432 -0.26861046 -0.00025193
v 0.48523543 -0.47580012 -0.00024802
v 0.46298297 -0.47686041 -0.00022251
v 0.46064927 -0.47672496 -0.00022371
v 0.42623313 -0.24278901 -0.00021793
v 0.42654144 -0.24521773 -0.00022461
v -0.45553265 -0.35537923 -0.00233766
v 0.43264291 -0.47513499 -0.00021870
v 0.43450100 -0.47518690 -0.00020985
v 0.41693684 -0.47481018 -0.00024843
v 0.41477947 -0.47518205 -0.00025291
v 0.41963723 -0.47502770 -0.00023429
v -0.47909587 -0.48513336 -0.00024925
v -0.46881162 -0.37480086 -0.00024609
v -0.46699305 -0.37373502 -0.00021941
v 0.10339048 0.41410854 -0.00023486
v 0.10546262 0.41417003 -0.00023871
v -0.05867264 0.42603147 -0.00023395
v -0.06095901 0.42620391 -0.00023643
v 0.43538249 -0.47655750 -0.00025236
v 0.43641077 -0.47536933 -0.00023010
v 0.45229525 -0.47703265 -0.00023176
v 0.45076067 -0.47712737 -0.00024083
v -0.42036159 -0.11559688 -0.00023066
v 0.48157525 -0.39020958 -0.00026007
v 0.48066144 -0.39290920 -0.00024879
v 0.48514958 -0.40181389 -0.00025510
v 0.41073995 0.23007054 -0.00228460
v 0.31167606 -0.45700613 -0.00021702
v 0.47702063 -0.38501397 -0.00024237
v -0.14325789 0.42779397 -0.00034610
v -0.13876104 0.42458482 -0.00147212
v -0.14521918 0.42827269 -0.00020992
v 0.47902743 -0.38852127 -0.00024965
v 0.47904880 -0.39052691 -0.00022428
v 0.31539656 0.43844856 -0.00022834
v 0.31340318 0.43834720 -0.00024832
v 0.17136318 0.41743848 0.00025776
v -0.46883808 0.43873140 -0.00022920
v 0.49937282 -0.44728606 -0.00024437
v 0.49887145 -0.44157543 -0.00023984
v 0.49123763 -0.42681178 -0.00022111
v 0.49324859 -0.42387968 -0.00025967
v 0.49117291 -0.42486977 -0.00024054
v -0.42739251 0.46445388 -0.00024757
v -0.42650407 0.46300510 -0.00021941
v 0.41990913 -0.23700718 -0.00217552
v 0.42568085 -0.23867197 -0.00022634
v 0.42639998 -0.24042800 -0.00024132
v 0.41017965 0.15083237 -0.00023850
v 0.40993567 0.15240487 -0.00022642
v 0.41011540 0.14634428 -0.00024958
v 0.40990328 0.14437762 -0.00025055
v -0.07758584 -0.41532325 -0.00116356
v -0.08684654 -0.41709603 -0.00020850
v 0.49733200 0.48516691 -0.00022444
v 0.49902471 0.48299547 -0.00024712
v 0.49901014 0.47904938 -0.00024003
v 0.21701238 -0.42544828 -0.00177030
v 0.21640464 -0.43079715 -0.00022967
v 0.21465863 -0.43119864 -0.00025119
v 0.06197175 -0.41128181 -0.00130507
v 0.06435392 -0.41607508 -0.00023921
v 0.06271019 -0.41643669 -0.00024876
v -0.47711678 0.46483385 -0.00023726
v -0.47913506 0.46702096 -0.00023650
v -0.25840083 0.44045626 -0.00024494
v -0.26022047 0.44021632 -0.00022713
v -0.26135492 0.44093568 -0.00025183
v -0.15968100 0.42873812 -0.00025030
v -0.15799041 0.42824627 -0.00021514
v -0.15729015 0.42890105 -0.00025161
v -0.15312806 0.42803831 -0.00021348
v -0.15163972 0.42874741 -0.00025090
v -0.15405105 0.42884693 -0.00025156
v -0.15155468 0.42803065 -0.00021368
v -0.45267761 0.47264946 -0.00023563
v -0.45104374 0.47279996 -0.00024756
v -0.31922118 -0.45172930 -0.00108044
v -0.32579529 -0.45749910 -0.00021644
v -0.31199091 0.44657212 -0.00027539
v -0.30758920 0.44406222 -0.00021811
v -0.30507353 0.44441176 -0.00024557
v -0.44699147 0.47342533 -0.00025708
v -0.44496355 0.47115915 -0.00025193
v -0.44303182 0.47010166 -0.00025189
v -0.45864148 0.41417240 -0.00020595
v -0.45478252 0.40768453 0.00028026
v 0.05245801 0.41411989 -0.00021292
v 0.05022413 0.41446218 -0.00022169
v -0.46025534 0.41462761 -0.00024990
v 0.41015813 0.14857673 -0.00023970
v 0.45866407 -0.47716686 -0.00023229
v -0.45438415 0.39814071 -0.00022758
v -0.45512821 0.39982198 -0.00023214
v -0.45636614 0.40057715 -0.00024501
v 0.25324171 -0.44103989 -0.00022941
v -0.17396326 0.42998740 -0.00024990
v -0.18199343 0.42995886 -0.00021334
v -0.47510301 0.45052880 -0.00024959
v -0.47449504 0.44903968 -0.00024970
v -0.47330361 0.44833634 -0.00024025
v -0.44079665 0.34164726 -0.00025350
v -0.06887788 0.42593981 -0.00020842
v -0.07121378 0.42588580 -0.00020662
v -0.11150184 -0.41218605 -0.00025222
v -0.42244403 0.23266017 -0.00023195
v -0.42307340 0.23190848 -0.00025252
v -0.42609398 0.27256636 -0.00024437
v -0.42548957 0.27466564 -0.00025009
v -0.42736153 0.27134156 -0.00023151
v -0.42616311 0.26461860 -0.00015277
v -0.42588367 0.26524973 -0.00025093
v -0.42255955 0.30079901 -0.00022025
v -0.42304478 0.29705615 -0.00027728
v -0.42260473 0.29874308 -0.00023598
v -0.30083677 0.44254227 -0.00022661
v -0.29893252 0.44252496 -0.00023245
v -0.30152269 0.44445696 -0.00019849
v -0.45080918 0.38406633 -0.00024190
v -0.44948285 0.38202159 -0.00023765
v 0.49517903 0.46287898 -0.00022444
v -0.44650270 0.36563703 -0.00024216
v -0.44660605 0.36719364 -0.00024104
v -0.44796973 0.36818630 -0.00020579
v 0.12933613 -0.42896375 -0.00025216
v -0.48971555 -0.42495909 -0.00023296
v -0.48894938 -0.42326947 -0.00023436
v -0.41283222 0.16777795 -0.00024725
v -0.41807205 0.19192889 -0.00020819
v -0.41907743 0.19189648 -0.00025283
v 0.40227532 0.11546775 -0.00021756
v -0.41686640 0.17288069 -0.00025436
v -0.41659466 0.17627471 -0.00024432
v -0.42109543 0.21775162 -0.00029692
v -0.42041468 0.21968228 -0.00020997
v -0.42029042 0.21685471 -0.00022354
v -0.42018160 0.21468411 -0.00023736
v -0.41863746 0.20787260 -0.00021911
v -0.41837669 0.20266976 -0.00021592
v -0.41004950 0.01765197 -0.00025250
v -0.40934813 0.01982214 -0.00025124
v -0.41187118 0.09511199 -0.00020532
v -0.41230499 0.09657935 -0.00022144
v -0.41295627 0.09728227 -0.00025186
v -0.14977589 0.42895972 -0.00025206
v 0.06666818 -0.41620282 -0.00020805
v -0.41205978 0.10304837 -0.00021897
v -0.41202166 0.10143206 -0.00020634
v -0.41288916 0.10051759 -0.00025129
v -0.46969948 -0.37654055 -0.00025166
v -0.46882718 -0.37643171 -0.00023732
v -0.25503902 -0.43057524 -0.00024674
v -0.25317829 -0.42902715 -0.00023950
v -0.08323604 0.42815711 -0.00025306
v -0.40972193 0.00604524 -0.00025274
v 0.19997065 0.42382007 -0.00025177
v 0.20205157 0.42281844 -0.00021334
v 0.05630381 0.41369155 -0.00021824
v 0.05361425 0.41511389 0.00002552
v 0.05480825 0.41415963 -0.00022873
v 0.41635833 -0.11580522 -0.00024390
v 0.12556993 0.41412448 -0.00023865
v 0.12701080 0.41359576 -0.00021348
v 0.12847400 0.41466638 -0.00027287
v 0.12334738 0.41476628 -0.00026160
v 0.12937400 0.41372294 -0.00021771
v 0.10319059 0.41493806 -0.00025498
v 0.10743448 0.41362588 -0.00023272
v 0.41836220 0.24851168 -0.00022377
v 0.41801494 0.24643671 -0.00022569
v 0.44263087 0.31482242 -0.00024773
v 0.41056601 -0.06485806 -0.00023463
v 0.41273410 0.19802962 -0.00021657
v 0.41273842 0.17662409 -0.00022836
v 0.41227438 0.17751499 -0.00020999
v 0.41501643 -0.47363064 -0.00021353
v 0.40168910 0.02920120 -0.00024646
v -0.40626837 -0.02881219 -0.00023976
v -0.37025909 0.00745055 -0.06288392
v -0.40098157 -0.02275958 -0.00136327
v -0.41023772 0.05669269 -0.00020724
v -0.41088835 0.05495289 -0.00025158
v 0.40374087 0.12007112 -0.00025286
v 0.45899104 0.48291869 -0.00024081
v 0.40191657 0.02000916 -0.00021272
v 0.40215267 0.02227305 -0.00023427
v 0.42254095 0.27701170 -0.00023766
v 0.44697469 0.47877882 -0.00024295
v 0.49287951 0.44449698 -0.00025740
v 0.49055553 0.44084791 -0.00024777
v 0.49093812 0.44277424 -0.00024281
v 0.40817277 -0.15004365 -0.00023051
v 0.49428381 0.45083350 -0.00025755
v 0.34867767 0.44801343 -0.00023592
v 0.33908818 0.44650818 -0.00019547
v 0.33526657 0.44447200 -0.00023908
v 0.33140507 0.44274629 -0.00022332
v 0.33355858 0.44377130 -0.00023021
v 0.39813413 0.11473621 -0.00135422
v 0.44277411 0.31740198 -0.00020605
v 0.44464500 0.31954514 -0.00024902
v 0.44286991 0.32186217 -0.00008861
v 0.47079181 0.38967942 -0.00024955
v 0.46962600 0.38802231 -0.00023232
v 0.46956877 0.39841716 0.00053111
v 0.48096944 0.41653467 -0.00022849
v 0.48101919 0.41839602 -0.00021166
v 0.45855207 0.35938073 -0.00022543
v 0.27100441 0.43064777 -0.00022417
v 0.27100064 0.43150449 -0.00025353
v 0.27541487 0.43182217 -0.00024313
v 0.27468788 0.43286398 -0.00026782
v 0.27341432 0.43169040 -0.00024937
v 0.29112349 0.43411431 -0.00022984
v 0.29375655 0.43420139 -0.00021348
v 0.28710148 0.43485152 -0.00017037
v -0.41460234 -0.48130704 -0.00021555
v 0.22207655 0.42384673 -0.00024999
v 0.22081317 0.42254451 -0.00021927
v -0.44966192 -0.49131074 -0.00024182
v -0.22045364 0.43256561 -0.00023374
v -0.21850901 0.43235657 -0.00022884
v -0.39006202 -0.47783870 -0.00023015
v -0.39218559 -0.47745241 -0.00021401
v 0.05673522 -0.41474675 -0.00021294
v -0.35680424 -0.47374897 -0.00025670
v -0.49331716 -0.43764706 -0.00022205
v -0.39748610 0.45309821 -0.00026002
v -0.47896966 -0.39854926 -0.00024261
v -0.47936097 -0.39802876 -0.00025430
v -0.47982157 -0.39938879 -0.00025026
v -0.47817053 -0.39675882 -0.00024604
v -0.47629018 -0.39254459 -0.00024356
v -0.47697419 -0.39477130 -0.00023030
v 0.29631740 -0.44672267 -0.00223474
v -0.48302734 -0.40872650 -0.00023295
v -0.48339482 -0.40590933 -0.00020322
v -0.04246411 0.42486724 -0.00025187
v 0.44893058 -0.47699300 -0.00023000
v -0.46681643 -0.37163859 -0.00024590
v -0.46928115 -0.37406785 -0.00028046
v -0.02231002 -0.42201372 -0.00025116
v -0.02128861 -0.42286305 -0.00025522
v -0.02382682 -0.42259547 -0.00025277
v -0.03025114 -0.42280219 -0.00023577
v -0.22471022 -0.41613887 -0.00025266
v -0.22686489 -0.41675803 -0.00025318
v 0.12945642 -0.42834552 -0.00022972
v 0.11925688 -0.42666831 -0.00021073
v 0.11418310 -0.42915072 -0.00025953
v 0.44000190 -0.29834656 -0.00127578
v 0.44274410 -0.29180511 -0.00024677
v 0.02096989 -0.41677060 -0.00024961
v -0.41032139 0.11523099 -0.00022563
v 0.48234305 0.41845700 -0.00024698
v 0.40124866 -0.46833738 -0.00119723
v 0.38404726 -0.46890100 -0.00022242
v 0.42452052 -0.23077203 -0.00024395
v -0.07680516 -0.41879190 -0.00021556
v -0.44247979 0.34975840 -0.00023141
v -0.45255152 -0.32924522 -0.00020970
v -0.45221388 -0.32746929 -0.00022239
v -0.43859560 -0.21897319 -0.00024833
v -0.43924728 -0.22400304 -0.00030175
v -0.43815279 -0.22034834 -0.00024183
v 0.40249847 0.11344575 -0.00022582
v -0.43826391 -0.22264671 -0.00022716
v -0.43824188 -0.22502129 -0.00020931
v -0.43689055 -0.20967821 -0.00024661
v -0.43631027 -0.21055067 -0.00024870
v -0.43586777 -0.20884624 -0.00025136
v -0.43493748 -0.20527353 -0.00020065
v -0.43425868 -0.20823279 -0.00024020
v -0.44468181 -0.25471056 -0.00024441
v -0.44540549 -0.25714878 -0.00025115
v -0.44011371 -0.23297545 -0.00024084
v -0.44061717 -0.23450278 -0.00024359
v -0.44076433 -0.24024705 -0.00022913
v -0.44080075 -0.24229774 -0.00020739
v -0.44310488 -0.24488482 -0.00025233
v -0.44111529 -0.23356028 -0.00020943
v -0.45120722 -0.31776580 -0.00025105
v -0.45058776 -0.31775693 -0.00022690
v -0.45153619 -0.32023872 -0.00025155
v -0.45068806 -0.30934035 -0.00023605
v -0.45123689 -0.31160316 -0.00025149
v -0.44923752 -0.28387965 -0.00014683
v -0.44793613 -0.28116915 -0.00025083
v -0.44838841 -0.28294278 -0.00025055
v -0.32757626 -0.45905598 -0.00023737
v -0.42112123 -0.07740460 -0.00020860
v -0.42011950 -0.08101290 -0.00022614
v -0.41995886 -0.07875854 -0.00022850
v -0.33938259 -0.46361939 -0.00020926
v -0.33675075 -0.46577452 -0.00026409
v -0.33748877 -0.46296051 -0.00021516
v 0.39267835 0.46262686 -0.00025149
v -0.09469996 -0.41581275 -0.00024228
v -0.45208429 0.38608129 -0.00024712
v -0.45292629 0.38810131 -0.00024691
v -0.10270665 -0.41449144 -0.00022636
v -0.18327506 -0.40296619 -0.00134283
v -0.16393631 -0.40481148 -0.00062268
v -0.12083208 -0.41040186 -0.00024602
v 0.47238463 -0.36875253 -0.00024943
v 0.47101210 -0.36837496 -0.00023704
v -0.21237406 -0.41008669 -0.00024673
v -0.21040459 -0.40853629 -0.00020945
v -0.40883201 0.16168712 -0.00023137
v -0.20252067 -0.40679174 -0.00020514
v -0.28523182 -0.44267691 -0.00024179
v -0.28352544 -0.44131425 -0.00023657
v -0.29273990 0.44302347 -0.00025098
v -0.29377886 0.44223715 -0.00020745
v -0.24312345 -0.42447045 -0.00024086
v -0.24446752 -0.42515409 -0.00024274
v -0.24178566 -0.42783242 -0.00022834
v -0.24510521 -0.42639788 -0.00024968
v -0.45092243 -0.30155041 -0.00024372
v -0.27509440 -0.43815591 -0.00025173
v -0.28843810 -0.43916606 -0.00111567
v -0.27487354 -0.43678238 -0.00022062
v 0.13149480 0.40984545 -0.00187194
v -0.42207502 -0.10793614 -0.00022897
v -0.42203254 -0.10986967 -0.00024001
v -0.42299314 -0.09915981 -0.00029818
v -0.42175547 -0.16804338 -0.00022362
v -0.42236899 -0.16635700 -0.00024840
v -0.42302651 -0.16805966 -0.00025328
v -0.42306773 -0.16396607 -0.00023944
v -0.42254064 -0.16975515 -0.00022663
v -0.42380735 -0.17067019 -0.00024841
v -0.42097702 -0.16203316 -0.00024273
v -0.42009808 -0.16038742 -0.00022855
v -0.42216988 -0.16413700 -0.00025046
v 0.00980424 -0.41672555 -0.00021644
v 0.00772474 -0.41686108 -0.00021728
v 0.20244642 -0.42700616 -0.00023274
v 0.15408642 -0.42878619 -0.00023787
v 0.15149355 -0.42857916 -0.00021104
v 0.15158179 -0.42918505 -0.00024974
v 0.13903880 -0.42930715 -0.00025063
v 0.13975631 -0.42864495 -0.00020931
v 0.13605201 -0.42536428 -0.00133014
v -0.41231303 0.18279946 -0.00162607
v 0.48343990 0.42051071 -0.00024816
v 0.16106252 -0.42838054 -0.00021301
v 0.16334029 -0.42841263 -0.00023389
v 0.41607633 0.46484544 -0.00117773
v 0.41833436 0.46902168 -0.00022038
v 0.42000809 0.47048353 -0.00024541
v 0.32525100 -0.46474578 -0.00035194
v 0.32544599 -0.46284581 -0.00024714
v 0.32392838 -0.46148771 -0.00021261
v -0.44481488 0.36172275 -0.00020815
v -0.44485935 0.35995717 -0.00023530
v -0.06474920 -0.42075497 -0.00021583
v -0.06351443 -0.42216097 -0.00025280
v 0.31977470 -0.46086670 -0.00025236
v 0.31955833 -0.45909647 -0.00023765
v 0.44823352 -0.47337649 -0.00138407
v 0.28088454 -0.44255041 -0.00090325
v 0.27481461 -0.44451756 -0.00023381
v 0.30528680 -0.45487499 -0.00022925
v 0.30333415 -0.45487476 -0.00025203
v 0.30429995 -0.45687531 -0.00025494
v -0.42034884 0.21827018 -0.00021686
v -0.33527262 -0.46309781 -0.00024024
v -0.42652147 0.27090471 -0.00024625
v 0.42241584 -0.22467465 -0.00022690
v 0.42242455 -0.22274914 -0.00023018
v 0.49163610 -0.46964844 -0.00021857
v -0.35395252 0.45318515 -0.00025252
v 0.44254926 -0.47716355 -0.00022935
v 0.40889212 0.20240795 -0.00134001
v -0.41263265 0.45861663 -0.00024665
v 0.48288198 -0.39863788 -0.00024507
v 0.48157456 -0.39660146 -0.00022999
v -0.41098209 0.05749200 -0.00022917
v -0.41012908 0.05849540 -0.00020557
v -0.42210517 -0.10134356 -0.00024215
v 0.35830070 -0.46669335 -0.00025145
v 0.40095586 -0.47270843 -0.00024838
v 0.39977571 -0.47120462 -0.00021380
v 0.42064692 -0.18345257 -0.00025673
v 0.41841704 -0.18038725 -0.00024550
v 0.41836683 -0.18235626 -0.00021244
v 0.41820701 -0.17839102 -0.00024573
v 0.42048378 -0.18711567 -0.00024823
v 0.42003895 -0.18831727 -0.00023849
v 0.41992772 -0.18473276 -0.00024836
v 0.44964754 -0.32537193 -0.00109099
v 0.41492726 -0.19500859 -0.00523057
v 0.42240820 -0.21110380 -0.00022643
v 0.42238660 -0.21259442 -0.00022958
v 0.42026912 -0.19060954 -0.00021348
v 0.39663434 0.07858594 0.00002910
v 0.39813066 0.07496402 -0.00020585
v 0.49572206 0.47989688 -0.00102024
v 0.41694571 -0.09917454 -0.00023388
v 0.41594458 -0.09465409 -0.00025222
v 0.41423359 -0.08727728 -0.00023973
v 0.41425133 -0.08871333 -0.00022970
v 0.41695165 -0.10828371 -0.00028541
v 0.41581670 -0.10962345 -0.00022287
v 0.41713322 -0.11496404 -0.00025729
v 0.41647326 -0.17263357 -0.00025192
v -0.22047447 -0.41278893 -0.00021166
v 0.46891637 -0.36217260 -0.00023800
v 0.46731198 -0.36042504 -0.00021998
v 0.46603000 -0.36462269 0.00051966
v 0.47087295 -0.36135652 -0.00026302
v 0.33500431 -0.46519447 -0.00022655
v 0.33293017 -0.46507299 -0.00023423
v 0.49585997 -0.45731922 -0.00020530
v -0.44441402 -0.25700407 -0.00022494
v 0.49854749 -0.43916383 -0.00025061
v 0.49733825 -0.43745260 -0.00024722
v 0.40182994 -0.02455959 -0.00025216
v 0.40015868 -0.02257323 -0.00020960
v -0.15080478 -0.40839614 -0.00025262
v -0.14688374 -0.40314121 -0.00238724
v -0.14820112 -0.40838434 -0.00023634
v 0.36738071 0.45265691 -0.00022445
v -0.16588051 0.42839487 -0.00021120
v -0.16387244 0.42880907 -0.00024979
v -0.16586505 0.42910287 -0.00025304
v -0.16792812 0.42894473 -0.00024970
v 0.45246040 -0.31954197 -0.00025265
v 0.45268516 -0.32235228 -0.00023317
v -0.45648523 -0.33964508 -0.00022308
v -0.15876812 0.42465119 -0.00129776
v 0.43423404 0.30075107 -0.00023045
v 0.43463058 0.29904168 -0.00025031
v -0.12997229 0.43000737 -0.00023356
v -0.13187878 0.42981617 -0.00023716
v -0.44045505 0.35728464 -0.00106161
v -0.44295668 0.35212323 -0.00024106
v 0.49313444 -0.43127963 -0.00022285
v -0.45494573 0.47350408 -0.00024259
v -0.45706696 0.47486294 -0.00024951
v -0.34744732 0.45296358 -0.00016744
v -0.34978393 0.45121440 -0.00021626
v -0.34786238 0.45221487 -0.00025207
v -0.34564658 0.45069089 -0.00021031
v 0.41421793 -0.08551075 -0.00024583
v -0.44446162 0.35646479 -0.00023556
v -0.44473567 0.35855828 -0.00022857
v -0.44664399 0.35976024 -0.00023791
v -0.47804649 0.45596304 -0.00025101
v -0.47505411 0.45279316 -0.00023827
v -0.47497336 0.44676834 -0.00025283
v -0.47313090 0.44518152 -0.00024907
v -0.47250627 0.44667428 -0.00023447
v -0.42291342 0.23440028 -0.00025091
v -0.42227902 0.23666857 -0.00021203
v -0.42314454 0.23648308 -0.00025313
v -0.42244498 0.24006654 -0.00021260
v -0.42297028 0.23852530 -0.00025087
v -0.42316771 0.24090079 -0.00025129
v -0.42399476 0.27911359 -0.00025098
v -0.42436160 0.28048274 -0.00025293
v -0.42428995 0.26261085 -0.00021545
v -0.42480903 0.26444927 -0.00022739
v -0.43031368 -0.19636862 -0.00022812
v -0.42528822 -0.19409686 -0.00141748
v 0.47184809 0.48158216 -0.00238288
v 0.46314758 0.48481794 -0.00023982
v 0.46547880 0.48523132 -0.00023222
v -0.29732979 0.44299977 -0.00025204
v -0.29568000 0.44237983 -0.00022144
v -0.29486439 0.44303256 -0.00025218
v -0.45288223 0.39236247 -0.00021669
v -0.44864862 0.37233058 -0.00024727
v -0.28716496 0.44308057 -0.00025223
v 0.49345817 -0.46878901 -0.00024643
v 0.48890679 -0.41687813 -0.00025041
v -0.41428005 0.16981916 -0.00024961
v -0.13508436 -0.40840038 -0.00022103
v 0.10715969 -0.42477444 -0.00021890
v -0.41227430 0.07832233 -0.00022129
v -0.41289727 0.07666132 -0.00025241
v -0.41297540 0.07907732 -0.00025168
v -0.41224364 0.09873047 -0.00027362
v 0.27308388 -0.44482772 -0.00024544
v 0.27497405 -0.44204024 0.00014175
v -0.40090013 0.14548060 -0.00024961
v -0.40003133 0.14540065 -0.00021100
v -0.37090719 0.45529827 -0.00022930
v 0.24698250 0.42863112 -0.00022172
v -0.41051158 0.04829150 -0.00023023
v -0.41086712 0.04635405 -0.00025131
v -0.41118163 0.04819952 -0.00025679
v -0.41108580 0.06211461 -0.00025196
v -0.41051011 0.06282714 -0.00022979
v 0.46834789 0.39535938 -0.00113035
v 0.47297293 0.39613393 -0.00024154
v -0.09157105 0.42809947 -0.00022687
v -0.09699868 0.42790221 -0.00021926
v 0.20660766 0.41898720 -0.00121896
v 0.05860981 0.41383930 -0.00020869
v -0.42781947 -0.18659725 -0.00024862
v -0.42623446 -0.18589147 -0.00021954
v 0.15850521 0.41771866 -0.00025310
v 0.15739278 0.41646265 -0.00022974
v 0.09962880 0.41383062 -0.00021420
v 0.09620643 0.41591531 0.00009904
v 0.09743765 0.41402661 -0.00021955
v -0.26246951 -0.43282038 -0.00023351
v -0.26358102 -0.43454094 -0.00024738
v 0.10153309 0.41361224 -0.00021641
v -0.32953877 -0.45920940 -0.00021887
v -0.32962896 -0.46087141 -0.00025086
v 0.48864368 -0.41513474 -0.00025236
v 0.14960037 0.41584296 -0.00023240
v 0.42032812 0.26082529 -0.00023931
v -0.18577432 0.42981739 -0.00020642
v -0.18397042 0.42997834 -0.00021451
v 0.41175141 0.17310106 -0.00021373
v 0.41242649 0.17237353 -0.00024711
v 0.41210893 0.16914813 -0.00024865
v 0.41058892 0.16735036 -0.00022008
v -0.46470566 -0.36646967 -0.00024223
v -0.42033309 -0.16362891 -0.00021116
v 0.48863373 0.43685628 -0.00024715
v 0.48912515 0.43931302 -0.00023718
v -0.24111019 -0.42435575 -0.00024844
v -0.47507461 0.46275655 -0.00023769
v -0.47513999 0.46070891 -0.00024409
v 0.46097802 0.48478978 -0.00025185
v 0.46496987 0.48679345 -0.00017909
v 0.45915356 0.48398285 -0.00025217
v 0.29388058 -0.45086309 -0.00022324
v 0.29531643 -0.45096837 -0.00021304
v 0.43418436 -0.27347501 -0.00024373
v 0.48929261 0.44080316 -0.00022866
v 0.46282924 0.36836730 -0.00024643
v 0.46105585 0.36808412 -0.00021519
v 0.48074552 0.41383278 -0.00024912
v 0.48126679 0.41199537 -0.00025557
v -0.41082771 0.00375196 -0.00027158
v 0.49249206 0.44679286 -0.00025243
v 0.49101132 0.44477213 -0.00022263
v -0.45217367 0.39003915 -0.00021343
v 0.34163670 0.44621145 -0.00024836
v 0.34424006 0.44616787 -0.00021378
v 0.34919030 0.44883263 -0.00020556
v 0.40217311 0.46487158 -0.00023094
v 0.39766832 0.46473895 -0.00028562
v 0.40065727 0.46423532 -0.00022586
v 0.40377967 0.46686849 -0.00003712
v 0.41271898 0.46847687 -0.00025287
v 0.41138557 0.46832200 -0.00025314
v 0.41027992 0.46695099 -0.00022520
v 0.06062653 0.41462923 -0.00025167
v 0.06061604 0.41401017 -0.00023520
v 0.40837432 0.46640114 -0.00022942
v 0.47910642 0.41284597 -0.00023044
v 0.47907333 -0.39244038 -0.00020486
v 0.43120621 0.47286365 -0.00022546
v 0.43288712 0.47456402 -0.00024825
v 0.42867088 0.47261557 -0.00021997
v -0.44052399 -0.23684350 -0.00023152
v -0.44846985 -0.32779703 -0.00115178
v 0.46872777 0.38645184 -0.00022411
v 0.15946383 0.41326181 -0.00114500
v 0.14668346 0.41263429 -0.00068434
v 0.46564441 -0.35615173 -0.00023581
v 0.46477488 -0.35453469 -0.00020641
v 0.26322959 0.43028110 -0.00022066
v 0.26245709 0.43089412 -0.00025173
v 0.29541879 0.43540908 -0.00024436
v 0.28913783 0.43300215 -0.00021719
v 0.23627804 0.42792659 -0.00024781
v 0.23453319 0.42625569 -0.00020745
v 0.23866033 0.42801975 -0.00022715
v 0.25241699 0.42980886 -0.00022865
v 0.25237511 0.43085777 -0.00017582
v 0.25100536 0.43029879 -0.00024476
v 0.20785461 0.42235682 -0.00021080
v 0.20864385 0.42302410 -0.00025148
v 0.21422166 0.42268134 -0.00025047
v 0.21255618 0.42218383 -0.00021488
v 0.21185017 0.42284986 -0.00025167
v 0.21890463 0.42212131 -0.00020548
v 0.21790999 0.42294566 -0.00025131
v 0.22449216 0.42396699 -0.00023993
v 0.22162770 0.42438038 -0.00016897
v -0.40114793 0.12959323 -0.00395095
v -0.41012527 0.11711017 -0.00023205
v -0.40936278 -0.48123099 -0.00022607
v -0.40266799 -0.47960060 -0.00022679
v -0.40085294 -0.47878691 -0.00021794
v -0.46064530 -0.35810161 -0.00022673
v -0.46136709 -0.35617410 -0.00025221
v -0.46002120 -0.35605045 -0.00021704
v -0.46470056 -0.36866290 -0.00021723
v 0.46499054 -0.47689350 -0.00022804
v -0.02608956 -0.42254256 -0.00024616
v 0.41178543 -0.12961098 -0.00024411
v 0.41239024 -0.12758439 -0.00023024
v 0.41253363 -0.07702228 -0.00022256
v 0.10791171 -0.42161394 0.00067026
v 0.11161214 -0.42698071 -0.00024798
v 0.11293561 -0.42638076 -0.00022681
v 0.09068875 -0.42031615 -0.00022387
v 0.42457405 0.29091301 -0.00094242
v 0.42636087 0.28374515 -0.00025260
v 0.42488190 0.28279011 -0.00023187
v -0.47492682 0.46489739 -0.00021944
v -0.14639633 -0.40840917 -0.00022265
v -0.16344477 -0.40663694 -0.00020543
v -0.07994734 -0.41847396 -0.00021744
v 0.44405839 0.32130781 -0.00022304
v 0.40500425 -0.47319291 -0.00023966
v 0.40729082 -0.47317756 -0.00022551
v -0.07082703 -0.42035356 -0.00023963
v -0.47512508 0.45464462 -0.00023816
v -0.06854694 -0.42050868 -0.00022712
v -0.42208295 0.29507862 -0.00020710
v -0.42205174 0.29737020 -0.00020830
v -0.03113360 -0.41801077 -0.00154553
v -0.05057771 -0.42277002 -0.00023895
v -0.45098013 -0.32149694 -0.00021978
v -0.45244315 -0.32258653 -0.00025267
v -0.43005476 -0.19410535 -0.00024746
v -0.44528285 -0.25912071 -0.00025125
v -0.44497915 -0.26111857 -0.00021979
v -0.44575755 -0.26117063 -0.00025346
v 0.41450372 -0.16798260 -0.00023901
v -0.44727080 -0.26486004 -0.00030168
v -0.44609724 -0.26541147 -0.00024981
v -0.44603969 -0.26344347 -0.00025229
v -0.44160359 -0.26581242 0.00041337
v -0.44469596 -0.26444012 -0.00021346
v -0.44293892 -0.23984911 -0.00021098
v -0.43908744 -0.22681219 -0.00022939
v -0.44110322 -0.22796072 -0.00019261
v -0.44013724 -0.22847374 -0.00025284
v -0.45015288 -0.29772432 -0.00025251
v -0.45022857 -0.29946385 -0.00024313
v -0.43696042 -0.21639421 -0.00021338
v -0.43900239 -0.21556386 -0.00026015
v -0.43837400 -0.21720520 -0.00024801
v -0.08561613 -0.41801146 -0.00025017
v -0.11318233 -0.41116125 -0.00022753
v -0.41827348 0.23856672 -0.00239052
v -0.11692303 -0.41013181 -0.00023054
v -0.11516880 -0.41048910 -0.00021695
v -0.44618486 -0.30107649 -0.00111528
v -0.22877932 -0.41639773 -0.00023912
v -0.22729769 -0.41863224 -0.00025816
v -0.26899802 -0.43539929 -0.00020816
v -0.27883610 -0.43920633 -0.00023019
v -0.27972483 -0.44045120 -0.00024840
v -0.45628510 -0.33626598 -0.00024120
v -0.42213511 -0.11331009 -0.00025219
v -0.23719011 -0.42243303 -0.00024972
v -0.23637328 -0.42093099 -0.00022514
v -0.23914701 -0.42293070 -0.00024738
v -0.44026450 -0.48406899 -0.00103309
v -0.23581923 -0.42271202 -0.00025810
v -0.25092691 -0.42864441 -0.00024770
v 0.14961757 -0.42934356 -0.00025146
v 0.14771397 -0.42843939 -0.00021238
v 0.14510275 -0.42924444 -0.00015733
v -0.40595875 -0.02677187 -0.00025172
v -0.41971506 -0.07109398 -0.00024677
v -0.42089561 -0.07027238 -0.00025863
v -0.42015066 -0.06967799 -0.00025282
v -0.42040210 -0.07729426 -0.00023920
v -0.41679500 -0.13389818 -0.00022240
v 0.35547551 0.45087867 -0.00015426
v -0.40779977 0.00372670 -0.00020817
v -0.40860660 0.00543071 -0.00023569
v -0.42639566 -0.18223739 -0.00024207
v -0.42708337 -0.18021578 -0.00029662
v -0.42714187 -0.18222721 -0.00026380
v -0.42212481 -0.10530814 -0.00022425
v 0.46280672 0.36999389 -0.00023905
v 0.46281937 0.37185057 -0.00021422
v -0.41677807 -0.15214517 -0.00020951
v 0.22831925 -0.43491828 -0.00021287
v 0.23019446 -0.43602400 -0.00025070
v 0.23640331 -0.43921504 -0.00025971
v 0.23485939 -0.43656703 -0.00023916
v 0.23239294 -0.43708791 -0.00025315
v 0.14613843 -0.42842844 -0.00021286
v 0.42257512 -0.21889891 -0.00022451
v 0.42208192 -0.21702301 -0.00020951
v 0.17725145 -0.42653148 -0.00022393
v 0.40003480 -0.04019346 -0.00115658
v 0.25443135 -0.44051368 -0.00020715
v 0.25115577 -0.44074701 -0.00023015
v 0.30154379 -0.45455380 -0.00025279
v -0.02838264 -0.42196027 -0.00021801
v 0.42252136 -0.20980162 -0.00022604
v -0.46087988 0.42244857 -0.00022903
v -0.04451423 -0.42236268 -0.00021050
v -0.05731743 -0.41836797 -0.00118075
v -0.04214092 -0.42255706 -0.00022235
v 0.41425064 0.22017950 -0.00022240
v -0.04048338 0.42470429 -0.00025107
v -0.04051806 0.42403990 -0.00021871
v 0.49377774 -0.42913036 -0.00024833
v 0.49281402 -0.42671884 -0.00024898
v 0.47265599 -0.36766972 -0.00026938
v 0.46904788 -0.36404526 -0.00023366
v 0.46910735 -0.36556496 -0.00021021
v 0.38259405 -0.46948129 -0.00023984
v -0.23285050 -0.42006824 -0.00025119
v 0.40282791 -0.47335173 -0.00024914
v -0.41726267 -0.08973763 -0.00086008
v -0.42015785 -0.08714955 -0.00021712
v 0.41384237 -0.16438306 -0.00025113
v 0.41226914 -0.16215750 -0.00020636
v 0.41294453 -0.08321643 -0.00021775
v 0.42428395 -0.23244500 -0.00021226
v 0.41591188 -0.10369739 -0.00021307
v 0.41640770 -0.10511681 -0.00023584
v 0.41606167 -0.10740187 -0.00021091
v 0.41615693 -0.12361306 -0.00025620
v -0.46712058 0.47681681 -0.00022715
v 0.42222555 -0.20030378 -0.00024601
v 0.42052721 -0.19821105 -0.00020666
v 0.15164350 0.41662810 -0.00025234
v 0.46699102 -0.35815668 -0.00023775
v -0.35813737 0.45485752 -0.00022083
v -0.03896743 0.42402527 -0.00021914
v 0.34045331 -0.46515274 -0.00024459
v 0.33149625 -0.46503280 -0.00024093
v 0.32782497 -0.46311625 -0.00021145
v -0.40896595 0.45629775 -0.00024250
v -0.40728693 0.45466659 -0.00023765
v 0.34236716 -0.46502817 -0.00021971
v -0.43659674 -0.21235531 -0.00024445
v 0.45115860 -0.31199153 -0.00025916
v 0.44910976 -0.30686527 -0.00025805
v 0.44847533 -0.31139289 -0.00020849
v 0.44912411 -0.31334632 -0.00021254
v 0.45035448 -0.31418206 -0.00024300
v 0.44667664 -0.30498103 -0.00024108
v 0.44666908 -0.30703805 -0.00020518
v 0.44663961 -0.30359400 -0.00024921
v 0.49717357 -0.45510647 -0.00023658
v 0.47364238 0.40037790 -0.00023094
v 0.47530817 0.40200280 -0.00025207
v -0.24911599 0.43838664 -0.00021587
v -0.21448978 0.43195217 -0.00023966
v -0.20667918 0.42675391 -0.00133003
v -0.21650100 0.43220744 -0.00023708
v -0.42039090 -0.08337949 -0.00023345
v -0.14402545 0.42880338 -0.00025016
v -0.14609257 0.42889678 -0.00025149
v -0.12335548 0.42998066 -0.00021003
v -0.44839885 -0.28730155 -0.00023915
v -0.36336053 0.45505158 -0.00023961
v -0.36029434 0.45410522 -0.00025234
v -0.38599610 0.45449680 -0.00022106
v -0.38393048 0.45464165 -0.00022237
v -0.42027323 -0.11942891 -0.00023595
v -0.42031363 -0.11745621 -0.00022871
v -0.44403672 0.35403958 -0.00024914
v 0.07747415 -0.41323068 -0.00146640
v -0.23434708 0.43588402 -0.00022593
v 0.49739178 -0.44927566 -0.00021526
v -0.43026387 0.31587125 -0.00024952
v 0.32976296 0.44431459 -0.00018364
v -0.42384031 0.28240412 -0.00025112
v -0.42438160 0.25905894 -0.00022436
v -0.42504463 0.25824311 -0.00025182
v -0.42459226 0.24658658 -0.00025321
v -0.42415026 0.24852427 -0.00024590
v 0.48454554 0.42476696 -0.00025236
v -0.30342939 0.44424508 -0.00024862
v 0.22490097 -0.43472930 -0.00023632
v 0.22315944 -0.42999210 -0.00114766
v 0.22661837 -0.43476586 -0.00022607
v -0.33956489 0.44990305 -0.00024848
v -0.32351121 0.44691915 -0.00025239
v -0.32315969 0.44602215 -0.00022650
v -0.31746867 0.44614773 -0.00023815
v -0.22617966 0.43453322 -0.00023597
v -0.22419664 0.43408642 -0.00024094
v -0.47948718 0.46928677 -0.00022616
v -0.41957203 0.20185110 -0.00025238
v -0.41991617 0.19974103 -0.00025314
v 0.47956930 -0.38505370 -0.00025621
v 0.41421778 -0.16618923 -0.00025123
v -0.42659374 -0.18398024 -0.00024171
v -0.45693631 -0.48929206 -0.00102080
v -0.40783695 0.12544506 -0.00022664
v -0.40798538 0.12774517 -0.00024711
v -0.23491807 -0.42017083 -0.00022627
v -0.40450235 0.13833543 -0.00019413
v -0.41976474 0.30687632 -0.00105651
v -0.42441185 0.30735739 -0.00023902
v -0.42486908 0.30960626 -0.00021323
v -0.41048863 0.03624518 -0.00023904
v -0.41106220 0.06035958 -0.00025217
v 0.13749145 0.41478397 -0.00025145
v -0.11726261 0.43092498 -0.00025247
v -0.05014047 0.42506781 -0.00003689
v -0.03085144 0.42324035 -0.00025117
v -0.07486327 0.42682533 -0.00025165
v -0.07287186 0.42645661 -0.00023748
v -0.07219497 0.42697059 -0.00020274
v -0.18936120 -0.40690829 -0.00022130
v -0.18430918 -0.40663886 -0.00025017
v 0.11732540 -0.42670287 -0.00021596
v 0.11531096 -0.42665435 -0.00021226
v 0.46088862 0.36158716 -0.00025016
v 0.36566301 -0.46705063 -0.00022970
v 0.36391507 -0.46675397 -0.00021358
v 0.17995331 0.42201513 -0.00021874
v 0.18235728 0.42242776 -0.00022902
v 0.17140861 0.42247473 -0.00014419
v 0.04354388 0.41683491 -0.00018935
v 0.40168347 -0.02662833 -0.00024991
v 0.49492063 0.46116261 -0.00022223
v 0.44508011 -0.29523674 -0.00025863
v 0.46008573 0.35968662 -0.00025058
v 0.15580536 0.41681071 -0.00025101
v 0.16833180 0.42029980 -0.00024425
v 0.16477992 0.42054022 -0.00024400
v 0.16645158 0.41998009 -0.00024581
v 0.17257334 0.42193824 -0.00024937
v 0.17404328 0.42209443 -0.00025012
v 0.09499515 0.41401802 -0.00021603
v 0.42485305 -0.25399561 -0.00115468
v 0.43068671 -0.25955251 -0.00023120
v 0.43055797 -0.26116261 -0.00022034
v 0.42270933 0.47074788 -0.00020513
v 0.42037001 0.26278240 -0.00022253
v -0.44678532 0.47027189 -0.00023031
v 0.41253571 0.18861511 -0.00021782
v 0.35238374 0.11285947 -0.09027429
v 0.37435465 0.15262629 -0.05270859
v 0.49555691 -0.44489937 -0.00100455
v -0.45440783 0.40659707 -0.00079001
v -0.45030629 0.39749165 -0.00114455
v 0.39820679 0.07123840 -0.00021245
v 0.40022517 0.10136684 -0.00020742
v 0.46683174 0.48632220 -0.00024765
v 0.44501856 0.47900296 -0.00025097
v 0.44304570 0.47798766 -0.00025017
v 0.32576008 0.44200848 -0.00024542
v 0.32826170 0.44241773 -0.00023739
v 0.32337069 0.44163875 -0.00025217
v -0.34381521 0.45045830 -0.00022127
v 0.32975394 0.44266254 -0.00024086
v 0.40448614 0.46478872 -0.00021227
v -0.41465221 0.46050827 -0.00025090
v -0.41632239 0.46087446 -0.00024769
v 0.39849088 0.46428052 -0.00024661
v 0.39608799 0.46273669 -0.00023060
v 0.17792198 0.42209740 -0.00024082
v 0.38449696 0.45868516 -0.00021852
v 0.37807584 0.45844168 -0.00013001
v 0.38188488 0.45802433 -0.00023958
v 0.39401864 0.46232294 -0.00024605
v 0.39132056 0.46305770 -0.00025767
v 0.47882087 0.41027558 -0.00024805
v -0.27329530 0.44088548 -0.00022313
v -0.43513852 0.46634991 -0.00023932
v -0.29522898 -0.44703568 -0.00025322
v 0.43652323 0.47510173 -0.00024264
v 0.43473402 0.47660381 -0.00025575
v 0.43509555 0.47452840 -0.00023916
v 0.44243804 0.47282514 -0.00115049
v -0.42016130 0.27511019 -0.00160317
v 0.46883337 0.38465950 -0.00024360
v 0.42845136 0.28896284 -0.00023930
v 0.45822487 -0.33591448 -0.00021362
v 0.45878355 -0.33406295 -0.00024164
v -0.31151075 0.44446308 -0.00021311
v 0.48507422 -0.41072135 -0.00021712
v 0.48508262 -0.40882801 -0.00023994
v -0.31519489 -0.45341253 -0.00021305
v -0.31590840 -0.45528272 -0.00025047
v 0.30917761 0.43856449 -0.00007129
v 0.29740939 0.43695598 -0.00031201
v 0.41452285 0.46697855 -0.00020808
v 0.41459381 0.46855989 -0.00024453
v 0.28733350 0.43408198 -0.00025255
v 0.29721432 0.43620581 -0.00024354
v 0.32179137 0.44053683 -0.00022525
v 0.31673715 0.44082171 -0.00019954
v 0.45679927 0.35516344 -0.00022829
v 0.21032893 0.42224128 -0.00024144
v 0.16566242 -0.42399746 -0.00139423
v 0.27703207 0.43242511 -0.00024696
v -0.37445185 -0.47496214 -0.00020696
v -0.37225023 -0.47509272 -0.00022083
v -0.45911939 -0.34770561 -0.00024425
v -0.45744764 -0.34632614 -0.00021587
v 0.39641342 0.03933992 -0.00109956
v -0.45689922 -0.34204997 -0.00021988
v -0.45710609 -0.34455136 -0.00022077
v 0.41679005 -0.16960265 -0.00025629
v -0.41728391 0.46280380 -0.00025841
v -0.42007661 0.46238984 -0.00025062
v -0.41872846 0.46051052 -0.00020836
v -0.43082773 0.46470256 -0.00023068
v -0.42894711 0.46458065 -0.00024431
v 0.24766714 0.42526507 -0.00101501
v -0.42029191 -0.12124515 -0.00024309
v -0.41979484 -0.12325813 -0.00025134
v -0.44299033 0.46873095 -0.00023570
v 0.10093892 -0.42474273 -0.00024964
v 0.00185120 -0.41877015 -0.00024651
v 0.00384285 -0.41859251 -0.00025333
v 0.40846781 -0.13729367 -0.00024226
v -0.13894154 -0.40862037 -0.00021032
v 0.41005346 -0.15408085 -0.00024086
v 0.40861853 -0.15221552 -0.00022599
v -0.11893747 -0.41035427 -0.00023650
v 0.46908390 0.48653936 -0.00023546
v 0.15575645 -0.42936994 -0.00025121
v -0.08278469 -0.41832192 -0.00023227
v -0.29763549 -0.44663898 -0.00022602
v -0.34488185 0.44665311 -0.00120551
v -0.44420392 -0.24978747 -0.00025180
v 0.42783568 -0.26460519 -0.00152474
v -0.40809374 -0.04564909 -0.00170672
v -0.42843971 0.31325735 -0.00024352
v 0.46532893 -0.34758520 -0.00025678
v 0.46261905 -0.34838524 -0.00020505
v 0.46443047 -0.34845743 -0.00025278
v -0.30768631 -0.45078719 -0.00022496
v -0.30558790 -0.45083532 -0.00024282
v -0.30912973 -0.45138189 -0.00021844
v -0.22425777 -0.41434357 -0.00020990
v -0.22289477 -0.41487256 -0.00023445
v -0.01806065 0.41619593 -0.00120568
v 0.09305762 0.41385419 -0.00022300
v -0.27710230 -0.43876659 -0.00023739
v 0.42898405 0.29127833 -0.00023891
v -0.26273794 -0.43528799 -0.00025522
v -0.42502997 -0.17201518 -0.00001327
v -0.42457354 -0.17235395 -0.00024990
v -0.13614835 0.43074503 -0.00017357
v 0.45648958 -0.33036899 -0.00020579
v 0.45964476 -0.33231532 -0.00025706
v 0.21849150 -0.43253761 -0.00024076
v 0.20024586 -0.42668011 -0.00023939
v 0.24277529 -0.43882104 -0.00023122
v 0.22268668 -0.43482641 -0.00025195
v -0.40799737 0.12913142 -0.00025045
v 0.14143756 -0.42915929 -0.00025089
v 0.08933963 -0.42102849 -0.00024438
v -0.37411721 0.45462788 -0.00023685
v -0.37621519 0.45382194 -0.00021306
v 0.16664418 -0.42828188 -0.00025128
v 0.16774635 -0.42701804 -0.00022594
v 0.32194240 -0.46080176 -0.00024213
v 0.27925138 -0.44625617 -0.00025075
v 0.42620776 -0.23673474 -0.00024861
v 0.41220419 -0.16026910 -0.00023144
v -0.42217661 -0.10333713 -0.00023493
v 0.41028686 -0.13354197 -0.00024752
v 0.41469123 -0.12932709 -0.00025683
v 0.41037133 -0.13158592 -0.00021451
v -0.43462767 0.33132116 -0.00021078
v -0.43666363 0.32744368 -0.00025625
v 0.40899587 -0.47338196 -0.00023116
v -0.31007248 0.44434798 -0.00020969
v -0.41200264 0.10495863 -0.00021925
v 0.47696594 -0.37829327 -0.00025643
v 0.47505880 -0.38043089 -0.00021239
v -0.26658780 0.44119421 -0.00025188
v -0.22077900 -0.41450903 -0.00024185
v 0.38636144 -0.46915370 -0.00021016
v 0.37818483 -0.46936111 -0.00024541
v 0.38037853 -0.46916357 -0.00021817
v 0.37631880 -0.46861352 -0.00024577
v -0.47700039 -0.39659969 -0.00021064
v -0.42482310 -0.17992946 -0.00020753
v -0.42636037 -0.18066039 -0.00024683
v 0.41584277 -0.11986904 -0.00025278
v 0.41466585 -0.11795912 -0.00022099
v 0.41585549 -0.11727660 -0.00024345
v 0.40192227 0.01654941 -0.00020979
v 0.40193546 0.01812754 -0.00021233
v 0.43454250 -0.27524887 -0.00020656
v 0.43303969 -0.27277486 -0.00022193
v 0.09063290 -0.41646985 -0.00143116
v 0.44123227 -0.28395408 -0.00026458
v 0.09541484 -0.42257380 -0.00023988
v 0.43009100 -0.25767638 -0.00023502
v 0.42869379 -0.25272999 -0.00024053
v 0.36090715 -0.46727933 -0.00023842
v 0.36288201 -0.46735284 -0.00023267
v -0.41054565 0.10897224 -0.00022102
v -0.41207380 0.10696331 -0.00023868
v 0.19819733 -0.42597912 -0.00024219
v 0.46293168 -0.34381658 -0.00025078
v 0.46144946 -0.33659658 -0.00025789
v 0.46227087 -0.34231261 -0.00025078
v 0.40625136 -0.04698513 -0.00025246
v 0.42790209 -0.25105340 -0.00024098
v 0.08499470 0.41489348 -0.00025306
v 0.11115258 0.41370816 -0.00024953
v 0.10917933 0.40867351 -0.00166927
v 0.10922989 0.41378303 -0.00024703
v 0.45029099 0.33745810 -0.00020522
v -0.13711345 0.42852878 -0.00022251
v -0.13888018 0.42908466 -0.00025103
v -0.44681058 -0.27313091 -0.00023807
v -0.36597248 0.45415156 -0.00022202
v -0.36837732 0.45411993 -0.00022125
v -0.46259287 0.42455418 -0.00024580
v 0.44947862 0.36339064 -0.01644188
v -0.45900292 0.40828865 -0.00024799
v -0.45717675 0.40231590 -0.00024642
v -0.30347639 -0.44897445 -0.00022901
v -0.43628304 0.33371728 -0.00023190
v -0.43720090 0.33541181 -0.00023513
v -0.43064715 0.32130812 -0.00020782
v -0.42615753 0.31100844 -0.00022543
v -0.42218021 0.29245656 -0.00020906
v -0.42860150 0.31475393 -0.00023683
v -0.42496350 0.26077028 -0.00025167
v -0.42368118 0.25055689 -0.00021000
v 0.30194759 0.43610574 -0.00021478
v -0.42288464 0.29096669 -0.00025062
v 0.04845270 0.41569624 -0.00024853
v 0.04613397 0.41572059 -0.00024062
v -0.44673353 0.36935521 -0.00022289
v -0.33112681 0.44806069 -0.00025100
v -0.33002728 0.44862595 -0.00027063
v -0.32931612 0.44791581 -0.00025228
v 0.39509497 -0.01035169 -0.00111914
v 0.22791484 0.42659923 -0.00026572
v 0.22903799 0.42564667 -0.00024176
v 0.49913625 0.48102721 -0.00024906
v -0.40623875 0.13166540 -0.00024156
v -0.40603603 0.13317696 -0.00024814
v -0.40655049 0.13403589 -0.00023397
v -0.40779505 0.13041301 -0.00025186
v -0.40556195 0.13480114 -0.00025060
v -0.19716510 0.43014158 -0.00023997
v -0.19872716 0.43100569 -0.00025233
v -0.02429599 0.42095269 -0.00023319
v -0.02570284 0.42200768 -0.00025085
v -0.03630811 0.42487994 -0.00024981
v -0.05225951 0.42454944 -0.00023277
v -0.05080364 0.42389240 -0.00021027
v -0.05640296 0.42620139 -0.00024712
v -0.05498366 0.42570393 -0.00024644
v -0.05843958 0.42702619 -0.00024488
v -0.07896134 0.42622732 -0.00020815
v -0.40780535 -0.17333147 -0.02116395
v -0.08907063 0.42799379 -0.00022915
v 0.39727848 0.45905499 -0.00111007
v 0.18556035 0.42468807 -0.00028036
v 0.18440110 0.42356266 -0.00025241
v 0.18383254 0.42200583 -0.00020568
v -0.39025369 0.45422803 -0.00025203
v -0.42398233 0.46442119 -0.00024342
v -0.42495672 0.46233320 -0.00021299
v -0.42268837 0.46250703 -0.00023954
v 0.08134100 0.41466107 -0.00025148
v 0.07669660 0.41399564 -0.00024033
v 0.12344766 0.41380700 -0.00023635
v 0.12118389 0.41344148 -0.00024517
v 0.11287822 0.41243666 -0.00021405
v 0.16420774 0.41959924 -0.00025222
v 0.08668417 -0.41898142 -0.00021652
v -0.40426440 -0.02444766 -0.00022288
v -0.44296299 -0.48746035 -0.00021140
v 0.46876025 0.38215772 -0.00024920
v 0.02411889 -0.41472408 -0.00021282
v 0.48563398 0.42414193 -0.00025987
v -0.05398893 0.42433912 -0.00021189
v 0.37403316 0.45646883 -0.00024716
v 0.37216149 0.45565028 -0.00024762
v 0.38664052 0.46005086 -0.00024941
v 0.36441945 0.45464083 -0.00026292
v 0.37033943 0.45469250 -0.00024076
v 0.37181007 0.45419849 -0.00020763
v 0.43868083 0.47489953 -0.00021248
v 0.44086481 0.47666073 -0.00023361
v 0.44663738 0.32422925 -0.00024778
v 0.46650423 0.37827690 -0.00024733
v 0.46711590 0.38023670 -0.00023253
v 0.46533148 0.37756917 -0.00023657
v 0.26482373 0.43086639 -0.00025092
v 0.31144613 0.43814890 -0.00024765
v -0.28161604 -0.44107383 -0.00023923
v 0.08753940 -0.42025306 -0.00024209
v 0.10980053 -0.42662527 -0.00024797
v 0.10319903 -0.42488042 -0.00024080
v 0.04966186 -0.41502798 -0.00021173
v -0.29939228 -0.44693209 -0.00022936
v 0.41593780 -0.10134132 -0.00022109
v 0.10298973 -0.42021750 -0.00205346
v 0.00636514 -0.41807918 -0.00025187
v -0.05693218 -0.42214724 -0.00023959
v 0.40857664 0.17586999 -0.00130340
v -0.44067274 -0.23875704 -0.00022800
v -0.44844350 -0.29339092 -0.00020484
v -0.44936340 -0.29546668 -0.00025038
v -0.44734692 -0.27355207 -0.00021345
v 0.06577855 -0.41714216 -0.00026753
v -0.06648611 0.42623207 -0.00023188
v -0.45086995 0.38599670 -0.00023140
v -0.42018646 -0.08864919 -0.00021312
v -0.42081752 -0.08710616 -0.00025116
v -0.42096323 -0.08956258 -0.00025169
v -0.42094645 -0.08465846 -0.00025226
v -0.40408542 0.13710676 -0.00025228
v -0.40367488 0.13514789 -0.00021805
v -0.42417218 -0.17615629 -0.00020474
v -0.42555655 -0.17841308 -0.00025116
v 0.42041667 -0.19232339 -0.00022567
v -0.42287574 -0.27015623 -0.03503969
v -0.42403689 -0.17380091 -0.00023840
v 0.24114058 -0.43929943 -0.00024526
v 0.23924462 -0.43841269 -0.00024285
v 0.14357842 -0.42834467 -0.00021182
v -0.41866622 0.29206076 -0.00142689
v 0.41002947 -0.13548919 -0.00025148
v 0.40660131 -0.14339151 -0.00021156
v 0.42231402 -0.21501898 -0.00021629
v 0.42247238 -0.20265506 -0.00024267
v 0.44620504 -0.30194202 -0.00024740
v 0.44711152 -0.30097414 -0.00025493
v 0.44462919 -0.30023866 -0.00022021
v 0.47089232 -0.36684539 -0.00024789
v 0.47277539 -0.37053410 -0.00024479
v 0.39472280 -0.47085188 -0.00020748
v 0.49670675 -0.43522597 -0.00025108
v -0.47934361 -0.48340147 -0.00022336
v 0.40186411 0.01395122 -0.00020746
v 0.37620279 0.45651194 -0.00023066
v 0.40046953 0.00361593 -0.00023027
v 0.19648032 0.42489145 -0.00030077
v 0.19818183 0.42398935 -0.00025234
v 0.43629136 -0.27775828 -0.00024564
v 0.43916369 -0.27966195 -0.00025631
v 0.43626344 -0.27588908 -0.00025256
v 0.42612052 -0.24670773 -0.00020729
v 0.45098366 -0.31953611 -0.00023121
v 0.46105716 -0.34175879 -0.00024070
v 0.45913312 -0.33758220 -0.00022753
v 0.46284590 -0.34615752 -0.00024045
v 0.40435516 -0.03378056 -0.00025791
v 0.40259758 -0.03490483 -0.00021396
v 0.40360619 -0.03573715 -0.00025180
v 0.40704723 0.16190059 -0.00112963
v 0.40000703 -0.00203253 -0.00024557
v -0.27267555 0.44198595 -0.00025254
v 0.17592158 0.42197964 -0.00023613
v -0.20033806 0.43119377 -0.00025414
v -0.20023190 0.43059512 -0.00023215
v -0.16957509 0.42842278 -0.00021513
v -0.14152881 0.42801482 -0.00021418
v -0.14152102 0.42866442 -0.00024899
v -0.35155370 0.45248963 -0.00025112
v -0.38612003 0.45536510 -0.00025741
v 0.47720444 0.48715908 -0.00020622
v -0.45827802 0.40660702 -0.00024615
v -0.44022493 0.46536186 0.00000133
v -0.44639420 0.36374258 -0.00024690
v 0.42641131 0.28516627 -0.00024810
v -0.43856457 0.33752395 -0.00024359
v -0.42435767 0.25220722 -0.00021753
v -0.42506586 0.25294179 -0.00025102
v -0.46448320 0.43248392 -0.00021288
v -0.45798112 0.42562141 -0.00113455
v 0.40026373 0.00194501 -0.00023499
v -0.44834412 0.37056064 -0.00024860
v -0.30205299 0.44405221 -0.00025029
v -0.32612034 0.44727191 -0.00025183
v -0.40224053 0.13916589 -0.00022698
v -0.03644992 0.42393078 -0.00023358
v -0.09938424 0.42779370 -0.00020575
v 0.19383423 0.42421387 -0.00023819
v 0.19180560 0.42373806 -0.00023113
v 0.04048894 0.41579318 -0.00022535
v -0.41836716 0.19803095 -0.00021337
v -0.41977957 0.19646445 -0.00025304
v 0.11932495 0.41241299 -0.00021015
v 0.11922549 0.41318710 -0.00025259
v 0.11720330 0.41282948 -0.00024976
v 0.41231565 0.19008220 -0.00020486
v 0.39949910 0.08519738 -0.00023954
v 0.48973066 -0.41486546 -0.00025574
v 0.48719572 -0.41485821 -0.00023929
v 0.34588194 0.44704033 -0.00024210
v 0.41779365 0.47078577 -0.00009858
v 0.36821477 0.45448434 -0.00024530
v 0.43184218 -0.26127770 -0.00024927
v 0.36215333 0.45230832 -0.00024845
v 0.06872659 0.41399062 -0.00021346
v 0.06669433 0.41478270 -0.00024979
v 0.04285233 0.41577735 -0.00023324
v 0.48067456 -0.39494886 -0.00022504
v 0.06587740 0.41433871 -0.00022757
v 0.17933948 0.41903689 -0.00095165
v 0.29937940 0.43604291 -0.00020979
v 0.31940168 0.44013296 -0.00023163
v 0.31765674 0.43881015 -0.00022096
v 0.39820926 0.08072240 -0.00022702
v 0.24606352 0.43062149 -0.00025775
v 0.24875443 0.43003530 -0.00024555
v 0.28375177 0.43322689 -0.00025212
v 0.41148623 -0.13506954 -0.00025704
v 0.08135369 -0.41883842 -0.00023405
v 0.01205656 -0.41597018 -0.00021227
v -0.04706718 -0.42236037 -0.00023050
v -0.05848088 -0.42258058 -0.00024814
v -0.06114067 -0.42320599 -0.00025898
v -0.44849109 -0.28480341 -0.00024811
v -0.44660734 -0.26739035 -0.00024382
v -0.44626539 -0.27486150 -0.00022013
v -0.44741929 -0.27883785 -0.00025158
v 0.04447481 0.41638180 -0.00024866
v -0.28782733 -0.44290098 -0.00022625
v 0.41655572 0.46878480 -0.00023650
v 0.29711898 -0.45307105 -0.00025081
v 0.28666837 -0.44901888 -0.00024311
v 0.29151418 -0.45049708 -0.00024291
v 0.24321094 -0.43509253 -0.00097495
v 0.47671402 -0.38268784 -0.00025221
v 0.47508387 -0.38233124 -0.00021690
v 0.48292742 -0.40411457 -0.00021834
v -0.04494329 -0.38786986 -0.05702935
v 0.41501928 -0.09714101 -0.00022692
v 0.41612978 -0.09864683 -0.00025167
v 0.41282396 -0.12579095 -0.00021254
v 0.41406583 -0.12495172 -0.00023380
v 0.40018382 0.00046195 -0.00023704
v 0.43712950 -0.27933899 -0.00024476
v 0.37847200 0.45695779 -0.00023459
v 0.36758288 -0.46712090 -0.00022108
v 0.45742182 -0.33210567 -0.00020656
v 0.40245365 -0.03310891 -0.00021018
v -0.26342524 0.44107629 -0.00025179
v -0.22941477 0.43707911 -0.00025438
v 0.36584975 0.45254001 -0.00023587
v -0.44635658 -0.27724479 -0.00020764
v -0.20217289 0.43087087 -0.00024951
v 0.18999773 0.42391792 -0.00024301
v -0.02836459 0.42192030 -0.00020783
v -0.43462015 0.32746131 -0.00024539
v -0.46507596 0.47497767 -0.00024286
v 0.07472293 0.41459746 -0.00024955
v 0.07308105 0.41414310 -0.00021488
v 0.07232251 0.41475188 -0.00025093
v -0.41429161 0.19534712 -0.00163164
v 0.42465235 0.47249445 -0.00024884
v 0.42385030 0.47319773 -0.00009875
v 0.43304424 0.29694467 -0.00023894
v 0.26512763 -0.43909240 -0.00142246
v -0.38305291 -0.47745049 -0.00023485
v -0.46057146 -0.34993216 -0.00024614
v 0.07886831 -0.41832154 -0.00024050
v 0.07725366 -0.41703409 -0.00022426
v -0.43631696 0.33143768 -0.00025184
v -0.41300905 0.46000693 -0.00025261
v 0.00400336 -0.41726303 -0.00020940
v -0.06126288 -0.42224613 -0.00024744
v -0.42109193 -0.11151606 -0.00020613
v -0.41070960 -0.03700350 -0.00024627
v -0.41016896 -0.03485724 -0.00024899
v 0.48748134 -0.40956881 -0.00025861
v 0.48696964 -0.41270455 -0.00024712
v 0.48320495 -0.40597366 -0.00020811
v 0.43288959 -0.26339488 -0.00025008
v 0.45274070 -0.32397079 -0.00021449
v 0.45091308 -0.31557557 -0.00024323
v 0.45334196 -0.31897334 -0.00025941
v -0.23453920 0.43693331 -0.00025236
v 0.42934450 0.29949168 -0.00137299
v -0.26494241 0.44061248 -0.00022658
v -0.26494635 0.44133401 -0.00025380
v -0.22827210 0.43581826 -0.00024968
v -0.36205951 0.45319184 -0.00021943
v -0.36364725 0.45413145 -0.00024459
v -0.13542753 0.42848026 -0.00022792
v -0.32766366 0.44690639 -0.00022178
v -0.49377815 -0.45079845 -0.00110953
v 0.19623102 0.42394193 -0.00023442
v 0.11465810 0.41349320 -0.00025296
v 0.11144927 0.41458559 -0.00022674
v -0.37622666 -0.47580344 -0.00022277
v -0.43797868 -0.21493730 -0.00025169
v -0.42809588 -0.18830817 -0.00024420
v -0.43008354 -0.19162934 -0.00013056
v -0.42806560 -0.19008588 -0.00021856
v 0.42514863 -0.23478787 -0.00021843
v 0.44074679 -0.29077491 -0.00021526
v -0.40830818 0.00186275 -0.00021727
v -0.38801500 0.45403674 -0.00023595
v -0.39881161 0.15336291 -0.00116455
v -0.41611654 0.17386651 -0.00024600
v -0.41474258 0.17205524 -0.00024552
v 0.46700745 0.38197695 -0.00021547
v 0.36860175 -0.46343543 -0.00144798
v -0.42899865 -0.19241873 -0.00022497
v 0.29944635 -0.45298852 -0.00022931
v 0.28924967 -0.44890982 -0.00020859
v -0.28916039 0.44291980 -0.00025007
v 0.45081990 -0.31771512 -0.00022153
v 0.48523882 -0.40718621 -0.00024617
v 0.07062536 0.41483596 -0.00025141
v 0.36048939 0.45186682 -0.00025001
v 0.25831799 0.43087619 -0.00025122
v 0.40021599 0.03598420 -0.00023122
v 0.22043467 -0.43269396 -0.00023272
v 0.44629722 0.43937151 -0.04196773
v 0.35853342 0.45033022 -0.00022960
v 0.35599439 0.45013931 -0.00024519
v 0.35417387 0.44891605 -0.00023526
v 0.44439370 -0.29757776 -0.00024328
v 0.20505480 -0.08398829 -0.17071693
v 0.11627383 -0.13552822 -0.19251920
v 0.12474170 -0.05060215 -0.22294870
v 0.01644369 -0.00487524 -0.23998593
v 0.08313850 0.17052431 -0.17667232
v 0.13265309 0.05880694 -0.19555328
v 0.37678207 0.27842805 -0.07059855
v 0.36204171 0.19942082 -0.08431738
v 0.30204007 0.19492986 -0.12127948
v -0.41430374 -0.34120303 -0.05596095
v -0.37766712 -0.38265481 -0.07170298
v -0.33191273 -0.18828578 -0.09907459
v 0.04840495 -0.10803137 -0.20391306
v 0.11765357 -0.27056857 -0.14601761
v 0.34504943 -0.01913117 -0.10618088
v 0.27268370 0.03676521 -0.15386179
v 0.35429227 0.03905369 -0.08285193
v 0.19727211 -0.15358385 -0.16325553
v 0.29238618 -0.11385509 -0.14073511
v 0.32174602 -0.18763485 -0.10323008
v 0.30022927 -0.24448193 -0.12148217
v 0.01176372 0.23937986 -0.16805594
v 0.02469802 0.15447140 -0.19703596
v -0.34849018 0.17559398 -0.08499117
v 0.37504346 0.37218714 -0.07091041
v -0.25515794 -0.22839412 -0.12895076
v -0.27640603 -0.36646171 -0.07584121
v -0.36319845 -0.43817858 -0.04548682
v -0.36954866 -0.06911663 -0.07132973
v -0.22066098 0.14867460 -0.15543104
v -0.24476790 0.03043430 -0.15572319
v -0.30869434 0.08066627 -0.12429918
v 0.42158788 -0.42635637 -0.05749868
v 0.35305573 -0.42109142 -0.06238214
v 0.25743789 -0.04304848 -0.16515577
v 0.24646894 0.23341551 -0.13393780
v 0.28163953 0.32159226 -0.10148349
v 0.35723594 -0.10868209 -0.08632322
v 0.29515129 -0.08238363 -0.11939580
v 0.28275736 0.07440521 -0.13209548
v 0.39480564 0.05504626 -0.00130084
v 0.13464366 0.30670215 -0.12420944
v 0.16033537 0.14600920 -0.17560585
v 0.22282382 0.17393399 -0.15556602
v -0.04899831 0.20664999 -0.17660697
v -0.36730403 0.25666655 -0.07462195
v -0.41048757 0.34172068 -0.04106691
v -0.27946988 0.32483251 -0.09690683
v 0.10110060 0.37807607 -0.06451775
v 0.01609867 0.31668884 -0.12675806
v 0.27227590 0.39143775 -0.06313065
v 0.19283828 0.30575587 -0.11568143
v 0.00712171 -0.36751305 -0.08633193
v -0.14235060 -0.36252539 -0.07967464
v -0.18067471 -0.23209393 -0.13857887
v -0.12676389 -0.29850960 -0.13217859
v -0.08322751 -0.34316122 -0.11220651
v -0.04388751 -0.16782545 -0.19293068
v -0.07205844 -0.28091358 -0.15131092
v -0.04073426 -0.26985369 -0.13176294
v -0.00646614 -0.27879493 -0.15037039
v -0.15588793 -0.09992776 -0.19619323
v -0.14497617 -0.20899739 -0.16932944
v -0.18804965 -0.12081113 -0.16629907
v -0.36379776 -0.12131445 -0.08342264
v 0.13605490 -0.36347931 -0.09061636
v 0.09043270 -0.37379100 -0.08577779
v 0.38651247 -0.24343970 -0.07088602
v -0.23769233 0.27220512 -0.12654130
v -0.31889398 0.02457386 -0.11413032
v -0.33648278 0.09734561 -0.06854429
v 0.07865912 0.30013406 -0.12558068
v -0.18525168 0.03103414 -0.18736178
v -0.27908241 0.00012305 -0.14325585
v 0.16568556 -0.38884190 -0.06007484
v 0.23845693 -0.40946883 -0.05388184
v 0.20720028 -0.34388313 -0.10351184
v 0.21363289 -0.27155782 -0.13754425
v -0.12263443 0.20762792 -0.16808814
v -0.12941380 0.08456607 -0.19704943
v -0.27087411 0.22643791 -0.12396630
v -0.19470521 0.33155777 -0.10208963
v -0.12123553 0.38195951 -0.08253852
v -0.12899018 0.29026851 -0.13634218
v -0.16988016 0.20589151 -0.15350766
v -0.02591924 0.38703406 -0.06466362
v 0.39466533 0.07046181 -0.00156632
v 0.26452684 0.42633936 -0.00136011
v -0.27581759 -0.10490069 -0.13948591
v -0.32279423 -0.09003744 -0.08909262
v 0.29479369 -0.33948516 -0.10141240
v 0.40783585 -0.30880071 -0.05810700
v -0.18985598 0.39456825 -0.05984819
v -0.08797594 0.32889822 -0.11588569
v -0.06005570 0.35713141 -0.09337104
v 0.41928673 0.27860043 -0.00098301
v -0.12849401 -0.40520949 -0.00120939
v 0.11120044 -0.42191083 -0.00146384
v -0.27139649 0.43737238 -0.00103960
v 0.44286744 0.47687058 -0.00022960
v -0.41901840 0.19401038 -0.00025079
v 0.48555577 0.43091747 -0.00023917
v -0.47516160 0.45880743 -0.00023982
v -0.30293336 -0.44506938 -0.00096172
v -0.39038487 0.45269163 -0.00020991
v 0.30135149 -0.45313955 -0.00022446
v 0.26899892 -0.44283102 -0.00020517
v -0.39879035 -0.47883921 -0.00023390
v 0.40011695 0.03771752 -0.00022027
v -0.33158109 -0.46107003 -0.00024351
v -0.10707569 -0.41255275 -0.00021293
v -0.23241547 -0.41865723 -0.00024339
v 0.06870931 0.41463793 -0.00024870
v 0.48358306 -0.40261901 -0.00023704
v 0.48275464 -0.40095338 -0.00022554
v -0.42028910 0.24954057 -0.00103256
v -0.41817963 0.19393888 -0.00021169
v -0.35814609 -0.47110380 -0.00023599
v 0.47306619 0.39804919 -0.00021218
v 0.42634159 0.47222038 -0.00023032
v -0.40873245 0.45479503 -0.00021890
v 0.41188439 0.46906975 -0.00023426
v -0.47253655 0.44310416 -0.00025078
v -0.34021035 -0.46537890 -0.00024243
v -0.03457556 0.42394945 -0.00025155
v 0.46480334 -0.35226247 -0.00022095
v 0.46482177 -0.35027850 -0.00025205
v -0.43864016 0.33947487 -0.00023411
v 0.43254943 -0.26527379 -0.00023059
v 0.09725040 -0.42258621 -0.00021638
v 0.40188887 0.00985486 -0.00021520
v -0.34184101 0.45022421 -0.00023124
v -0.19212916 0.43078375 -0.00025048
v -0.49586169 -0.44112342 -0.00025123
v -0.25923327 -0.43044858 -0.00020661
v -0.47514553 0.45626346 -0.00023627
v -0.46314318 0.42698958 -0.00023681
v 0.49720558 -0.45124829 -0.00021519
v 0.39065929 0.46031617 -0.00022718
v 0.49714634 -0.45314279 -0.00023000
v -0.36206588 -0.47135711 -0.00022135
v -0.36011006 -0.47127072 -0.00023855
v -0.29517961 -0.44777779 -0.00025635
v -0.44286090 -0.25289521 -0.00021525
v 0.40191579 0.01191477 -0.00022300
v -0.42063136 0.19826433 -0.00026021
vt 0.81221199 0.31234097
vt 0.79737401 0.25678802
vt 0.69291902 0.34679997
vt 0.91166002 0.07345802
vt 0.94137800 0.02828801
vt 0.91646099 0.02963799
vt 0.80531597 0.04828602
vt 0.78526598 0.05746001
vt 0.84484100 0.08309603
vt 0.93988597 0.85269803
vt 0.92963499 0.80487502
vt 0.92397898 0.79226100
vt 0.69664502 0.40976501
vt 0.53698897 0.46188301
vt 0.61793000 0.36353099
vt 0.64333498 0.19009298
vt 0.59605497 0.22363901
vt 0.49015400 0.56278998
vt 0.63029999 0.55278999
vt 0.57552701 0.66582298
vt 0.70813000 0.46338999
vt 0.86478603 0.77104902
vt 0.76326799 0.71732301
vt 0.85981500 0.70799798
vt 0.08589700 0.15937102
vt 0.12265300 0.12118101
vt 0.07373000 0.23412299
vt 0.05898700 0.21762198
vt 0.31400001 0.09200001
vt 0.31200001 0.09200001
vt 0.29034400 0.08846903
vt 0.03200000 0.93400002
vt 0.02867500 0.93277198
vt 0.03200000 0.93199998
vt 0.53684801 0.38884997
vt 0.81661701 0.30555999
vt 0.76876003 0.37083399
vt 0.79737401 0.25678802
vt 0.84262300 0.47487104
vt 0.84876698 0.53554201
vt 0.76547903 0.52761197
vt 0.69291902 0.34679800
vt 0.90760797 0.28860402
vt 0.51431900 0.73342800
vt 0.51990098 0.65298802
vt 0.22857501 0.93599999
vt 0.23000000 0.93400002
vt 0.23199999 0.93400002
vt 0.21776600 0.88080400
vt 0.10854800 0.90122902
vt 0.19229800 0.78169799
vt 0.90126801 0.67105597
vt 0.90421301 0.72137499
vt 0.95399803 0.84599602
vt 0.94837499 0.83586103
vt 0.94767600 0.82963401
vt 0.94306099 0.85619801
vt 0.81295198 0.80840200
vt 0.92159301 0.92165399
vt 0.06381100 0.25428796
vt 0.08047100 0.30026799
vt 0.06974300 0.28111899
vt 0.04559100 0.13959301
vt 0.05475900 0.17789000
vt 0.05173200 0.16472298
vt 0.16984600 0.30885398
vt 0.24031900 0.24715197
vt 0.22648500 0.13591397
vt 0.18790799 0.05168599
vt 0.11891000 0.04381400
vt 0.17685300 0.04693401
vt 0.13316099 0.43178904
vt 0.13487600 0.50500399
vt 0.10128900 0.47249103
vt 0.09680400 0.45446098
vt 0.09200000 0.50599998
vt 0.09000000 0.50685000
vt 0.09200000 0.50400001
vt 0.28347400 0.64059800
vt 0.19148301 0.57745898
vt 0.25030401 0.53462797
vt 0.01800000 0.01999998
vt 0.01085500 0.02574199
vt 0.01800000 0.01608199
vt 0.75000000 0.05799997
vt 0.75142998 0.05616701
vt 0.75199997 0.05799997
vt 0.91166103 0.07345301
vt 0.85042000 0.08278799
vt 0.89554101 0.03310698
vt 0.82530099 0.67961001
vt 0.84772199 0.38518298
vt 0.78103000 0.41676599
vt 0.90399998 0.63262802
vt 0.90399998 0.62800002
vt 0.90600002 0.63800001
vt 0.88934797 0.65444797
vt 0.77653199 0.56884098
vt 0.89134997 0.52685302
vt 0.88955802 0.55017900
vt 0.88896698 0.49823797
vt 0.63148600 0.79538399
vt 0.64181101 0.64814597
vt 0.71835101 0.66536301
vt 0.36925200 0.56525898
vt 0.44760299 0.69977200
vt 0.08264500 0.79631501
vt 0.12787101 0.74780798
vt 0.06371000 0.86383897
vt 0.19909801 0.93066001
vt 0.17705300 0.93405497
vt 0.59790802 0.86966598
vt 0.61390901 0.90164101
vt 0.58521402 0.90249801
vt 0.53615201 0.90363801
vt 0.51121998 0.81609797
vt 0.77006102 0.85370600
vt 0.90327001 0.69593698
vt 0.94532502 0.96713501
vt 0.97791803 0.96748501
vt 0.91518903 0.77778500
vt 0.75366199 0.91094500
vt 0.73115999 0.91485399
vt 0.67057699 0.87339002
vt 0.68996602 0.79697597
vt 0.02245500 0.03341001
vt 0.01696100 0.07403499
vt 0.50608200 0.08706099
vt 0.45237300 0.11644298
vt 0.47847900 0.08311403
vt 0.50511003 0.13353801
vt 0.40399599 0.08879399
vt 0.41983601 0.08590698
vt 0.05663700 0.19611299
vt 0.34397501 0.13345098
vt 0.35310200 0.09739697
vt 0.39094600 0.15775698
vt 0.45584401 0.32261801
vt 0.42955300 0.19962800
vt 0.45590901 0.22984302
vt 0.49283701 0.21797299
vt 0.34232700 0.39514303
vt 0.31249100 0.37417102
vt 0.35578299 0.28963196
vt 0.34688300 0.20472097
vt 0.29577699 0.30075300
vt 0.08996600 0.43838799
vt 0.08728800 0.43042499
vt 0.09064900 0.32687700
vt 0.14139000 0.37353098
vt 0.08811300 0.36788601
vt 0.15871000 0.67151701
vt 0.10103200 0.61616302
vt 0.68256003 0.11978501
vt 0.63481802 0.11240298
vt 0.58714002 0.12927103
vt 0.87289500 0.03698701
vt 0.84323603 0.60985303
vt 0.89610100 0.44671601
vt 0.89658701 0.39990497
vt 0.88084102 0.25337201
vt 0.04450500 0.91773301
vt 0.05574200 0.94611299
vt 0.20733801 0.93065500
vt 0.26420400 0.77900100
vt 0.09200000 0.51200002
vt 0.09000000 0.51423001
vt 0.09200000 0.50999999
vt 0.09317000 0.59024298
vt 0.09273000 0.57812202
vt 0.18638900 0.52254999
vt 0.09852400 0.53930402
vt 0.16551600 0.59163600
vt 0.10332100 0.64873397
vt 0.50599998 0.91000003
vt 0.50230497 0.91200000
vt 0.50400001 0.91000003
vt 0.56860000 0.90257502
vt 0.57154000 0.78886902
vt 0.88946599 0.58349800
vt 0.97840297 0.93274999
vt 0.84327602 0.93371099
vt 0.86651599 0.94261998
vt 0.92982203 0.80464101
vt 0.92384201 0.79212803
vt 0.74313700 0.91686898
vt 0.71781301 0.91082001
vt 0.06615300 0.01773798
vt 0.08429400 0.02252901
vt 0.09900500 0.02533400
vt 0.08222800 0.02210701
vt 0.02631200 0.03310698
vt 0.12495400 0.02874702
vt 0.14468400 0.03461897
vt 0.94800001 0.17600000
vt 0.94629401 0.16800100
vt 0.94800001 0.17400002
vt 0.45921600 0.08138901
vt 0.33875099 0.09722298
vt 0.15915801 0.03992099
vt 0.26190400 0.08254099
vt 0.21766500 0.09430498
vt 0.24622700 0.07717800
vt 0.29993901 0.51815200
vt 0.09200000 0.49399996
vt 0.09000000 0.49399996
vt 0.09200000 0.49199998
vt 0.09689500 0.50572997
vt 0.09744900 0.49343699
vt 0.08784200 0.34762800
vt 0.22205600 0.49555802
vt 0.90503502 0.32220197
vt 0.89775097 0.35047799
vt 0.70799202 0.22581798
vt 0.91625500 0.02950197
vt 0.94298702 0.02829701
vt 0.10400000 0.94400001
vt 0.09582100 0.94160700
vt 0.10400000 0.94199997
vt 0.91475397 0.25584000
vt 0.84820098 0.03220499
vt 0.86598498 0.03000301
vt 0.85114700 0.03308100
vt 0.90399998 0.44200003
vt 0.90399998 0.44000000
vt 0.90667802 0.43660903
vt 0.37103501 0.69873798
vt 0.11761200 0.94238198
vt 0.13719399 0.94171798
vt 0.03479000 0.94002199
vt 0.23417200 0.71776301
vt 0.07582900 0.81326902
vt 0.05248800 0.89058602
vt 0.08741300 0.68950897
vt 0.09104900 0.67083299
vt 0.30383500 0.82185900
vt 0.36741400 0.78375399
vt 0.37315199 0.87082601
vt 0.33345601 0.70400500
vt 0.09017200 0.65441602
vt 0.09798500 0.64607102
vt 0.09600000 0.64999998
vt 0.64132500 0.90342599
vt 0.47205499 0.87784898
vt 0.50130701 0.90409702
vt 0.89600003 0.52800000
vt 0.89800698 0.52595198
vt 0.89600003 0.52999997
vt 0.88920802 0.56602597
vt 0.89242399 0.95016700
vt 0.87854803 0.94567603
vt 0.78645498 0.92206699
vt 0.76614201 0.91907901
vt 0.80477202 0.92570698
vt 0.02647600 0.09604800
vt 0.04763800 0.01269698
vt 0.03572400 0.01497298
vt 0.49800000 0.07999998
vt 0.47782701 0.07597500
vt 0.50082201 0.07999998
vt 0.49255601 0.08462703
vt 0.47999999 0.07800001
vt 0.48199999 0.07800001
vt 0.53827500 0.08885700
vt 0.52145898 0.08924598
vt 0.38480201 0.09438699
vt 0.40799999 0.08200002
vt 0.41282299 0.08179200
vt 0.41000000 0.08200002
vt 0.49296600 0.08515400
vt 0.48600000 0.07999998
vt 0.48400000 0.07999998
vt 0.22262201 0.38949704
vt 0.17769800 0.40535903
vt 0.33000001 0.09200001
vt 0.34599999 0.09000003
vt 0.33199999 0.09200001
vt 0.09700600 0.52639103
vt 0.09705100 0.50467199
vt 0.09400000 0.50999999
vt 0.08421200 0.39301598
vt 0.08648900 0.41597801
vt 0.20200001 0.05199999
vt 0.20027100 0.05641401
vt 0.20000000 0.05199999
vt 0.91000003 0.32800001
vt 0.90102899 0.33755100
vt 0.90799999 0.32800001
vt 0.67993999 0.07200003
vt 0.68400002 0.07400000
vt 0.68199998 0.07400000
vt 0.59817398 0.08114302
vt 0.73656499 0.07022500
vt 0.81092000 0.05036801
vt 0.78819400 0.15553099
vt 0.89890099 0.18392402
vt 0.97001302 0.02878499
vt 0.97297603 0.07114202
vt 0.98501998 0.04301202
vt 0.89107400 0.47089899
vt 0.90398800 0.44601899
vt 0.89399999 0.48199999
vt 0.89618301 0.48108399
vt 0.89399999 0.48399997
vt 0.89399999 0.48600000
vt 0.06000000 0.25600004
vt 0.06000000 0.25400001
vt 0.91022903 0.30422497
vt 0.91600001 0.30000001
vt 0.91600001 0.30199999
vt 0.22201300 0.93092698
vt 0.29460499 0.88432699
vt 0.32691699 0.91719800
vt 0.30905300 0.91756397
vt 0.39600000 0.92199999
vt 0.39399999 0.92400002
vt 0.39399999 0.92199999
vt 0.15604199 0.93815702
vt 0.10454700 0.93878901
vt 0.11736000 0.94239002
vt 0.10552200 0.90342897
vt 0.01622300 0.09136802
vt 0.01800000 0.08800000
vt 0.01800000 0.09000003
vt 0.03489800 0.92344803
vt 0.03400000 0.92799997
vt 0.10238500 0.93837100
vt 0.47497800 0.90871698
vt 0.41295201 0.81749099
vt 0.44065201 0.85000300
vt 0.66790599 0.90913498
vt 0.68237901 0.91125500
vt 0.66884702 0.87258399
vt 0.65704000 0.90533203
vt 0.91200000 0.72799999
vt 0.91399997 0.73000097
vt 0.91200000 0.73000002
vt 0.91200000 0.72399998
vt 0.91200000 0.72600001
vt 0.91200000 0.72200000
vt 0.91200000 0.71855098
vt 0.90799999 0.67799997
vt 0.90999800 0.69998002
vt 0.90799999 0.68000001
vt 0.90799999 0.67600000
vt 0.89600003 0.52600002
vt 0.90799999 0.69400001
vt 0.90799999 0.69599998
vt 0.90799999 0.69000000
vt 0.90799999 0.69199997
vt 0.77614999 0.92506599
vt 0.77999997 0.92400002
vt 0.97096997 0.91251600
vt 0.92761999 0.96133399
vt 0.90816200 0.95509201
vt 0.08278400 0.94836497
vt 0.09200000 0.94999999
vt 0.09200000 0.94800001
vt 0.03606900 0.12016398
vt 0.01200000 0.07400000
vt 0.01200000 0.07200003
vt 0.39199999 0.08600003
vt 0.39399999 0.08600003
vt 0.50399500 0.08000100
vt 0.49599999 0.07999998
vt 0.35200000 0.09000003
vt 0.37400001 0.08800000
vt 0.35400000 0.09000003
vt 0.34813499 0.09000003
vt 0.36800000 0.09000003
vt 0.36600000 0.09000003
vt 0.37000000 0.09000003
vt 0.36825800 0.09491098
vt 0.43452799 0.08242702
vt 0.32600001 0.09200001
vt 0.32800001 0.09200001
vt 0.23281699 0.06981897
vt 0.93400002 0.80400002
vt 0.93199998 0.80199999
vt 0.09600000 0.47399998
vt 0.09268900 0.48102701
vt 0.09600000 0.47200000
vt 0.71556300 0.07285297
vt 0.67915398 0.07916999
vt 0.65296799 0.07545400
vt 0.63055199 0.07614398
vt 0.74000001 0.06000000
vt 0.74198598 0.05800402
vt 0.74199998 0.06000000
vt 0.69963598 0.15702403
vt 0.90799999 0.70999998
vt 0.91198200 0.71594501
vt 0.90799999 0.71200001
vt 0.90799999 0.41600001
vt 0.90998799 0.41604698
vt 0.90799999 0.41799998
vt 0.44273901 0.91149098
vt 0.45199999 0.91600001
vt 0.45400000 0.91600001
vt 0.93345100 0.19890600
vt 0.92189699 0.23343897
vt 0.84399998 0.03399998
vt 0.84600002 0.03399998
vt 0.84200001 0.03399998
vt 0.95082802 0.15366799
vt 0.95557499 0.14202797
vt 0.96517903 0.11766303
vt 0.10000000 0.63800001
vt 0.10000000 0.63599998
vt 0.07000000 0.81800002
vt 0.07000000 0.81599998
vt 0.90600002 0.65399998
vt 0.90799803 0.65998697
vt 0.90600002 0.65600002
vt 0.95684999 0.87567198
vt 0.25901300 0.92509902
vt 0.22988500 0.92808598
vt 0.25000000 0.93199998
vt 0.24643099 0.93400002
vt 0.24800000 0.93199998
vt 0.05749100 0.84096098
vt 0.06000000 0.83600003
vt 0.06000000 0.83800000
vt 0.09416900 0.56798899
vt 0.35650799 0.91621703
vt 0.38527101 0.91771102
vt 0.98006499 0.02200001
vt 0.98679501 0.02479500
vt 0.98000002 0.02600002
vt 0.23904000 0.07583702
vt 0.24200000 0.06800002
vt 0.23999999 0.06800002
vt 0.90951902 0.75457901
vt 0.92000002 0.76999998
vt 0.92803299 0.78810000
vt 0.92199999 0.77800000
vt 0.92199999 0.78600001
vt 0.06400000 0.26800001
vt 0.47799999 0.07800001
vt 0.57495898 0.08672100
vt 0.58609498 0.08438098
vt 0.08200000 0.39999998
vt 0.08000000 0.40200001
vt 0.08000000 0.39999998
vt 0.52399999 0.08399999
vt 0.52200001 0.08200002
vt 0.52600002 0.08399999
vt 0.52999997 0.08399999
vt 0.53203499 0.08399999
vt 0.33399999 0.09200001
vt 0.33600000 0.09200001
vt 0.34000000 0.09200001
vt 0.34200001 0.09200001
vt 0.34400001 0.09200001
vt 0.29411000 0.09702003
vt 0.42600399 0.07800001
vt 0.41999999 0.07999998
vt 0.42199999 0.07999998
vt 0.42399999 0.07999998
vt 0.91600001 0.27800000
vt 0.40000001 0.08399999
vt 0.40198699 0.08200401
vt 0.40200001 0.08399999
vt 0.40434700 0.08200002
vt 0.30399999 0.09200001
vt 0.30599999 0.09200001
vt 0.30800000 0.09200001
vt 0.31000000 0.09200001
vt 0.30199999 0.09200001
vt 0.98387498 0.03978598
vt 0.99000001 0.04000002
vt 0.98799998 0.04000002
vt 0.21273400 0.06178099
vt 0.08400000 0.36199999
vt 0.08200000 0.36199999
vt 0.08400000 0.36000001
vt 0.69738698 0.07786900
vt 0.69593698 0.07005000
vt 0.69199997 0.07400000
vt 0.69000000 0.07400000
vt 0.68800002 0.07400000
vt 0.68599999 0.07400000
vt 0.80599999 0.04200000
vt 0.80994099 0.04005897
vt 0.80800003 0.04200000
vt 0.80228698 0.04200000
vt 0.81000000 0.04200000
vt 0.06000000 0.01200002
vt 0.06200000 0.01200002
vt 0.78080302 0.05719298
vt 0.99000001 0.03200001
vt 0.99000001 0.04200000
vt 0.91600001 0.30599999
vt 0.91600001 0.30400002
vt 0.91794503 0.30218601
vt 0.91000003 0.40400004
vt 0.91186303 0.40441501
vt 0.91000003 0.40600002
vt 0.91000003 0.40799999
vt 0.08600000 0.67400002
vt 0.08227500 0.67384702
vt 0.08600000 0.67199999
vt 0.96263999 0.12695301
vt 0.96983898 0.07588202
vt 0.95465499 0.14525998
vt 0.92866802 0.21331203
vt 0.86400002 0.03200001
vt 0.86600000 0.03200001
vt 0.34072599 0.91657001
vt 0.00248400 0.04760998
vt 0.00600000 0.05000001
vt 0.00600000 0.05199999
vt 0.06200000 0.82801902
vt 0.06200000 0.83200002
vt 0.06000000 0.83373398
vt 0.08159800 0.74479598
vt 0.08466000 0.71811801
vt 0.07800000 0.73799998
vt 0.07600000 0.73977399
vt 0.07800000 0.73600000
vt 0.90200001 0.63800001
vt 0.89926702 0.63782102
vt 0.90200001 0.63599998
vt 0.10000000 0.64200002
vt 0.10000000 0.64399999
vt 0.09699800 0.51721400
vt 0.96799999 0.12400001
vt 0.96799999 0.12199998
vt 0.89600003 0.46799999
vt 0.89600003 0.46599996
vt 0.09000000 0.56199998
vt 0.08800000 0.56429702
vt 0.09000000 0.56000000
vt 0.45659700 0.91039199
vt 0.43371999 0.91252601
vt 0.67954302 0.91074902
vt 0.91799998 0.76400000
vt 0.91600001 0.76400000
vt 0.91600001 0.76200002
vt 0.58999997 0.90799999
vt 0.58800000 0.90799999
vt 0.84923500 0.03933501
vt 0.86252999 0.03579801
vt 0.90728998 0.73679298
vt 0.90799999 0.67400002
vt 0.90600002 0.65799999
vt 0.89399999 0.55400002
vt 0.89399999 0.55199999
vt 0.89600003 0.54600000
vt 0.89399999 0.55599999
vt 0.89399999 0.55800003
vt 0.89399999 0.56000000
vt 0.89399999 0.56199998
vt 0.90799999 0.69800001
vt 0.02418400 0.11014199
vt 0.02800000 0.11000001
vt 0.03000000 0.11199999
vt 0.98600000 0.94599998
vt 0.98600000 0.94800001
vt 0.07028600 0.27968299
vt 0.06383200 0.25181997
vt 0.91799998 0.76999998
vt 0.06851200 0.30007303
vt 0.07000000 0.29400003
vt 0.07000000 0.29600000
vt 0.48400000 0.07800001
vt 0.49200001 0.07999998
vt 0.49399999 0.07999998
vt 0.62199998 0.07200003
vt 0.61964399 0.07178700
vt 0.62400001 0.07200003
vt 0.55800003 0.08200002
vt 0.55199999 0.08399999
vt 0.55000001 0.08399999
vt 0.54799998 0.08399999
vt 0.54600000 0.08399999
vt 0.54400003 0.08399999
vt 0.52800000 0.08399999
vt 0.33800000 0.09200001
vt 0.35600001 0.09000003
vt 0.37200001 0.09000003
vt 0.37400001 0.09000003
vt 0.42600000 0.07999998
vt 0.19466799 0.04633403
vt 0.20400000 0.05199999
vt 0.62800002 0.90799999
vt 0.63000000 0.90633202
vt 0.62800002 0.90600002
vt 0.30000001 0.09200001
vt 0.08000000 0.38199997
vt 0.07800000 0.38516599
vt 0.08000000 0.37810701
vt 0.70400000 0.07200003
vt 0.70599997 0.06999999
vt 0.70599997 0.07200003
vt 0.69999999 0.07200003
vt 0.70200002 0.07200003
vt 0.78104103 0.04965299
vt 0.77800000 0.05199999
vt 0.77521700 0.05199999
vt 0.77999997 0.05199999
vt 0.91799998 0.29200000
vt 0.92000097 0.27600002
vt 0.91799998 0.29818296
vt 0.89181399 0.02605700
vt 0.90599400 0.02400202
vt 0.89695901 0.02600002
vt 0.90799999 0.41999996
vt 0.08200000 0.70599997
vt 0.08729200 0.70383197
vt 0.08200000 0.70400000
vt 0.84799999 0.03399998
vt 0.86199999 0.03200001
vt 0.89399999 0.48800004
vt 0.89792699 0.50217801
vt 0.89399999 0.49000001
vt 0.89600003 0.58800000
vt 0.88960499 0.58342898
vt 0.89600003 0.58999997
vt 0.08671100 0.94642901
vt 0.24400000 0.93199998
vt 0.24346700 0.92912900
vt 0.24600001 0.93199998
vt 0.03000000 0.11400002
vt 0.40685701 0.91488200
vt 0.70200002 0.91600001
vt 0.69880998 0.91799998
vt 0.69999999 0.91600001
vt 0.91600001 0.75800002
vt 0.91600001 0.75599998
vt 0.91600001 0.75000101
vt 0.91600001 0.75999999
vt 0.90799999 0.68800002
vt 0.90799999 0.66405702
vt 0.90799999 0.67199999
vt 0.89399999 0.55000001
vt 0.89399999 0.54799998
vt 0.89399999 0.54600000
vt 0.89600003 0.59600002
vt 0.89800000 0.59799999
vt 0.89600003 0.59799999
vt 0.89600003 0.59399998
vt 0.89600003 0.59200001
vt 0.90799999 0.69999999
vt 0.93199998 0.79600000
vt 0.93066400 0.79066497
vt 0.93952399 0.80221099
vt 0.03000000 0.01000202
vt 0.03200000 0.01200002
vt 0.03200000 0.01400000
vt 0.92199999 0.77999997
vt 0.09295500 0.66540498
vt 0.08600000 0.67600000
vt 0.58800000 0.07800001
vt 0.59000301 0.07599998
vt 0.58999997 0.07800001
vt 0.55883598 0.08930701
vt 0.57400000 0.08200002
vt 0.57200003 0.08200002
vt 0.57603300 0.07999998
vt 0.89800000 0.45800000
vt 0.89800000 0.45599997
vt 0.60370702 0.07207400
vt 0.59600002 0.07599998
vt 0.09200000 0.52800000
vt 0.09200000 0.52999997
vt 0.56999999 0.08200002
vt 0.55400002 0.08399999
vt 0.52200001 0.08399999
vt 0.34599999 0.09200001
vt 0.43000001 0.07800001
vt 0.43602800 0.07597202
vt 0.43200001 0.07800001
vt 0.32212499 0.09669000
vt 0.09400000 0.48399997
vt 0.09719100 0.49146301
vt 0.09400000 0.48199999
vt 0.71007800 0.06696099
vt 0.71569502 0.06405997
vt 0.71600002 0.06599998
vt 0.70800000 0.06999999
vt 0.90399998 0.35000002
vt 0.90200001 0.35399997
vt 0.90200001 0.35200000
vt 0.90518600 0.38097101
vt 0.89399999 0.54400003
vt 0.89399999 0.54200000
vt 0.86799997 0.03194702
vt 0.87694103 0.02870500
vt 0.89399999 0.47799999
vt 0.89399999 0.47600001
vt 0.26199999 0.93000001
vt 0.26400000 0.93000001
vt 0.26043800 0.93199998
vt 0.09587400 0.94998097
vt 0.09001000 0.95399898
vt 0.89600003 0.50199997
vt 0.88998401 0.51075798
vt 0.89600003 0.50400001
vt 0.07800000 0.79600000
vt 0.07800000 0.79799998
vt 0.07583600 0.79982698
vt 0.06200000 0.26800001
vt 0.47799999 0.91399997
vt 0.47593001 0.91600001
vt 0.47600001 0.91399997
vt 0.90600002 0.66000003
vt 0.76400000 0.92400002
vt 0.76200002 0.92600000
vt 0.76200002 0.92400002
vt 0.15751600 0.04064298
vt 0.13800000 0.02800000
vt 0.13600001 0.02800000
vt 0.70028102 0.91140097
vt 0.77800000 0.05400002
vt 0.77600002 0.05400002
vt 0.58399999 0.07800001
vt 0.58600003 0.07800001
vt 0.44999999 0.91600001
vt 0.55599999 0.08399999
vt 0.35800001 0.09000003
vt 0.36000001 0.09000003
vt 0.36199999 0.09000003
vt 0.07800000 0.01599997
vt 0.07600000 0.01599997
vt 0.77196699 0.05201501
vt 0.77200001 0.05400002
vt 0.76999998 0.05400002
vt 0.90399998 0.02600002
vt 0.90600002 0.02600002
vt 0.92400002 0.24400002
vt 0.92671198 0.24186301
vt 0.92400002 0.24599999
vt 0.89399999 0.49199998
vt 0.27164599 0.92273098
vt 0.24249400 0.88534802
vt 0.25343800 0.92534399
vt 0.89399999 0.53799999
vt 0.89399999 0.53600001
vt 0.10000000 0.94400001
vt 0.10200000 0.94400001
vt 0.10000000 0.94599998
vt 0.09200000 0.52600002
vt 0.09000000 0.52811903
vt 0.09200000 0.52399999
vt 0.89600003 0.57800001
vt 0.89399999 0.57400000
vt 0.89399999 0.57200003
vt 0.89399999 0.56999999
vt 0.89399999 0.56800002
vt 0.89399999 0.56599998
vt 0.89399999 0.56400001
vt 0.05400000 0.20800000
vt 0.05400000 0.20999998
vt 0.95800000 0.85799801
vt 0.96399599 0.87199700
vt 0.95999998 0.86787701
vt 0.36399999 0.09000003
vt 0.80199999 0.92799997
vt 0.80400002 0.92799997
vt 0.90200001 0.35000002
vt 0.90200001 0.35600001
vt 0.90399998 0.35800004
vt 0.09600000 0.65200001
vt 0.09400000 0.65399998
vt 0.08400000 0.68000001
vt 0.08400000 0.68199998
vt 0.92400002 0.24980998
vt 0.92199999 0.25000000
vt 0.92199999 0.25199997
vt 0.93797100 0.18650001
vt 0.89999998 0.45200002
vt 0.90199900 0.45200199
vt 0.89999998 0.45400000
vt 0.28799999 0.92400002
vt 0.28999999 0.92400002
vt 0.28177500 0.92741901
vt 0.33000001 0.92199999
vt 0.32608801 0.92400002
vt 0.32800001 0.92199999
vt 0.07400000 0.80400002
vt 0.06991100 0.80719697
vt 0.91399997 0.74599999
vt 0.91601402 0.74803901
vt 0.91399997 0.74800003
vt 0.90799999 0.68599999
vt 0.90799999 0.68400002
vt 0.89399999 0.57800001
vt 0.89399999 0.57599998
vt 0.89600003 0.57999998
vt 0.89600003 0.58323199
vt 0.93993598 0.81000900
vt 0.94468498 0.82071602
vt 0.94000000 0.81400001
vt 0.18623900 0.04274899
vt 0.19000000 0.04799998
vt 0.18799999 0.04799998
vt 0.02600000 0.97200000
vt 0.02953400 0.96366602
vt 0.02800000 0.97200000
vt 0.57999998 0.07999998
vt 0.57885301 0.07957399
vt 0.58200002 0.07999998
vt 0.60200000 0.07400000
vt 0.60399997 0.07400000
vt 0.43360299 0.92000002
vt 0.43399999 0.91799998
vt 0.43599999 0.91799998
vt 0.79000002 0.04799998
vt 0.79011798 0.04596102
vt 0.90600002 0.34000003
vt 0.90723002 0.34230101
vt 0.90600002 0.34200001
vt 0.90200001 0.35800004
vt 0.94999999 0.17199999
vt 0.95200002 0.17199999
vt 0.94857001 0.17700100
vt 0.91399997 0.74400002
vt 0.89600003 0.58600003
vt 0.72714800 0.91357601
vt 0.72600001 0.91799998
vt 0.72799999 0.91799998
vt 0.11000000 0.94400001
vt 0.10841200 0.94769597
vt 0.10800000 0.94400001
vt 0.55800003 0.08399999
vt 0.53600001 0.08399999
vt 0.53799999 0.08399999
vt 0.09800000 0.94599998
vt 0.00905500 0.03170800
vt 0.01000000 0.03399998
vt 0.01000000 0.03600001
vt 0.01200000 0.02999997
vt 0.01200000 0.03200001
vt 0.00600000 0.04600000
vt 0.00600000 0.04799998
vt 0.00800000 0.03799999
vt 0.01400000 0.02399999
vt 0.01600000 0.02399999
vt 0.01600000 0.02200001
vt 0.67000002 0.07400000
vt 0.67199999 0.07400000
vt 0.98799998 0.03399998
vt 0.98799998 0.03600001
vt 0.05400000 0.87000000
vt 0.05400000 0.87199998
vt 0.29200000 0.92400002
vt 0.28999999 0.92199999
vt 0.01000000 0.03200001
vt 0.53200001 0.91000003
vt 0.53200001 0.90799999
vt 0.36399999 0.92199999
vt 0.36412501 0.91826898
vt 0.36600000 0.92199999
vt 0.01200000 0.02800000
vt 0.01400000 0.02600002
vt 0.67799997 0.07400000
vt 0.67600000 0.07400000
vt 0.04949300 0.87318701
vt 0.02800000 0.01400000
vt 0.02275100 0.01362503
vt 0.13400000 0.02600002
vt 0.13200000 0.02600002
vt 0.00800000 0.04200000
vt 0.00600000 0.04400003
vt 0.92999601 0.23000699
vt 0.92799997 0.22799999
vt 0.93199903 0.22400099
vt 0.00800000 0.04000002
vt 0.23400000 0.06400001
vt 0.23600000 0.06599998
vt 0.02431100 0.97581202
vt 0.03200000 0.97200000
vt 0.03456000 0.97326303
vt 0.03000000 0.97200000
vt 0.04600000 0.89800000
vt 0.04196500 0.89728701
vt 0.04600000 0.89600003
vt 0.07691900 0.01363999
vt 0.07200000 0.01599997
vt 0.07000000 0.01400000
vt 0.00600000 0.05400002
vt 0.14800000 0.02999997
vt 0.14600000 0.02999997
vt 0.97200000 0.98000002
vt 0.97399998 0.98000002
vt 0.97488201 0.98199999
vt 0.96642202 0.98127902
vt 0.89399999 0.58200002
vt 0.89399999 0.58399999
vt 0.37400001 0.92199999
vt 0.37075901 0.92400002
vt 0.37200001 0.92199999
vt 0.06108300 0.23385501
vt 0.05600000 0.22799999
vt 0.05600000 0.23000002
vt 0.90646899 0.73717099
vt 0.91000003 0.73000002
vt 0.97200000 0.02399999
vt 0.97000003 0.02399999
vt 0.04200000 0.96600002
vt 0.04400000 0.96600002
vt 0.04480200 0.96988499
vt 0.06717200 0.83471298
vt 0.06800000 0.82200003
vt 0.92400002 0.78799999
vt 0.92600000 0.78799999
vt 0.22600000 0.93199998
vt 0.22400001 0.93400002
vt 0.50199997 0.91000003
vt 0.08800000 0.44599998
vt 0.08800000 0.44800001
vt 0.51599997 0.90799999
vt 0.51599997 0.91000003
vt 0.50660199 0.90239400
vt 0.52200001 0.90799999
vt 0.51893800 0.90890700
vt 0.08800000 0.58399999
vt 0.09000000 0.58399999
vt 0.88999999 0.02999997
vt 0.89200002 0.02999997
vt 0.31980100 0.91700101
vt 0.30800000 0.92199999
vt 0.31000000 0.92199999
vt 0.90399998 0.43400002
vt 0.89834702 0.43697900
vt 0.90399998 0.43599999
vt 0.93599999 0.20400000
vt 0.93599999 0.20599997
vt 0.02200000 0.01800001
vt 0.81767702 0.04315197
vt 0.81000000 0.04400003
vt 0.02800000 0.01599997
vt 0.02600000 0.01599997
vt 0.27567500 0.08943200
vt 0.09600000 0.47600001
vt 0.09600000 0.47799999
vt 0.59600002 0.07800001
vt 0.02000000 0.01999998
vt 0.97200000 0.11400002
vt 0.96973598 0.10568500
vt 0.97000003 0.11400002
vt 0.90399998 0.43799996
vt 0.91200000 0.74800003
vt 0.97000003 0.98000002
vt 0.88200003 0.95200002
vt 0.88400000 0.95400000
vt 0.87996799 0.95400000
vt 0.98000002 0.98199999
vt 0.98199999 0.98199999
vt 0.98004103 0.98486501
vt 0.58505499 0.90237600
vt 0.58600003 0.90600002
vt 0.97671998 0.08240497
vt 0.98199999 0.08200002
vt 0.98199999 0.07999998
vt 0.03400000 0.97200000
vt 0.03400000 0.97000003
vt 0.86879200 0.94391698
vt 0.87400001 0.94800001
vt 0.87649500 0.94514698
vt 0.03600000 0.97000003
vt 0.02600000 0.97000003
vt 0.01830600 0.97303599
vt 0.91000003 0.32200003
vt 0.91399401 0.32201004
vt 0.91000003 0.32400000
vt 0.07400000 0.01599997
vt 0.27808899 0.92129898
vt 0.28000000 0.92600000
vt 0.27800000 0.92600000
vt 0.08848600 0.60763001
vt 0.09200000 0.60600001
vt 0.09200000 0.60799998
vt 0.14807700 0.02802598
vt 0.14800000 0.03200001
vt 0.29223600 0.09689903
vt 0.29400000 0.09200001
vt 0.29200000 0.09200001
vt 0.22200000 0.93400002
vt 0.22200000 0.93599999
vt 0.49399999 0.91200000
vt 0.48662999 0.91333300
vt 0.49399999 0.91000003
vt 0.49200001 0.91000003
vt 0.51999998 0.91000003
vt 0.52200001 0.91000003
vt 0.90142500 0.38456702
vt 0.91000003 0.38600004
vt 0.91000003 0.38400000
vt 0.99000001 0.95599997
vt 0.99000001 0.95800000
vt 0.99400002 0.96195102
vt 0.99000001 0.95400000
vt 0.99199998 0.96600002
vt 0.99199998 0.96399999
vt 0.99400002 0.97011000
vt 0.99000001 0.96399999
vt 0.99000001 0.96200001
vt 0.90200001 0.63000000
vt 0.90200001 0.62800002
vt 0.89207202 0.60588998
vt 0.89352798 0.61906302
vt 0.06197700 0.00999302
vt 0.06800000 0.01400000
vt 0.11252800 0.02039999
vt 0.11800000 0.02399999
vt 0.11600000 0.02399999
vt 0.03800000 0.00999999
vt 0.03600000 0.01200002
vt 0.04175800 0.00433898
vt 0.04400000 0.00800002
vt 0.04200000 0.00800002
vt 0.90399998 0.42799997
vt 0.90399998 0.43000001
vt 0.91026098 0.75455397
vt 0.91399997 0.75199997
vt 0.91399997 0.75000000
vt 0.03400000 0.01200002
vt 0.03000000 0.01400000
vt 0.09000000 0.58800000
vt 0.09364500 0.57830602
vt 0.09000000 0.58600003
vt 0.09400000 0.48800004
vt 0.09400000 0.48600000
vt 0.09000000 0.56800002
vt 0.09000000 0.56999999
vt 0.09600000 0.48000002
vt 0.09000000 0.45400000
vt 0.08803900 0.45982397
vt 0.08629200 0.45105398
vt 0.09000000 0.45200002
vt 0.08800000 0.44400001
vt 0.68400002 0.91399997
vt 0.68199998 0.91600001
vt 0.56594598 0.08200002
vt 0.56800002 0.08399999
vt 0.56599998 0.08399999
vt 0.26800001 0.92799997
vt 0.27000001 0.92799997
vt 0.98799998 0.06599998
vt 0.99103802 0.06794703
vt 0.98600000 0.06800002
vt 0.98106200 0.07256502
vt 0.03800000 0.13000000
vt 0.90200001 0.44200003
vt 0.94827199 0.16070902
vt 0.95400000 0.16200000
vt 0.95400000 0.15999997
vt 0.05200000 0.19599998
vt 0.05000000 0.19889498
vt 0.05200000 0.19400001
vt 0.07600000 0.77590698
vt 0.07800000 0.76800001
vt 0.07800000 0.76999998
vt 0.98799998 0.98000002
vt 0.98600000 0.98000002
vt 0.98799998 0.97799999
vt 0.02200000 0.96600002
vt 0.02200000 0.96799999
vt 0.02400000 0.96799999
vt 0.08400000 0.67600000
vt 0.08400000 0.67799997
vt 0.50777900 0.08591002
vt 0.51400000 0.08399999
vt 0.51200002 0.08399999
vt 0.19200000 0.04799998
vt 0.39199999 0.92199999
vt 0.39199999 0.92400002
vt 0.04000000 0.96600002
vt 0.04000000 0.96399999
vt 0.09200000 0.50800002
vt 0.08800000 0.57999998
vt 0.09000000 0.57800001
vt 0.08800000 0.57800001
vt 0.48199999 0.91200000
vt 0.47999999 0.91399997
vt 0.47999999 0.91200000
vt 0.50000000 0.91000003
vt 0.49800000 0.91000003
vt 0.49800000 0.91200000
vt 0.04600000 0.16200000
vt 0.04473200 0.16664398
vt 0.04128000 0.15589398
vt 0.00687200 0.06339800
vt 0.00800000 0.06000000
vt 0.00800000 0.06199998
vt 0.08976100 0.58170903
vt 0.99000001 0.95999998
vt 0.88200003 0.02999997
vt 0.88400000 0.02999997
vt 0.99033999 0.94549400
vt 0.98799998 0.94999999
vt 0.66600001 0.91399997
vt 0.66600001 0.91200000
vt 0.94400001 0.82599998
vt 0.94400001 0.82800001
vt 0.94155800 0.83379000
vt 0.94800001 0.83999997
vt 0.94800001 0.83800000
vt 0.09000000 0.44999999
vt 0.08800000 0.44999999
vt 0.94800001 0.84399998
vt 0.94800001 0.84200001
vt 0.06400000 0.01400000
vt 0.06600000 0.01400000
vt 0.38193601 0.91745299
vt 0.98400003 0.94000000
vt 0.97937399 0.93953401
vt 0.98400003 0.94199997
vt 0.09200000 0.49599999
vt 0.09400000 0.49599999
vt 0.02908500 0.11914200
vt 0.03200000 0.12000000
vt 0.03200000 0.12199998
vt 0.04000000 0.00800002
vt 0.85200000 0.03600001
vt 0.85000002 0.03600001
vt 0.97124302 0.02787399
vt 0.89705002 0.35383403
vt 0.41800001 0.91799998
vt 0.41826001 0.92158401
vt 0.41800001 0.92000002
vt 0.15600000 0.03399998
vt 0.15400000 0.03399998
vt 0.12400000 0.94599998
vt 0.12428200 0.94800001
vt 0.12200000 0.94599998
vt 0.17469899 0.93457103
vt 0.18600000 0.93599999
vt 0.18799999 0.93599999
vt 0.61799997 0.07200003
vt 0.62000000 0.07400000
vt 0.20999999 0.05599999
vt 0.20800000 0.05599999
vt 0.20800000 0.05400002
vt 0.21541600 0.05514801
vt 0.21200000 0.05799997
vt 0.20999999 0.05799997
vt 0.20999999 0.93599999
vt 0.21200000 0.93400002
vt 0.19901000 0.93125999
vt 0.06678800 0.83414203
vt 0.06200000 0.83600003
vt 0.99199998 0.96799999
vt 0.08810800 0.34647101
vt 0.08370200 0.32911700
vt 0.08400000 0.34200001
vt 0.53600001 0.90799999
vt 0.53456700 0.90276498
vt 0.53399998 0.90799999
vt 0.09200000 0.45800000
vt 0.09000000 0.45599997
vt 0.84600002 0.94000000
vt 0.85435700 0.93838102
vt 0.84399998 0.94000000
vt 0.08800000 0.44200003
vt 0.08400000 0.43400002
vt 0.08600000 0.43599999
vt 0.09000000 0.53399998
vt 0.09200000 0.53600001
vt 0.09000000 0.53600001
vt 0.09400000 0.50599998
vt 0.05600000 0.96399999
vt 0.05400000 0.96399999
vt 0.18200000 0.93800002
vt 0.18000001 0.93800002
vt 0.62800002 0.06999999
vt 0.63000000 0.06999999
vt 0.63000000 0.07200003
vt 0.68000001 0.07400000
vt 0.75400001 0.05799997
vt 0.76398098 0.05400801
vt 0.75599998 0.05799997
vt 0.98199999 0.02800000
vt 0.98000002 0.02800000
vt 0.91600001 0.29400003
vt 0.98250198 0.03513998
vt 0.98600000 0.03399998
vt 0.92994303 0.02201301
vt 0.91799998 0.02600002
vt 0.91600001 0.02600002
vt 0.91399997 0.02600002
vt 0.14600000 0.94400001
vt 0.13729000 0.94166702
vt 0.14399999 0.94400001
vt 0.99199998 0.05599999
vt 0.99199998 0.05799997
vt 0.99400002 0.05387300
vt 0.99400002 0.06090701
vt 0.90200001 0.44599998
vt 0.90200001 0.44400001
vt 0.09711300 0.94015199
vt 0.09800000 0.94400001
vt 0.90200001 0.63200003
vt 0.99267900 0.98634797
vt 0.02200000 0.96399999
vt 0.02040400 0.95938402
vt 0.13000000 0.94599998
vt 0.13200000 0.94599998
vt 0.25799999 0.93000001
vt 0.25999999 0.93000001
vt 0.39800000 0.92000002
vt 0.40356600 0.92199999
vt 0.38600001 0.92199999
vt 0.38400000 0.92199999
vt 0.96892202 0.02200001
vt 0.96399999 0.02399999
vt 0.95578802 0.02200001
vt 0.38400000 0.92400002
vt 0.38600001 0.92400002
vt 0.17000000 0.03799999
vt 0.16800000 0.03799999
vt 0.93199998 0.79799998
vt 0.93199998 0.80000001
vt 0.07800000 0.71456200
vt 0.08000000 0.71799999
vt 0.08000000 0.72000003
vt 0.04200000 0.90340197
vt 0.04400000 0.90200001
vt 0.04400000 0.90399998
vt 0.09200000 0.65799999
vt 0.09200000 0.66000003
vt 0.09000000 0.66000003
vt 0.08000000 0.71600002
vt 0.09000000 0.56400001
vt 0.09000000 0.56599998
vt 0.12000000 0.94599998
vt 0.77399999 0.92600000
vt 0.78207803 0.92121500
vt 0.77399999 0.92400002
vt 0.32200000 0.92199999
vt 0.32400000 0.92199999
vt 0.48600000 0.91200000
vt 0.48400000 0.91200000
vt 0.40400001 0.92000002
vt 0.40599999 0.92000002
vt 0.48800001 0.91000003
vt 0.49000001 0.91000003
vt 0.31999999 0.92199999
vt 0.64200002 0.90600002
vt 0.64399999 0.90799999
vt 0.64034998 0.91000003
vt 0.63999999 0.90799999
vt 0.66194499 0.06999999
vt 0.66799998 0.07400000
vt 0.66600001 0.07400000
vt 0.09400000 0.49000001
vt 0.09400000 0.49199998
vt 0.91000003 0.72200000
vt 0.94000000 0.81800002
vt 0.94000000 0.81999999
vt 0.89399999 0.54000002
vt 0.89399999 0.52800000
vt 0.89999998 0.62599999
vt 0.68868500 0.07881200
vt 0.70800000 0.07200003
vt 0.94599998 0.97000003
vt 0.94599998 0.97200000
vt 0.94011497 0.97294402
vt 0.94400001 0.97000003
vt 0.96399999 0.97799999
vt 0.96600002 0.97799999
vt 0.44419500 0.08180702
vt 0.44999999 0.07800001
vt 0.44400001 0.07800001
vt 0.44867700 0.07599998
vt 0.44600001 0.07800001
vt 0.97000003 0.88999999
vt 0.96600002 0.88400000
vt 0.96600002 0.88200003
vt 0.96799898 0.88199902
vt 0.95599902 0.85201102
vt 0.95200002 0.84799999
vt 0.94999999 0.84600002
vt 0.94999999 0.84399998
vt 0.94599998 0.83399999
vt 0.94599998 0.83200002
vt 0.89008999 0.57352000
vt 0.97000003 0.89800000
vt 0.97000003 0.89999998
vt 0.05000000 0.00800002
vt 0.04800000 0.00800002
vt 0.05000100 0.00600100
vt 0.05200000 0.00999999
vt 0.08811000 0.36767799
vt 0.08400000 0.36800003
vt 0.08400000 0.37000000
vt 0.08400000 0.01800001
vt 0.09350700 0.01692200
vt 0.08600000 0.01999998
vt 0.08200000 0.01800001
vt 0.08000000 0.01800001
vt 0.90799999 0.37599999
vt 0.90799999 0.37400001
vt 0.31200001 0.92199999
vt 0.56817102 0.90269601
vt 0.57999998 0.90600002
vt 0.00600000 0.05599999
vt 0.00600000 0.05799997
vt 0.91799998 0.27200001
vt 0.91799998 0.26999998
vt 0.01200000 0.06800002
vt 0.01200000 0.06999999
vt 0.01029400 0.07659698
vt 0.98400003 0.02999997
vt 0.98199999 0.02999997
vt 0.01600000 0.08800000
vt 0.01600000 0.08600003
vt 0.23199999 0.93199998
vt 0.04000000 0.13600004
vt 0.04000000 0.13800001
vt 0.03620300 0.13669401
vt 0.04000000 0.13999999
vt 0.02200000 0.10000002
vt 0.02000000 0.09934700
vt 0.02200000 0.09799999
vt 0.93400002 0.20999998
vt 0.93400002 0.21200001
vt 0.03200000 0.11800003
vt 0.04600000 0.00800002
vt 0.49000001 0.07999998
vt 0.48800001 0.07999998
vt 0.51800001 0.08399999
vt 0.51599997 0.08399999
vt 0.37000000 0.09200001
vt 0.09200000 0.54600000
vt 0.09000000 0.54799998
vt 0.46000001 0.07800001
vt 0.45800000 0.07599998
vt 0.46000001 0.07599998
vt 0.05000000 0.17400002
vt 0.05000000 0.17600000
vt 0.04800000 0.17756599
vt 0.05000000 0.18400002
vt 0.05200000 0.18400002
vt 0.05124800 0.18599999
vt 0.05200000 0.19200003
vt 0.18200000 0.04400003
vt 0.18400000 0.04400003
vt 0.18000001 0.04400003
vt 0.17424500 0.03869498
vt 0.09055500 0.46347797
vt 0.09400000 0.46200001
vt 0.09400000 0.46399999
vt 0.04308500 0.95093799
vt 0.09800000 0.02200001
vt 0.09600000 0.01999998
vt 0.09400000 0.61799997
vt 0.09139100 0.62315500
vt 0.09400000 0.61600000
vt 0.28600001 0.09000003
vt 0.28400001 0.09000003
vt 0.28172100 0.08418399
vt 0.89757597 0.63084000
vt 0.90200001 0.63400000
vt 0.80531597 0.04828602
vt 0.82300103 0.04184103
vt 0.93599999 0.80599999
vt 0.09600000 0.46599996
vt 0.09203100 0.46782100
vt 0.08400000 0.43000001
vt 0.08400000 0.43200004
vt 0.08256300 0.43959600
vt 0.08200000 0.43000001
vt 0.10600000 0.94199997
vt 0.08400000 0.34399998
vt 0.08600000 0.44000000
vt 0.94199997 0.19200003
vt 0.94199997 0.19000000
vt 0.08600000 0.43799996
vt 0.09738900 0.55111802
vt 0.90206999 0.41953200
vt 0.90600002 0.42400002
vt 0.90600002 0.42199999
vt 0.97006398 0.91007203
vt 0.97600001 0.91600001
vt 0.97600001 0.91399997
vt 0.74400002 0.06000000
vt 0.96600002 0.02399999
vt 0.96799999 0.02399999
vt 0.97399998 0.02399999
vt 0.97600001 0.02399999
vt 0.93800002 0.02399999
vt 0.93987501 0.02200001
vt 0.94000000 0.02399999
vt 0.95999998 0.02399999
vt 0.96200001 0.02399999
vt 0.98199999 0.07800001
vt 0.98799998 0.03799999
vt 0.92000002 0.02399999
vt 0.92199999 0.02600002
vt 0.91000003 0.71799999
vt 0.91000003 0.71600002
vt 0.93370599 0.02200001
vt 0.93400002 0.02399999
vt 0.93199998 0.02399999
vt 0.97114998 0.10111600
vt 0.88599998 0.02999997
vt 0.90600002 0.42799997
vt 0.90600002 0.42600000
vt 0.07200000 0.81199998
vt 0.07589200 0.81282598
vt 0.07200000 0.81000000
vt 0.91799998 0.77200001
vt 0.99400097 0.05000103
vt 0.94999999 0.02399999
vt 0.94800001 0.02399999
vt 0.16400000 0.94000000
vt 0.89800000 0.61799997
vt 0.89800000 0.62000000
vt 0.89999998 0.44800001
vt 0.83999997 0.03600001
vt 0.83800000 0.03600001
vt 0.03800000 0.96799999
vt 0.97600001 0.98000002
vt 0.98062903 0.97777599
vt 0.90600002 0.64999998
vt 0.90399998 0.64800000
vt 0.90399998 0.65600002
vt 0.90399998 0.65200001
vt 0.25200000 0.07400000
vt 0.25400001 0.07400000
vt 0.73799998 0.92199999
vt 0.74000001 0.92199999
vt 0.97192901 0.89408302
vt 0.96799999 0.89800000
vt 0.96799999 0.89600003
vt 0.96600002 0.88599998
vt 0.40408999 0.08892000
vt 0.38999999 0.08800000
vt 0.38423800 0.09464502
vt 0.89399999 0.48000002
vt 0.89600003 0.52200001
vt 0.89600003 0.51999998
vt 0.89800000 0.51727301
vt 0.01000000 0.06199998
vt 0.97799999 0.98199999
vt 0.98000002 0.98000002
vt 0.93000001 0.79600000
vt 0.93000001 0.79400003
vt 0.94053602 0.82992202
vt 0.98400003 0.98199999
vt 0.98400003 0.98000002
vt 0.02200000 0.96200001
vt 0.09200000 0.61400002
vt 0.38800001 0.92199999
vt 0.38800001 0.92400002
vt 0.53200001 0.08600003
vt 0.53195399 0.08942997
vt 0.63200003 0.90799999
vt 0.63000000 0.90600002
vt 0.63200003 0.90600002
vt 0.37799999 0.92199999
vt 0.38000000 0.92199999
vt 0.04200000 0.90799999
vt 0.04200000 0.91000003
vt 0.03928900 0.91107202
vt 0.04200000 0.91200000
vt 0.06000000 0.83999997
vt 0.03800000 0.92199999
vt 0.03800000 0.92000002
vt 0.13800000 0.02999997
vt 0.03600000 0.92600000
vt 0.03800000 0.92600000
vt 0.08000000 0.72200000
vt 0.07800000 0.72200000
vt 0.21600001 0.93599999
vt 0.21600001 0.93400002
vt 0.21951801 0.92694902
vt 0.24304800 0.92912501
vt 0.31009501 0.92400002
vt 0.83119398 0.92592400
vt 0.83200002 0.93599999
vt 0.83399999 0.93599999
vt 0.04746100 0.88256299
vt 0.04800000 0.88599998
vt 0.04800000 0.88800001
vt 0.04395800 0.89041400
vt 0.46599999 0.91600001
vt 0.46599999 0.91399997
vt 0.06163300 0.96403098
vt 0.06400000 0.95800000
vt 0.06600000 0.95800000
vt 0.27000001 0.08399999
vt 0.26218101 0.08181500
vt 0.27533501 0.08913201
vt 0.08200000 0.37199998
vt 0.08079900 0.37120104
vt 0.08200000 0.68400002
vt 0.08200000 0.68158799
vt 0.08400000 0.69800001
vt 0.08400000 0.69999999
vt 0.08072000 0.70238602
vt 0.08040400 0.69800001
vt 0.84978300 0.03932399
vt 0.84200001 0.03600001
vt 0.08800000 0.58847100
vt 0.10000000 0.64600003
vt 0.09800000 0.64800000
vt 0.95800000 0.86600000
vt 0.95800000 0.86799997
vt 0.49599999 0.91047502
vt 0.41400000 0.92000002
vt 0.41200000 0.92000002
vt 0.91600001 0.76599997
vt 0.91600001 0.76800001
vt 0.10800000 0.02200001
vt 0.10600000 0.02200001
vt 0.93199998 0.21600002
vt 0.92810899 0.21455699
vt 0.93199998 0.21799999
vt 0.07000000 0.29200000
vt 0.98600000 0.94400001
vt 0.98600000 0.94199997
vt 0.91200000 0.73400003
vt 0.91200000 0.73199999
vt 0.91000003 0.72000003
vt 0.90799999 0.70599997
vt 0.90799999 0.70800000
vt 0.65799999 0.91000003
vt 0.65408897 0.91200000
vt 0.65600002 0.91000003
vt 0.05677700 0.87343502
vt 0.05400000 0.86600000
vt 0.05400000 0.86799997
vt 0.93400002 0.21399999
vt 0.93199998 0.21399999
vt 0.96600002 0.12800002
vt 0.96600002 0.12599999
vt 0.86600000 0.03399998
vt 0.90799999 0.70400000
vt 0.90799999 0.70200002
vt 0.89999998 0.62400001
vt 0.90044099 0.61755598
vt 0.89800000 0.62199998
vt 0.58200002 0.90600002
vt 0.58399999 0.90600002
vt 0.75199997 0.92199999
vt 0.75000000 0.92199999
vt 0.89600003 0.60600001
vt 0.89600003 0.60399997
vt 0.02000000 0.09600002
vt 0.02142700 0.08599800
vt 0.02000000 0.09399998
vt 0.89600003 0.60000002
vt 0.89600003 0.60200000
vt 0.89399999 0.60000002
vt 0.89399999 0.59799999
vt 0.89600003 0.61400002
vt 0.89600003 0.61199999
vt 0.94800001 0.97200000
vt 0.02200000 0.09600002
vt 0.02845100 0.10205698
vt 0.96799999 0.97799999
vt 0.08200000 0.71600002
vt 0.04800000 0.16400003
vt 0.04800000 0.16600001
vt 0.94602901 0.97589302
vt 0.94999999 0.97399998
vt 0.16800000 0.94000000
vt 0.16443400 0.94346702
vt 0.16599999 0.94000000
vt 0.97799999 0.92000002
vt 0.97799999 0.91799998
vt 0.98438799 0.92797297
vt 0.98000002 0.92400002
vt 0.98000002 0.92600000
vt 0.05600000 0.00999999
vt 0.05800000 0.01200002
vt 0.94599998 0.82999998
vt 0.64800000 0.90799999
vt 0.95200002 0.85000002
vt 0.94599998 0.83600003
vt 0.91799998 0.77399999
vt 0.73600000 0.92000002
vt 0.73084903 0.92163402
vt 0.11400000 0.02399999
vt 0.06200000 0.95800000
vt 0.05372800 0.95666200
vt 0.06200000 0.95999998
vt 0.95400000 0.85600001
vt 0.95364898 0.86853802
vt 0.95400000 0.85799998
vt 0.09200000 0.01999998
vt 0.09000000 0.01999998
vt 0.08118700 0.76603800
vt 0.07600000 0.76200002
vt 0.07600000 0.75999999
vt 0.12200000 0.02399999
vt 0.12400000 0.02399999
vt 0.12800100 0.02200103
vt 0.91200000 0.73600000
vt 0.91200000 0.73799998
vt 0.73400003 0.06400001
vt 0.73199999 0.06400001
vt 0.85799998 0.94400001
vt 0.46599999 0.91799998
vt 0.93716502 0.18768501
vt 0.01000000 0.06599998
vt 0.94199997 0.82200003
vt 0.94199997 0.82400000
vt 0.89999998 0.95800000
vt 0.89999998 0.95599997
vt 0.01600000 0.08399999
vt 0.01600000 0.08200002
vt 0.01400000 0.08649099
vt 0.01400000 0.07999998
vt 0.04710800 0.90745902
vt 0.91646099 0.02963799
vt 0.92400002 0.02600002
vt 0.04000000 0.14200002
vt 0.94199997 0.97000003
vt 0.03200000 0.11600000
vt 0.25400001 0.93000001
vt 0.25600001 0.93000001
vt 0.47999999 0.07999998
vt 0.08440100 0.38972998
vt 0.08000000 0.39800000
vt 0.49800000 0.08200002
vt 0.46200001 0.07599998
vt 0.46399999 0.07599998
vt 0.46599999 0.07800001
vt 0.46956599 0.07599998
vt 0.04200000 0.14600003
vt 0.04200000 0.14800000
vt 0.89399999 0.52600002
vt 0.12233600 0.02898598
vt 0.34400001 0.09399998
vt 0.92963499 0.80487502
vt 0.34000000 0.09399998
vt 0.37599999 0.09000003
vt 0.04800000 0.16799998
vt 0.04800000 0.17000002
vt 0.05800000 0.24599999
vt 0.05800000 0.24800003
vt 0.05600000 0.25002098
vt 0.72200000 0.91799998
vt 0.72200000 0.91600001
vt 0.81203198 0.92722303
vt 0.79799998 0.92799997
vt 0.80000001 0.92799997
vt 0.07000000 0.29799998
vt 0.07200000 0.30000001
vt 0.17800000 0.04400003
vt 0.86799997 0.03399998
vt 0.87241501 0.03663301
vt 0.87000000 0.03399998
vt 0.16004699 0.03201199
vt 0.15800001 0.03600001
vt 0.15600000 0.03600001
vt 0.16000000 0.03600001
vt 0.82999998 0.03600001
vt 0.83200002 0.03600001
vt 0.15000001 0.03200001
vt 0.15200000 0.03399998
vt 0.40799999 0.08399999
vt 0.40599999 0.08399999
vt 0.39800000 0.08600003
vt 0.38582200 0.08605897
vt 0.28200001 0.08800000
vt 0.29600000 0.09399998
vt 0.32800001 0.09399998
vt 0.31999999 0.09200001
vt 0.32200000 0.09399998
vt 0.32200000 0.09200001
vt 0.32400000 0.09200001
vt 0.07000000 0.95599997
vt 0.07070500 0.95941103
vt 0.07000000 0.95800000
vt 0.22934400 0.06146401
vt 0.23376399 0.06199998
vt 0.23000000 0.06400001
vt 0.22800000 0.06400001
vt 0.08541700 0.41826403
vt 0.08200000 0.42199999
vt 0.08200000 0.42400002
vt 0.08200000 0.36497104
vt 0.08400000 0.36399996
vt 0.08400000 0.36600000
vt 0.40957099 0.91363400
vt 0.42199999 0.91799998
vt 0.08200000 0.34992999
vt 0.08400000 0.34799999
vt 0.08400000 0.35000002
vt 0.24400000 0.06999999
vt 0.24542999 0.06714302
vt 0.08400000 0.34599996
vt 0.08109000 0.34177804
vt 0.27000001 0.08200002
vt 0.08200000 0.34000003
vt 0.65399998 0.07200003
vt 0.65391499 0.06999999
vt 0.65600002 0.07200003
vt 0.63200003 0.06999999
vt 0.03677700 0.12145299
vt 0.76599997 0.05599999
vt 0.76400000 0.05599999
vt 0.75999999 0.05799997
vt 0.75800002 0.05799997
vt 0.76200002 0.05799997
vt 0.81199998 0.04200000
vt 0.80400002 0.04400003
vt 0.80199999 0.04400003
vt 0.92200202 0.26122296
vt 0.92600000 0.23199999
vt 0.92429501 0.22571003
vt 0.92799997 0.23000002
vt 0.97799999 0.02600002
vt 0.95599997 0.02399999
vt 0.95400000 0.02399999
vt 0.92000002 0.25600004
vt 0.92000002 0.25400001
vt 0.04850900 0.14940900
vt 0.92600000 0.02600002
vt 0.92799997 0.02600002
vt 0.91000003 0.02600002
vt 0.90799999 0.02600002
vt 0.91200000 0.02600002
vt 0.02400000 0.01599997
vt 0.03400000 0.12599999
vt 0.03600000 0.12599999
vt 0.60000002 0.90600002
vt 0.60200000 0.90600002
vt 0.44000000 0.91799998
vt 0.43799999 0.91799998
vt 0.93000001 0.02399999
vt 0.93000001 0.02600002
vt 0.94599998 0.02399999
vt 0.94400001 0.02399999
vt 0.08200000 0.38199997
vt 0.97599900 0.11000001
vt 0.97399998 0.10799998
vt 0.97969103 0.09891701
vt 0.90439802 0.72198099
vt 0.80599999 0.04400003
vt 0.97000003 0.11600000
vt 0.35600001 0.92000002
vt 0.36121500 0.91684401
vt 0.35400000 0.92000002
vt 0.97200000 0.11199999
vt 0.97200000 0.11000001
vt 0.81000000 0.93000001
vt 0.80800003 0.93000001
vt 0.66737300 0.90935099
vt 0.03400000 0.93000001
vt 0.99199998 0.05400002
vt 0.99199998 0.06000000
vt 0.98400003 0.07400000
vt 0.98761201 0.07716000
vt 0.98400003 0.07599998
vt 0.07600000 0.95599997
vt 0.07600000 0.95400000
vt 0.91158497 0.26801801
vt 0.92000002 0.25999999
vt 0.92000002 0.25800002
vt 0.90399998 0.64399999
vt 0.90399998 0.64600003
vt 0.90399998 0.63999999
vt 0.90399998 0.63800001
vt 0.42066401 0.08550298
vt 0.41200000 0.08399999
vt 0.99000001 0.97600001
vt 0.99199998 0.97399998
vt 0.99199998 0.97000003
vt 0.70986700 0.07653499
vt 0.71200001 0.06999999
vt 0.70999998 0.06999999
vt 0.55926698 0.08928502
vt 0.56199998 0.08399999
vt 0.56000000 0.08399999
vt 0.02600000 0.95599997
vt 0.02400000 0.95800000
vt 0.24200000 0.93199998
vt 0.23999999 0.93199998
vt 0.23999999 0.93400002
vt 0.34000000 0.92199999
vt 0.34200001 0.92000002
vt 0.34200001 0.92199999
vt 0.34599999 0.92000002
vt 0.34799999 0.92199999
vt 0.34599999 0.92199999
vt 0.34799999 0.92000002
vt 0.05000000 0.96399999
vt 0.05200000 0.96399999
vt 0.18202400 0.04903501
vt 0.17600000 0.04400003
vt 0.18934500 0.93941599
vt 0.19400001 0.93599999
vt 0.19599999 0.93599999
vt 0.05627500 0.96600002
vt 0.05800000 0.96200001
vt 0.06000000 0.96200001
vt 0.04400000 0.90600002
vt 0.04808800 0.89906502
vt 0.55000001 0.90600002
vt 0.54799998 0.90600002
vt 0.04200000 0.90600002
vt 0.90399998 0.64200002
vt 0.95200002 0.02399999
vt 0.04800000 0.88999999
vt 0.04800000 0.89200002
vt 0.04600000 0.89200002
vt 0.74800003 0.06000000
vt 0.32600001 0.92199999
vt 0.31799999 0.92199999
vt 0.02800000 0.94199997
vt 0.02800000 0.94000000
vt 0.03000000 0.94000000
vt 0.06200000 0.83399999
vt 0.43000001 0.91799998
vt 0.42800000 0.91799998
vt 0.38800001 0.08800000
vt 0.08000000 0.72600001
vt 0.07800000 0.72600001
vt 0.07600000 0.76599997
vt 0.07600000 0.76800001
vt 0.07400000 0.76538497
vt 0.07494300 0.75705701
vt 0.07600000 0.75800002
vt 0.08000000 0.79400003
vt 0.07800000 0.78992301
vt 0.08000000 0.79200000
vt 0.20000000 0.93400002
vt 0.20200001 0.93400002
vt 0.20028000 0.93775398
vt 0.05200000 0.87599999
vt 0.05400000 0.87400001
vt 0.98799998 0.95400000
vt 0.05600000 0.85799998
vt 0.05600000 0.86000001
vt 0.05345900 0.85997999
vt 0.62599999 0.06999999
vt 0.01400000 0.07599998
vt 0.01400000 0.07800001
vt 0.09000000 0.66200000
vt 0.08400000 0.68599999
vt 0.08200000 0.68599999
vt 0.89600003 0.61000001
vt 0.08424900 0.66682500
vt 0.08600000 0.67000002
vt 0.08000000 0.71132398
vt 0.08200000 0.71399999
vt 0.08200000 0.70999998
vt 0.08200000 0.70800000
vt 0.08400000 0.70200002
vt 0.08400000 0.69599998
vt 0.09200000 0.51400000
vt 0.09200000 0.51599997
vt 0.09000000 0.58999997
vt 0.09000000 0.59200001
vt 0.08800000 0.59200001
vt 0.34999999 0.92199999
vt 0.56400001 0.08399999
vt 0.09000000 0.59799999
vt 0.09000000 0.59600002
vt 0.08800000 0.59600002
vt 0.03200000 0.12400001
vt 0.03400000 0.12400001
vt 0.24600001 0.06999999
vt 0.24800000 0.07200003
vt 0.41600001 0.92000002
vt 0.09200000 0.50199997
vt 0.69599998 0.91600001
vt 0.69800001 0.91399997
vt 0.55400002 0.90600002
vt 0.55144101 0.90839398
vt 0.55199999 0.90600002
vt 0.91000003 0.38199997
vt 0.62199998 0.90600002
vt 0.62400001 0.90600002
vt 0.62514299 0.90799999
vt 0.61954302 0.90799999
vt 0.62599999 0.90600002
vt 0.60014898 0.90799999
vt 0.60399997 0.90600002
vt 0.91200000 0.74199998
vt 0.91200000 0.74000001
vt 0.93599999 0.80800003
vt 0.90399998 0.43200004
vt 0.90600002 0.69199997
vt 0.90600002 0.66799998
vt 0.90600002 0.67000002
vt 0.90799999 0.02800000
vt 0.89600003 0.52399999
vt 0.09600000 0.46799999
vt 0.13488001 0.50500500
vt 0.10161800 0.47323900
vt 0.09200000 0.55199999
vt 0.09000000 0.55000001
vt 0.89800000 0.61600000
vt 0.95200002 0.97399998
vt 0.89600003 0.51599997
vt 0.89600003 0.51800001
vt 0.91600001 0.76999998
vt 0.94000000 0.97000003
vt 0.98800099 0.93800098
vt 0.98400003 0.93199998
vt 0.98400003 0.93400002
vt 0.90200001 0.34799999
vt 0.98799998 0.94191003
vt 0.84200001 0.94000000
vt 0.83204401 0.93976498
vt 0.82999998 0.93599999
vt 0.82599998 0.93400002
vt 0.82800001 0.93599999
vt 0.89235401 0.60990298
vt 0.93599999 0.81000000
vt 0.93800002 0.81199998
vt 0.93637902 0.81474400
vt 0.96399999 0.88200003
vt 0.96200001 0.88000000
vt 0.96289098 0.89045101
vt 0.97399998 0.90799999
vt 0.97399998 0.91000003
vt 0.95200002 0.85200000
vt 0.76599997 0.92199999
vt 0.76599997 0.92400002
vt 0.76999998 0.92400002
vt 0.76871997 0.92600000
vt 0.76800001 0.92400002
vt 0.78600001 0.92600000
vt 0.78799999 0.92600000
vt 0.78102899 0.92797202
vt 0.08800000 0.01999998
vt 0.71799999 0.91600001
vt 0.71600002 0.91399997
vt 0.05400000 0.00999999
vt 0.28000000 0.92400002
vt 0.28200001 0.92400002
vt 0.11200000 0.02399999
vt 0.11000000 0.02399999
vt 0.55400002 0.08600003
vt 0.17199001 0.03399700
vt 0.01000000 0.06400001
vt 0.10395900 0.94599998
vt 0.02400000 0.10200000
vt 0.02200000 0.10399997
vt 0.02200000 0.10200000
vt 0.02400000 0.10399997
vt 0.02600000 0.10799998
vt 0.02600000 0.10600001
vt 0.78526598 0.05746001
vt 0.02000000 0.09200001
vt 0.01800000 0.09591198
vt 0.45600000 0.91799998
vt 0.94199997 0.02399999
vt 0.03600000 0.12800002
vt 0.03235900 0.12723398
vt 0.47600001 0.07800001
vt 0.47600001 0.07599998
vt 0.47400001 0.07800001
vt 0.46799999 0.07800001
vt 0.27599999 0.08399999
vt 0.27399999 0.08399999
vt 0.62599999 0.07200003
vt 0.61600000 0.07400000
vt 0.61215001 0.06999999
vt 0.93386501 0.20091099
vt 0.93599999 0.20800000
vt 0.51999998 0.08399999
vt 0.09200000 0.61000001
vt 0.97600001 0.91000003
vt 0.89519101 0.03310198
vt 0.87800002 0.03200001
vt 0.91799998 0.26800001
vt 0.42199999 0.08200002
vt 0.06000000 0.84200001
vt 0.05000000 0.17000002
vt 0.05000000 0.17199999
vt 0.06400000 0.27999997
vt 0.06200000 0.27476299
vt 0.06400000 0.27800000
vt 0.89600003 0.60799998
vt 0.06400000 0.27600002
vt 0.06400000 0.27399999
vt 0.06400000 0.28997201
vt 0.06600000 0.28799999
vt 0.06600000 0.28999996
vt 0.06629200 0.29402900
vt 0.06800000 0.28999996
vt 0.05800000 0.24400002
vt 0.05600000 0.24202299
vt 0.06200000 0.26600003
vt 0.06200000 0.26400000
vt 0.06200000 0.25800002
vt 0.06200000 0.25600004
vt 0.05800000 0.25400001
vt 0.06000000 0.26540196
vt 0.05000000 0.18199998
vt 0.05200000 0.18199998
vt 0.05000000 0.18000001
vt 0.05200000 0.19000000
vt 0.05000000 0.18799996
vt 0.05200000 0.21638900
vt 0.05400000 0.21799999
vt 0.05400000 0.21600002
vt 0.17399999 0.04200000
vt 0.08000000 0.41958100
vt 0.08200000 0.41600001
vt 0.08200000 0.41799998
vt 0.16200000 0.03799999
vt 0.16599999 0.03399998
vt 0.16400000 0.03799999
vt 0.88599998 0.95400000
vt 0.40400001 0.08399999
vt 0.05000000 0.87800002
vt 0.05000000 0.88000000
vt 0.39600000 0.08600003
vt 0.31593901 0.09731400
vt 0.33597401 0.09569001
vt 0.37799999 0.09000003
vt 0.96600002 0.13199997
vt 0.96399999 0.13199997
vt 0.28799999 0.09000003
vt 0.28999999 0.09200001
vt 0.09400000 0.65600002
vt 0.29800001 0.09399998
vt 0.21600001 0.05799997
vt 0.21799999 0.06000000
vt 0.20800000 0.93599999
vt 0.20800000 0.93400002
vt 0.25799999 0.07599998
vt 0.25600001 0.07599998
vt 0.26007399 0.07138097
vt 0.25600001 0.07400000
vt 0.05200000 0.19800001
vt 0.22600000 0.06199998
vt 0.21242000 0.06169200
vt 0.22600000 0.06400001
vt 0.62928700 0.90173799
vt 0.08000000 0.38999999
vt 0.08000000 0.38800001
vt 0.07800000 0.39914799
vt 0.08000000 0.33000004
vt 0.08000000 0.33200002
vt 0.07800000 0.33000004
vt 0.07798800 0.33471400
vt 0.08000000 0.32800001
vt 0.07800000 0.32800001
vt 0.08200000 0.33599997
vt 0.08200000 0.33800000
vt 0.08000000 0.33399999
vt 0.50800002 0.08399999
vt 0.50599998 0.08399999
vt 0.69800001 0.07400000
vt 0.65049100 0.07072902
vt 0.64800000 0.07200003
vt 0.64800000 0.06999999
vt 0.63599998 0.06999999
vt 0.63599998 0.07200003
vt 0.63245398 0.07632798
vt 0.08970800 0.67817098
vt 0.97600001 0.91200000
vt 0.65799999 0.07200003
vt 0.66000003 0.07200003
vt 0.91149497 0.95510399
vt 0.91200000 0.95999998
vt 0.91399997 0.96200001
vt 0.81746203 0.03526902
vt 0.81999999 0.03799999
vt 0.81800002 0.04000002
vt 0.05800000 0.85399997
vt 0.05800000 0.85200000
vt 0.43399999 0.07999998
vt 0.43599999 0.07800001
vt 0.81400001 0.04000002
vt 0.81400001 0.04200000
vt 0.94137800 0.02828801
vt 0.77449501 0.05943203
vt 0.76999998 0.05599999
vt 0.80000001 0.04600000
vt 0.79799998 0.04600000
vt 0.80000001 0.04200000
vt 0.08200000 0.71200001
vt 0.16599999 0.03799999
vt 0.07600000 0.76400000
vt 0.91600001 0.27399999
vt 0.91600001 0.27600002
vt 0.98400003 0.03200001
vt 0.14800000 0.94599998
vt 0.93599999 0.02399999
vt 0.90309203 0.69611698
vt 0.09000000 0.94999999
vt 0.97600001 0.10200000
vt 0.97399998 0.10399997
vt 0.09000000 0.55291200
vt 0.09200000 0.55400002
vt 0.08000000 0.39600003
vt 0.85200000 0.03399998
vt 0.89399999 0.02800000
vt 0.89399999 0.02999997
vt 0.91600001 0.31400096
vt 0.91200000 0.31799996
vt 0.91200000 0.31599998
vt 0.91200000 0.31999999
vt 0.91399997 0.31200004
vt 0.91399997 0.31000000
vt 0.91399997 0.31400001
vt 0.94315302 0.17470098
vt 0.90710300 0.30308104
vt 0.91600001 0.28799999
vt 0.91600001 0.28600001
vt 0.91399997 0.30799997
vt 0.89004701 0.57362902
vt 0.89200002 0.56999999
vt 0.98747599 0.96989399
vt 0.91200000 0.39770496
vt 0.91000003 0.40200001
vt 0.90799999 0.40999997
vt 0.90799999 0.40799999
vt 0.91200000 0.38927996
vt 0.91000003 0.38800001
vt 0.91200000 0.38268101
vt 0.91000003 0.32599998
vt 0.28000000 0.08800000
vt 0.96200001 0.13800001
vt 0.95999998 0.13999999
vt 0.95896500 0.13542497
vt 0.96601802 0.13785398
vt 0.82800001 0.03600001
vt 0.82599998 0.03600001
vt 0.98799998 0.04400003
vt 0.05800000 0.24199998
vt 0.99199998 0.06199998
vt 0.99000001 0.06400001
vt 0.89600003 0.47200000
vt 0.89399999 0.47399998
vt 0.34799999 0.09200001
vt 0.35270500 0.09652901
vt 0.34999999 0.09200001
vt 0.86199999 0.94400001
vt 0.33399999 0.92000002
vt 0.33600000 0.92199999
vt 0.33399999 0.92199999
vt 0.33199999 0.92199999
vt 0.94599998 0.18000001
vt 0.94599998 0.17799997
vt 0.04600000 0.15999997
vt 0.34156501 0.91681099
vt 0.92799997 0.79400003
vt 0.92799997 0.79200000
vt 0.37000000 0.92199999
vt 0.36800000 0.92199999
vt 0.06218000 0.84994501
vt 0.06000000 0.84399998
vt 0.98600000 0.06999999
vt 0.04800000 0.96399999
vt 0.04600000 0.96600002
vt 0.15462300 0.94580001
vt 0.15200000 0.94199997
vt 0.15400000 0.94400001
vt 0.15600000 0.94199997
vt 0.90799999 0.41200000
vt 0.05800000 0.84799999
vt 0.05800000 0.85000002
vt 0.05410600 0.85185301
vt 0.02354000 0.94687802
vt 0.02800000 0.94400001
vt 0.02609700 0.93790299
vt 0.03000000 0.93599999
vt 0.03000000 0.93800002
vt 0.07800000 0.72799999
vt 0.08000000 0.73000002
vt 0.07800000 0.73000002
vt 0.08000000 0.73400003
vt 0.07800000 0.73199999
vt 0.07800000 0.73400003
vt 0.07800000 0.77200001
vt 0.07800000 0.77399999
vt 0.07800000 0.75599998
vt 0.07800000 0.75800002
vt 0.07200000 0.30199999
vt 0.07731300 0.30458599
vt 0.96076500 0.96874601
vt 0.95599997 0.97600001
vt 0.95800000 0.97600001
vt 0.20400000 0.93599999
vt 0.20600000 0.93400002
vt 0.20600000 0.93599999
vt 0.05000000 0.88400000
vt 0.05400000 0.86400002
vt 0.21400000 0.93599999
vt 0.98600000 0.03200001
vt 0.98199999 0.08399999
vt 0.08800000 0.66399997
vt 0.36399999 0.09200001
vt 0.60399997 0.07599998
vt 0.09000000 0.57400000
vt 0.08800000 0.57200003
vt 0.08800000 0.57400000
vt 0.08965300 0.59399998
vt 0.76800001 0.05599999
vt 0.76978999 0.05877298
vt 0.10000000 0.63999999
vt 0.10200000 0.63999999
vt 0.13118000 0.94800001
vt 0.74199998 0.92000002
vt 0.09200000 0.54400003
vt 0.09000000 0.54200000
vt 0.09000000 0.54401702
vt 0.09000000 0.55800003
vt 0.09200000 0.55800003
vt 0.96161097 0.88723701
vt 0.96600002 0.88800001
vt 0.40799999 0.92000002
vt 0.40200001 0.92000002
vt 0.70226097 0.91159999
vt 0.55599999 0.90600002
vt 0.07400000 0.31200004
vt 0.07600000 0.31200004
vt 0.65399998 0.91000003
vt 0.65399998 0.90799999
vt 0.59600002 0.90600002
vt 0.59244603 0.90975899
vt 0.59399998 0.90600002
vt 0.23800001 0.06800002
vt 0.23800001 0.06599998
vt 0.59799999 0.90600002
vt 0.17200001 0.04200000
vt 0.17200001 0.04000002
vt 0.98199999 0.08600003
vt 0.64600003 0.90799999
vt 0.91399997 0.75400001
vt 0.31400001 0.92199999
vt 0.31600001 0.92199999
vt 0.90600002 0.66600001
vt 0.90600002 0.66399997
vt 0.90600002 0.66200000
vt 0.90399998 0.66200000
vt 0.03800000 0.13400000
vt 0.08200000 0.33399999
vt 0.98199999 0.92799997
vt 0.98199999 0.93000001
vt 0.25999999 0.07599998
vt 0.02800000 0.95400000
vt 0.02800000 0.95200002
vt 0.95400000 0.97600001
vt 0.95681202 0.97949100
vt 0.95200002 0.97600001
vt 0.78799999 0.05000001
vt 0.79000002 0.05000001
vt 0.92799997 0.22600001
vt 0.98199999 0.93199998
vt 0.95599997 0.86000001
vt 0.95400000 0.86000001
vt 0.97399998 0.90600002
vt 0.97608900 0.90430099
vt 0.09000000 0.50038397
vt 0.98600000 0.93800002
vt 0.98400003 0.93599999
vt 0.05000000 0.88200003
vt 0.83600003 0.93800002
vt 0.83800000 0.93800002
vt 0.84200197 0.94199997
vt 0.89600003 0.95599997
vt 0.89069599 0.95744002
vt 0.89399999 0.95599997
vt 0.89617503 0.95977902
vt 0.90600002 0.95999998
vt 0.90399998 0.95999998
vt 0.90399998 0.95800000
vt 0.55800003 0.90799999
vt 0.55800003 0.90600002
vt 0.90200001 0.95800000
vt 0.97200000 0.90399998
vt 0.97200000 0.10799998
vt 0.92400002 0.96399999
vt 0.92600000 0.96600002
vt 0.92199999 0.96399999
vt 0.06200000 0.26199996
vt 0.05443400 0.17254001
vt 0.96200001 0.87800002
vt 0.65690601 0.90569299
vt 0.64285398 0.90422100
vt 0.95800000 0.14399999
vt 0.95800000 0.14600003
vt 0.75800002 0.92199999
vt 0.75800002 0.92400002
vt 0.79000002 0.92799997
vt 0.78399998 0.92400002
vt 0.73199999 0.92000002
vt 0.73000002 0.91799998
vt 0.73400003 0.92000002
vt 0.74800003 0.92199999
vt 0.74763602 0.92400002
vt 0.74599999 0.92199999
vt 0.70400000 0.91399997
vt 0.70400000 0.91600001
vt 0.70999998 0.91600001
vt 0.70800000 0.91399997
vt 0.70800000 0.91600001
vt 0.71399999 0.91399997
vt 0.71399999 0.91600001
vt 0.72000003 0.91600001
vt 0.71619302 0.91773403
vt 0.10162500 0.62083602
vt 0.09200000 0.61199999
vt 0.09400000 0.01999998
vt 0.10000000 0.02200001
vt 0.10200000 0.02200001
vt 0.04200000 0.14200002
vt 0.04000000 0.14397401
vt 0.04200000 0.14399999
vt 0.03800000 0.13199997
vt 0.95800000 0.02399999
vt 0.47200000 0.07800001
vt 0.90600002 0.36800003
vt 0.90600002 0.37000000
vt 0.90600002 0.41999996
vt 0.60498703 0.07833201
vt 0.60799998 0.07400000
vt 0.61000001 0.07400000
vt 0.58800000 0.07999998
vt 0.91816598 0.78436202
vt 0.92000002 0.77600002
vt 0.91799998 0.77600002
vt 0.02800000 0.95599997
vt 0.35200000 0.09200001
vt 0.33600000 0.09399998
vt 0.41800001 0.08200002
vt 0.93800002 0.81400001
vt 0.89800000 0.02800000
vt 0.89999998 0.02800000
vt 0.42800000 0.07999998
vt 0.02800000 0.94599998
vt 0.43000001 0.07999998
vt 0.08000000 0.78799999
vt 0.08000000 0.79000002
vt 0.46919000 0.08300698
vt 0.44800001 0.07800001
vt 0.05200000 0.17799997
vt 0.05000000 0.17799997
vt 0.07200000 0.30400002
vt 0.05600000 0.24000001
vt 0.05800000 0.23800004
vt 0.05600000 0.23800004
vt 0.90799999 0.33000004
vt 0.05400000 0.23515999
vt 0.05600000 0.23399997
vt 0.05600000 0.23600000
vt 0.06137700 0.23415500
vt 0.05800000 0.23399997
vt 0.05819500 0.25993699
vt 0.06400000 0.27200001
vt 0.06001700 0.27198100
vt 0.06200000 0.26999998
vt 0.05200000 0.20200002
vt 0.05200000 0.19999999
vt 0.06600000 0.28200001
vt 0.06200000 0.28398001
vt 0.06400000 0.28200001
vt 0.41400000 0.08200002
vt 0.38600001 0.09000003
vt 0.08520600 0.72455001
vt 0.38200000 0.09000003
vt 0.38400000 0.09000003
vt 0.05703100 0.19911599
vt 0.27200001 0.08399999
vt 0.27208501 0.08004302
vt 0.23199999 0.06599998
vt 0.22200000 0.06199998
vt 0.22200000 0.06000000
vt 0.04600000 0.16400003
vt 0.08000000 0.38400000
vt 0.26400000 0.07800001
vt 0.26400000 0.07999998
vt 0.26199999 0.07800001
vt 0.06221700 0.01744097
vt 0.26397601 0.07597601
vt 0.25000000 0.07200003
vt 0.64600003 0.06999999
vt 0.64399999 0.07200003
vt 0.64158899 0.06999999
vt 0.09600000 0.47000003
vt 0.08200000 0.42600000
vt 0.08000000 0.42800498
vt 0.08200000 0.42799997
vt 0.08200000 0.41999996
vt 0.08600000 0.36399996
vt 0.84905100 0.94373000
vt 0.09400000 0.50000000
vt 0.09400000 0.50199997
vt 0.07600000 0.31599998
vt 0.07400000 0.31889999
vt 0.07400000 0.31604898
vt 0.08000000 0.39199996
vt 0.95599997 0.86199999
vt 0.95599997 0.86400002
vt 0.08600000 0.34599996
vt 0.72399998 0.06599998
vt 0.72600001 0.06400001
vt 0.73199999 0.06000000
vt 0.73000002 0.06400001
vt 0.72799999 0.06400001
vt 0.64200002 0.07200003
vt 0.91600001 0.27999997
vt 0.91600001 0.28200001
vt 0.67400002 0.07400000
vt 0.89326698 0.45625699
vt 0.75000000 0.06000000
vt 0.74599999 0.06000000
vt 0.79600000 0.04600000
vt 0.47000000 0.07800001
vt 0.91600001 0.28999996
vt 0.04200000 0.91399997
vt 0.45400000 0.07800001
vt 0.44103500 0.08175898
vt 0.45600000 0.07800001
vt 0.90799999 0.71399999
vt 0.45800000 0.91799998
vt 0.45800000 0.91600001
vt 0.98600000 0.07200003
vt 0.98600000 0.07400000
vt 0.96689701 0.13287103
vt 0.96200001 0.13600004
vt 0.96200001 0.13400000
vt 0.87599999 0.03200001
vt 0.26800001 0.07999998
vt 0.89600003 0.02800000
vt 0.08508100 0.40509999
vt 0.08200000 0.40999997
vt 0.90799999 0.33399999
vt 0.90600002 0.33599997
vt 0.90600002 0.41400003
vt 0.91799998 0.26600003
vt 0.91000003 0.39399999
vt 0.91000003 0.39199996
vt 0.91000003 0.38999999
vt 0.91199702 0.37599504
vt 0.03600000 0.96799999
vt 0.91600001 0.29799998
vt 0.91399997 0.30000001
vt 0.64800000 0.91000003
vt 0.95999998 0.14200002
vt 0.14380699 0.94809198
vt 0.46000001 0.91600001
vt 0.83399999 0.03600001
vt 0.82400000 0.03600001
vt 0.82200003 0.03799999
vt 0.09400000 0.94800001
vt 0.09600000 0.94599998
vt 0.83600003 0.03600001
vt 0.06600000 0.28600001
vt 0.94599903 0.18800104
vt 0.94400001 0.19200003
vt 0.94199997 0.18799996
vt 0.94199997 0.18599999
vt 0.94400001 0.18599999
vt 0.94000000 0.19400001
vt 0.94000000 0.19200003
vt 0.94000000 0.19599998
vt 0.99000001 0.04600000
vt 0.96600002 0.89200002
vt 0.96799999 0.89399999
vt 0.25200000 0.93000001
vt 0.28600001 0.92400002
vt 0.29379901 0.91940099
vt 0.28400001 0.92400002
vt 0.08200000 0.41400003
vt 0.35600001 0.92199999
vt 0.35400000 0.92199999
vt 0.37599999 0.92199999
vt 0.05400000 0.21200001
vt 0.13844600 0.94800001
vt 0.14200000 0.94599998
vt 0.11600000 0.94599998
vt 0.11800000 0.94599998
vt 0.08200000 0.37800002
vt 0.08200000 0.38000000
vt 0.05800000 0.84600002
vt 0.57471597 0.08661002
vt 0.26600000 0.92799997
vt 0.99000001 0.05199999
vt 0.07200000 0.80800003
vt 0.82323903 0.93742198
vt 0.07800000 0.77600002
vt 0.07800000 0.75199997
vt 0.07600000 0.75199997
vt 0.07800000 0.74000001
vt 0.07800000 0.74199998
vt 0.97799999 0.91600001
vt 0.19800000 0.93599999
vt 0.72000003 0.06599998
vt 0.71879798 0.07093900
vt 0.72200000 0.06599998
vt 0.16200000 0.94199997
vt 0.17800000 0.94000000
vt 0.17800000 0.93800002
vt 0.18400000 0.93800002
vt 0.27399999 0.92600000
vt 0.27599999 0.92600000
vt 0.02400000 0.95999998
vt 0.08200000 0.69599998
vt 0.08200000 0.69400001
vt 0.97400302 0.11600000
vt 0.90799999 0.33200002
vt 0.07600000 0.31400001
vt 0.04608100 0.01274002
vt 0.09400000 0.62000000
vt 0.09400000 0.62199998
vt 0.26600000 0.07999998
vt 0.09623400 0.63432300
vt 0.08228000 0.79987597
vt 0.07800000 0.80000001
vt 0.07800000 0.80199999
vt 0.09200000 0.53200001
vt 0.09000000 0.55599999
vt 0.63400000 0.90799999
vt 0.38200000 0.92400002
vt 0.44879800 0.91860700
vt 0.46799999 0.91600001
vt 0.42399999 0.92000002
vt 0.42600000 0.91799998
vt 0.42667300 0.92000002
vt 0.31200001 0.09399998
vt 0.31597099 0.09321499
vt 0.61400002 0.07400000
vt 0.61199999 0.07400000
vt 0.95400000 0.85399997
vt 0.86000001 0.03399998
vt 0.85799998 0.03399998
vt 0.67600000 0.91399997
vt 0.67799997 0.91399997
vt 0.66659302 0.91600001
vt 0.54106897 0.91000003
vt 0.89600003 0.47000003
vt 0.98799998 0.95200002
vt 0.93996000 0.20402300
vt 0.95400000 0.85200000
vt 0.65200001 0.91000003
vt 0.66399997 0.91200000
vt 0.65997100 0.91399997
vt 0.66200000 0.91200000
vt 0.66799998 0.91399997
vt 0.67000002 0.91399997
vt 0.59200001 0.90600002
vt 0.91859698 0.24527901
vt 0.92400002 0.24000001
vt 0.92400002 0.23800004
vt 0.91600001 0.96200001
vt 0.91399997 0.75599998
vt 0.05600000 0.96200001
vt 0.90600002 0.68199998
vt 0.84322900 0.60985202
vt 0.86485302 0.64908803
vt 0.98819101 0.05644202
vt 0.04839200 0.89787900
vt 0.05233100 0.89085698
vt 0.89200002 0.56599998
vt 0.89399999 0.59600002
vt 0.95999998 0.97799999
vt 0.93800002 0.97000003
vt 0.93599999 0.97000003
vt 0.81999999 0.93400002
vt 0.82200003 0.93400002
vt 0.81800002 0.93400002
vt 0.15800001 0.94199997
vt 0.82400000 0.93400002
vt 0.89800000 0.95599997
vt 0.08800000 0.95200002
vt 0.08600000 0.95200002
vt 0.89200002 0.95599997
vt 0.88999999 0.95400000
vt 0.67400002 0.91399997
vt 0.87800002 0.94999999
vt 0.87086999 0.95152599
vt 0.87599999 0.94999999
vt 0.88800001 0.95400000
vt 0.88404298 0.95599997
vt 0.97200000 0.90200001
vt 0.22800000 0.93199998
vt 0.06800000 0.95800000
vt 0.20600000 0.05400002
vt 0.93000001 0.96600002
vt 0.92682600 0.96930200
vt 0.92799997 0.96600002
vt 0.93556899 0.96431899
vt 0.08251500 0.76307702
vt 0.96200001 0.87599999
vt 0.92199999 0.78200001
vt 0.95200002 0.16400003
vt 0.95200002 0.16600001
vt 0.19000000 0.93599999
vt 0.97799999 0.09000003
vt 0.97799999 0.09200001
vt 0.18600000 0.04799998
vt 0.18600000 0.04600000
vt 0.80306101 0.93155700
vt 0.79116899 0.93000001
vt 0.90799999 0.95800000
vt 0.90799999 0.95999998
vt 0.78200001 0.92600000
vt 0.79200000 0.92799997
vt 0.81599998 0.93199998
vt 0.81010097 0.93394399
vt 0.94999999 0.84799999
vt 0.70599997 0.91443503
vt 0.66201299 0.07642102
vt 0.77200001 0.92400002
vt 0.12800001 0.02600002
vt 0.13000000 0.02600002
vt 0.04400000 0.15200001
vt 0.04600000 0.15399998
vt 0.89078701 0.53424400
vt 0.04600000 0.15799999
vt 0.04600000 0.15600002
vt 0.91199702 0.32800400
vt 0.08580000 0.95599997
vt 0.08200000 0.95400000
vt 0.08400000 0.95200002
vt 0.07200000 0.95599997
vt 0.07400000 0.95599997
vt 0.74266201 0.91710597
vt 0.08200000 0.37599999
vt 0.08200000 0.37400001
vt 0.06000000 0.95999998
vt 0.59799999 0.07599998
vt 0.50000000 0.08200002
vt 0.50199997 0.08200002
vt 0.90200001 0.36000001
vt 0.36000001 0.09200001
vt 0.90399998 0.34399998
vt 0.90200001 0.34599996
vt 0.38000000 0.09000003
vt 0.96200001 0.97799999
vt 0.65200001 0.06999999
vt 0.41600001 0.08200002
vt 0.20400000 0.05400002
vt 0.15602800 0.93801999
vt 0.05800000 0.25000000
vt 0.92152601 0.23038399
vt 0.09614100 0.45354301
vt 0.07400000 0.80599999
vt 0.95998800 0.15201402
vt 0.95599997 0.15200001
vt 0.95800000 0.15200001
vt 0.19400001 0.05000001
vt 0.19599999 0.05000001
vt 0.19200000 0.05000001
vt 0.27599999 0.08600003
vt 0.27800000 0.08600003
vt 0.48101699 0.90768600
vt 0.58999997 0.90600002
vt 0.22400001 0.06199998
vt 0.92199999 0.78399998
vt 0.23801300 0.06401801
vt 0.07600000 0.32703698
vt 0.07800000 0.32599998
vt 0.36201400 0.92392701
vt 0.94999999 0.17000002
vt 0.95400000 0.16799998
vt 0.71399999 0.06800002
vt 0.69599998 0.07400000
vt 0.73799998 0.06199998
vt 0.71799999 0.06599998
vt 0.09400000 0.62400001
vt 0.63800001 0.06999999
vt 0.58600003 0.07999998
vt 0.12800001 0.94599998
vt 0.12600000 0.94599998
vt 0.66200000 0.07200003
vt 0.66399997 0.07400000
vt 0.81599998 0.04000002
vt 0.77399999 0.05400002
vt 0.92000002 0.26199996
vt 0.90600002 0.33800000
vt 0.08000000 0.39399999
vt 0.90399998 0.36399996
vt 0.90957099 0.36714196
vt 0.90399998 0.36600000
vt 0.06800000 0.82400000
vt 0.06414000 0.81986302
vt 0.90200001 0.02800000
vt 0.19200000 0.93599999
vt 0.09000000 0.60000002
vt 0.97133702 0.12197697
vt 0.96799999 0.12000000
vt 0.23400000 0.93400002
vt 0.28000000 0.08600003
vt 0.88000000 0.03200001
vt 0.87199998 0.03200001
vt 0.87400001 0.03200001
vt 0.87000000 0.03200001
vt 0.02600000 0.10399997
vt 0.07800000 0.31799996
vt 0.07600000 0.31799996
vt 0.91000003 0.37800002
vt 0.90799999 0.38000000
vt 0.91000003 0.38000000
vt 0.89600003 0.51200002
vt 0.89600003 0.51400000
vt 0.92799997 0.22399998
vt 0.92600000 0.22600001
vt 0.58672601 0.08421499
vt 0.93594098 0.21617603
vt 0.59200001 0.07800001
vt 0.92400002 0.24199998
vt 0.92199999 0.24599999
vt 0.85399997 0.03399998
vt 0.85600001 0.03399998
vt 0.09200000 0.60399997
vt 0.09000000 0.60200000
vt 0.69400001 0.07400000
vt 0.95599997 0.15600002
vt 0.95603299 0.16390002
vt 0.95599997 0.15799999
vt 0.89999998 0.44999999
vt 0.92199999 0.24800003
vt 0.58211899 0.90799999
vt 0.60799998 0.90600002
vt 0.60538697 0.90118301
vt 0.60600001 0.90600002
vt 0.94400001 0.82999998
vt 0.36199999 0.92000002
vt 0.36000001 0.92199999
vt 0.05600000 0.22600001
vt 0.13600001 0.94599998
vt 0.13400000 0.94599998
vt 0.04000000 0.91600001
vt 0.93988597 0.85269803
vt 0.04400000 0.89999998
vt 0.04600000 0.89399999
vt 0.19800000 0.05199999
vt 0.06600000 0.82599998
vt 0.06600000 0.82800001
vt 0.07200000 0.81400001
vt 0.07600000 0.80400002
vt 0.08000000 0.78600001
vt 0.07400000 0.80800003
vt 0.07600000 0.75400001
vt 0.07800000 0.74400002
vt 0.79600000 0.92799997
vt 0.07800000 0.78399998
vt 0.54600000 0.90799999
vt 0.54400003 0.90799999
vt 0.05600000 0.86199999
vt 0.17000000 0.94000000
vt 0.17211300 0.94188702
vt 0.17200001 0.94000000
vt 0.88983101 0.48579001
vt 0.72225499 0.92000002
vt 0.72399998 0.91799998
vt 0.99199998 0.97200000
vt 0.09600000 0.62599999
vt 0.09600000 0.62800002
vt 0.09400000 0.62999600
vt 0.09400000 0.62599999
vt 0.09600000 0.63000000
vt 0.30346799 0.92194903
vt 0.30199999 0.92400002
vt 0.47400001 0.91200000
vt 0.47200000 0.91399997
vt 0.46203300 0.91799998
vt 0.44600001 0.91600001
vt 0.44800001 0.91600001
vt 0.44200000 0.91799998
vt 0.44400001 0.91799998
vt 0.44025001 0.92000002
vt 0.41999999 0.91799998
vt 0.09412000 0.31778800
vt 0.41000000 0.92000002
vt 0.89110303 0.95043099
vt 0.68050599 0.91799998
vt 0.68000001 0.91600001
vt 0.68000001 0.91399997
vt 0.11200000 0.94599998
vt 0.07903200 0.95734102
vt 0.07800000 0.95400000
vt 0.08000000 0.95400000
vt 0.57800001 0.90799999
vt 0.57403898 0.90634298
vt 0.62000000 0.90600002
vt 0.61799997 0.90600002
vt 0.61000001 0.90399998
vt 0.66000003 0.91200000
vt 0.58399999 0.08200002
vt 0.09800000 0.47200000
vt 0.06000000 0.01400000
vt 0.96200001 0.87400001
vt 0.52200001 0.08600003
vt 0.97998101 0.91597801
vt 0.44400001 0.91600001
vt 0.86799997 0.94800001
vt 0.86600000 0.94800001
vt 0.88000000 0.95200002
vt 0.85729402 0.94750500
vt 0.86400002 0.94599998
vt 0.86600000 0.94599998
vt 0.93199998 0.96600002
vt 0.93400002 0.96799999
vt 0.94000000 0.81599998
vt 0.95999998 0.87000000
vt 0.95999998 0.87199998
vt 0.95800000 0.87000000
vt 0.75999999 0.92400002
vt 0.80599999 0.93000001
vt 0.22000000 0.06000000
vt 0.58399999 0.07999998
vt 0.60600001 0.07400000
vt 0.60000002 0.07599998
vt 0.54600000 0.08600003
vt 0.20200001 0.05400002
vt 0.91000003 0.39600003
vt 0.59828800 0.08106601
vt 0.50400001 0.08200002
vt 0.44200000 0.07800001
vt 0.90263700 0.67001700
vt 0.06200000 0.25999999
vt 0.05400000 0.20599997
vt 0.05200000 0.20400000
vt 0.05400000 0.22559297
vt 0.56334400 0.08200002
vt 0.43200001 0.91799998
vt 0.05200000 0.87800002
vt 0.08200000 0.40799999
vt 0.08000000 0.40999997
vt 0.08000000 0.40799999
vt 0.08000000 0.41200000
vt 0.09800000 0.63200003
vt 0.09800000 0.63000000
vt 0.07800000 0.32200003
vt 0.07600000 0.31999999
vt 0.91399997 0.30599999
vt 0.07771000 0.22798300
vt 0.07800000 0.32400000
vt 0.73600000 0.06199998
vt 0.73400003 0.06199998
vt 0.63999999 0.07200003
vt 0.08327000 0.78477299
vt 0.90399998 0.36199999
vt 0.89999998 0.35399997
vt 0.91600001 0.28400004
vt 0.91600001 0.29600000
vt 0.94000000 0.19800001
vt 0.94199598 0.19800901
vt 0.93800002 0.19999999
vt 0.96399999 0.13400000
vt 0.96600002 0.13000000
vt 0.88800001 0.02999997
vt 0.99000001 0.06599998
vt 0.02400000 0.01800001
vt 0.89600003 0.50999999
vt 0.87000000 0.94800001
vt 0.89399999 0.50000000
vt 0.69217801 0.91799998
vt 0.69400001 0.91600001
vt 0.93000001 0.22200000
vt 0.93400103 0.22000003
vt 0.93000001 0.22399998
vt 0.92000002 0.25199997
vt 0.94400001 0.18000001
vt 0.95400000 0.15799999
vt 0.95200002 0.16200000
vt 0.95599997 0.15399998
vt 0.89999598 0.46001101
vt 0.89600003 0.46200001
vt 0.89800000 0.46000004
vt 0.90049398 0.65578902
vt 0.89399999 0.49399996
vt 0.22800000 0.93400002
vt 0.67199999 0.91399997
vt 0.30000001 0.92400002
vt 0.30000001 0.92199999
vt 0.33000001 0.92000002
vt 0.35800001 0.92000002
vt 0.35800001 0.92199999
vt 0.15000001 0.94400001
vt 0.11618200 0.94800001
vt 0.97000003 0.97799999
vt 0.04400000 0.89800000
vt 0.06273200 0.95630503
vt 0.05600000 0.85600001
vt 0.92000002 0.77800000
vt 0.06400000 0.82999998
vt 0.07800000 0.74599999
vt 0.07600000 0.74599999
vt 0.03800000 0.92400002
vt 0.04433100 0.91880399
vt 0.89399999 0.49800003
vt 0.05400000 0.86199999
vt 0.20000000 0.93599999
vt 0.17600000 0.94000000
vt 0.10000000 0.63400000
vt 0.46200001 0.91600001
vt 0.40000001 0.92000002
vt 0.69000000 0.91600001
vt 0.68800002 0.91600001
vt 0.53799999 0.90799999
vt 0.08400000 0.69199997
vt 0.08200000 0.69000000
vt 0.61600000 0.90399998
vt 0.61600000 0.90600002
vt 0.61400002 0.90600002
vt 0.90600002 0.68400002
vt 0.89399999 0.57999998
vt 0.98400003 0.08600003
vt 0.98000002 0.08600003
vt 0.83999997 0.94000000
vt 0.91017902 0.96367902
vt 0.86199999 0.94599998
vt 0.92600000 0.23800004
vt 0.85600001 0.94400001
vt 0.56599998 0.90600002
vt 0.56400001 0.90799999
vt 0.54000002 0.90799999
vt 0.97399998 0.10600001
vt 0.56315798 0.90638500
vt 0.67544103 0.91060299
vt 0.79400003 0.92799997
vt 0.81400001 0.93199998
vt 0.81199998 0.93000001
vt 0.89200002 0.57599998
vt 0.74004298 0.92400002
vt 0.74400002 0.92199999
vt 0.77800000 0.92600000
vt 0.90600002 0.36170197
vt 0.57800001 0.08200002
vt 0.50999999 0.08399999
vt 0.45199999 0.07800001
vt 0.44000000 0.07800001
vt 0.43855700 0.07599998
vt 0.05400000 0.21399999
vt 0.05600000 0.23199999
vt 0.05600000 0.22399998
vt 0.05400000 0.22000003
vt 0.54200000 0.90799999
vt 0.21400000 0.05799997
vt 0.91000003 0.95999998
vt 0.79200000 0.04799998
vt 0.78200001 0.05199999
vt 0.78600001 0.05000001
vt 0.73833102 0.06610101
vt 0.97000003 0.11800003
vt 0.96799999 0.11800003
vt 0.97600001 0.09600002
vt 0.45237201 0.11644202
vt 0.90799999 0.39999998
vt 0.91000003 0.39800000
vt 0.90600002 0.37199998
vt 0.90799999 0.37199998
vt 0.89399999 0.49599999
vt 0.93000001 0.22000003
vt 0.87199998 0.94800001
vt 0.86199999 0.03399998
vt 0.94999999 0.16799998
vt 0.89600003 0.46399999
vt 0.23800001 0.93400002
vt 0.27115101 0.92968899
vt 0.86000001 0.94400001
vt 0.05600000 0.22200000
vt 0.29800001 0.92400002
vt 0.68599999 0.91600001
vt 0.47000000 0.91399997
vt 0.06800000 0.81999999
vt 0.03800000 0.96600002
vt 0.57200003 0.90799999
vt 0.56999999 0.90600002
vt 0.56999999 0.90799999
vt 0.08753800 0.68897200
vt 0.91799998 0.96399999
vt 0.91614598 0.96594900
vt 0.92600000 0.79000002
vt 0.76019299 0.06195700
vt 0.12000000 0.02399999
vt 0.04200000 0.14999998
vt 0.57599998 0.08200002
vt 0.57400000 0.08399999
vt 0.06600000 0.82400000
vt 0.09000000 0.95200002
vt 0.50199997 0.08399999
vt 0.43799999 0.07800001
vt 0.08200000 0.38600004
vt 0.09200000 0.46000004
vt 0.09200000 0.46200001
vt 0.98199999 0.09000003
vt 0.98000002 0.08800000
vt 0.97600001 0.09399998
vt 0.92600000 0.23600000
vt 0.94599998 0.17600000
vt 0.94400001 0.18400002
vt 0.94800103 0.18027496
vt 0.26600000 0.93000001
vt 0.92397898 0.79226100
vt 0.23600000 0.93199998
vt 0.23600000 0.93400002
vt 0.27200001 0.92799997
vt 0.14000000 0.94400001
vt 0.13800000 0.94599998
vt 0.36399999 0.92000002
vt 0.17399999 0.93800002
vt 0.01051600 0.05032897
vt 0.69199997 0.91600001
vt 0.61199999 0.90600002
vt 0.60849398 0.90799898
vt 0.12600000 0.02600002
vt 0.06400000 0.28400004
vt 0.07400000 0.31000000
vt 0.07080100 0.30791903
vt 0.07400000 0.30799997
vt 0.91799998 0.26400000
vt 0.93400002 0.20800000
vt 0.09400000 0.49800003
vt 0.11400000 0.94599998
vt 0.10386300 0.64742100
vt 0.08600000 0.66799998
vt 0.08800000 0.66600001
vt 0.95999998 0.87400001
vt 0.86223698 0.03662300
vt 0.07400000 0.30599999
vt 0.79400003 0.04799998
vt 0.78399998 0.05199999
vt 0.21200000 0.93599999
vt 0.94400001 0.18199998
vt 0.97799999 0.09399998
vt 0.56800002 0.90799999
vt 0.85399997 0.94400001
vt 0.75400001 0.92400002
vt 0.89399999 0.53200001
vt 0.71600002 0.06800002
vt 0.93988699 0.92916298
vt 0.85200000 0.94199997
vt 0.85000002 0.94199997
vt 0.84799999 0.94000000
vt 0.93800002 0.20200002
vt 0.69664401 0.40976596
vt 0.61793101 0.36353004
vt 0.62048399 0.44443601
vt 0.51628798 0.48716104
vt 0.57552701 0.66582298
vt 0.63030201 0.55279100
vt 0.86604398 0.77118802
vt 0.85724598 0.69554597
vt 0.79926598 0.69213301
vt 0.08509600 0.15959698
vt 0.12265800 0.12118500
vt 0.16984600 0.30885398
vt 0.53684801 0.38884997
vt 0.61135900 0.23223400
vt 0.83720303 0.47806799
vt 0.76547903 0.52761298
vt 0.84876800 0.53554201
vt 0.69291902 0.34679997
vt 0.78579098 0.38733399
vt 0.81221199 0.31234097
vt 0.79737401 0.25678802
vt 0.51431900 0.73342800
vt 0.51990199 0.65298897
vt 0.15871100 0.67151701
vt 0.86706400 0.87055898
vt 0.25124401 0.26529098
vt 0.22392900 0.13665301
vt 0.14104100 0.06185001
vt 0.13317899 0.43180400
vt 0.28347400 0.64059800
vt 0.25626299 0.52896202
vt 0.19148301 0.57745999
vt 0.91166002 0.07345802
vt 0.84484100 0.08309603
vt 0.75060201 0.45223904
vt 0.74203098 0.72591901
vt 0.77973998 0.81360900
vt 0.84771401 0.38855803
vt 0.78477901 0.41675001
vt 0.77653301 0.56884098
vt 0.88866502 0.55199999
vt 0.63148600 0.79538399
vt 0.64181101 0.64814502
vt 0.71835297 0.66536200
vt 0.44760200 0.69977301
vt 0.13737200 0.75010002
vt 0.09555800 0.83713198
vt 0.22252101 0.81670898
vt 0.59805202 0.86906999
vt 0.51122499 0.81610000
vt 0.76994699 0.88462698
vt 0.68996602 0.79697597
vt 0.50511098 0.13353801
vt 0.34621301 0.14247602
vt 0.31923300 0.26783401
vt 0.37478200 0.20126498
vt 0.41607800 0.16056001
vt 0.45584401 0.32261896
vt 0.42635801 0.22085899
vt 0.45590901 0.22984302
vt 0.49283901 0.21797401
vt 0.34356400 0.39581800
vt 0.35578400 0.28963602
vt 0.31249100 0.37417197
vt 0.14140201 0.37352300
vt 0.63488197 0.13604802
vt 0.58714002 0.12927198
vt 0.87935197 0.25518399
vt 0.26615301 0.77102298
vt 0.18638900 0.52254897
vt 0.16551600 0.59163702
vt 0.57154000 0.78886998
vt 0.31647199 0.52228099
vt 0.22205500 0.49555802
vt 0.66375101 0.11537498
vt 0.74047798 0.09488302
vt 0.69963598 0.15702403
vt 0.70799202 0.22581697
vt 0.37103501 0.69873798
vt 0.36893699 0.58213902
vt 0.23417300 0.71776301
vt 0.30383500 0.82185900
vt 0.37315199 0.87082601
vt 0.36741400 0.78375399
vt 0.33345601 0.70400703
vt 0.47205499 0.87784898
vt 0.88930100 0.56554699
vt 0.75925899 0.91871500
vt 0.22262301 0.38949704
vt 0.17769900 0.40535903
vt 0.78819299 0.15553200
vt 0.89867699 0.18772900
vt 0.31210601 0.88240099
vt 0.41295201 0.81749099
vt 0.44065201 0.85000300
vt 0.91243899 0.77201599
vt 0.36948401 0.09483302
vt 0.60646999 0.07872999
vt 0.22919101 0.92886698
vt 0.93599999 0.96799999
vt 0.08200000 0.68800002
vt 0.97799999 0.92199999
vt 0.02800000 0.94999999
vt 0.19909100 0.05551803
vt 0.11200000 0.94400001
vt 0.79600000 0.04799998
vt 0.76400000 0.05799997
vt 0.10400000 0.02200001
vt 0.89399999 0.53399998
vt 0.17000000 0.04000002
vt 0.39199999 0.08800000
vt 0.26800001 0.08200002
vt 0.56599998 0.90799999
vt 0.97600001 0.09799999
vt 0.97600001 0.10000002
vt 0.08164900 0.74384499
vt 0.08400000 0.68800002
vt 0.14399999 0.02999997
vt 0.96600002 0.88999999
vt 0.92000002 0.96399999
vt 0.09400000 0.94599998
vt 0.90401298 0.96200001
vt 0.03000000 0.93400002
vt 0.16200000 0.03600001
vt 0.46399999 0.91600001
vt 0.95800000 0.14800000
vt 0.95800000 0.14999998
vt 0.06400000 0.83200002
vt 0.92600000 0.23399997
vt 0.59399998 0.07800001
vt 0.89600003 0.50599998
vt 0.16000000 0.94199997
vt 0.30800000 0.92400002
vt 0.00600000 0.06000000
vt 0.24200000 0.06999999
vt 0.02800000 0.94800001
vt 0.04000000 0.91799998
vt 0.99000001 0.05000001
vt 0.88400000 0.95200002
vt 0.99000001 0.04799998
vt 0.14000000 0.02999997
vt 0.14200000 0.02999997
vt 0.20597300 0.05199999
vt 0.06000000 0.24599999
vt 0.89600003 0.50800002
vt 0.08000000 0.69311202
f 1/1 2/2 3/3
f 4/4 5/5 6/6
f 7/7 8/8 9/9
f 10/10 11/11 12/12
f 13/13 14/14 15/15
f 16/16 15/15 17/17
f 18/18 19/19 20/20
f 18/18 14/14 19/19
f 13/13 21/21 14/14
f 22/22 23/23 24/24
f 25/25 26/26 27/27
f 28/28 25/25 27/27
f 29/29 30/30 31/31
f 32/32 33/33 34/34
f 35/35 17/17 15/15
f 36/36 37/37 38/38
f 39/39 40/40 41/41
f 37/37 42/42 38/38
f 43/43 36/36 38/38
f 44/44 45/45 20/20
f 15/15 14/14 35/35
f 46/46 47/47 48/48
f 49/49 50/50 51/51
f 52/52 53/53 24/24
f 54/54 55/55 56/56
f 22/22 57/57 58/58
f 59/59 58/58 57/57
f 60/60 61/61 62/62
f 27/27 61/61 60/60
f 63/63 64/64 65/65
f 66/66 26/26 67/67
f 68/68 67/67 26/26
f 69/69 70/70 71/71
f 72/72 73/73 74/74
f 72/72 74/74 75/75
f 76/76 77/77 78/78
f 79/79 80/80 81/81
f 82/82 83/83 84/84
f 85/85 86/86 87/87
f 88/88 89/89 90/90
f 91/91 24/24 23/23
f 92/92 39/39 93/93
f 94/94 95/95 96/96
f 97/97 52/52 91/91
f 98/98 41/41 40/40
f 99/99 100/100 40/40
f 40/40 101/101 99/99
f 102/102 20/20 103/103
f 103/103 98/98 104/104
f 105/105 14/14 18/18
f 45/45 44/44 106/106
f 18/18 20/20 45/45
f 107/107 108/108 109/109
f 49/49 110/110 111/111
f 111/111 50/50 49/49
f 51/51 50/50 108/108
f 50/50 109/109 108/108
f 112/112 113/113 114/114
f 115/115 116/116 112/112
f 23/23 22/22 58/58
f 117/117 23/23 58/58
f 118/118 53/53 52/52
f 119/119 59/59 120/120
f 121/121 57/57 22/22
f 122/122 123/123 124/124
f 125/125 117/117 122/122
f 70/70 26/26 126/126
f 25/25 126/126 26/26
f 127/127 126/126 25/25
f 128/128 129/129 130/130
f 131/131 129/129 128/128
f 129/129 132/132 133/133
f 134/134 25/25 28/28
f 26/26 66/66 27/27
f 135/135 136/136 137/137
f 14/14 138/138 35/35
f 139/139 140/140 138/138
f 138/138 140/140 141/141
f 142/142 143/143 144/144
f 145/145 144/144 146/146
f 105/105 142/142 14/14
f 147/147 148/148 75/75
f 149/149 150/150 151/151
f 152/152 153/153 80/80
f 154/154 16/16 155/155
f 16/16 156/156 155/155
f 16/16 17/17 156/156
f 42/42 15/15 16/16
f 90/90 89/89 157/157
f 19/19 14/14 21/21
f 41/41 19/19 21/21
f 41/41 98/98 19/19
f 125/125 103/103 23/23
f 23/23 104/104 91/91
f 23/23 103/103 104/104
f 104/104 98/98 158/158
f 13/13 42/42 37/37
f 159/159 39/39 160/160
f 43/43 38/38 161/161
f 37/37 92/92 93/93
f 92/92 37/37 36/36
f 19/19 98/98 103/103
f 125/125 23/23 117/117
f 162/162 109/109 163/163
f 163/163 109/109 50/50
f 164/164 110/110 49/49
f 165/165 51/51 108/108
f 166/166 167/167 168/168
f 169/169 170/170 153/153
f 171/171 172/172 73/73
f 153/153 170/170 173/173
f 173/173 170/170 172/172
f 174/174 153/153 152/152
f 175/175 176/176 177/177
f 112/112 124/124 113/113
f 178/178 115/115 112/112
f 179/179 44/44 20/20
f 20/20 102/102 179/179
f 116/116 179/179 112/112
f 158/158 40/40 180/180
f 181/181 120/120 59/59
f 117/117 59/59 182/182
f 183/183 182/182 59/59
f 184/184 121/121 185/185
f 24/24 53/53 22/22
f 186/186 123/123 122/122
f 124/124 123/123 187/187
f 126/126 188/188 189/189
f 190/190 191/191 192/192
f 70/70 193/193 194/194
f 195/195 196/196 197/197
f 129/129 198/198 130/130
f 129/129 140/140 139/139
f 135/135 199/199 136/136
f 135/135 137/137 145/145
f 131/131 141/141 140/140
f 131/131 140/140 129/129
f 200/200 70/70 194/194
f 137/137 132/132 129/129
f 201/201 202/202 203/203
f 137/137 139/139 145/145
f 138/138 144/144 139/139
f 138/138 142/142 144/144
f 204/204 142/142 105/105
f 205/205 206/206 207/207
f 81/81 80/80 171/171
f 73/73 208/208 209/209
f 151/151 210/210 149/149
f 173/173 80/80 153/153
f 204/204 211/211 142/142
f 81/81 204/204 105/105
f 212/212 213/213 92/92
f 17/17 141/141 131/131
f 214/214 42/42 16/16
f 88/88 215/215 216/216
f 90/90 215/215 88/88
f 93/93 13/13 37/37
f 21/21 93/93 39/39
f 40/40 39/39 101/101
f 217/217 218/218 219/219
f 161/161 220/220 43/43
f 221/221 222/222 223/223
f 224/224 225/225 226/226
f 227/227 105/105 106/106
f 44/44 179/179 116/116
f 116/116 106/106 44/44
f 102/102 124/124 112/112
f 179/179 102/102 112/112
f 228/228 50/50 229/229
f 230/230 162/162 163/163
f 108/108 152/152 231/231
f 107/107 109/109 232/232
f 162/162 233/233 109/109
f 51/51 165/165 49/49
f 234/234 235/235 152/152
f 236/236 237/237 238/238
f 237/237 236/236 165/165
f 165/165 239/239 237/237
f 172/172 171/171 80/80
f 172/172 80/80 173/173
f 240/240 241/241 242/242
f 113/113 124/124 243/243
f 244/244 115/115 245/245
f 246/246 247/247 248/248
f 40/40 100/100 249/249
f 59/59 250/250 251/251
f 251/251 183/183 59/59
f 252/252 253/253 122/122
f 117/117 254/254 122/122
f 255/255 127/127 25/25
f 256/256 126/126 257/257
f 258/258 259/259 260/260
f 261/261 128/128 130/130
f 262/262 259/259 263/263
f 17/17 131/131 156/156
f 264/264 131/131 265/265
f 265/265 131/131 128/128
f 266/266 137/137 136/136
f 266/266 132/132 137/137
f 267/267 268/268 269/269
f 270/270 271/271 272/272
f 273/273 274/274 150/150
f 71/71 70/70 200/200
f 129/129 139/139 137/137
f 275/275 276/276 277/277
f 139/139 144/144 145/145
f 141/141 35/35 138/138
f 138/138 14/14 142/142
f 278/278 279/279 280/280
f 150/150 281/281 151/151
f 148/148 282/282 72/72
f 66/66 150/150 149/149
f 283/283 284/284 285/285
f 286/286 287/287 288/288
f 289/289 290/290 291/291
f 156/156 292/292 155/155
f 293/293 294/294 295/295
f 88/88 296/296 295/295
f 213/213 160/160 92/92
f 42/42 13/13 15/15
f 38/38 42/42 214/214
f 297/297 298/298 88/88
f 297/297 299/299 298/298
f 296/296 88/88 298/298
f 97/97 91/91 158/158
f 101/101 39/39 300/300
f 21/21 39/39 41/41
f 224/224 226/226 301/301
f 158/158 98/98 40/40
f 302/302 303/303 304/304
f 304/304 303/303 305/305
f 20/20 19/19 103/103
f 237/237 227/227 106/106
f 60/60 306/306 307/307
f 93/93 21/21 13/13
f 308/308 309/309 310/310
f 311/311 164/164 49/49
f 312/312 313/313 314/314
f 315/315 316/316 317/317
f 111/111 318/318 50/50
f 319/319 320/320 321/321
f 322/322 323/323 324/324
f 325/325 326/326 33/33
f 50/50 228/228 327/327
f 49/49 165/165 312/312
f 312/312 165/165 236/236
f 227/227 237/237 239/239
f 231/231 239/239 165/165
f 227/227 239/239 79/79
f 227/227 79/79 105/105
f 152/152 235/235 174/174
f 244/244 245/245 328/328
f 237/237 106/106 329/329
f 330/330 106/106 116/116
f 331/331 332/332 333/333
f 334/334 243/243 124/124
f 116/116 115/115 244/244
f 335/335 336/336 337/337
f 338/338 336/336 339/339
f 339/339 336/336 335/335
f 340/340 336/336 338/338
f 341/341 336/336 340/340
f 342/342 343/343 344/344
f 345/345 343/343 342/342
f 346/346 247/247 246/246
f 24/24 91/91 52/52
f 347/347 343/343 348/348
f 349/349 343/343 350/350
f 350/350 343/343 347/347
f 351/351 252/252 352/352
f 181/181 59/59 353/353
f 354/354 355/355 59/59
f 356/356 357/357 358/358
f 59/59 117/117 58/58
f 125/125 124/124 102/102
f 125/125 122/122 124/124
f 126/126 189/189 70/70
f 202/202 26/26 70/70
f 63/63 359/359 25/25
f 127/127 360/360 361/361
f 132/132 362/362 363/363
f 259/259 364/364 260/260
f 365/365 259/259 258/258
f 366/366 367/367 368/368
f 369/369 367/367 366/366
f 370/370 371/371 367/367
f 370/370 367/367 372/372
f 136/136 373/373 266/266
f 135/135 145/145 68/68
f 129/129 133/133 374/374
f 141/141 17/17 35/35
f 273/273 146/146 143/143
f 273/273 150/150 66/66
f 66/66 61/61 27/27
f 375/375 276/276 376/376
f 376/376 276/276 275/275
f 377/377 203/203 202/202
f 378/378 184/184 379/379
f 67/67 68/68 145/145
f 146/146 144/144 143/143
f 380/380 381/381 382/382
f 211/211 171/171 73/73
f 211/211 73/73 72/72
f 72/72 273/273 211/211
f 150/150 274/274 72/72
f 75/75 148/148 72/72
f 149/149 61/61 66/66
f 81/81 211/211 204/204
f 79/79 239/239 231/231
f 81/81 105/105 79/79
f 383/383 293/293 154/154
f 384/384 154/154 155/155
f 155/155 385/385 384/384
f 155/155 292/292 386/386
f 387/387 388/388 389/389
f 295/295 294/294 89/89
f 296/296 38/38 295/295
f 214/214 16/16 390/390
f 293/293 295/295 154/154
f 391/391 392/392 393/393
f 394/394 395/395 396/396
f 397/397 398/398 399/399
f 160/160 39/39 92/92
f 161/161 296/296 400/400
f 400/400 401/401 161/161
f 402/402 221/221 403/403
f 402/402 404/404 221/221
f 405/405 296/296 406/406
f 406/406 296/296 298/298
f 298/298 407/407 406/406
f 36/36 212/212 92/92
f 43/43 212/212 36/36
f 153/153 408/408 409/409
f 232/232 410/410 411/411
f 412/412 413/413 414/414
f 59/59 57/57 415/415
f 312/312 416/416 417/417
f 417/417 49/49 312/312
f 418/418 419/419 420/420
f 421/421 422/422 423/423
f 231/231 165/165 108/108
f 172/172 170/170 424/424
f 330/330 329/329 106/106
f 425/425 238/238 426/426
f 237/237 329/329 238/238
f 392/392 336/336 341/341
f 427/427 428/428 429/429
f 430/430 431/431 432/432
f 433/433 121/121 22/22
f 434/434 435/435 436/436
f 122/122 254/254 252/252
f 185/185 121/121 437/437
f 202/202 68/68 26/26
f 60/60 62/62 438/438
f 439/439 259/259 262/262
f 440/440 441/441 156/156
f 441/441 292/292 156/156
f 442/442 443/443 444/444
f 445/445 446/446 447/447
f 448/448 446/446 449/449
f 277/277 276/276 450/450
f 450/450 276/276 451/451
f 452/452 276/276 453/453
f 453/453 276/276 454/454
f 68/68 455/455 135/135
f 268/268 456/456 457/457
f 457/457 456/456 458/458
f 458/458 456/456 459/459
f 220/220 460/460 43/43
f 273/273 143/143 142/142
f 461/461 462/462 463/463
f 464/464 268/268 267/267
f 465/465 31/31 466/466
f 466/466 31/31 467/467
f 31/31 30/30 468/468
f 467/467 31/31 468/468
f 469/469 31/31 465/465
f 470/470 471/471 472/472
f 377/377 202/202 473/473
f 211/211 81/81 171/171
f 274/274 273/273 72/72
f 474/474 475/475 476/476
f 152/152 80/80 79/79
f 383/383 154/154 477/477
f 478/478 479/479 480/480
f 480/480 481/481 478/478
f 384/384 477/477 154/154
f 155/155 386/386 385/385
f 482/482 290/290 289/289
f 483/483 484/484 485/485
f 486/486 484/484 483/483
f 485/485 484/484 487/487
f 188/188 488/488 489/489
f 293/293 490/490 294/294
f 214/214 295/295 38/38
f 390/390 295/295 214/214
f 16/16 154/154 390/390
f 471/471 491/491 492/492
f 297/297 88/88 216/216
f 158/158 91/91 104/104
f 493/493 494/494 495/495
f 496/496 497/497 498/498
f 498/498 497/497 499/499
f 500/500 501/501 502/502
f 503/503 504/504 505/505
f 506/506 401/401 400/400
f 401/401 220/220 161/161
f 161/161 38/38 296/296
f 507/507 222/222 508/508
f 300/300 39/39 159/159
f 178/178 112/112 114/114
f 313/313 312/312 509/509
f 312/312 236/236 238/238
f 509/509 312/312 425/425
f 510/510 511/511 512/512
f 513/513 514/514 515/515
f 516/516 517/517 108/108
f 518/518 519/519 520/520
f 521/521 522/522 523/523
f 524/524 525/525 241/241
f 526/526 73/73 172/172
f 503/503 527/527 528/528
f 529/529 300/300 530/530
f 531/531 532/532 533/533
f 244/244 534/534 535/535
f 330/330 244/244 535/535
f 329/329 330/330 238/238
f 334/334 124/124 536/536
f 537/537 538/538 539/539
f 114/114 540/540 541/541
f 542/542 543/543 157/157
f 22/22 53/53 433/433
f 433/433 53/53 544/544
f 545/545 343/343 345/345
f 414/414 413/413 546/546
f 547/547 548/548 549/549
f 550/550 547/547 549/549
f 549/549 551/551 550/550
f 552/552 551/551 549/549
f 553/553 552/552 549/549
f 348/348 343/343 554/554
f 555/555 556/556 557/557
f 120/120 558/558 559/559
f 560/560 561/561 438/438
f 537/537 434/434 562/562
f 202/202 70/70 69/69
f 25/25 359/359 255/255
f 563/563 564/564 565/565
f 263/263 259/259 566/566
f 567/567 259/259 568/568
f 568/568 259/259 365/365
f 569/569 570/570 571/571
f 572/572 573/573 574/574
f 574/574 575/575 572/572
f 575/575 576/576 572/572
f 572/572 576/576 577/577
f 447/447 446/446 578/578
f 578/578 446/446 448/448
f 579/579 276/276 452/452
f 451/451 276/276 579/579
f 368/368 367/367 580/580
f 581/581 367/367 582/582
f 372/372 367/367 581/581
f 459/459 456/456 583/583
f 146/146 66/66 67/67
f 146/146 273/273 66/66
f 283/283 584/584 585/585
f 462/462 268/268 464/464
f 586/586 587/587 588/588
f 589/589 31/31 469/469
f 146/146 67/67 145/145
f 590/590 591/591 592/592
f 79/79 231/231 152/152
f 593/593 594/594 595/595
f 596/596 478/478 597/597
f 598/598 599/599 600/600
f 601/601 599/599 598/598
f 602/602 603/603 604/604
f 154/154 295/295 390/390
f 605/605 606/606 607/607
f 125/125 102/102 103/103
f 396/396 395/395 608/608
f 609/609 610/610 611/611
f 542/542 89/89 294/294
f 612/612 221/221 223/223
f 403/403 221/221 612/612
f 613/613 222/222 507/507
f 614/614 615/615 616/616
f 617/617 618/618 619/619
f 327/327 218/218 620/620
f 620/620 163/163 50/50
f 620/620 50/50 327/327
f 108/108 517/517 152/152
f 621/621 622/622 623/623
f 359/359 624/624 557/557
f 330/330 535/535 625/625
f 626/626 627/627 628/628
f 537/537 629/629 630/630
f 630/630 631/631 537/537
f 632/632 629/629 537/537
f 537/537 539/539 632/632
f 633/633 343/343 349/349
f 634/634 343/343 635/635
f 635/635 343/343 545/545
f 549/549 548/548 636/636
f 636/636 637/637 549/549
f 549/549 637/637 638/638
f 639/639 640/640 641/641
f 642/642 640/640 639/639
f 643/643 640/640 642/642
f 554/554 343/343 644/644
f 645/645 646/646 647/647
f 648/648 649/649 650/650
f 436/436 435/435 651/651
f 254/254 117/117 182/182
f 652/652 500/500 653/653
f 654/654 655/655 656/656
f 131/131 264/264 657/657
f 658/658 659/659 660/660
f 661/661 159/159 662/662
f 655/655 663/663 664/664
f 665/665 172/172 666/666
f 660/660 659/659 667/667
f 668/668 573/573 572/572
f 669/669 446/446 445/445
f 454/454 276/276 670/670
f 671/671 672/672 673/673
f 456/456 672/672 671/671
f 211/211 273/273 142/142
f 674/674 199/199 135/135
f 675/675 676/676 677/677
f 678/678 679/679 680/680
f 681/681 594/594 678/678
f 682/682 683/683 684/684
f 685/685 160/160 213/213
f 686/686 100/100 687/687
f 688/688 222/222 689/689
f 690/690 300/300 691/691
f 105/105 18/18 106/106
f 18/18 45/45 106/106
f 692/692 693/693 694/694
f 695/695 696/696 357/357
f 697/697 698/698 699/699
f 700/700 701/701 702/702
f 62/62 703/703 438/438
f 704/704 705/705 706/706
f 238/238 330/330 625/625
f 426/426 238/238 625/625
f 546/546 413/413 707/707
f 708/708 709/709 710/710
f 711/711 712/712 713/713
f 714/714 124/124 187/187
f 600/600 715/715 716/716
f 717/717 655/655 718/718
f 718/718 655/655 654/654
f 719/719 535/535 534/534
f 668/668 572/572 720/720
f 721/721 367/367 722/722
f 580/580 367/367 721/721
f 722/722 367/367 723/723
f 191/191 724/724 725/725
f 726/726 727/727 728/728
f 89/89 88/88 295/295
f 495/495 494/494 310/310
f 729/729 606/606 730/730
f 731/731 732/732 733/733
f 616/616 615/615 734/734
f 735/735 736/736 737/737
f 247/247 738/738 739/739
f 740/740 741/741 742/742
f 743/743 744/744 745/745
f 328/328 534/534 244/244
f 746/746 747/747 748/748
f 748/748 749/749 746/746
f 746/746 749/749 750/750
f 750/750 751/751 746/746
f 751/751 752/752 746/746
f 746/746 752/752 553/553
f 617/617 640/640 619/619
f 619/619 640/640 643/643
f 753/753 28/28 754/754
f 755/755 756/756 757/757
f 367/367 371/371 758/758
f 723/723 367/367 758/758
f 72/72 282/282 281/281
f 726/726 598/598 600/600
f 759/759 254/254 760/760
f 761/761 682/682 684/684
f 762/762 683/683 763/763
f 240/240 764/764 765/765
f 766/766 234/234 767/767
f 733/733 732/732 768/768
f 769/769 768/768 770/770
f 400/400 296/296 771/771
f 196/196 296/296 405/405
f 772/772 773/773 774/774
f 775/775 776/776 777/777
f 778/778 779/779 780/780
f 781/781 782/782 702/702
f 783/783 784/784 785/785
f 786/786 343/343 633/633
f 787/787 343/343 786/786
f 746/746 788/788 789/789
f 789/789 747/747 746/746
f 790/790 640/640 791/791
f 746/746 640/640 790/790
f 792/792 793/793 794/794
f 795/795 796/796 797/797
f 798/798 799/799 800/800
f 801/801 802/802 803/803
f 804/804 663/663 805/805
f 806/806 807/807 808/808
f 809/809 598/598 810/810
f 811/811 812/812 813/813
f 762/762 763/763 814/814
f 815/815 816/816 817/817
f 53/53 339/339 335/335
f 818/818 784/784 783/783
f 819/819 640/640 617/617
f 791/791 640/640 819/819
f 820/820 821/821 822/822
f 823/823 824/824 825/825
f 720/720 572/572 826/826
f 449/449 446/446 827/827
f 827/827 446/446 828/828
f 771/771 296/296 196/196
f 742/742 695/695 829/829
f 830/830 831/831 832/832
f 830/830 833/833 834/834
f 835/835 836/836 510/510
f 837/837 510/510 832/832
f 838/838 83/83 839/839
f 83/83 840/840 839/839
f 384/384 841/841 842/842
f 843/843 428/428 491/491
f 491/491 844/844 843/843
f 845/845 109/109 846/846
f 847/847 848/848 776/776
f 831/831 849/849 126/126
f 850/850 115/115 851/851
f 852/852 853/853 854/854
f 855/855 856/856 126/126
f 857/857 384/384 858/858
f 126/126 856/856 838/838
f 859/859 845/845 846/846
f 860/860 861/861 648/648
f 862/862 193/193 863/863
f 510/510 864/864 865/865
f 864/864 126/126 865/865
f 866/866 867/867 868/868
f 126/126 836/836 835/835
f 869/869 837/837 126/126
f 377/377 870/870 871/871
f 872/872 873/873 874/874
f 875/875 873/873 872/872
f 876/876 877/877 878/878
f 879/879 880/880 881/881
f 882/882 510/510 512/512
f 883/883 194/194 884/884
f 25/25 64/64 63/63
f 126/126 840/840 82/82
f 82/82 840/840 83/83
f 885/885 886/886 887/887
f 887/887 888/888 885/885
f 889/889 618/618 890/890
f 891/891 892/892 893/893
f 894/894 895/895 896/896
f 897/897 337/337 898/898
f 899/899 297/297 900/900
f 901/901 902/902 903/903
f 904/904 905/905 232/232
f 906/906 435/435 907/907
f 908/908 46/46 909/909
f 909/909 311/311 908/908
f 177/177 176/176 910/910
f 911/911 147/147 912/912
f 245/245 913/913 914/914
f 914/914 915/915 245/245
f 245/245 916/916 917/917
f 918/918 170/170 919/919
f 920/920 605/605 921/921
f 922/922 923/923 924/924
f 925/925 926/926 927/927
f 511/511 836/836 126/126
f 400/400 928/928 929/929
f 930/930 84/84 861/861
f 931/931 294/294 932/932
f 933/933 934/934 861/861
f 201/201 935/935 68/68
f 68/68 202/202 201/201
f 381/381 936/936 937/937
f 938/938 655/655 664/664
f 939/939 84/84 930/930
f 930/930 126/126 939/939
f 82/82 84/84 939/939
f 940/940 941/941 942/942
f 832/832 831/831 126/126
f 226/226 225/225 943/943
f 120/120 886/886 885/885
f 785/785 433/433 944/944
f 885/885 888/888 945/945
f 946/946 947/947 948/948
f 949/949 950/950 951/951
f 952/952 953/953 541/541
f 954/954 955/955 956/956
f 957/957 873/873 799/799
f 958/958 957/957 799/799
f 959/959 960/960 961/961
f 958/958 962/962 874/874
f 963/963 798/798 964/964
f 965/965 966/966 967/967
f 191/191 725/725 968/968
f 969/969 970/970 971/971
f 972/972 973/973 974/974
f 964/964 798/798 872/872
f 975/975 976/976 883/883
f 977/977 978/978 979/979
f 980/980 909/909 46/46
f 46/46 981/981 980/980
f 982/982 983/983 984/984
f 983/983 985/985 984/984
f 984/984 985/985 245/245
f 917/917 916/916 986/986
f 916/916 987/987 986/986
f 988/988 989/989 990/990
f 120/120 991/991 992/992
f 993/993 991/991 994/994
f 993/993 995/995 996/996
f 997/997 995/995 993/993
f 998/998 999/999 993/993
f 94/94 1000/1000 1001/1001
f 1001/1001 95/95 94/94
f 1002/1002 158/158 180/180
f 1003/1003 158/158 1002/1002
f 57/57 121/121 184/184
f 1004/1004 879/879 881/881
f 881/881 1005/1005 1004/1004
f 188/188 1005/1005 881/881
f 1006/1006 1007/1007 1008/1008
f 958/958 874/874 957/957
f 1009/1009 256/256 257/257
f 257/257 1010/1010 1009/1009
f 1011/1011 1012/1012 1013/1013
f 1014/1014 226/226 1015/1015
f 1016/1016 1017/1017 1018/1018
f 649/649 648/648 1019/1019
f 1020/1020 648/648 650/650
f 1021/1021 1022/1022 1023/1023
f 1024/1024 381/381 1025/1025
f 1026/1026 424/424 1027/1027
f 677/677 381/381 1028/1028
f 74/74 209/209 1028/1028
f 1028/1028 937/937 74/74
f 1028/1028 381/381 937/937
f 1029/1029 1030/1030 1031/1031
f 1031/1031 1032/1032 1029/1029
f 911/911 1033/1033 147/147
f 1034/1034 1035/1035 536/536
f 1036/1036 1037/1037 1038/1038
f 735/735 1039/1039 1040/1040
f 1041/1041 1042/1042 1043/1043
f 1043/1043 1044/1044 1041/1041
f 359/359 63/63 1045/1045
f 224/224 1046/1046 159/159
f 226/226 943/943 927/927
f 1001/1001 1000/1000 1003/1003
f 1047/1047 1048/1048 1049/1049
f 1050/1050 1051/1051 1052/1052
f 1053/1053 1054/1054 1055/1055
f 1056/1056 1057/1057 120/120
f 1056/1056 120/120 1058/1058
f 163/163 902/902 901/901
f 628/628 714/714 626/626
f 1059/1059 1060/1060 964/964
f 1061/1061 963/963 964/964
f 1061/1061 799/799 963/963
f 1062/1062 234/234 1063/1063
f 1064/1064 1065/1065 1066/1066
f 795/795 1067/1067 796/796
f 1068/1068 316/316 1069/1069
f 317/317 316/316 1068/1068
f 1070/1070 799/799 1071/1071
f 1039/1039 416/416 1040/1040
f 1072/1072 208/208 280/280
f 168/168 1072/1072 280/280
f 1073/1073 1074/1074 170/170
f 1075/1075 1074/1074 1073/1073
f 1076/1076 983/983 1077/1077
f 1077/1077 1078/1078 1076/1076
f 1079/1079 176/176 1080/1080
f 1080/1080 176/176 1081/1081
f 1082/1082 1083/1083 1084/1084
f 1085/1085 1086/1086 1087/1087
f 1088/1088 918/918 919/919
f 1089/1089 999/999 120/120
f 120/120 992/992 1089/1089
f 120/120 999/999 998/998
f 40/40 249/249 180/180
f 90/90 1090/1090 1091/1091
f 1092/1092 1093/1093 559/559
f 559/559 1093/1093 120/120
f 1094/1094 331/331 1095/1095
f 1096/1096 1097/1097 1098/1098
f 1099/1099 1100/1100 55/55
f 1101/1101 1031/1031 1102/1102
f 1103/1103 1104/1104 54/54
f 1105/1105 1004/1004 1106/1106
f 1105/1105 489/489 1004/1004
f 1107/1107 893/893 891/891
f 1108/1108 1109/1109 1110/1110
f 676/676 1111/1111 1112/1112
f 1113/1113 1114/1114 1115/1115
f 1013/1013 256/256 1116/1116
f 1116/1116 256/256 1009/1009
f 1009/1009 1011/1011 1116/1116
f 223/223 1117/1117 1118/1118
f 126/126 934/934 933/933
f 1119/1119 899/899 900/900
f 761/761 1120/1120 684/684
f 257/257 649/649 1019/1019
f 1121/1121 1122/1122 1123/1123
f 1124/1124 1125/1125 975/975
f 31/31 978/978 979/979
f 1126/1126 1127/1127 1128/1128
f 1129/1129 1130/1130 1131/1131
f 1132/1132 570/570 1133/1133
f 1134/1134 1135/1135 1136/1136
f 1137/1137 1138/1138 1139/1139
f 209/209 1024/1024 1025/1025
f 1140/1140 1141/1141 1142/1142
f 1143/1143 1144/1144 422/422
f 1025/1025 381/381 675/675
f 1145/1145 120/120 995/995
f 675/675 381/381 677/677
f 1146/1146 1147/1147 1148/1148
f 1029/1029 1032/1032 75/75
f 1149/1149 1150/1150 1151/1151
f 75/75 1152/1152 1153/1153
f 1153/1153 1152/1152 1030/1030
f 1153/1153 1030/1030 1029/1029
f 1154/1154 1155/1155 1156/1156
f 147/147 1033/1033 1157/1157
f 1158/1158 148/148 1159/1159
f 1160/1160 172/172 1161/1161
f 1161/1161 1162/1162 1160/1160
f 1163/1163 208/208 1072/1072
f 163/163 1164/1164 1165/1165
f 1166/1166 1129/1129 1167/1167
f 1168/1168 1169/1169 1170/1170
f 1170/1170 386/386 1168/1168
f 291/291 1171/1171 289/289
f 87/87 86/86 1172/1172
f 1173/1173 1174/1174 1172/1172
f 86/86 1173/1173 1172/1172
f 428/428 1175/1175 1176/1176
f 1176/1176 429/429 428/428
f 1177/1177 308/308 43/43
f 843/843 844/844 1178/1178
f 1179/1179 843/843 1178/1178
f 1180/1180 1181/1181 1182/1182
f 1182/1182 1183/1183 1180/1180
f 169/169 1021/1021 1023/1023
f 1184/1184 1185/1185 1186/1186
f 298/298 1187/1187 1188/1188
f 1188/1188 1189/1189 1190/1190
f 1188/1188 1187/1187 1189/1189
f 301/301 1191/1191 1192/1192
f 301/301 1046/1046 224/224
f 1192/1192 1046/1046 301/301
f 1193/1193 1194/1194 740/740
f 1195/1195 1000/1000 94/94
f 1196/1196 1057/1057 1056/1056
f 1197/1197 1059/1059 964/964
f 964/964 1198/1198 1197/1197
f 1199/1199 229/229 1200/1200
f 694/694 1201/1201 1202/1202
f 1203/1203 1204/1204 315/315
f 315/315 426/426 1203/1203
f 426/426 1205/1205 1206/1206
f 1207/1207 1208/1208 1209/1209
f 1206/1206 1205/1205 1210/1210
f 1210/1210 1205/1205 1211/1211
f 159/159 925/925 927/927
f 1212/1212 200/200 1213/1213
f 184/184 1214/1214 1215/1215
f 1216/1216 1217/1217 1218/1218
f 1219/1219 1220/1220 1221/1221
f 240/240 1222/1222 1223/1223
f 1223/1223 1224/1224 240/240
f 1225/1225 1217/1217 1216/1216
f 1226/1226 1227/1227 532/532
f 228/228 1128/1128 1228/1228
f 1229/1229 1230/1230 1231/1231
f 245/245 915/915 175/175
f 779/779 1232/1232 1233/1233
f 1234/1234 983/983 1235/1235
f 1235/1235 983/983 1076/1076
f 1204/1204 1236/1236 1237/1237
f 1234/1234 328/328 1238/1238
f 1238/1238 983/983 1234/1234
f 1239/1239 983/983 1238/1238
f 1240/1240 314/314 313/313
f 1241/1241 1242/1242 1243/1243
f 243/243 1242/1242 1241/1241
f 1244/1244 243/243 1241/1241
f 1241/1241 1243/1243 1244/1244
f 1245/1245 1246/1246 1247/1247
f 676/676 1248/1248 1249/1249
f 340/340 338/338 53/53
f 53/53 1250/1250 340/340
f 1251/1251 793/793 1252/1252
f 247/247 687/687 1253/1253
f 549/549 687/687 247/247
f 346/346 246/246 1254/1254
f 1001/1001 1003/1003 1255/1255
f 1256/1256 1257/1257 595/595
f 1258/1258 1259/1259 1260/1260
f 1260/1260 1261/1261 1258/1258
f 888/888 1262/1262 1263/1263
f 198/198 1264/1264 1265/1265
f 1096/1096 793/793 56/56
f 56/56 1097/1097 1096/1096
f 1266/1266 1267/1267 1268/1268
f 1269/1269 1270/1270 1271/1271
f 1271/1271 1272/1272 1269/1269
f 1273/1273 1274/1274 54/54
f 54/54 1275/1275 1276/1276
f 1277/1277 1278/1278 55/55
f 1279/1279 789/789 747/747
f 676/676 1028/1028 677/677
f 353/353 1280/1280 1281/1281
f 1282/1282 1283/1283 1011/1011
f 1011/1011 1284/1284 1282/1282
f 1285/1285 256/256 1282/1282
f 1286/1286 1287/1287 1288/1288
f 1289/1289 879/879 1290/1290
f 1289/1289 1290/1290 1291/1291
f 1291/1291 189/189 1289/1289
f 879/879 1292/1292 1293/1293
f 1294/1294 685/685 1295/1295
f 922/922 924/924 1296/1296
f 952/952 1297/1297 1298/1298
f 197/197 817/817 195/195
f 1299/1299 510/510 882/882
f 1300/1300 510/510 1299/1299
f 69/69 796/796 1067/1067
f 1301/1301 220/220 1302/1302
f 1303/1303 1304/1304 1305/1305
f 470/470 1306/1306 1307/1307
f 1308/1308 1309/1309 127/127
f 127/127 323/323 1308/1308
f 417/417 622/622 1310/1310
f 1311/1311 1312/1312 1313/1313
f 1313/1313 1312/1312 1314/1314
f 1315/1315 1316/1316 1317/1317
f 506/506 1318/1318 1319/1319
f 1320/1320 1114/1114 1113/1113
f 1321/1321 1012/1012 1011/1011
f 1011/1011 1283/1283 1321/1321
f 259/259 1322/1322 1323/1323
f 1324/1324 1325/1325 364/364
f 370/370 1326/1326 373/373
f 372/372 1326/1326 370/370
f 1327/1327 172/172 1328/1328
f 1329/1329 1330/1330 1331/1331
f 198/198 1330/1330 1329/1329
f 1332/1332 1333/1333 1334/1334
f 1335/1335 1336/1336 1337/1337
f 1338/1338 1052/1052 1051/1051
f 71/71 1339/1339 1340/1340
f 795/795 1339/1339 1341/1341
f 1341/1341 1342/1342 795/795
f 1212/1212 1213/1213 1342/1342
f 1343/1343 1344/1344 1345/1345
f 1346/1346 1197/1197 1059/1059
f 1290/1290 1347/1347 1348/1348
f 1349/1349 1350/1350 1351/1351
f 1352/1352 1353/1353 1354/1354
f 1355/1355 1356/1356 1195/1195
f 1357/1357 1358/1358 932/932
f 380/380 936/936 381/381
f 184/184 378/378 1359/1359
f 75/75 1360/1360 1345/1345
f 1345/1345 1360/1360 1361/1361
f 1361/1361 1343/1343 1345/1345
f 1362/1362 1363/1363 1364/1364
f 1362/1362 1364/1364 1365/1365
f 219/219 327/327 1366/1366
f 1367/1367 1146/1146 1148/1148
f 1157/1157 1364/1364 1368/1368
f 1369/1369 771/771 1370/1370
f 1371/1371 147/147 1368/1368
f 172/172 1162/1162 1161/1161
f 1372/1372 1162/1162 172/172
f 1373/1373 1374/1374 1375/1375
f 1376/1376 1377/1377 1378/1378
f 389/389 86/86 1379/1379
f 389/389 388/388 86/86
f 1380/1380 1207/1207 1381/1381
f 297/297 1382/1382 1383/1383
f 1384/1384 1385/1385 1386/1386
f 1387/1387 1209/1209 1388/1388
f 1389/1389 954/954 956/956
f 1130/1130 111/111 1131/1131
f 299/299 1390/1390 472/472
f 299/299 844/844 1390/1390
f 1178/1178 844/844 299/299
f 1391/1391 1180/1180 1392/1392
f 215/215 1181/1181 1391/1391
f 1393/1393 53/53 1394/1394
f 1395/1395 1396/1396 1397/1397
f 407/407 298/298 1398/1398
f 1399/1399 1091/1091 605/605
f 1400/1400 1014/1014 160/160
f 1401/1401 395/395 1400/1400
f 1400/1400 395/395 226/226
f 497/497 395/395 394/394
f 1402/1402 1403/1403 1404/1404
f 121/121 562/562 1405/1405
f 492/492 491/491 1406/1406
f 1209/1209 1407/1407 1408/1408
f 111/111 1409/1409 318/318
f 1410/1410 1355/1355 1411/1411
f 159/159 1191/1191 1412/1412
f 1412/1412 1191/1191 301/301
f 1413/1413 294/294 1414/1414
f 1415/1415 903/903 874/874
f 1416/1416 1417/1417 886/886
f 1195/1195 94/94 1356/1356
f 1418/1418 522/522 1419/1419
f 1419/1419 413/413 1418/1418
f 414/414 1420/1420 412/412
f 412/412 1420/1420 97/97
f 1421/1421 522/522 1418/1418
f 412/412 97/97 1421/1421
f 1421/1421 413/413 412/412
f 203/203 1422/1422 1423/1423
f 1424/1424 186/186 1425/1425
f 1426/1426 1427/1427 1428/1428
f 1280/1280 1427/1427 1426/1426
f 1429/1429 1270/1270 1269/1269
f 1430/1430 1431/1431 1432/1432
f 75/75 1153/1153 1029/1029
f 526/526 208/208 73/73
f 690/690 303/303 1433/1433
f 1433/1433 303/303 302/302
f 1434/1434 1435/1435 1436/1436
f 1145/1145 995/995 997/997
f 1087/1087 126/126 1437/1437
f 1416/1416 120/120 1438/1438
f 1438/1438 887/887 1416/1416
f 1438/1438 951/951 887/887
f 120/120 1439/1439 1438/1438
f 646/646 1440/1440 1441/1441
f 1099/1099 1442/1442 1104/1104
f 1443/1443 1444/1444 1057/1057
f 1443/1443 1057/1057 1196/1196
f 1197/1197 1198/1198 1445/1445
f 1005/1005 188/188 1106/1106
f 1445/1445 799/799 1197/1197
f 425/425 312/312 238/238
f 1351/1351 1350/1350 1446/1446
f 1211/1211 1205/1205 1447/1447
f 1448/1448 1211/1211 1447/1447
f 827/827 1449/1449 1450/1450
f 1451/1451 1452/1452 1453/1453
f 1454/1454 1455/1455 892/892
f 1364/1364 1157/1157 1033/1033
f 1044/1044 1389/1389 956/956
f 1456/1456 1457/1457 1458/1458
f 1458/1458 1457/1457 1459/1459
f 423/423 1460/1460 421/421
f 162/162 1461/1461 1462/1462
f 975/975 1463/1463 712/712
f 1464/1464 1465/1465 230/230
f 935/935 455/455 68/68
f 1464/1464 326/326 325/325
f 234/234 152/152 517/517
f 1466/1466 1216/1216 1218/1218
f 1467/1467 1216/1216 1466/1466
f 1468/1468 1469/1469 311/311
f 311/311 1470/1470 1468/1468
f 1471/1471 621/621 623/623
f 1472/1472 923/923 924/924
f 1473/1473 1474/1474 1475/1475
f 1476/1476 1477/1477 1478/1478
f 1478/1478 1479/1479 1476/1476
f 397/397 1480/1480 1481/1481
f 1482/1482 1483/1483 1484/1484
f 1485/1485 1486/1486 1487/1487
f 1488/1488 1489/1489 1288/1288
f 764/764 240/240 242/242
f 1490/1490 1491/1491 767/767
f 1490/1490 767/767 234/234
f 1492/1492 1493/1493 1494/1494
f 1494/1494 1495/1495 1492/1492
f 676/676 675/675 1025/1025
f 1496/1496 404/404 1497/1497
f 919/919 1023/1023 918/918
f 918/918 1023/1023 1498/1498
f 241/241 525/525 1499/1499
f 531/531 1226/1226 532/532
f 1500/1500 241/241 1499/1499
f 1499/1499 174/174 1500/1500
f 83/83 833/833 830/830
f 242/242 241/241 1500/1500
f 57/57 1501/1501 1502/1502
f 328/328 1077/1077 704/704
f 831/831 830/830 849/849
f 245/245 982/982 984/984
f 245/245 1503/1503 982/982
f 1080/1080 1081/1081 245/245
f 1081/1081 1503/1503 245/245
f 1504/1504 1204/1204 1505/1505
f 1119/1119 1175/1175 1176/1176
f 245/245 985/985 328/328
f 328/328 985/985 1239/1239
f 121/121 1506/1506 1507/1507
f 1508/1508 70/70 1509/1509
f 1510/1510 1511/1511 1512/1512
f 62/62 564/564 1513/1513
f 1514/1514 1515/1515 1092/1092
f 897/897 1516/1516 1517/1517
f 1394/1394 392/392 341/341
f 1393/1393 1394/1394 341/341
f 1518/1518 1250/1250 53/53
f 340/340 1250/1250 1518/1518
f 1518/1518 341/341 340/340
f 1518/1518 1393/1393 341/341
f 1519/1519 392/392 1520/1520
f 849/849 830/830 834/834
f 52/52 345/345 342/342
f 1521/1521 1522/1522 1523/1523
f 1524/1524 1525/1525 1526/1526
f 247/247 1253/1253 738/738
f 1527/1527 1511/1511 1528/1528
f 246/246 248/248 99/99
f 503/503 1529/1529 1530/1530
f 157/157 543/543 1531/1531
f 1532/1532 1533/1533 392/392
f 1532/1532 392/392 1519/1519
f 1519/1519 118/118 1532/1532
f 1534/1534 1535/1535 95/95
f 1536/1536 1535/1535 1534/1534
f 1534/1534 1003/1003 1536/1536
f 952/952 1537/1537 1538/1538
f 122/122 1539/1539 1540/1540
f 1541/1541 1002/1002 1542/1542
f 126/126 1300/1300 1299/1299
f 1543/1543 1544/1544 1545/1545
f 1546/1546 640/640 1535/1535
f 641/641 640/640 1546/1546
f 1546/1546 1535/1535 1547/1547
f 1548/1548 1549/1549 1546/1546
f 1546/1546 1549/1549 641/641
f 1535/1535 1550/1550 1551/1551
f 1552/1552 1259/1259 119/119
f 119/119 1259/1259 1258/1258
f 1544/1544 1553/1553 1554/1554
f 1555/1555 888/888 1263/1263
f 1556/1556 517/517 1225/1225
f 1557/1557 65/65 1558/1558
f 1559/1559 1552/1552 1560/1560
f 1552/1552 119/119 1560/1560
f 1561/1561 1562/1562 1563/1563
f 1564/1564 1565/1565 1566/1566
f 1567/1567 1568/1568 181/181
f 256/256 1569/1569 1570/1570
f 55/55 1278/1278 1571/1571
f 1571/1571 56/56 55/55
f 834/834 126/126 849/849
f 243/243 334/334 1572/1572
f 1573/1573 1274/1274 1273/1273
f 55/55 1100/1100 1574/1574
f 1574/1574 1100/1100 1098/1098
f 1574/1574 1098/1098 1277/1277
f 1405/1405 1575/1575 121/121
f 434/434 1575/1575 1405/1405
f 1576/1576 186/186 1424/1424
f 1424/1424 1577/1577 1576/1576
f 1004/1004 489/489 488/488
f 193/193 1578/1578 1008/1008
f 1579/1579 1580/1580 1581/1581
f 1582/1582 1583/1583 1584/1584
f 191/191 1585/1585 1586/1586
f 725/725 879/879 724/724
f 724/724 1293/1293 189/189
f 879/879 1293/1293 724/724
f 1587/1587 1588/1588 1589/1589
f 232/232 1402/1402 1404/1404
f 1590/1590 1006/1006 1591/1591
f 1591/1591 1006/1006 1592/1592
f 1593/1593 897/897 1594/1594
f 1595/1595 293/293 1596/1596
f 183/183 1597/1597 182/182
f 1144/1144 904/904 422/422
f 1481/1481 1598/1598 1480/1480
f 1599/1599 1369/1369 1370/1370
f 1600/1600 127/127 1303/1303
f 1305/1305 1085/1085 1600/1600
f 97/97 522/522 1421/1421
f 1098/1098 1601/1601 1602/1602
f 355/355 1603/1603 1604/1604
f 1309/1309 1605/1605 127/127
f 1606/1606 1607/1607 1608/1608
f 1608/1608 127/127 1606/1606
f 1608/1608 1607/1607 1305/1305
f 1609/1609 1457/1457 1459/1459
f 1610/1610 1611/1611 1392/1392
f 1612/1612 1314/1314 63/63
f 1613/1613 119/119 1261/1261
f 1614/1614 1113/1113 624/624
f 624/624 359/359 1614/1614
f 1320/1320 1113/1113 1614/1614
f 694/694 1615/1615 1616/1616
f 439/439 1617/1617 130/130
f 262/262 1617/1617 439/439
f 567/567 1322/1322 259/259
f 567/567 261/261 1322/1322
f 444/444 1618/1618 1619/1619
f 365/365 258/258 261/261
f 258/258 1620/1620 261/261
f 1329/1329 1331/1331 1621/1621
f 1621/1621 198/198 1329/1329
f 198/198 1622/1622 1623/1623
f 1623/1623 1622/1622 1624/1624
f 1625/1625 63/63 1626/1626
f 364/364 1065/1065 1066/1066
f 364/364 1325/1325 1065/1065
f 1627/1627 346/346 1254/1254
f 1628/1628 862/862 863/863
f 275/275 277/277 674/674
f 674/674 277/277 450/450
f 1629/1629 199/199 453/453
f 453/453 454/454 1629/1629
f 1134/1134 1137/1137 1139/1139
f 645/645 1630/1630 1214/1214
f 453/453 199/199 1631/1631
f 1631/1631 452/452 453/453
f 582/582 1632/1632 373/373
f 1480/1480 534/534 1481/1481
f 1633/1633 1634/1634 1083/1083
f 1635/1635 1636/1636 1637/1637
f 123/123 1638/1638 1639/1639
f 1640/1640 1641/1641 1642/1642
f 563/563 1643/1643 1644/1644
f 1341/1341 1339/1339 71/71
f 1645/1645 1342/1342 1341/1341
f 1646/1646 1647/1647 1648/1648
f 1649/1649 1650/1650 1651/1651
f 1652/1652 1650/1650 1649/1649
f 1653/1653 1358/1358 1654/1654
f 1655/1655 975/975 1656/1656
f 1657/1657 1658/1658 464/464
f 464/464 267/267 1657/1657
f 461/461 132/132 1659/1659
f 1660/1660 1632/1632 582/582
f 582/582 367/367 1660/1660
f 1354/1354 1353/1353 1661/1661
f 1661/1661 1353/1353 935/935
f 1662/1662 455/455 978/978
f 275/275 674/674 1663/1663
f 376/376 275/275 1663/1663
f 674/674 1664/1664 1665/1665
f 1665/1665 1664/1664 1666/1666
f 1665/1665 1666/1666 1667/1667
f 1665/1665 1667/1667 674/674
f 1668/1668 1669/1669 1670/1670
f 1671/1671 1672/1672 1673/1673
f 1671/1671 1673/1673 1674/1674
f 1675/1675 1676/1676 1677/1677
f 148/148 147/147 1371/1371
f 1623/1623 130/130 198/198
f 1101/1101 1032/1032 1031/1031
f 75/75 1032/1032 1101/1101
f 1678/1678 1679/1679 1680/1680
f 1111/1111 209/209 1112/1112
f 1681/1681 1682/1682 397/397
f 1683/1683 1684/1684 1685/1685
f 1686/1686 431/431 1687/1687
f 1688/1688 1684/1684 1689/1689
f 1689/1689 1684/1684 1683/1683
f 1690/1690 1486/1486 1485/1485
f 1691/1691 149/149 1148/1148
f 597/597 594/594 593/593
f 478/478 481/481 482/482
f 905/905 1143/1143 1403/1403
f 1692/1692 1693/1693 1694/1694
f 1170/1170 1169/1169 1695/1695
f 1695/1695 386/386 1170/1170
f 1614/1614 1696/1696 1554/1554
f 1697/1697 1173/1173 726/726
f 1698/1698 1173/1173 1697/1697
f 1699/1699 1700/1700 1173/1173
f 1699/1699 1173/1173 1701/1701
f 1699/1699 1701/1701 293/293
f 293/293 87/87 1172/1172
f 629/629 1016/1016 632/632
f 610/610 1492/1492 1493/1493
f 487/487 931/931 932/932
f 1702/1702 931/931 487/487
f 1703/1703 1704/1704 486/486
f 603/603 1301/1301 1705/1705
f 1706/1706 1707/1707 1708/1708
f 1383/1383 427/427 1709/1709
f 1388/1388 1209/1209 1208/1208
f 255/255 1317/1317 1553/1553
f 1710/1710 216/216 1711/1711
f 1712/1712 220/220 1713/1713
f 1714/1714 1625/1625 1626/1626
f 184/184 1441/1441 1440/1440
f 1180/1180 1715/1715 1611/1611
f 1716/1716 1715/1715 1180/1180
f 1180/1180 1717/1717 1718/1718
f 1718/1718 606/606 1180/1180
f 730/730 606/606 1718/1718
f 1719/1719 1717/1717 1180/1180
f 1180/1180 1183/1183 1719/1719
f 1720/1720 192/192 934/934
f 1721/1721 359/359 1722/1722
f 1723/1723 113/113 1724/1724
f 535/535 1725/1725 1726/1726
f 1727/1727 1728/1728 1716/1716
f 1716/1716 1180/1180 1727/1727
f 1727/1727 1395/1395 1397/1397
f 1727/1727 1180/1180 1395/1395
f 1729/1729 1730/1730 1385/1385
f 1385/1385 1209/1209 1729/1729
f 1618/1618 1286/1286 1731/1731
f 1732/1732 1733/1733 1734/1734
f 337/337 1735/1735 898/898
f 1357/1357 483/483 1736/1736
f 925/925 226/226 927/927
f 1707/1707 867/867 1708/1708
f 942/942 1737/1737 407/407
f 1092/1092 559/559 558/558
f 1738/1738 1739/1739 1740/1740
f 1732/1732 1741/1741 1742/1742
f 254/254 1743/1743 1744/1744
f 1745/1745 1094/1094 1095/1095
f 230/230 1746/1746 326/326
f 1747/1747 1187/1187 298/298
f 1188/1188 1190/1190 1748/1748
f 1749/1749 1750/1750 1751/1751
f 1610/1610 1392/1392 1391/1391
f 1346/1346 1752/1752 1753/1753
f 1754/1754 1755/1755 1756/1756
f 521/521 523/523 96/96
f 1757/1757 1758/1758 522/522
f 96/96 1759/1759 1760/1760
f 624/624 1554/1554 557/557
f 1430/1430 1761/1761 1762/1762
f 522/522 1758/1758 1419/1419
f 1017/1017 433/433 1018/1018
f 1763/1763 1196/1196 1058/1058
f 1058/1058 120/120 1763/1763
f 1763/1763 120/120 1764/1764
f 1145/1145 997/997 1765/1765
f 1765/1765 120/120 1145/1145
f 1766/1766 1767/1767 1768/1768
f 996/996 995/995 120/120
f 998/998 996/996 120/120
f 1769/1769 1770/1770 1771/1771
f 1772/1772 799/799 1773/1773
f 1773/1773 1198/1198 1772/1772
f 433/433 544/544 944/944
f 419/419 1774/1774 621/621
f 1774/1774 419/419 1775/1775
f 1775/1775 419/419 1776/1776
f 1777/1777 313/313 1778/1778
f 1778/1778 1779/1779 1777/1777
f 1780/1780 1781/1781 1782/1782
f 1780/1780 1783/1783 1781/1781
f 1784/1784 1785/1785 903/903
f 1786/1786 1645/1645 1787/1787
f 1788/1788 1789/1789 1790/1790
f 1482/1482 1791/1791 1792/1792
f 1482/1482 1792/1792 1793/1793
f 162/162 1794/1794 1795/1795
f 115/115 1796/1796 1797/1797
f 1456/1456 1458/1458 1798/1798
f 1221/1221 1794/1794 1798/1798
f 522/522 1759/1759 1799/1799
f 1209/1209 1800/1800 1407/1407
f 1479/1479 1801/1801 1802/1802
f 1802/1802 1803/1803 1479/1479
f 85/85 1804/1804 86/86
f 922/922 1233/1233 1805/1805
f 1010/1010 257/257 1019/1019
f 1240/1240 922/922 1806/1806
f 230/230 1807/1807 1808/1808
f 1808/1808 1809/1809 230/230
f 325/325 1465/1465 1464/1464
f 515/515 514/514 1810/1810
f 1811/1811 397/397 1812/1812
f 1660/1660 1431/1431 1813/1813
f 1355/1355 1536/1536 1411/1411
f 1466/1466 1218/1218 517/517
f 517/517 1814/1814 1815/1815
f 517/517 1467/1467 1466/1466
f 1816/1816 1817/1817 1818/1818
f 1589/1589 1819/1819 1820/1820
f 1818/1818 1819/1819 1589/1589
f 1821/1821 1822/1822 1823/1823
f 980/980 981/981 311/311
f 311/311 981/981 1470/1470
f 1824/1824 1825/1825 1826/1826
f 1827/1827 859/859 1828/1828
f 1828/1828 109/109 1827/1827
f 1477/1477 233/233 1478/1478
f 1829/1829 1092/1092 994/994
f 1289/1289 189/189 1292/1292
f 1830/1830 1831/1831 1832/1832
f 1828/1828 846/846 109/109
f 1805/1805 313/313 780/780
f 386/386 1833/1833 1168/1168
f 1305/1305 1834/1834 1835/1835
f 1282/1282 256/256 1283/1283
f 764/764 174/174 765/765
f 235/235 1224/1224 1223/1223
f 1836/1836 1224/1224 235/235
f 1490/1490 234/234 1837/1837
f 1837/1837 1838/1838 1490/1490
f 1002/1002 1839/1839 1551/1551
f 1840/1840 1841/1841 501/501
f 1842/1842 1843/1843 1556/1556
f 517/517 1844/1844 1845/1845
f 1845/1845 1844/1844 1842/1842
f 611/611 1494/1494 1846/1846
f 611/611 1846/1846 517/517
f 234/234 1492/1492 1847/1847
f 1492/1492 1495/1495 1847/1847
f 1848/1848 167/167 166/166
f 1849/1849 167/167 1848/1848
f 532/532 1227/1227 1026/1026
f 1498/1498 1023/1023 1021/1021
f 1498/1498 1850/1850 1851/1851
f 1851/1851 1852/1852 1498/1498
f 1853/1853 1783/1783 1781/1781
f 1854/1854 1036/1036 1038/1038
f 1098/1098 1099/1099 1104/1104
f 1855/1855 972/972 1856/1856
f 972/972 1857/1857 1856/1856
f 1356/1356 1003/1003 1195/1195
f 1696/1696 1858/1858 1859/1859
f 203/203 1860/1860 1861/1861
f 1862/1862 1204/1204 1504/1504
f 1862/1862 1122/1122 1204/1204
f 279/279 1863/1863 78/78
f 1864/1864 714/714 1865/1865
f 1866/1866 1867/1867 1868/1868
f 990/990 685/685 1869/1869
f 1870/1870 1871/1871 1872/1872
f 1872/1872 1873/1873 1870/1870
f 1874/1874 113/113 588/588
f 1587/1587 1055/1055 1054/1054
f 1875/1875 1724/1724 1876/1876
f 76/76 208/208 1163/1163
f 244/244 330/330 116/116
f 1506/1506 538/538 537/537
f 201/201 1690/1690 1485/1485
f 784/784 1877/1877 1878/1878
f 337/337 336/336 1517/1517
f 1517/1517 336/336 784/784
f 784/784 1516/1516 1517/1517
f 53/53 118/118 1519/1519
f 53/53 1519/1519 1520/1520
f 1879/1879 184/184 1359/1359
f 1015/1015 926/926 1880/1880
f 347/347 118/118 1881/1881
f 1882/1882 634/634 1883/1883
f 342/342 344/344 52/52
f 546/546 1420/1420 414/414
f 97/97 1420/1420 546/546
f 215/215 90/90 1884/1884
f 1885/1885 247/247 346/346
f 1436/1436 247/247 1885/1885
f 1434/1434 1436/1436 1885/1885
f 1885/1885 1627/1627 99/99
f 75/75 1886/1886 1360/1360
f 676/676 1887/1887 1888/1888
f 172/172 1889/1889 1890/1890
f 1891/1891 1535/1535 1410/1410
f 1892/1892 1559/1559 1560/1560
f 1542/1542 1547/1547 1535/1535
f 1535/1535 1541/1541 1542/1542
f 1893/1893 698/698 1894/1894
f 537/537 1895/1895 1507/1507
f 119/119 1613/1613 1896/1896
f 1566/1566 1897/1897 1898/1898
f 1898/1898 1897/1897 1899/1899
f 1900/1900 1120/1120 761/761
f 1901/1901 1110/1110 1108/1108
f 1902/1902 182/182 1156/1156
f 1903/1903 1904/1904 1474/1474
f 1905/1905 182/182 1906/1906
f 1906/1906 1903/1903 1905/1905
f 1839/1839 1907/1907 1551/1551
f 1313/1313 1314/1314 1612/1612
f 737/737 1201/1201 1202/1202
f 1908/1908 792/792 1909/1909
f 1909/1909 1910/1910 1908/1908
f 1272/1272 1911/1911 1912/1912
f 1912/1912 1911/1911 1913/1913
f 353/353 1914/1914 1915/1915
f 861/861 860/860 933/933
f 1573/1573 1916/1916 57/57
f 57/57 1274/1274 1573/1573
f 708/708 253/253 1917/1917
f 1918/1918 708/708 1917/1917
f 1919/1919 1920/1920 1921/1921
f 253/253 1919/1919 1921/1921
f 1921/1921 1918/1918 1917/1917
f 1917/1917 253/253 1921/1921
f 1922/1922 1923/1923 1924/1924
f 252/252 1923/1923 1922/1922
f 191/191 1925/1925 1291/1291
f 1926/1926 1927/1927 187/187
f 1928/1928 1284/1284 1569/1569
f 1284/1284 1004/1004 1569/1569
f 1569/1569 256/256 1928/1928
f 777/777 1929/1929 1930/1930
f 1346/1346 875/875 873/873
f 1006/1006 1931/1931 1932/1932
f 500/500 1062/1062 501/501
f 720/720 1933/1933 1769/1769
f 193/193 1590/1590 1591/1591
f 1016/1016 1506/1506 538/538
f 862/862 863/863 1592/1592
f 862/862 1592/1592 1934/1934
f 713/713 193/193 862/862
f 1087/1087 1437/1437 1935/1935
f 219/219 1936/1936 217/217
f 1608/1608 1835/1835 127/127
f 1937/1937 1938/1938 1939/1939
f 1940/1940 1938/1938 1937/1937
f 255/255 1941/1941 1942/1942
f 1943/1943 599/599 715/715
f 324/324 255/255 1944/1944
f 1944/1944 322/322 324/324
f 1543/1543 1945/1945 1545/1545
f 1946/1946 399/399 534/534
f 359/359 1114/1114 1320/1320
f 216/216 1947/1947 1730/1730
f 1948/1948 359/359 1045/1045
f 1045/1045 1313/1313 1948/1948
f 1948/1948 1313/1313 1949/1949
f 439/439 1950/1950 1951/1951
f 1951/1951 259/259 439/439
f 1951/1951 1950/1950 1952/1952
f 1952/1952 1624/1624 1951/1951
f 271/271 259/259 1323/1323
f 1623/1623 1624/1624 1953/1953
f 1954/1954 935/935 1955/1955
f 160/160 1401/1401 1400/1400
f 1248/1248 209/209 1249/1249
f 1833/1833 1956/1956 571/571
f 571/571 570/570 1833/1833
f 1957/1957 1958/1958 1132/1132
f 1132/1132 386/386 1957/1957
f 1959/1959 1960/1960 929/929
f 264/264 447/447 578/578
f 1324/1324 364/364 1961/1961
f 1961/1961 364/364 446/446
f 972/972 974/974 1962/1962
f 1963/1963 353/353 1915/1915
f 1647/1647 1964/1964 1965/1965
f 581/581 1326/1326 372/372
f 373/373 1326/1326 581/581
f 1754/1754 1302/1302 1966/1966
f 133/133 457/457 1967/1967
f 1967/1967 457/457 458/458
f 1968/1968 421/421 1460/1460
f 1969/1969 1970/1970 1334/1334
f 1334/1334 1634/1634 1969/1969
f 949/949 120/120 950/950
f 1971/1971 1972/1972 1973/1973
f 1839/1839 1002/1002 1974/1974
f 1975/1975 1976/1976 62/62
f 62/62 1973/1973 1975/1975
f 1977/1977 1978/1978 1979/1979
f 1513/1513 1980/1980 1981/1981
f 1981/1981 62/62 1513/1513
f 1079/1079 915/915 1080/1080
f 1635/1635 1637/1637 1982/1982
f 1637/1637 1983/1983 1982/1982
f 1984/1984 1985/1985 60/60
f 60/60 1986/1986 1987/1987
f 60/60 307/307 1988/1988
f 1989/1989 1985/1985 1984/1984
f 1990/1990 1336/1336 1335/1335
f 1991/1991 1336/1336 1990/1990
f 1990/1990 64/64 1991/1991
f 1992/1992 64/64 1990/1990
f 1338/1338 1051/1051 1993/1993
f 1993/1993 1051/1051 1994/1994
f 754/754 1995/1995 753/753
f 1996/1996 1995/1995 1997/1997
f 254/254 759/759 1642/1642
f 1787/1787 71/71 1998/1998
f 1999/1999 2000/2000 2001/2001
f 2002/2002 2003/2003 2004/2004
f 947/947 250/250 2005/2005
f 1674/1674 430/430 1673/1673
f 464/464 2006/2006 463/463
f 463/463 462/462 464/464
f 464/464 1658/1658 2006/2006
f 2007/2007 233/233 2008/2008
f 462/462 363/363 362/362
f 362/362 1660/1660 462/462
f 2009/2009 462/462 1659/1659
f 2009/2009 363/363 462/462
f 2010/2010 2011/2011 1663/1663
f 1657/1657 267/267 132/132
f 132/132 267/267 269/269
f 2012/2012 1632/1632 1660/1660
f 1011/1011 1009/1009 1010/1010
f 407/407 2013/2013 2014/2014
f 1352/1352 1354/1354 2015/2015
f 1354/1354 31/31 2015/2015
f 2015/2015 31/31 2016/2016
f 2015/2015 2016/2016 455/455
f 652/652 765/765 2017/2017
f 2018/2018 31/31 589/589
f 589/589 455/455 2018/2018
f 455/455 465/465 466/466
f 1667/1667 375/375 674/674
f 674/674 376/376 1663/1663
f 674/674 375/375 376/376
f 2019/2019 1137/1137 2020/2020
f 2020/2020 473/473 2019/2019
f 357/357 620/620 358/358
f 2021/2021 1142/1142 2022/2022
f 2023/2023 2024/2024 2025/2025
f 2025/2025 2024/2024 2026/2026
f 2025/2025 2026/2026 1423/1423
f 74/74 936/936 380/380
f 1288/1288 151/151 1488/1488
f 1050/1050 134/134 2027/2027
f 2028/2028 2029/2029 2030/2030
f 1871/1871 2031/2031 1870/1870
f 2032/2032 591/591 2033/2033
f 2032/2032 2034/2034 591/591
f 2035/2035 2036/2036 2037/2037
f 2037/2037 2036/2036 2038/2038
f 2037/2037 2039/2039 2035/2035
f 2040/2040 2039/2039 2037/2037
f 2041/2041 2042/2042 1689/1689
f 2041/2041 1689/1689 2038/2038
f 2038/2038 2036/2036 2043/2043
f 1064/1064 2044/2044 2045/2045
f 2046/2046 478/478 596/596
f 596/596 477/477 2046/2046
f 1317/1317 1554/1554 1553/1553
f 2047/2047 2048/2048 2049/2049
f 386/386 2050/2050 2051/2051
f 2052/2052 2050/2050 386/386
f 2053/2053 1062/1062 1063/1063
f 1378/1378 353/353 2054/2054
f 1694/1694 1693/1693 2055/2055
f 2055/2055 1693/1693 2056/2056
f 289/289 1171/1171 857/857
f 2057/2057 2058/2058 2059/2059
f 2060/2060 2061/2061 2062/2062
f 2062/2062 2061/2061 931/931
f 1600/1600 192/192 1935/1935
f 109/109 2063/2063 2064/2064
f 2065/2065 2066/2066 374/374
f 2067/2067 484/484 2060/2060
f 2068/2068 1702/1702 2067/2067
f 1384/1384 2069/2069 1386/1386
f 2070/2070 728/728 2071/2071
f 486/486 1704/1704 2072/2072
f 1704/1704 294/294 2072/2072
f 2073/2073 2074/2074 2072/2072
f 1844/1844 517/517 2075/2075
f 200/200 2076/2076 1213/1213
f 1588/1588 1587/1587 2077/2077
f 2078/2078 1301/1301 603/603
f 2078/2078 220/220 1301/1301
f 460/460 2079/2079 603/603
f 1177/1177 602/602 604/604
f 1177/1177 43/43 602/602
f 1068/1068 426/426 317/317
f 1306/1306 428/428 2080/2080
f 297/297 429/429 1176/1176
f 1709/1709 429/429 297/297
f 1184/1184 229/229 2081/2081
f 216/216 1728/1728 1727/1727
f 1727/1727 1397/1397 216/216
f 1718/1718 1717/1717 1884/1884
f 1884/1884 1717/1717 215/215
f 2082/2082 1396/1396 1395/1395
f 1395/1395 1385/1385 2082/2082
f 1729/1729 1209/1209 1408/1408
f 2083/2083 391/391 1520/1520
f 696/696 2084/2084 357/357
f 2085/2085 2086/2086 1398/1398
f 1734/1734 2086/2086 2085/2085
f 2087/2087 1889/1889 2088/2088
f 2034/2034 2089/2089 1619/1619
f 89/89 542/542 157/157
f 542/542 1117/1117 2090/2090
f 607/607 2091/2091 605/605
f 2092/2092 921/921 605/605
f 605/605 2091/2091 2092/2092
f 2093/2093 2094/2094 2095/2095
f 664/664 292/292 938/938
f 2096/2096 2094/2094 2093/2093
f 2096/2096 2093/2093 966/966
f 966/966 965/965 2096/2096
f 2096/2096 965/965 212/212
f 495/495 2093/2093 2097/2097
f 2097/2097 2098/2098 495/495
f 2099/2099 2093/2093 2095/2095
f 2095/2095 212/212 2099/2099
f 815/815 2100/2100 197/197
f 2097/2097 2093/2093 2099/2099
f 2101/2101 2102/2102 2103/2103
f 495/495 2098/2098 2104/2104
f 2098/2098 212/212 2104/2104
f 2104/2104 212/212 308/308
f 1374/1374 1375/1375 395/395
f 2105/2105 249/249 2106/2106
f 943/943 225/225 159/159
f 2107/2107 1145/1145 995/995
f 2108/2108 497/497 2109/2109
f 2109/2109 497/497 496/496
f 2110/2110 2111/2111 497/497
f 2112/2112 2113/2113 989/989
f 989/989 2114/2114 2112/2112
f 966/966 286/286 2115/2115
f 2116/2116 1354/1354 1661/1661
f 2117/2117 2118/2118 2119/2119
f 2120/2120 2118/2118 2117/2117
f 494/494 308/308 310/310
f 919/919 169/169 1023/1023
f 2121/2121 2122/2122 221/221
f 221/221 1653/1653 2121/2121
f 1497/1497 1413/1413 221/221
f 221/221 404/404 1497/1497
f 221/221 1413/1413 1414/1414
f 1118/1118 542/542 612/612
f 612/612 223/223 1118/1118
f 2123/2123 492/492 1406/1406
f 299/299 492/492 2123/2123
f 894/894 2124/2124 1982/1982
f 2125/2125 2126/2126 298/298
f 1748/1748 1190/1190 2125/2125
f 2125/2125 298/298 1748/1748
f 2127/2127 303/303 2128/2128
f 2128/2128 300/300 2127/2127
f 2129/2129 2130/2130 2131/2131
f 1754/1754 1301/1301 1302/1302
f 1760/1760 1759/1759 522/522
f 413/413 1757/1757 1799/1799
f 1799/1799 96/96 413/413
f 1799/1799 1759/1759 96/96
f 302/302 304/304 101/101
f 305/305 303/303 614/614
f 2132/2132 959/959 1155/1155
f 2133/2133 313/313 2134/2134
f 2134/2134 2135/2135 2133/2133
f 2133/2133 2135/2135 2136/2136
f 2136/2136 313/313 2133/2133
f 1778/1778 313/313 509/509
f 817/817 2137/2137 2138/2138
f 1084/1084 2139/2139 1082/1082
f 509/509 1779/1779 1778/1778
f 2140/2140 1779/1779 509/509
f 509/509 1782/1782 2140/2140
f 2141/2141 185/185 2142/2142
f 2143/2143 892/892 2144/2144
f 1090/1090 1964/1964 1091/1091
f 1185/1185 1199/1199 1200/1200
f 2145/2145 1968/1968 2146/2146
f 2147/2147 1044/1044 1043/1043
f 2148/2148 903/903 2149/2149
f 2149/2149 163/163 2148/2148
f 2150/2150 2151/2151 2152/2152
f 2152/2152 2151/2151 318/318
f 318/318 2153/2153 2152/2152
f 2152/2152 2153/2153 2150/2150
f 1128/1128 229/229 1126/1126
f 993/993 1089/1089 992/992
f 2154/2154 988/988 1373/1373
f 2155/2155 2156/2156 2157/2157
f 2157/2157 421/421 2155/2155
f 2158/2158 1807/1807 2159/2159
f 2160/2160 2161/2161 2162/2162
f 2160/2160 1809/1809 1808/1808
f 2162/2162 1809/1809 2160/2160
f 1525/1525 109/109 1526/1526
f 33/33 326/326 1746/1746
f 34/34 33/33 1746/1746
f 1746/1746 230/230 34/34
f 2163/2163 1814/1814 517/517
f 1815/1815 1814/1814 2163/2163
f 2163/2163 2164/2164 2165/2165
f 517/517 2164/2164 2163/2163
f 517/517 2166/2166 2167/2167
f 2167/2167 2166/2166 2168/2168
f 2167/2167 2164/2164 517/517
f 2165/2165 2164/2164 2167/2167
f 782/782 1404/1404 1402/1402
f 1053/1053 2169/2169 2170/2170
f 2168/2168 2166/2166 516/516
f 520/520 2168/2168 516/516
f 1816/1816 1818/1818 2077/2077
f 1819/1819 2171/2171 2172/2172
f 2172/2172 1820/1820 1819/1819
f 978/978 455/455 979/979
f 337/337 544/544 898/898
f 2173/2173 2174/2174 1644/1644
f 2175/2175 2176/2176 2177/2177
f 2178/2178 164/164 2179/2179
f 2179/2179 2180/2180 2178/2178
f 1826/1826 1825/1825 2178/2178
f 2178/2178 1825/1825 164/164
f 2022/2022 2180/2180 2179/2179
f 2021/2021 2180/2180 2022/2022
f 2181/2181 1477/1477 1476/1476
f 2181/2181 233/233 1477/1477
f 859/859 1525/1525 1526/1526
f 2182/2182 1525/1525 859/859
f 859/859 1832/1832 2182/2182
f 2183/2183 1469/1469 1470/1470
f 1166/1166 1788/1788 1167/1167
f 2184/2184 1178/1178 2080/2080
f 955/955 954/954 2185/2185
f 2017/2017 1222/1222 240/240
f 174/174 1222/1222 2017/2017
f 240/240 765/765 2017/2017
f 1840/1840 240/240 2186/2186
f 1836/1836 235/235 2186/2186
f 2186/2186 240/240 1836/1836
f 373/373 136/136 2187/2187
f 698/698 1254/1254 1627/1627
f 2188/2188 804/804 805/805
f 609/609 1494/1494 611/611
f 1845/1845 1842/1842 609/609
f 1842/1842 1494/1494 609/609
f 1358/1358 1413/1413 1414/1414
f 1367/1367 1689/1689 1148/1148
f 2189/2189 2190/2190 424/424
f 2189/2189 2191/2191 2190/2190
f 2190/2190 532/532 1027/1027
f 1027/1027 532/532 1026/1026
f 169/169 1852/1852 1851/1851
f 2192/2192 1852/1852 169/169
f 1856/1856 1857/1857 169/169
f 169/169 1857/1857 2192/2192
f 2193/2193 2194/2194 1697/1697
f 524/524 2195/2195 174/174
f 174/174 2195/2195 2196/2196
f 1200/1200 2197/2197 1199/1199
f 2198/2198 1425/1425 186/186
f 2199/2199 2200/2200 172/172
f 2199/2199 2201/2201 2200/2200
f 2199/2199 1327/1327 2201/2201
f 424/424 1227/1227 1226/1226
f 533/533 2202/2202 2203/2203
f 2203/2203 424/424 533/533
f 174/174 525/525 524/524
f 53/53 337/337 898/898
f 1429/1429 2204/2204 2205/2205
f 2206/2206 1204/1204 1237/1237
f 625/625 1236/1236 2207/2207
f 119/119 120/120 1892/1892
f 536/536 124/124 714/714
f 2208/2208 628/628 626/626
f 1865/1865 714/714 628/628
f 115/115 987/987 916/916
f 1866/1866 115/115 2209/2209
f 2174/2174 2210/2210 2211/2211
f 2212/2212 334/334 1523/1523
f 2213/2213 334/334 2212/2212
f 2214/2214 2215/2215 2216/2216
f 2217/2217 377/377 2218/2218
f 648/648 1020/1020 860/860
f 2214/2214 2219/2219 2215/2215
f 1723/1723 1724/1724 1875/1875
f 1342/1342 2220/2220 2221/2221
f 954/954 2222/2222 2185/2185
f 1243/1243 1242/1242 2223/2223
f 2224/2224 1017/1017 631/631
f 779/779 2225/2225 2226/2226
f 1593/1593 1516/1516 784/784
f 1593/1593 784/784 1594/1594
f 118/118 349/349 1881/1881
f 1881/1881 349/349 350/350
f 350/350 347/347 1881/1881
f 1883/1883 634/634 635/635
f 52/52 1883/1883 635/635
f 545/545 345/345 52/52
f 635/635 545/545 52/52
f 634/634 2227/2227 2228/2228
f 1882/1882 2227/2227 634/634
f 2229/2229 634/634 2228/2228
f 2228/2228 2227/2227 52/52
f 2229/2229 2228/2228 52/52
f 52/52 2230/2230 2229/2229
f 1712/1712 1754/1754 1756/1756
f 1194/1194 218/218 740/740
f 52/52 2227/2227 1882/1882
f 1882/1882 1883/1883 52/52
f 1714/1714 2231/2231 1311/1311
f 2171/2171 1587/1587 2172/2172
f 638/638 637/637 100/100
f 1147/1147 2232/2232 2041/2041
f 118/118 348/348 554/554
f 118/118 554/554 644/644
f 392/392 1533/1533 644/644
f 644/644 343/343 392/392
f 1377/1377 353/353 1378/1378
f 181/181 2233/2233 2234/2234
f 2235/2235 430/430 1486/1486
f 1002/1002 1541/1541 1974/1974
f 230/230 2236/2236 2237/2237
f 2238/2238 2239/2239 2240/2240
f 2241/2241 809/809 2242/2242
f 2243/2243 868/868 867/867
f 1898/1898 2244/2244 2234/2234
f 1583/1583 2245/2245 2246/2246
f 2247/2247 2248/2248 1914/1914
f 1112/1112 2249/2249 1111/1111
f 2250/2250 181/181 2251/2251
f 2251/2251 1897/1897 2250/2250
f 2250/2250 1897/1897 1901/1901
f 2250/2250 1108/1108 181/181
f 2181/2181 1476/1476 2252/2252
f 1906/1906 1904/1904 1903/1903
f 2253/2253 182/182 2254/2254
f 1475/1475 182/182 2253/2253
f 2253/2253 1903/1903 1475/1475
f 1902/1902 1156/1156 2255/2255
f 2256/2256 2257/2257 2258/2258
f 2259/2259 2257/2257 2256/2256
f 355/355 2260/2260 2261/2261
f 2261/2261 2262/2262 355/355
f 2263/2263 1297/1297 2264/2264
f 2259/2259 2262/2262 2261/2261
f 2265/2265 2262/2262 2259/2259
f 2266/2266 2248/2248 2247/2247
f 1398/1398 1733/1733 2267/2267
f 2268/2268 354/354 2269/2269
f 2270/2270 354/354 2268/2268
f 647/647 1214/1214 645/645
f 1214/1214 647/647 1215/1215
f 60/60 1985/1985 2271/2271
f 1632/1632 266/266 373/373
f 182/182 1154/1154 1156/1156
f 647/647 1879/1879 1359/1359
f 2272/2272 1332/1332 1333/1333
f 184/184 1879/1879 1908/1908
f 1254/1254 99/99 1627/1627
f 415/415 2273/2273 1912/1912
f 2245/2245 1273/1273 755/755
f 2274/2274 2275/2275 1241/1241
f 406/406 2276/2276 2277/2277
f 2278/2278 2279/2279 122/122
f 1924/1924 1923/1923 2280/2280
f 2280/2280 1923/1923 254/254
f 1922/1922 1924/1924 2281/2281
f 2282/2282 1577/1577 2283/2283
f 1576/1576 1577/1577 2284/2284
f 2284/2284 1577/1577 2282/2282
f 2285/2285 2286/2286 2287/2287
f 2288/2288 626/626 714/714
f 2288/2288 2289/2289 626/626
f 714/714 2290/2290 2291/2291
f 2290/2290 2292/2292 2291/2291
f 2293/2293 2294/2294 714/714
f 714/714 2294/2294 2208/2208
f 1782/1782 509/509 1780/1780
f 2295/2295 2296/2296 1926/1926
f 498/498 160/160 496/496
f 187/187 1927/1927 2293/2293
f 977/977 1352/1352 1353/1353
f 1931/1931 1578/1578 193/193
f 2297/2297 1962/1962 2298/2298
f 2083/2083 347/347 1881/1881
f 2299/2299 1290/1290 1348/1348
f 1348/1348 189/189 2299/2299
f 2300/2300 2301/2301 70/70
f 1305/1305 1304/1304 361/361
f 361/361 1304/1304 127/127
f 410/410 1403/1403 411/411
f 127/127 1835/1835 1834/1834
f 1907/1907 1550/1550 1551/1551
f 652/652 1222/1222 1223/1223
f 809/809 294/294 2242/2242
f 1612/1612 2302/2302 2303/2303
f 2303/2303 2302/2302 2304/2304
f 2304/2304 1625/1625 2303/2303
f 555/555 1941/1941 556/556
f 1941/1941 255/255 556/556
f 556/556 359/359 557/557
f 294/294 490/490 2242/2242
f 1115/1115 1114/1114 359/359
f 2305/2305 1045/1045 63/63
f 1209/1209 1387/1387 2306/2306
f 1948/1948 1949/1949 1722/1722
f 2307/2307 1624/1624 1952/1952
f 130/130 1617/1617 262/262
f 262/262 263/263 130/130
f 149/149 2035/2035 2039/2039
f 685/685 2308/2308 2309/2309
f 419/419 623/623 420/420
f 2031/2031 1874/1874 588/588
f 688/688 1648/1648 1646/1646
f 1373/1373 1375/1375 2310/2310
f 431/431 377/377 432/432
f 271/271 1323/1323 261/261
f 657/657 156/156 131/131
f 153/153 174/174 2196/2196
f 440/440 156/156 657/657
f 2311/2311 2312/2312 2313/2313
f 2313/2313 386/386 2311/2311
f 762/762 1120/1120 814/814
f 292/292 2314/2314 654/654
f 654/654 656/656 292/292
f 445/445 447/447 264/264
f 2315/2315 2316/2316 2317/2317
f 1346/1346 2318/2318 1772/1772
f 1961/1961 446/446 669/669
f 537/537 1507/1507 1506/1506
f 136/136 368/368 580/580
f 366/366 368/368 136/136
f 2319/2319 366/366 136/136
f 2131/2131 366/366 2319/2319
f 2131/2131 369/369 366/366
f 2319/2319 136/136 2131/2131
f 2129/2129 369/369 2131/2131
f 670/670 369/369 2129/2129
f 670/670 276/276 369/369
f 1629/1629 454/454 670/670
f 136/136 1629/1629 670/670
f 2129/2129 136/136 670/670
f 2320/2320 674/674 450/450
f 450/450 451/451 2320/2320
f 2321/2321 457/457 133/133
f 268/268 457/457 2321/2321
f 2322/2322 1630/1630 1442/1442
f 90/90 2323/2323 2324/2324
f 583/583 456/456 2325/2325
f 133/133 459/459 583/583
f 1967/1967 458/458 133/133
f 458/458 459/459 133/133
f 1346/1346 2159/2159 2326/2326
f 1042/1042 2147/2147 1043/1043
f 374/374 2327/2327 671/671
f 671/671 673/673 374/374
f 1822/1822 2328/2328 2329/2329
f 566/566 2330/2330 272/272
f 1268/1268 2331/2331 1264/1264
f 1696/1696 1721/1721 1722/1722
f 506/506 1527/1527 1528/1528
f 2332/2332 64/64 1992/1992
f 1992/1992 2333/2333 2332/2332
f 1633/1633 1558/1558 65/65
f 2174/2174 2173/2173 2334/2334
f 1982/1982 1983/1983 2124/2124
f 2124/2124 1983/1983 2335/2335
f 2335/2335 27/27 2124/2124
f 955/955 1750/1750 2185/2185
f 2336/2336 27/27 2335/2335
f 2335/2335 2337/2337 2336/2336
f 212/212 288/288 2338/2338
f 2339/2339 2340/2340 2341/2341
f 2336/2336 2337/2337 2341/2341
f 2341/2341 2342/2342 2336/2336
f 2341/2341 2340/2340 2343/2343
f 2343/2343 2342/2342 2341/2341
f 765/765 174/174 2017/2017
f 1988/1988 307/307 306/306
f 306/306 2344/2344 1988/1988
f 2345/2345 1976/1976 1972/1972
f 1972/1972 2346/2346 2345/2345
f 2345/2345 2346/2346 2347/2347
f 2345/2345 2347/2347 62/62
f 72/72 281/281 150/150
f 2348/2348 1051/1051 2349/2349
f 255/255 1545/1545 1944/1944
f 2350/2350 2351/2351 2352/2352
f 1788/1788 1130/1130 1131/1131
f 2353/2353 133/133 1762/1762
f 1762/1762 268/268 2353/2353
f 132/132 269/269 1762/1762
f 1762/1762 269/269 268/268
f 1660/1660 1813/1813 2354/2354
f 2354/2354 1813/1813 266/266
f 610/610 1843/1843 2355/2355
f 266/266 2356/2356 2357/2357
f 1193/1193 217/217 219/219
f 1993/1993 2358/2358 1994/1994
f 1955/1955 2359/2359 2360/2360
f 469/469 465/465 455/455
f 1673/1673 1672/1672 2361/2361
f 377/377 1673/1673 2361/2361
f 130/130 566/566 272/272
f 1671/1671 2362/2362 2363/2363
f 2035/2035 1147/1147 2039/2039
f 65/65 1557/1557 2364/2364
f 590/590 281/281 2365/2365
f 2366/2366 2367/2367 201/201
f 201/201 2368/2368 2366/2366
f 2369/2369 1005/1005 1106/1106
f 2366/2366 2368/2368 2025/2025
f 2025/2025 2370/2370 2366/2366
f 2026/2026 2024/2024 203/203
f 1423/1423 2026/2026 203/203
f 1687/1687 2025/2025 2371/2371
f 2372/2372 2373/2373 2374/2374
f 2371/2371 2025/2025 1422/1422
f 1422/1422 203/203 2371/2371
f 1422/1422 2025/2025 1423/1423
f 860/860 257/257 933/933
f 416/416 1615/1615 622/622
f 1361/1361 1360/1360 1886/1886
f 2375/2375 1361/1361 1886/1886
f 1677/1677 2376/2376 2377/2377
f 1677/1677 2377/2377 1999/1999
f 293/293 1172/1172 1174/1174
f 1362/1362 1365/1365 148/148
f 148/148 1365/1365 2378/2378
f 2379/2379 1999/1999 2001/2001
f 1681/1681 1068/1068 317/317
f 1287/1287 1678/1678 1680/1680
f 2380/2380 1679/1679 474/474
f 988/988 2309/2309 1120/1120
f 1154/1154 2381/2381 2255/2255
f 2382/2382 2383/2383 2249/2249
f 1743/1743 1640/1640 1744/1744
f 2384/2384 2385/2385 2386/2386
f 1786/1786 1341/1341 1645/1645
f 444/444 2034/2034 1619/1619
f 2365/2365 591/591 590/590
f 2387/2387 2034/2034 2032/2032
f 57/57 2388/2388 2389/2389
f 2390/2390 1688/1688 1367/1367
f 1367/1367 210/210 2390/2390
f 596/596 597/597 477/477
f 2391/2391 679/679 2392/2392
f 293/293 2391/2391 2392/2392
f 482/482 481/481 384/384
f 712/712 193/193 713/713
f 2393/2393 2394/2394 2395/2395
f 2100/2100 195/195 197/197
f 2373/2373 2396/2396 2374/2374
f 2397/2397 603/603 2398/2398
f 1390/1390 471/471 472/472
f 1245/1245 858/858 2399/2399
f 1192/1192 926/926 2400/2400
f 2399/2399 842/842 1245/1245
f 1355/1355 521/521 523/523
f 1804/1804 2401/2401 293/293
f 1379/1379 86/86 2402/2402
f 2402/2402 86/86 1804/1804
f 2403/2403 2074/2074 2073/2073
f 2403/2403 810/810 2074/2074
f 669/669 1450/1450 445/445
f 1219/1219 1798/1798 1458/1458
f 784/784 1878/1878 1594/1594
f 130/130 2404/2404 2307/2307
f 1705/1705 1301/1301 1302/1302
f 603/603 602/602 2405/2405
f 2405/2405 2102/2102 603/603
f 2397/2397 460/460 603/603
f 2397/2397 43/43 460/460
f 1891/1891 1550/1550 1355/1355
f 1381/1381 1207/1207 900/900
f 900/900 1207/1207 899/899
f 1487/1487 1955/1955 2359/2359
f 1397/1397 1396/1396 216/216
f 193/193 70/70 1932/1932
f 2406/2406 1458/1458 1459/1459
f 2407/2407 2408/2408 2409/2409
f 1394/1394 2410/2410 392/392
f 2411/2411 534/534 2412/2412
f 2082/2082 1385/1385 1384/1384
f 1337/1337 64/64 134/134
f 2413/2413 1042/1042 2414/2414
f 2415/2415 2416/2416 2417/2417
f 157/157 2418/2418 1965/1965
f 2419/2419 2370/2370 2360/2360
f 508/508 222/222 688/688
f 2420/2420 2091/2091 607/607
f 1675/1675 2421/2421 2422/2422
f 2423/2423 812/812 2424/2424
f 2424/2424 212/212 2423/2423
f 2297/2297 974/974 1962/1962
f 2425/2425 497/497 394/394
f 2425/2425 394/394 160/160
f 927/927 943/943 159/159
f 220/220 2426/2426 1966/1966
f 558/558 1109/1109 559/559
f 160/160 498/498 499/499
f 2154/2154 497/497 2425/2425
f 2425/2425 160/160 2154/2154
f 2154/2154 2110/2110 497/497
f 2427/2427 2428/2428 2108/2108
f 2428/2428 2112/2112 2108/2108
f 2429/2429 2112/2112 2428/2428
f 1287/1287 1286/1286 1680/1680
f 685/685 2113/2113 2429/2429
f 2397/2397 2101/2101 2398/2398
f 2430/2430 1294/1294 1295/1295
f 1415/1415 1346/1346 2431/2431
f 2432/2432 2433/2433 308/308
f 2434/2434 2274/2274 1572/1572
f 1353/1353 455/455 935/935
f 2435/2435 2120/2120 2276/2276
f 2276/2276 406/406 2435/2435
f 1184/1184 2436/2436 1186/1186
f 534/534 2437/2437 2412/2412
f 1755/1755 1756/1756 1705/1705
f 1654/1654 1653/1653 221/221
f 1654/1654 221/221 2438/2438
f 2438/2438 294/294 1654/1654
f 221/221 2122/2122 2439/2439
f 2060/2060 221/221 2439/2439
f 2440/2440 2060/2060 2439/2439
f 2439/2439 294/294 2440/2440
f 931/931 2061/2061 2440/2440
f 2440/2440 2061/2061 2060/2060
f 402/402 403/403 542/542
f 2441/2441 2442/2442 695/695
f 221/221 1414/1414 2443/2443
f 2438/2438 221/221 2443/2443
f 471/471 299/299 472/472
f 1977/1977 2444/2444 1978/1978
f 2445/2445 1369/1369 1370/1370
f 2446/2446 1369/1369 2445/2445
f 2445/2445 1370/1370 2447/2447
f 2448/2448 2449/2449 2445/2445
f 2448/2448 2445/2445 2447/2447
f 2446/2446 2450/2450 2451/2451
f 2113/2113 685/685 989/989
f 1401/1401 1373/1373 1400/1400
f 2446/2446 2452/2452 2450/2450
f 1380/1380 297/297 1208/1208
f 711/711 1125/1125 1656/1656
f 786/786 118/118 787/787
f 2453/2453 299/299 2123/2123
f 843/843 2184/2184 428/428
f 1003/1003 1000/1000 1195/1195
f 127/127 255/255 323/323
f 1419/1419 1758/1758 413/413
f 2454/2454 2455/2455 1913/1913
f 622/622 418/418 420/420
f 351/351 1229/1229 1231/1231
f 2456/2456 418/418 622/622
f 694/694 418/418 2456/2456
f 692/692 694/694 1202/1202
f 779/779 1806/1806 1240/1240
f 2457/2457 2458/2458 2459/2459
f 2403/2403 1357/1357 2073/2073
f 282/282 2000/2000 2460/2460
f 893/893 892/892 2143/2143
f 2143/2143 853/853 893/893
f 853/853 2144/2144 854/854
f 2461/2461 1740/1740 425/425
f 2461/2461 2462/2462 1740/1740
f 397/397 2411/2411 2412/2412
f 1874/1874 586/586 1872/1872
f 2458/2458 1930/1930 2459/2459
f 1454/1454 892/892 2463/2463
f 2463/2463 426/426 1454/1454
f 28/28 2464/2464 754/754
f 1537/1537 952/952 1298/1298
f 1828/1828 859/859 846/846
f 1069/1069 426/426 1068/1068
f 2436/2436 2465/2465 2466/2466
f 2467/2467 228/228 2468/2468
f 1579/1579 1483/1483 1482/1482
f 1482/1482 1581/1581 1579/1579
f 191/191 1289/1289 1292/1292
f 504/504 2147/2147 1043/1043
f 1293/1293 191/191 1292/1292
f 1286/1286 2469/2469 2470/2470
f 2471/2471 2146/2146 109/109
f 2155/2155 421/421 2471/2471
f 1907/1907 1839/1839 1974/1974
f 1808/1808 1807/1807 2158/2158
f 904/904 1144/1144 1810/1810
f 2472/2472 659/659 667/667
f 2473/2473 416/416 1039/1039
f 2474/2474 1747/1747 298/298
f 2329/2329 1823/1823 1822/1822
f 2475/2475 1404/1404 782/782
f 1639/1639 2296/2296 2295/2295
f 232/232 1404/1404 2475/2475
f 517/517 1217/1217 1225/1225
f 1903/1903 2476/2476 1905/1905
f 2477/2477 1053/1053 2170/2170
f 2478/2478 2479/2479 516/516
f 514/514 904/904 1810/1810
f 490/490 716/716 715/715
f 2480/2480 2481/2481 519/519
f 1588/1588 1818/1818 1589/1589
f 2077/2077 1818/1818 1588/1588
f 1587/1587 1817/1817 1816/1816
f 1054/1054 1817/1817 1587/1587
f 1107/1107 1454/1454 1455/1455
f 2482/2482 1109/1109 1565/1565
f 2170/2170 2169/2169 1587/1587
f 1422/1422 430/430 1423/1423
f 1735/1735 1393/1393 1394/1394
f 1826/1826 1790/1790 2483/2483
f 1587/1587 2169/2169 1055/1055
f 2484/2484 2485/2485 2486/2486
f 700/700 1822/1822 1821/1821
f 700/700 1821/1821 107/107
f 1213/1213 2003/2003 1342/1342
f 783/783 544/544 818/818
f 164/164 1140/1140 2021/2021
f 2276/2276 505/505 2277/2277
f 127/127 1600/1600 1935/1935
f 1562/1562 2487/2487 1409/1409
f 2174/2174 560/560 1644/1644
f 2488/2488 2489/2489 1167/1167
f 1167/1167 1788/1788 2488/2488
f 2490/2490 1788/1788 1166/1166
f 1130/1130 1788/1788 2490/2490
f 735/735 2491/2491 2492/2492
f 213/213 761/761 684/684
f 1063/1063 766/766 1491/1491
f 1491/1491 501/501 1063/1063
f 1445/1445 1346/1346 2493/2493
f 1847/1847 2494/2494 234/234
f 2494/2494 2495/2495 234/234
f 1842/1842 1844/1844 2075/2075
f 2075/2075 1843/1843 1842/1842
f 2496/2496 1741/1741 1732/1732
f 212/212 2338/2338 2497/2497
f 170/170 1074/1074 1075/1075
f 170/170 1075/1075 1022/1022
f 2386/2386 2498/2498 2384/2384
f 170/170 2191/2191 2189/2189
f 1022/1022 2191/2191 170/170
f 2499/2499 1282/1282 1283/1283
f 2500/2500 2501/2501 1350/1350
f 153/153 2501/2501 2500/2500
f 1117/1117 1496/1496 2090/2090
f 1486/1486 2419/2419 2502/2502
f 408/408 2503/2503 409/409
f 2504/2504 2505/2505 2506/2506
f 1160/1160 744/744 2507/2507
f 666/666 744/744 665/665
f 2201/2201 1327/1327 1328/1328
f 172/172 1890/1890 1328/1328
f 424/424 531/531 533/533
f 424/424 1226/1226 531/531
f 615/615 699/699 697/697
f 2203/2203 2202/2202 172/172
f 172/172 2202/2202 2508/2508
f 187/187 2295/2295 1926/1926
f 476/476 151/151 474/474
f 1453/1453 2509/2509 2275/2275
f 1455/1455 2510/2510 892/892
f 398/398 399/399 2511/2511
f 328/328 2512/2512 1481/1481
f 2513/2513 535/535 2514/2514
f 2514/2514 2515/2515 2513/2513
f 1682/1682 535/535 2513/2513
f 2513/2513 1122/1122 1682/1682
f 1123/1123 1122/1122 1862/1862
f 455/455 2516/2516 2517/2517
f 1318/1318 1511/1511 1319/1319
f 1958/1958 2518/2518 2519/2519
f 1582/1582 57/57 2520/2520
f 2226/2226 314/314 1806/1806
f 2414/2414 1044/1044 2413/2413
f 1496/1496 2521/2521 2522/2522
f 2523/2523 2524/2524 2525/2525
f 1741/1741 407/407 1742/1742
f 1129/1129 2489/2489 1167/1167
f 1151/1151 2526/2526 851/851
f 851/851 2526/2526 850/850
f 1868/1868 1867/1867 1796/1796
f 2527/2527 2400/2400 2127/2127
f 951/951 1443/1443 1196/1196
f 2290/2290 714/714 2208/2208
f 115/115 1866/1866 1868/1868
f 120/120 1093/1093 2528/2528
f 994/994 120/120 1829/1829
f 929/929 2529/2529 1960/1960
f 1573/1573 2530/2530 1916/1916
f 334/334 2213/2213 2531/2531
f 2531/2531 2213/2213 2212/2212
f 433/433 632/632 539/539
f 2532/2532 2533/2533 2534/2534
f 2535/2535 2536/2536 2525/2525
f 1521/1521 1523/1523 334/334
f 2216/2216 2215/2215 2537/2537
f 1447/1447 1107/1107 1205/1205
f 2274/2274 2031/2031 2275/2275
f 2538/2538 2539/2539 2540/2540
f 570/570 1132/1132 1958/1958
f 2541/2541 2057/2057 2059/2059
f 1018/1018 785/785 631/631
f 785/785 784/784 631/631
f 631/631 1017/1017 1018/1018
f 2542/2542 631/631 630/630
f 1594/1594 1878/1878 544/544
f 2543/2543 163/163 1792/1792
f 52/52 344/344 2544/2544
f 1355/1355 2545/2545 2546/2546
f 707/707 97/97 546/546
f 707/707 634/634 2229/2229
f 707/707 413/413 634/634
f 707/707 2230/2230 97/97
f 2229/2229 2230/2230 707/707
f 686/686 687/687 549/549
f 638/638 100/100 686/686
f 686/686 549/549 638/638
f 100/100 552/552 553/553
f 504/504 1041/1041 2547/2547
f 2308/2308 1120/1120 2309/2309
f 2548/2548 1609/1609 2549/2549
f 2013/2013 503/503 2014/2014
f 750/750 749/749 249/249
f 249/249 749/749 2106/2106
f 249/249 751/751 750/750
f 2550/2550 751/751 249/249
f 2246/2246 1273/1273 2245/2245
f 641/641 1549/1549 2551/2551
f 639/639 641/641 2551/2551
f 522/522 158/158 1003/1003
f 2177/2177 2552/2552 2239/2239
f 120/120 2552/2552 2177/2177
f 2553/2553 1260/1260 2554/2554
f 181/181 1568/1568 2233/2233
f 2323/2323 1964/1964 2324/2324
f 621/621 1471/1471 1774/1774
f 540/540 952/952 541/541
f 2555/2555 2556/2556 2476/2476
f 2476/2476 2557/2557 2555/2555
f 328/328 704/704 706/706
f 2558/2558 1562/1562 2150/2150
f 2476/2476 2559/2559 1905/1905
f 2556/2556 2559/2559 2476/2476
f 2256/2256 2258/2258 355/355
f 2258/2258 250/250 355/355
f 2560/2560 2259/2259 2256/2256
f 928/928 1959/1959 929/929
f 620/620 2561/2561 2562/2562
f 2563/2563 2257/2257 2564/2564
f 2563/2563 2564/2564 250/250
f 2563/2563 250/250 2258/2258
f 536/536 2523/2523 2565/2565
f 2566/2566 2567/2567 2568/2568
f 2005/2005 2569/2569 2257/2257
f 2005/2005 2257/2257 2570/2570
f 2248/2248 2571/2571 1426/1426
f 908/908 417/417 2572/2572
f 309/309 2101/2101 310/310
f 1670/1670 1346/1346 2573/2573
f 1372/1372 1889/1889 2088/2088
f 1136/1136 284/284 2574/2574
f 2575/2575 2576/2576 2577/2577
f 906/906 437/437 435/435
f 906/906 185/185 437/437
f 378/378 379/379 647/647
f 2175/2175 2578/2578 1258/1258
f 378/378 647/647 1359/1359
f 1602/1602 793/793 1096/1096
f 2477/2477 2579/2579 2170/2170
f 2273/2273 415/415 2580/2580
f 1098/1098 1103/1103 57/57
f 1492/1492 517/517 1493/1493
f 651/651 435/435 2581/2581
f 2582/2582 2100/2100 2583/2583
f 1131/1131 110/110 2584/2584
f 136/136 199/199 1629/1629
f 2585/2585 504/504 2586/2586
f 2344/2344 306/306 1987/1987
f 235/235 234/234 653/653
f 1786/1786 2587/2587 2588/2588
f 1641/1641 1642/1642 2589/2589
f 2589/2589 2590/2590 1641/1641
f 1144/1144 515/515 1810/1810
f 2591/2591 2260/2260 2592/2592
f 2281/2281 1924/1924 2593/2593
f 2593/2593 252/252 2281/2281
f 2594/2594 2590/2590 2280/2280
f 2010/2010 1664/1664 2517/2517
f 182/182 2557/2557 2595/2595
f 2595/2595 2557/2557 2596/2596
f 2597/2597 57/57 1275/1275
f 186/186 2285/2285 2287/2287
f 2598/2598 2289/2289 2288/2288
f 2291/2291 2292/2292 2598/2598
f 841/841 2599/2599 842/842
f 2600/2600 1919/1919 253/253
f 253/253 1231/1231 2600/2600
f 193/193 2601/2601 2602/2602
f 2101/2101 287/287 967/967
f 1008/1008 1007/1007 193/193
f 1964/1964 2092/2092 921/921
f 2603/2603 2604/2604 1084/1084
f 2605/2605 686/686 687/687
f 2606/2606 2607/2607 65/65
f 288/288 2608/2608 2338/2338
f 2606/2606 2139/2139 1084/1084
f 2450/2450 1959/1959 2452/2452
f 2101/2101 494/494 310/310
f 1937/1937 1939/1939 255/255
f 1939/1939 1315/1315 255/255
f 1376/1376 1378/1378 2054/2054
f 587/587 1451/1451 1453/1453
f 1311/1311 1313/1313 2231/2231
f 2419/2419 201/201 2502/2502
f 2305/2305 63/63 2231/2231
f 2609/2609 2610/2610 2611/2611
f 1906/1906 182/182 1904/1904
f 1669/1669 2612/2612 2613/2613
f 2614/2614 1424/1424 1425/1425
f 1714/1714 2304/2304 1625/1625
f 353/353 2482/2482 1565/1565
f 2313/2313 2312/2312 1958/1958
f 2420/2420 1964/1964 2323/2323
f 2615/2615 592/592 2616/2616
f 1581/1581 1793/1793 2617/2617
f 664/664 663/663 2618/2618
f 1752/1752 163/163 1753/1753
f 404/404 542/542 1497/1497
f 2619/2619 260/260 2620/2620
f 685/685 814/814 2621/2621
f 2045/2045 364/364 2044/2044
f 722/722 2622/2622 721/721
f 721/721 136/136 580/580
f 2623/2623 812/812 2624/2624
f 1457/1457 1609/1609 1456/1456
f 2356/2356 266/266 2625/2625
f 120/120 1262/1262 2626/2626
f 2266/2266 1376/1376 2247/2247
f 2627/2627 1692/1692 1693/1693
f 2321/2321 133/133 2628/2628
f 2628/2628 268/268 2321/2321
f 2353/2353 268/268 2628/2628
f 585/585 2574/2574 2629/2629
f 1264/1264 2331/2331 1265/1265
f 64/64 1332/1332 1970/1970
f 64/64 1970/1970 65/65
f 1409/1409 1129/1129 2630/2630
f 1082/1082 2139/2139 65/65
f 65/65 2364/2364 1082/1082
f 2352/2352 1972/1972 1971/1971
f 2351/2351 1972/1972 2352/2352
f 1971/1971 1973/1973 62/62
f 505/505 2435/2435 2118/2118
f 2107/2107 994/994 1829/1829
f 2631/2631 1636/1636 60/60
f 1987/1987 1986/1986 2344/2344
f 2271/2271 1985/1985 1989/1989
f 220/220 1712/1712 1756/1756
f 62/62 1976/1976 2345/2345
f 2632/2632 1706/1706 1708/1708
f 485/485 932/932 487/487
f 2633/2633 2421/2421 1675/1675
f 781/781 232/232 2634/2634
f 2027/2027 1051/1051 1050/1050
f 2349/2349 1051/1051 2027/2027
f 2635/2635 2636/2636 2637/2637
f 69/69 797/797 796/796
f 2638/2638 2639/2639 69/69
f 2640/2640 69/69 1067/1067
f 285/285 584/584 283/283
f 2204/2204 1428/1428 2455/2455
f 2327/2327 456/456 671/671
f 935/935 2641/2641 2642/2642
f 1503/1503 2643/2643 984/984
f 2516/2516 29/29 2517/2517
f 2516/2516 30/30 29/29
f 468/468 30/30 2516/2516
f 455/455 468/468 2516/2516
f 2537/2537 540/540 2644/2644
f 2490/2490 1129/1129 1166/1166
f 504/504 2414/2414 2413/2413
f 2028/2028 2645/2645 1671/1671
f 2363/2363 2362/2362 473/473
f 599/599 490/490 715/715
f 121/121 2581/2581 2646/2646
f 723/723 2187/2187 136/136
f 2647/2647 432/432 2217/2217
f 163/163 2149/2149 902/902
f 2502/2502 2367/2367 2370/2370
f 1677/1677 1999/1999 1676/1676
f 1676/1676 1999/1999 2379/2379
f 126/126 834/834 833/833
f 1680/1680 1679/1679 151/151
f 151/151 1679/1679 2380/2380
f 1146/1146 210/210 1286/1286
f 777/777 2459/2459 2457/2457
f 1417/1417 1444/1444 1057/1057
f 2040/2040 2648/2648 2649/2649
f 1262/1262 888/888 2626/2626
f 210/210 1684/1684 1688/1688
f 210/210 1688/1688 2390/2390
f 1856/1856 169/169 1855/1855
f 149/149 2042/2042 2041/2041
f 854/854 2650/2650 852/852
f 2579/2579 1588/1588 2077/2077
f 816/816 2651/2651 2652/2652
f 2653/2653 383/383 1767/1767
f 2653/2653 1767/1767 678/678
f 2046/2046 477/477 2654/2654
f 2655/2655 387/387 293/293
f 679/679 2393/2393 2395/2395
f 2392/2392 679/679 2395/2395
f 680/680 679/679 2656/2656
f 2501/2501 153/153 2657/2657
f 681/681 678/678 1768/1768
f 595/595 594/594 1257/1257
f 1257/1257 594/594 681/681
f 1078/1078 328/328 1076/1076
f 384/384 481/481 477/477
f 477/477 481/481 480/480
f 2051/2051 2050/2050 2658/2658
f 386/386 2051/2051 2658/2658
f 718/718 2314/2314 2659/2659
f 2660/2660 1127/1127 2661/2661
f 2662/2662 384/384 2056/2056
f 2662/2662 2663/2663 384/384
f 1245/1245 2663/2663 2662/2662
f 2056/2056 1693/1693 2662/2662
f 2662/2662 1693/1693 1245/1245
f 384/384 1171/1171 291/291
f 698/698 1434/1434 1435/1435
f 931/931 2664/2664 2062/2062
f 755/755 2389/2389 2388/2388
f 2295/2295 187/187 1639/1639
f 270/270 568/568 567/567
f 571/571 2052/2052 1956/1956
f 716/716 2194/2194 2665/2665
f 2666/2666 1755/1755 1705/1705
f 811/811 2667/2667 812/812
f 814/814 1120/1120 2621/2621
f 1888/1888 382/382 380/380
f 2089/2089 2034/2034 2668/2668
f 2669/2669 2670/2670 2671/2671
f 114/114 1537/1537 1298/1298
f 603/603 2102/2102 2103/2103
f 2672/2672 2673/2673 905/905
f 1681/1681 1505/1505 1504/1504
f 216/216 1396/1396 2082/2082
f 90/90 2674/2674 729/729
f 1474/1474 182/182 1475/1475
f 2069/2069 1800/1800 1407/1407
f 2324/2324 2674/2674 90/90
f 1800/1800 1711/1711 216/216
f 1064/1064 1324/1324 1325/1325
f 2112/2112 2429/2429 2113/2113
f 1789/1789 1788/1788 2675/2675
f 2297/2297 1855/1855 2676/2676
f 2677/2677 528/528 2678/2678
f 1473/1473 2280/2280 2594/2594
f 48/48 622/622 2679/2679
f 605/605 1091/1091 1090/1090
f 689/689 605/605 1090/1090
f 2680/2680 935/935 2642/2642
f 1965/1965 2418/2418 689/689
f 1090/1090 90/90 2681/2681
f 2681/2681 689/689 1090/1090
f 2682/2682 689/689 2683/2683
f 689/689 2418/2418 2683/2683
f 48/48 417/417 1310/1310
f 689/689 2682/2682 2684/2684
f 1554/1554 1940/1940 2685/2685
f 90/90 2091/2091 2420/2420
f 2686/2686 2385/2385 2687/2687
f 1374/1374 1401/1401 160/160
f 1487/1487 1954/1954 1955/1955
f 2421/2421 1618/1618 442/442
f 2534/2534 331/331 2274/2274
f 2688/2688 2689/2689 685/685
f 2690/2690 2689/2689 2688/2688
f 2688/2688 2430/2430 2114/2114
f 2688/2688 1294/1294 2430/2430
f 685/685 1294/1294 2688/2688
f 615/615 1436/1436 2691/2691
f 1436/1436 2692/2692 2691/2691
f 1436/1436 1435/1435 1894/1894
f 1669/1669 1484/1484 2573/2573
f 1707/1707 2693/2693 2243/2243
f 2243/2243 2694/2694 1707/1707
f 2659/2659 2695/2695 2314/2314
f 506/506 1707/1707 401/401
f 2696/2696 1319/1319 1318/1318
f 656/656 655/655 2697/2697
f 401/401 2698/2698 731/731
f 2578/2578 1613/1613 1261/1261
f 2699/2699 401/401 733/733
f 2700/2700 2090/2090 223/223
f 2700/2700 223/223 222/222
f 222/222 2701/2701 2700/2700
f 895/895 28/28 896/896
f 2702/2702 2703/2703 169/169
f 2704/2704 1256/1256 2654/2654
f 555/555 1942/1942 1941/1941
f 977/977 2018/2018 1662/1662
f 2705/2705 2706/2706 2707/2707
f 2635/2635 2706/2706 2705/2705
f 904/904 1968/1968 1460/1460
f 2708/2708 301/301 772/772
f 301/301 773/773 772/772
f 772/772 159/159 2708/2708
f 403/403 1496/1496 612/612
f 769/769 220/220 2709/2709
f 535/535 1811/1811 1812/1812
f 1877/1877 544/544 1878/1878
f 1538/1538 953/953 2710/2710
f 2710/2710 953/953 541/541
f 903/903 1070/1070 901/901
f 1615/1615 694/694 2456/2456
f 2711/2711 2712/2712 2713/2713
f 2209/2209 1867/1867 1866/1866
f 777/777 971/971 970/970
f 2714/2714 56/56 1571/1571
f 313/313 1233/1233 1232/1232
f 1740/1740 2462/2462 425/425
f 2715/2715 2650/2650 2716/2716
f 1788/1788 1131/1131 2584/2584
f 2584/2584 2675/2675 1788/1788
f 28/28 895/895 2717/2717
f 2718/2718 2719/2719 229/229
f 1058/1058 1196/1196 1056/1056
f 2720/2720 2406/2406 162/162
f 2721/2721 1582/1582 2520/2520
f 1220/1220 1219/1219 2722/2722
f 2722/2722 1219/1219 877/877
f 1479/1479 1803/1803 2723/2723
f 877/877 1479/1479 2723/2723
f 2124/2124 27/27 1982/1982
f 1434/1434 99/99 1435/1435
f 133/133 132/132 1762/1762
f 2562/2562 2561/2561 696/696
f 696/696 2609/2609 2562/2562
f 584/584 285/285 2724/2724
f 513/513 2725/2725 2726/2726
f 844/844 491/491 1390/1390
f 1793/1793 1580/1580 1792/1792
f 1402/1402 232/232 2727/2727
f 2727/2727 782/782 1402/1402
f 411/411 782/782 2727/2727
f 1968/1968 904/904 2146/2146
f 2506/2506 2728/2728 702/702
f 232/232 2728/2728 2506/2506
f 107/107 701/701 700/700
f 107/107 2729/2729 1587/1587
f 2634/2634 2730/2730 782/782
f 2731/2731 2479/2479 2478/2478
f 2731/2731 2478/2478 516/516
f 2731/2731 2171/2171 1819/1819
f 516/516 2171/2171 2731/2731
f 519/519 2481/2481 2732/2732
f 518/518 520/520 516/516
f 2733/2733 254/254 1641/1641
f 1725/1725 397/397 1726/1726
f 2197/2197 1200/1200 2719/2719
f 1153/1153 2633/2633 1029/1029
f 2729/2729 2734/2734 1587/1587
f 1822/1822 2734/2734 2729/2729
f 2735/2735 2526/2526 2736/2736
f 60/60 703/703 1984/1984
f 711/711 883/883 884/884
f 2157/2157 2156/2156 2064/2064
f 2737/2737 1831/1831 109/109
f 1832/1832 1831/1831 2737/2737
f 2738/2738 2739/2739 1562/1562
f 2738/2738 2740/2740 2739/2739
f 1790/1790 1789/1789 110/110
f 2741/2741 690/690 691/691
f 821/821 2742/2742 2743/2743
f 2744/2744 1196/1196 1764/1764
f 1063/1063 501/501 1062/1062
f 212/212 2667/2667 213/213
f 169/169 1850/1850 1021/1021
f 2683/2683 1647/1647 2418/2418
f 2500/2500 1350/1350 1349/1349
f 2745/2745 2746/2746 2747/2747
f 2747/2747 2748/2748 2745/2745
f 2747/2747 2746/2746 2749/2749
f 2746/2746 153/153 2749/2749
f 1350/1350 2501/2501 2657/2657
f 2657/2657 2748/2748 1350/1350
f 972/972 1962/1962 2298/2298
f 1676/1676 1675/1675 2379/2379
f 2750/2750 2458/2458 2751/2751
f 665/665 744/744 743/743
f 743/743 172/172 665/665
f 2087/2087 1890/1890 1889/1889
f 706/706 705/705 2752/2752
f 2752/2752 705/705 2753/2753
f 2753/2753 328/328 2752/2752
f 2437/2437 2411/2411 2412/2412
f 2754/2754 2411/2411 2437/2437
f 2372/2372 2048/2048 385/385
f 534/534 398/398 719/719
f 398/398 2511/2511 719/719
f 2755/2755 2756/2756 2511/2511
f 2757/2757 2758/2758 2759/2759
f 1682/1682 1122/1122 2760/2760
f 2761/2761 2687/2687 2686/2686
f 1862/1862 1504/1504 625/625
f 101/101 697/697 699/699
f 2762/2762 1204/1204 2206/2206
f 1505/1505 1204/1204 2762/2762
f 625/625 1505/1505 2762/2762
f 2762/2762 2206/2206 625/625
f 1237/1237 1236/1236 625/625
f 2763/2763 947/947 2005/2005
f 1035/1035 2764/2764 2765/2765
f 2525/2525 2524/2524 2765/2765
f 2765/2765 2524/2524 2766/2766
f 823/823 2767/2767 824/824
f 1149/1149 2526/2526 1151/1151
f 2058/2058 355/355 2059/2059
f 2768/2768 2769/2769 2770/2770
f 115/115 1797/1797 2735/2735
f 62/62 2352/2352 1971/1971
f 115/115 1149/1149 1151/1151
f 2771/2771 2772/2772 1298/1298
f 2710/2710 2771/2771 1298/1298
f 1870/1870 1873/1873 2773/2773
f 2773/2773 1873/1873 2774/2774
f 2712/2712 2219/2219 1723/1723
f 2711/2711 113/113 2775/2775
f 2776/2776 1522/1522 1521/1521
f 1521/1521 334/334 2776/2776
f 2534/2534 2533/2533 2776/2776
f 2776/2776 334/334 2534/2534
f 630/630 629/629 433/433
f 1372/1372 1327/1327 1328/1328
f 100/100 551/551 552/552
f 441/441 440/440 2777/2777
f 2550/2550 249/249 100/100
f 100/100 751/751 2550/2550
f 100/100 752/752 751/751
f 553/553 752/752 100/100
f 382/382 75/75 2778/2778
f 2106/2106 749/749 2105/2105
f 2105/2105 749/749 748/748
f 1235/1235 2643/2643 1076/1076
f 2176/2176 2239/2239 2238/2238
f 256/256 488/488 2779/2779
f 622/622 621/621 1774/1774
f 1272/1272 2580/2580 2780/2780
f 128/128 669/669 2781/2781
f 2054/2054 2248/2248 2782/2782
f 1963/1963 2248/2248 2054/2054
f 535/535 2783/2783 2758/2758
f 272/272 2330/2330 270/270
f 2253/2253 2254/2254 1903/1903
f 1369/1369 2446/2446 2451/2451
f 2784/2784 2567/2567 2785/2785
f 2786/2786 2567/2567 2566/2566
f 2566/2566 250/250 2786/2786
f 2786/2786 946/946 948/948
f 2564/2564 2569/2569 250/250
f 1603/1603 2265/2265 2259/2259
f 2785/2785 2787/2787 2788/2788
f 2788/2788 2789/2789 2785/2785
f 2053/2053 652/652 653/653
f 2571/2571 1281/1281 1426/1426
f 353/353 1281/1281 2571/2571
f 2790/2790 119/119 2791/2791
f 373/373 758/758 371/371
f 2790/2790 2576/2576 2575/2575
f 1251/1251 1910/1910 2792/2792
f 1601/1601 1252/1252 793/793
f 1601/1601 1098/1098 1252/1252
f 415/415 2793/2793 2794/2794
f 415/415 2795/2795 2793/2793
f 2530/2530 1273/1273 2520/2520
f 1701/1701 2194/2194 293/293
f 2796/2796 2279/2279 2278/2278
f 2796/2796 2278/2278 253/253
f 2607/2607 1084/1084 2604/2604
f 1641/1641 2590/2590 2733/2733
f 2797/2797 760/760 254/254
f 2605/2605 1253/1253 738/738
f 1137/1137 2798/2798 2020/2020
f 2582/2582 2652/2652 2583/2583
f 504/504 1751/1751 1749/1749
f 1508/1508 1932/1932 70/70
f 1509/1509 1006/1006 1508/1508
f 360/360 1305/1305 361/361
f 1038/1038 2472/2472 1037/1037
f 1834/1834 1305/1305 360/360
f 127/127 1834/1834 360/360
f 2303/2303 1625/1625 1626/1626
f 1626/1626 1084/1084 2303/2303
f 1952/1952 1950/1950 130/130
f 2799/2799 717/717 2659/2659
f 2659/2659 717/717 718/718
f 293/293 2402/2402 1804/1804
f 1133/1133 386/386 1132/1132
f 570/570 569/569 1133/1133
f 1133/1133 569/569 386/386
f 1958/1958 2312/2312 2800/2800
f 2800/2800 2312/2312 2311/2311
f 2801/2801 663/663 804/804
f 2618/2618 663/663 2801/2801
f 1449/1449 264/264 448/448
f 448/448 449/449 1449/1449
f 2802/2802 575/575 264/264
f 2802/2802 576/576 575/575
f 264/264 577/577 2802/2802
f 577/577 576/576 2802/2802
f 1514/1514 1109/1109 558/558
f 1037/1037 667/667 440/440
f 1037/1037 1036/1036 667/667
f 2803/2803 585/585 2629/2629
f 657/657 1770/1770 1854/1854
f 1854/1854 440/440 657/657
f 892/892 854/854 2144/2144
f 2108/2108 2804/2804 2427/2427
f 1119/1119 1387/1387 2306/2306
f 2805/2805 664/664 938/938
f 134/134 1993/1993 1994/1994
f 2620/2620 260/260 2806/2806
f 260/260 364/364 2806/2806
f 2806/2806 364/364 2045/2045
f 2806/2806 2045/2045 128/128
f 1375/1375 160/160 2310/2310
f 199/199 674/674 2320/2320
f 485/485 932/932 294/294
f 199/199 452/452 1631/1631
f 579/579 452/452 199/199
f 2320/2320 451/451 199/199
f 199/199 451/451 579/579
f 136/136 2622/2622 722/722
f 136/136 722/722 723/723
f 1268/1268 1264/1264 1266/1266
f 1266/1266 1264/1264 2807/2807
f 1775/1775 622/622 1774/1774
f 2083/2083 2544/2544 2808/2808
f 297/297 1383/1383 1709/1709
f 2333/2333 1333/1333 64/64
f 2332/2332 2333/2333 64/64
f 2551/2551 1907/1907 1549/1549
f 1387/1387 216/216 2306/2306
f 2344/2344 1986/1986 2809/2809
f 1660/1660 2356/2356 2625/2625
f 134/134 1052/1052 1338/1338
f 753/753 1995/1995 2810/2810
f 2811/2811 134/134 2810/2810
f 1995/1995 2811/2811 2810/2810
f 134/134 28/28 2810/2810
f 28/28 753/753 2810/2810
f 896/896 2812/2812 895/895
f 2339/2339 2812/2812 896/896
f 2813/2813 1854/1854 1770/1770
f 69/69 2640/2640 2638/2638
f 397/397 1811/1811 2814/2814
f 2638/2638 2640/2640 584/584
f 584/584 2640/2640 1067/1067
f 284/284 69/69 2724/2724
f 2639/2639 584/584 2724/2724
f 2724/2724 69/69 2639/2639
f 200/200 1650/1650 1652/1652
f 201/201 2367/2367 2502/2502
f 1257/1257 477/477 595/595
f 201/201 2024/2024 2023/2023
f 1524/1524 1827/1827 2815/2815
f 1860/1860 203/203 1686/1686
f 2368/2368 201/201 2235/2235
f 2025/2025 2368/2368 2235/2235
f 1107/1107 1210/1210 1206/1206
f 2816/2816 2422/2422 2817/2817
f 2817/2817 2818/2818 2816/2816
f 62/62 61/61 1644/1644
f 799/799 1445/1445 2493/2493
f 2088/2088 2508/2508 2087/2087
f 2359/2359 935/935 1485/1485
f 1362/1362 2633/2633 1675/1675
f 2460/2460 2819/2819 282/282
f 1999/1999 2819/2819 2460/2460
f 2820/2820 2749/2749 2821/2821
f 1643/1643 62/62 1644/1644
f 2822/2822 2823/2823 149/149
f 2822/2822 2648/2648 2823/2823
f 495/495 2824/2824 493/493
f 894/894 561/561 2825/2825
f 2822/2822 149/149 2826/2826
f 149/149 2039/2039 2040/2040
f 149/149 2040/2040 2649/2649
f 2649/2649 2826/2826 149/149
f 521/521 96/96 1760/1760
f 2704/2704 477/477 479/479
f 1398/1398 1742/1742 407/407
f 2827/2827 2828/2828 388/388
f 592/592 1731/1731 590/590
f 2829/2829 2374/2374 2396/2396
f 2396/2396 386/386 2829/2829
f 2829/2829 386/386 2658/2658
f 2658/2658 2374/2374 2829/2829
f 1245/1245 842/842 841/841
f 1247/1247 2663/2663 1245/1245
f 2393/2393 2828/2828 1595/1595
f 1595/1595 1596/1596 2393/2393
f 1821/1821 2830/2830 1823/1823
f 294/294 1704/1704 1703/1703
f 600/600 716/716 2665/2665
f 2665/2665 727/727 600/600
f 600/600 727/727 726/726
f 2831/2831 685/685 2621/2621
f 2330/2330 1623/1623 2408/2408
f 762/762 213/213 2832/2832
f 2832/2832 683/683 762/762
f 2308/2308 685/685 2671/2671
f 2671/2671 2670/2670 2308/2308
f 2833/2833 43/43 2398/2398
f 2103/2103 43/43 2833/2833
f 1618/1618 590/590 2365/2365
f 1177/1177 604/604 2834/2834
f 309/309 495/495 310/310
f 604/604 495/495 309/309
f 1444/1444 120/120 1057/1057
f 2420/2420 607/607 2323/2323
f 2323/2323 606/606 2324/2324
f 607/607 606/606 2323/2323
f 186/186 1540/1540 2285/2285
f 2835/2835 2836/2836 2837/2837
f 2414/2414 1042/1042 1750/1750
f 1913/1913 1429/1429 2205/2205
f 1302/1302 220/220 1966/1966
f 2119/2119 2838/2838 2417/2417
f 2014/2014 2838/2838 2119/2119
f 2013/2013 2838/2838 2014/2014
f 2013/2013 2839/2839 2415/2415
f 1530/1530 407/407 527/527
f 123/123 2284/2284 2282/2282
f 90/90 920/920 921/921
f 2840/2840 920/920 90/90
f 2841/2841 2547/2547 1041/1041
f 1015/1015 226/226 1880/1880
f 160/160 608/608 2310/2310
f 160/160 396/396 608/608
f 2842/2842 861/861 1720/1720
f 892/892 891/891 2463/2463
f 2843/2843 615/615 2691/2691
f 2691/2691 101/101 2843/2843
f 101/101 1435/1435 99/99
f 1894/1894 1435/1435 101/101
f 959/959 2784/2784 2844/2844
f 1893/1893 1436/1436 1894/1894
f 2175/2175 2238/2238 2176/2176
f 1911/1911 1272/1272 1271/1271
f 697/697 2845/2845 615/615
f 1864/1864 2846/2846 2847/2847
f 1417/1417 1443/1443 1444/1444
f 1386/1386 1385/1385 1947/1947
f 1190/1190 2841/2841 2126/2126
f 2119/2119 2118/2118 406/406
f 2427/2427 685/685 2428/2428
f 2128/2128 303/303 691/691
f 2848/2848 2849/2849 2850/2850
f 2849/2849 868/868 2850/2850
f 2693/2693 506/506 2850/2850
f 2850/2850 506/506 2848/2848
f 1524/1524 845/845 846/846
f 1833/1833 2052/2052 1168/1168
f 867/867 2694/2694 2243/2243
f 1707/1707 2694/2694 867/867
f 111/111 2490/2490 1166/1166
f 2529/2529 2696/2696 1960/1960
f 769/769 2709/2709 768/768
f 2709/2709 2699/2699 768/768
f 768/768 2699/2699 733/733
f 770/770 2851/2851 220/220
f 220/220 769/769 770/770
f 2072/2072 2074/2074 486/486
f 659/659 440/440 667/667
f 2521/2521 2522/2522 222/222
f 163/163 2612/2612 1668/1668
f 1860/1860 430/430 1861/1861
f 2137/2137 2852/2852 196/196
f 196/196 2138/2138 2137/2137
f 1049/1049 2853/2853 2706/2706
f 2706/2706 2853/2853 2707/2707
f 284/284 2724/2724 285/285
f 2652/2652 2854/2854 1048/1048
f 2582/2582 2854/2854 2652/2652
f 2358/2358 1050/1050 2027/2027
f 2855/2855 2635/2635 2705/2705
f 2856/2856 2857/2857 2858/2858
f 2858/2858 2857/2857 159/159
f 662/662 159/159 774/774
f 2859/2859 521/521 1355/1355
f 2856/2856 2127/2127 2527/2527
f 2856/2856 303/303 2127/2127
f 2145/2145 2155/2155 2156/2156
f 1989/1989 2809/2809 2271/2271
f 2860/2860 101/101 734/734
f 734/734 615/615 2860/2860
f 1287/1287 151/151 1288/1288
f 2765/2765 536/536 1035/1035
f 622/622 420/420 623/623
f 311/311 49/49 417/417
f 2572/2572 46/46 908/908
f 2861/2861 46/46 2572/2572
f 1601/1601 1442/1442 1602/1602
f 2862/2862 331/331 2536/2536
f 2751/2751 2863/2863 2864/2864
f 1452/1452 586/586 588/588
f 2457/2457 775/775 777/777
f 848/848 775/775 969/969
f 848/848 776/776 775/775
f 2865/2865 313/313 2136/2136
f 2136/2136 778/778 2865/2865
f 780/780 779/779 1805/1805
f 83/83 856/856 855/855
f 1599/1599 1370/1370 2447/2447
f 869/869 510/510 837/837
f 650/650 257/257 1020/1020
f 425/425 2866/2866 2867/2867
f 2461/2461 425/425 2867/2867
f 2867/2867 2866/2866 853/853
f 2867/2867 853/853 2716/2716
f 2369/2369 968/968 880/880
f 2466/2466 229/229 1186/1186
f 1439/1439 951/951 1438/1438
f 2868/2868 2151/2151 2150/2150
f 229/229 2151/2151 2868/2868
f 1228/1228 2869/2869 2468/2468
f 2870/2870 888/888 1555/1555
f 2861/2861 417/417 47/47
f 2722/2722 2871/2871 1795/1795
f 2562/2562 2611/2611 620/620
f 1668/1668 2872/2872 163/163
f 488/488 2499/2499 2779/2779
f 2591/2591 2260/2260 355/355
f 2264/2264 1867/1867 2209/2209
f 2284/2284 186/186 1576/1576
f 2063/2063 109/109 2873/2873
f 2873/2873 2157/2157 2063/2063
f 436/436 121/121 2874/2874
f 2726/2726 904/904 2875/2875
f 904/904 1460/1460 423/423
f 1332/1332 1334/1334 1970/1970
f 423/423 422/422 904/904
f 519/519 2732/2732 2876/2876
f 2876/2876 2877/2877 519/519
f 256/256 1013/1013 1012/1012
f 702/702 701/701 2505/2505
f 2878/2878 2879/2879 1461/1461
f 2480/2480 518/518 516/516
f 1589/1589 1820/1820 1587/1587
f 1587/1587 1820/1820 2172/2172
f 2845/2845 101/101 2880/2880
f 2328/2328 1822/1822 2729/2729
f 2248/2248 1915/1915 1914/1914
f 2426/2426 1754/1754 1966/1966
f 2729/2729 107/107 2328/2328
f 113/113 1874/1874 1871/1871
f 109/109 2182/2182 2881/2881
f 109/109 2881/2881 2737/2737
f 2338/2338 287/287 2497/2497
f 2882/2882 2483/2483 110/110
f 2470/2470 281/281 1731/1731
f 111/111 2489/2489 2488/2488
f 2488/2488 2883/2883 111/111
f 1841/1841 502/502 501/501
f 2233/2233 1566/1566 2234/2234
f 1430/1430 2006/2006 463/463
f 1851/1851 1850/1850 169/169
f 153/153 2748/2748 2657/2657
f 2884/2884 153/153 409/409
f 2884/2884 2820/2820 153/153
f 2503/2503 2820/2820 2884/2884
f 409/409 2503/2503 2884/2884
f 2507/2507 666/666 172/172
f 2885/2885 2754/2754 2437/2437
f 2437/2437 534/534 2885/2885
f 535/535 2756/2756 2755/2755
f 1943/1943 1357/1357 2242/2242
f 1726/1726 806/806 808/808
f 1726/1726 2759/2759 806/806
f 625/625 2886/2886 1203/1203
f 1203/1203 426/426 625/625
f 2887/2887 2846/2846 2888/2888
f 1044/1044 955/955 2185/2185
f 400/400 2451/2451 2450/2450
f 1055/1055 2579/2579 1054/1054
f 2889/2889 2526/2526 1149/1149
f 1149/1149 115/115 2889/2889
f 1875/1875 2219/2219 1723/1723
f 1538/1538 2710/2710 1537/1537
f 1537/1537 2710/2710 1298/1298
f 1874/1874 1872/1872 1871/1871
f 2890/2890 2891/2891 234/234
f 393/393 1735/1735 2410/2410
f 113/113 2774/2774 2892/2892
f 2774/2774 2893/2893 2892/2892
f 2892/2892 2893/2893 2894/2894
f 2892/2892 2894/2894 113/113
f 2535/2535 2525/2525 1094/1094
f 1094/1094 2533/2533 2532/2532
f 1094/1094 2532/2532 1095/1095
f 944/944 544/544 783/783
f 783/783 785/785 944/944
f 2581/2581 2315/2315 2646/2646
f 2895/2895 343/343 787/787
f 673/673 2065/2065 374/374
f 859/859 1526/1526 845/845
f 101/101 2691/2691 2692/2692
f 748/748 747/747 2105/2105
f 1557/1557 1083/1083 2364/2364
f 1267/1267 1266/1266 2807/2807
f 790/790 889/889 2896/2896
f 790/790 791/791 889/889
f 2896/2896 788/788 790/790
f 790/790 788/788 746/746
f 619/619 643/643 180/180
f 1276/1276 57/57 1103/1103
f 2897/2897 2898/2898 2222/2222
f 2899/2899 182/182 1902/1902
f 2899/2899 2254/2254 182/182
f 1903/1903 2254/2254 2899/2899
f 2568/2568 2567/2567 960/960
f 960/960 251/251 2568/2568
f 2566/2566 2568/2568 251/251
f 2005/2005 2570/2570 947/947
f 711/711 1656/1656 1655/1655
f 250/250 2569/2569 2005/2005
f 2900/2900 2058/2058 2059/2059
f 109/109 233/233 2815/2815
f 2788/2788 2787/2787 2901/2901
f 1003/1003 1410/1410 1411/1411
f 732/732 2540/2540 2902/2902
f 2787/2787 2903/2903 1597/1597
f 2548/2548 2549/2549 1802/1802
f 794/794 793/793 2792/2792
f 794/794 1910/1910 2322/2322
f 2780/2780 756/756 1272/1272
f 2904/2904 2905/2905 115/115
f 1345/1345 2633/2633 1344/1344
f 2643/2643 1078/1078 1076/1076
f 2793/2793 2795/2795 757/757
f 757/757 2795/2795 1502/1502
f 756/756 2793/2793 757/757
f 33/33 2161/2161 2160/2160
f 2526/2526 2889/2889 2906/2906
f 2086/2086 1734/1734 2907/2907
f 2520/2520 1273/1273 1582/1582
f 1251/1251 1252/1252 1098/1098
f 1098/1098 1910/1910 1251/1251
f 115/115 2908/2908 2264/2264
f 391/391 53/53 1520/1520
f 2589/2589 1744/1744 1743/1743
f 2596/2596 2589/2589 1743/1743
f 2523/2523 2909/2909 2565/2565
f 2782/2782 1378/1378 2054/2054
f 2910/2910 2590/2590 2594/2594
f 2733/2733 2590/2590 2910/2910
f 2595/2595 2596/2596 2911/2911
f 2911/2911 2912/2912 254/254
f 2596/2596 2912/2912 2911/2911
f 95/95 1255/1255 1534/1534
f 618/618 789/789 2913/2913
f 2286/2286 2914/2914 2915/2915
f 2287/2287 2286/2286 2915/2915
f 2915/2915 2198/2198 186/186
f 2593/2593 1924/1924 352/352
f 352/352 252/252 2593/2593
f 352/352 2916/2916 351/351
f 1924/1924 2916/2916 352/352
f 1505/1505 625/625 1504/1504
f 1296/1296 314/314 2225/2225
f 2917/2917 2669/2669 2831/2831
f 2798/2798 1137/1137 2363/2363
f 441/441 2314/2314 292/292
f 803/803 717/717 2799/2799
f 803/803 802/802 717/717
f 962/962 1415/1415 874/874
f 803/803 2777/2777 440/440
f 803/803 2799/2799 2777/2777
f 801/801 440/440 2918/2918
f 2918/2918 802/802 801/801
f 2063/2063 2145/2145 2064/2064
f 1225/1225 1842/1842 1556/1556
f 805/805 1958/1958 2800/2800
f 805/805 663/663 1958/1958
f 2311/2311 2188/2188 805/805
f 2800/2800 2311/2311 805/805
f 656/656 2697/2697 292/292
f 2044/2044 2919/2919 128/128
f 1064/1064 270/270 1450/1450
f 2409/2409 1330/1330 198/198
f 1267/1267 1330/1330 2409/2409
f 2920/2920 1265/1265 1267/1267
f 2921/2921 1267/1267 2807/2807
f 2922/2922 1267/1267 2921/2921
f 320/320 2467/2467 2468/2468
f 682/682 2624/2624 812/812
f 1997/1997 1995/1995 2923/2923
f 2923/2923 28/28 1997/1997
f 2236/2236 1346/1346 2237/2237
f 2924/2924 2339/2339 896/896
f 2790/2790 2578/2578 2575/2575
f 2717/2717 2925/2925 28/28
f 2926/2926 1996/1996 28/28
f 2526/2526 2927/2927 2736/2736
f 714/714 2598/2598 2288/2288
f 466/466 467/467 455/455
f 455/455 467/467 468/468
f 473/473 1138/1138 2928/2928
f 473/473 2020/2020 2798/2798
f 377/377 871/871 2218/2218
f 1286/1286 2615/2615 2469/2469
f 187/187 123/123 1639/1639
f 2058/2058 2900/2900 2929/2929
f 281/281 2818/2818 2421/2421
f 386/386 2518/2518 1957/1957
f 213/213 1900/1900 761/761
f 2615/2615 2616/2616 151/151
f 1119/1119 1388/1388 1387/1387
f 2000/2000 1999/1999 2460/2460
f 282/282 2001/2001 2000/2000
f 564/564 62/62 565/565
f 243/243 2223/2223 1242/1242
f 1643/1643 563/563 565/565
f 2605/2605 687/687 1253/1253
f 1290/1290 1586/1586 1925/1925
f 149/149 2823/2823 2686/2686
f 383/383 681/681 1768/1768
f 2704/2704 479/479 478/478
f 478/478 2654/2654 2704/2704
f 90/90 1091/1091 1399/1399
f 679/679 2486/2486 2484/2484
f 2656/2656 679/679 2484/2484
f 820/820 2295/2295 1639/1639
f 2930/2930 809/809 810/810
f 2280/2280 254/254 2594/2594
f 601/601 598/598 2931/2931
f 1755/1755 220/220 1756/1756
f 2932/2932 598/598 2241/2241
f 604/604 309/309 2432/2432
f 213/213 811/811 813/813
f 2623/2623 2624/2624 213/213
f 2623/2623 213/213 813/813
f 813/813 812/812 2623/2623
f 807/807 535/535 808/808
f 2387/2387 1618/1618 2032/2032
f 2430/2430 2309/2309 2308/2308
f 355/355 2592/2592 2591/2591
f 2933/2933 1379/1379 389/389
f 1898/1898 1109/1109 1899/1899
f 407/407 2934/2934 2935/2935
f 298/298 2936/2936 1398/1398
f 956/956 1750/1750 955/955
f 1913/1913 415/415 1912/1912
f 2415/2415 2839/2839 1529/1529
f 2098/2098 2101/2101 2097/2097
f 2408/2408 2937/2937 2330/2330
f 212/212 967/967 2115/2115
f 2043/2043 1147/1147 2036/2036
f 2938/2938 2108/2108 2109/2109
f 2109/2109 160/160 2938/2938
f 2939/2939 2108/2108 2938/2938
f 2938/2938 685/685 2939/2939
f 2429/2429 2428/2428 685/685
f 2721/2721 2530/2530 1916/1916
f 2690/2690 2114/2114 1869/1869
f 2940/2940 2430/2430 2941/2941
f 2860/2860 2942/2942 101/101
f 2243/2243 2693/2693 868/868
f 2943/2943 2848/2848 506/506
f 297/297 1380/1380 1381/1381
f 959/959 2844/2844 2944/2944
f 2539/2539 2698/2698 401/401
f 2439/2439 2122/2122 294/294
f 2521/2521 222/222 2945/2945
f 2945/2945 222/222 613/613
f 543/543 542/542 2945/2945
f 2945/2945 542/542 2521/2521
f 2946/2946 196/196 2583/2583
f 2583/2583 2652/2652 2946/2946
f 2652/2652 2651/2651 2946/2946
f 815/815 817/817 197/197
f 196/196 2651/2651 815/815
f 795/795 1340/1340 1339/1339
f 1022/1022 1026/1026 1027/1027
f 57/57 1582/1582 1584/1584
f 405/405 2853/2853 1049/1049
f 1154/1154 2255/2255 1156/1156
f 2705/2705 2707/2707 405/405
f 2707/2707 2853/2853 405/405
f 2858/2858 159/159 661/661
f 773/773 2856/2856 661/661
f 661/661 2856/2856 2858/2858
f 2947/2947 530/530 300/300
f 2856/2856 2527/2527 529/529
f 2785/2785 183/183 2784/2784
f 2578/2578 2554/2554 2553/2553
f 1776/1776 2948/2948 622/622
f 2004/2004 711/711 2076/2076
f 2949/2949 971/971 777/777
f 2492/2492 971/971 2949/2949
f 2949/2949 2491/2491 2492/2492
f 2950/2950 2787/2787 1597/1597
f 2812/2812 2951/2951 2925/2925
f 1104/1104 55/55 54/54
f 2225/2225 1472/1472 1296/1296
f 2864/2864 2863/2863 2952/2952
f 314/314 2864/2864 2952/2952
f 264/264 668/668 1933/1933
f 2738/2738 1562/1562 1561/1561
f 1563/1563 111/111 1561/1561
f 2872/2872 1670/1670 2573/2573
f 1936/1936 1366/1366 825/825
f 825/825 1366/1366 327/327
f 825/825 327/327 823/823
f 988/988 990/990 1869/1869
f 477/477 2704/2704 2654/2654
f 2888/2888 332/332 2953/2953
f 516/516 2877/2877 2876/2876
f 1796/1796 1150/1150 1797/1797
f 1209/1209 2306/2306 1710/1710
f 2753/2753 705/705 2954/2954
f 2954/2954 2512/2512 328/328
f 705/705 2512/2512 2954/2954
f 1406/1406 2453/2453 2123/2123
f 2677/2677 2935/2935 2934/2934
f 1737/1737 940/940 2496/2496
f 255/255 1315/1315 1317/1317
f 1726/1726 808/808 535/535
f 2757/2757 2759/2759 1725/1725
f 1725/1725 2759/2759 1726/1726
f 807/807 806/806 2814/2814
f 2687/2687 61/61 2686/2686
f 2673/2673 2955/2955 905/905
f 2070/2070 1943/1943 715/715
f 2006/2006 132/132 463/463
f 903/903 2956/2956 1070/1070
f 2315/2315 436/436 2874/2874
f 789/789 180/180 2913/2913
f 1914/1914 1376/1376 1915/1915
f 955/955 1044/1044 956/956
f 2772/2772 2957/2957 2958/2958
f 2958/2958 2957/2957 2959/2959
f 818/818 1877/1877 784/784
f 417/417 416/416 622/622
f 2283/2283 1577/1577 822/822
f 100/100 547/547 550/550
f 100/100 548/548 547/547
f 617/617 180/180 819/819
f 889/889 791/791 890/890
f 819/819 180/180 890/890
f 890/890 791/791 819/819
f 354/354 2577/2577 2269/2269
f 1837/1837 2960/2960 2053/2053
f 2156/2156 109/109 2064/2064
f 354/354 2961/2961 2541/2541
f 2541/2541 2961/2961 2962/2962
f 2541/2541 2900/2900 2059/2059
f 2962/2962 2900/2900 2541/2541
f 2132/2132 2787/2787 2950/2950
f 907/907 435/435 2963/2963
f 2963/2963 435/435 646/646
f 646/646 2142/2142 2963/2963
f 2963/2963 2142/2142 185/185
f 2389/2389 755/755 1501/1501
f 1501/1501 57/57 2389/2389
f 2145/2145 2873/2873 1830/1830
f 1700/1700 2964/2964 1699/1699
f 711/711 1124/1124 1125/1125
f 193/193 1007/1007 2965/2965
f 193/193 2965/2965 1590/1590
f 90/90 1399/1399 2840/2840
f 506/506 1510/1510 1512/1512
f 2966/2966 1084/1084 1626/1626
f 2603/2603 1084/1084 2966/2966
f 63/63 2603/2603 2966/2966
f 2967/2967 2968/2968 658/658
f 440/440 2968/2968 2967/2967
f 1143/1143 2969/2969 2725/2725
f 620/620 2970/2970 2561/2561
f 1958/1958 2519/2519 2313/2313
f 1771/1771 2813/2813 1770/1770
f 1689/1689 1367/1367 1688/1688
f 136/136 721/721 2622/2622
f 2806/2806 128/128 2971/2971
f 2971/2971 2620/2620 2806/2806
f 2619/2619 2620/2620 2971/2971
f 261/261 2619/2619 2971/2971
f 795/795 2587/2587 2588/2588
f 2407/2407 1267/1267 2409/2409
f 2920/2920 1267/1267 2407/2407
f 2407/2407 198/198 2920/2920
f 2316/2316 121/121 2317/2317
f 2066/2066 672/672 2972/2972
f 2972/2972 672/672 2922/2922
f 2972/2972 2922/2922 2921/2921
f 233/233 1795/1795 1802/1802
f 2921/2921 2807/2807 1264/1264
f 2336/2336 2342/2342 27/27
f 127/127 1605/1605 1606/1606
f 2923/2923 1995/1995 2464/2464
f 2342/2342 2340/2340 2924/2924
f 2951/2951 2926/2926 28/28
f 2951/2951 2812/2812 2926/2926
f 2404/2404 130/130 1953/1953
f 2951/2951 28/28 2925/2925
f 1661/1661 935/935 2116/2116
f 1745/1745 2862/2862 2536/2536
f 483/483 294/294 1736/1736
f 2451/2451 1959/1959 2450/2450
f 281/281 2033/2033 2973/2973
f 2973/2973 2033/2033 591/591
f 2973/2973 2365/2365 281/281
f 132/132 363/363 2009/2009
f 2379/2379 2001/2001 282/282
f 1272/1272 1912/1912 2273/2273
f 215/215 1717/1717 1719/1719
f 1343/1343 2974/2974 2975/2975
f 1042/1042 2413/2413 2147/2147
f 293/293 2828/2828 2827/2827
f 508/508 1646/1646 1531/1531
f 1372/1372 278/278 1161/1161
f 1164/1164 1580/1580 1165/1165
f 490/490 601/601 2931/2931
f 2932/2932 2241/2241 490/490
f 1073/1073 170/170 1088/1088
f 1900/1900 682/682 761/761
f 2897/2897 2976/2976 2977/2977
f 2585/2585 298/298 2977/2977
f 2977/2977 2976/2976 2585/2585
f 1734/1734 2936/2936 2978/2978
f 2978/2978 2936/2936 298/298
f 1389/1389 1044/1044 1751/1751
f 1751/1751 1750/1750 1389/1389
f 1346/1346 1060/1060 1061/1061
f 2938/2938 160/160 685/685
f 2804/2804 2108/2108 2939/2939
f 990/990 2114/2114 989/989
f 1869/1869 2114/2114 990/990
f 260/260 1620/1620 258/258
f 1512/1512 2849/2849 2943/2943
f 2943/2943 506/506 1512/1512
f 2696/2696 2849/2849 1512/1512
f 2979/2979 732/732 2902/2902
f 2979/2979 866/866 732/732
f 1713/1713 2851/2851 770/770
f 770/770 1705/1705 1713/1713
f 1932/1932 1628/1628 1931/1931
f 2945/2945 613/613 543/543
f 613/613 507/507 543/543
f 542/542 2090/2090 2700/2700
f 2044/2044 128/128 2045/2045
f 209/209 208/208 2383/2383
f 2138/2138 2980/2980 195/195
f 2946/2946 2651/2651 196/196
f 1660/1660 2354/2354 2357/2357
f 2069/2069 1611/1611 1610/1610
f 2981/2981 2445/2445 2449/2449
f 2981/2981 2982/2982 2445/2445
f 1376/1376 1109/1109 1377/1377
f 1039/1039 2983/2983 2473/2473
f 2984/2984 2141/2141 2142/2142
f 2985/2985 2679/2679 622/622
f 2985/2985 2986/2986 2679/2679
f 622/622 2948/2948 2985/2985
f 2948/2948 2986/2986 2985/2985
f 416/416 2491/2491 2987/2987
f 2987/2987 2491/2491 2949/2949
f 1296/1296 1472/1472 924/924
f 2868/2868 2150/2150 2081/2081
f 2081/2081 2436/2436 1184/1184
f 2988/2988 229/229 2466/2466
f 2465/2465 2989/2989 2988/2988
f 2988/2988 2989/2989 229/229
f 2003/2003 2076/2076 2004/2004
f 2012/2012 1432/1432 2625/2625
f 2468/2468 2869/2869 2467/2467
f 1107/1107 1739/1739 2990/2990
f 229/229 2719/2719 1200/1200
f 1795/1795 1803/1803 1802/1802
f 2723/2723 1803/1803 1795/1795
f 1795/1795 878/878 2723/2723
f 2768/2768 1669/1669 1752/1752
f 1669/1669 2613/2613 1752/1752
f 1256/1256 857/857 858/858
f 1993/1993 134/134 1338/1338
f 377/377 1674/1674 1673/1673
f 1597/1597 1155/1155 2903/2903
f 1069/1069 1681/1681 426/426
f 2673/2673 411/411 410/410
f 232/232 2955/2955 410/410
f 410/410 2955/2955 2673/2673
f 111/111 2883/2883 2991/2991
f 2991/2991 2883/2883 2739/2739
f 2991/2991 2740/2740 111/111
f 2739/2739 2740/2740 2991/2991
f 1346/1346 2162/2162 1809/1809
f 1446/1446 1350/1350 972/972
f 153/153 1351/1351 1446/1446
f 2992/2992 1087/1087 1437/1437
f 280/280 208/208 526/526
f 526/526 1849/1849 1848/1848
f 278/278 1849/1849 526/526
f 812/812 2497/2497 2608/2608
f 95/95 1001/1001 1255/1255
f 2814/2814 806/806 1811/1811
f 505/505 2705/2705 2855/2855
f 2405/2405 43/43 2102/2102
f 2993/2993 2846/2846 2887/2887
f 192/192 650/650 1020/1020
f 1346/1346 798/798 800/800
f 178/178 2772/2772 2958/2958
f 2895/2895 787/787 118/118
f 2083/2083 786/786 787/787
f 428/428 2184/2184 2080/2080
f 180/180 639/639 2551/2551
f 180/180 642/642 639/639
f 157/157 1646/1646 1648/1648
f 1199/1199 1185/1185 2660/2660
f 2873/2873 109/109 1830/1830
f 2575/2575 2577/2577 354/354
f 731/731 2538/2538 733/733
f 988/988 1294/1294 1295/1295
f 47/47 46/46 2861/2861
f 183/183 2789/2789 2788/2788
f 183/183 2788/2788 2901/2901
f 185/185 906/906 907/907
f 185/185 907/907 2963/2963
f 2297/2297 2195/2195 2196/2196
f 1540/1540 2286/2286 2285/2285
f 31/31 2018/2018 1662/1662
f 2777/2777 2799/2799 441/441
f 190/190 1508/1508 1509/1509
f 265/265 128/128 2781/2781
f 120/120 1416/1416 886/886
f 2994/2994 2775/2775 2995/2995
f 1591/1591 1628/1628 2996/2996
f 826/826 2813/2813 1771/1771
f 826/826 572/572 2813/2813
f 2997/2997 2350/2350 62/62
f 2444/2444 1977/1977 2997/2997
f 62/62 2444/2444 2997/2997
f 2018/2018 455/455 1662/1662
f 1471/1471 1775/1775 1774/1774
f 180/180 2896/2896 889/889
f 2998/2998 2999/2999 3000/3000
f 2549/2549 1477/1477 1478/1478
f 1473/1473 2254/2254 1155/1155
f 2549/2549 1524/1524 2815/2815
f 1299/1299 2992/2992 882/882
f 864/864 2992/2992 869/869
f 220/220 2666/2666 3001/3001
f 3001/3001 1705/1705 2426/2426
f 2721/2721 1276/1276 1103/1103
f 1332/1332 64/64 1333/1333
f 2804/2804 988/988 2939/2939
f 1960/1960 2696/2696 3002/3002
f 1318/1318 506/506 3002/3002
f 3002/3002 506/506 400/400
f 2837/2837 400/400 2835/2835
f 1705/1705 1756/1756 1712/1712
f 1713/1713 1705/1705 1712/1712
f 220/220 2851/2851 1713/1713
f 209/209 2382/2382 3003/3003
f 2865/2865 778/778 313/313
f 313/313 778/778 780/780
f 1907/1907 1546/1546 1548/1548
f 2782/2782 1565/1565 2482/2482
f 2467/2467 3004/3004 228/228
f 1152/1152 75/75 2974/2974
f 218/218 327/327 219/219
f 43/43 2405/2405 602/602
f 881/881 2369/2369 880/880
f 2447/2447 771/771 2448/2448
f 676/676 3003/3003 279/279
f 1753/1753 2769/2769 2768/2768
f 31/31 979/979 2016/2016
f 3005/3005 2297/2297 2196/2196
f 3006/3006 3007/3007 235/235
f 126/126 82/82 939/939
f 2592/2592 2057/2057 2591/2591
f 3008/3008 756/756 2780/2780
f 526/526 168/168 280/280
f 166/166 168/168 526/526
f 1031/1031 1033/1033 911/911
f 1022/1022 1088/1088 919/919
f 115/115 2736/2736 2927/2927
f 2101/2101 2432/2432 2834/2834
f 786/786 633/633 118/118
f 2844/2844 2567/2567 2784/2784
f 3009/3009 508/508 507/507
f 486/486 1736/1736 1703/1703
f 827/827 828/828 264/264
f 2210/2210 2999/2999 2998/2998
f 2999/2999 2334/2334 3010/3010
f 3010/3010 2334/2334 61/61
f 3000/3000 2999/2999 3010/3010
f 2930/2930 810/810 3011/3011
f 2931/2931 598/598 3012/3012
f 2932/2932 490/490 3012/3012
f 3012/3012 598/598 2932/2932
f 685/685 2689/2689 2690/2690
f 685/685 2690/2690 1869/1869
f 1768/1768 678/678 1767/1767
f 685/685 2941/2941 1295/1295
f 2940/2940 2941/2941 685/685
f 3013/3013 1470/1470 1141/1141
f 1510/1510 2696/2696 1512/1512
f 2700/2700 2701/2701 542/542
f 542/542 2701/2701 2522/2522
f 3014/3014 2982/2982 2981/2981
f 311/311 3013/3013 1141/1141
f 162/162 1457/1457 1456/1456
f 771/771 2449/2449 2448/2448
f 2981/2981 2449/2449 771/771
f 1858/1858 359/359 1859/1859
f 2101/2101 2099/2099 2097/2097
f 3015/3015 298/298 2586/2586
f 829/829 218/218 1194/1194
f 2442/2442 218/218 829/829
f 163/163 2769/2769 1753/1753
f 163/163 2611/2611 2610/2610
f 2610/2610 2609/2609 2768/2768
f 535/535 2758/2758 2757/2757
f 287/287 811/811 2667/2667
f 2958/2958 2959/2959 178/178
f 2959/2959 3016/3016 178/178
f 397/397 1725/1725 2757/2757
f 821/821 123/123 822/822
f 3017/3017 2903/2903 2787/2787
f 1539/1539 2286/2286 1540/1540
f 122/122 3018/3018 1539/1539
f 1539/1539 3018/3018 2286/2286
f 3019/3019 248/248 2605/2605
f 2692/2692 698/698 1893/1893
f 2987/2987 2949/2949 1040/1040
f 969/969 971/971 2492/2492
f 2400/2400 529/529 530/530
f 1053/1053 1055/1055 2169/2169
f 406/406 2637/2637 2636/2636
f 2069/2069 1384/1384 2082/2082
f 680/680 383/383 3020/3020
f 2770/2770 163/163 2610/2610
f 2610/2610 2768/2768 2770/2770
f 2175/2175 3021/3021 2578/2578
f 3022/3022 182/182 3017/3017
f 3017/3017 2381/2381 3022/3022
f 226/226 925/925 1880/1880
f 126/126 1720/1720 934/934
f 2527/2527 300/300 529/529
f 3023/3023 3024/3024 182/182
f 3022/3022 2381/2381 3023/3023
f 3025/3025 2836/2836 2529/2529
f 1346/1346 2879/2879 1465/1465
f 2529/2529 928/928 3025/3025
f 3025/3025 928/928 400/400
f 3026/3026 3027/3027 3028/3028
f 73/73 209/209 74/74
f 3029/3029 3030/3030 3031/3031
f 3032/3032 3033/3033 3034/3034
f 3035/3035 2825/2825 3036/3036
f 2358/2358 2825/2825 3035/3035
f 2825/2825 560/560 3037/3037
f 3038/3038 3027/3027 3039/3039
f 3040/3040 3041/3041 3042/3042
f 3043/3043 3044/3044 3045/3045
f 2101/2101 3046/3046 3045/3045
f 3047/3047 3030/3030 3048/3048
f 2300/2300 189/189 1347/1347
f 70/70 189/189 2300/2300
f 3027/3027 3038/3038 3028/3028
f 3049/3049 652/652 2053/2053
f 2083/2083 3033/3033 1735/1735
f 3032/3032 3050/3050 2721/2721
f 561/561 560/560 2825/2825
f 3035/3035 2272/2272 2358/2358
f 3037/3037 3051/3051 3036/3036
f 3052/3052 3036/3036 3051/3051
f 3053/3053 1786/1786 711/711
f 3054/3054 1888/1888 1887/1887
f 3054/3054 2633/2633 1888/1888
f 2761/2761 560/560 2174/2174
f 3055/3055 3056/3056 3057/3057
f 959/959 2785/2785 2784/2784
f 3058/3058 1964/1964 3059/3059
f 3060/3060 3028/3028 3041/3041
f 3034/3034 3061/3061 3062/3062
f 3063/3063 3064/3064 3040/3040
f 3044/3044 3064/3064 3063/3063
f 3065/3065 3042/3042 3041/3041
f 2605/2605 3042/3042 3066/3066
f 3042/3042 2605/2605 698/698
f 3067/3067 3068/3068 3030/3030
f 3068/3068 3069/3069 3065/3065
f 3048/3048 3070/3070 3047/3047
f 3029/3029 3048/3048 3030/3030
f 3029/3029 3028/3028 3038/3038
f 736/736 1142/1142 1470/1470
f 1142/1142 736/736 321/321
f 3071/3071 3072/3072 321/321
f 3071/3071 321/321 3073/3073
f 3074/3074 952/952 2712/2712
f 1150/1150 3074/3074 3075/3075
f 3034/3034 3062/3062 3032/3032
f 2175/2175 1109/1109 3021/3021
f 2984/2984 3032/3032 2721/2721
f 2315/2315 3032/3032 2984/2984
f 3076/3076 333/333 820/820
f 3077/3077 3076/3076 3062/3062
f 3053/3053 192/192 3036/3036
f 3035/3035 3036/3036 192/192
f 3035/3035 192/192 1544/1544
f 2937/2937 270/270 2330/2330
f 3078/3078 270/270 2937/2937
f 3079/3079 3080/3080 3081/3081
f 3080/3080 3079/3079 3052/3052
f 2937/2937 1761/1761 1430/1430
f 3035/3035 1714/1714 2272/2272
f 3036/3036 2825/2825 3037/3037
f 3079/3079 3082/3082 2130/2130
f 3029/3029 3038/3038 3083/3083
f 3084/3084 3083/3083 3085/3085
f 3083/3083 3086/3086 3085/3085
f 3087/3087 3088/3088 3089/3089
f 2761/2761 1286/1286 3090/3090
f 2761/2761 3037/3037 560/560
f 3049/3049 3057/3057 2297/2297
f 3091/3091 3092/3092 3039/3039
f 3043/3043 3039/3039 3027/3027
f 1964/1964 1647/1647 3059/3059
f 3031/3031 3028/3028 3029/3029
f 3041/3041 3028/3028 3031/3031
f 3041/3041 3031/3031 3065/3065
f 3077/3077 3061/3061 3068/3068
f 3061/3061 3034/3034 3069/3069
f 3061/3061 3069/3069 3068/3068
f 3069/3069 2545/2545 3065/3065
f 3026/3026 3044/3044 3043/3043
f 3063/3063 3045/3045 3044/3044
f 2101/2101 3093/3093 3046/3046
f 2808/2808 2546/2546 3033/3033
f 3031/3031 3068/3068 3065/3065
f 3077/3077 3062/3062 3061/3061
f 2879/2879 1346/1346 3072/3072
f 1346/1346 321/321 3072/3072
f 736/736 3073/3073 321/321
f 3094/3094 3071/3071 3073/3073
f 321/321 320/320 1185/1185
f 3095/3095 1887/1887 1372/1372
f 2297/2297 3096/3096 1022/1022
f 3096/3096 1372/1372 1022/1022
f 3005/3005 3049/3049 2297/2297
f 3074/3074 2031/2031 333/333
f 1297/1297 3074/3074 1150/1150
f 3097/3097 3030/3030 3047/3047
f 3030/3030 3097/3097 3067/3067
f 3075/3075 3074/3074 3097/3097
f 2545/2545 618/618 3042/3042
f 1376/1376 3021/3021 1109/1109
f 2204/2204 2721/2721 3021/3021
f 3033/3033 3032/3032 1735/1735
f 2614/2614 3076/3076 820/820
f 820/820 333/333 2208/2208
f 192/192 191/191 2369/2369
f 3053/3053 711/711 1628/1628
f 3078/3078 1450/1450 270/270
f 3084/3084 3085/3085 3082/3082
f 2937/2937 3082/3082 3085/3085
f 3078/3078 3085/3085 3086/3086
f 3078/3078 2937/2937 3085/3085
f 683/683 213/213 684/684
f 3082/3082 2937/2937 1430/1430
f 2010/2010 3079/3079 2130/2130
f 2029/2029 3053/3053 430/430
f 3052/3052 1487/1487 430/430
f 3083/3083 3084/3084 3088/3088
f 3083/3083 3088/3088 3087/3087
f 3029/3029 3087/3087 3098/3098
f 3056/3056 3095/3095 3057/3057
f 1887/1887 676/676 279/279
f 1286/1286 2761/2761 1146/1146
f 3096/3096 2297/2297 3057/3057
f 3098/3098 3087/3087 3099/3099
f 1256/1256 3100/3100 3101/3101
f 287/287 3063/3063 1120/1120
f 3039/3039 3078/3078 3086/3086
f 3102/3102 3101/3101 3100/3100
f 3103/3103 3039/3039 3043/3043
f 1964/1964 3058/3058 1610/1610
f 3064/3064 3044/3044 3026/3026
f 3060/3060 3040/3040 3064/3064
f 3042/3042 698/698 3040/3040
f 3093/3093 2101/2101 1754/1754
f 281/281 2032/2032 2033/2033
f 2546/2546 2808/2808 2859/2859
f 3021/3021 2721/2721 3050/3050
f 2741/2741 2400/2400 926/926
f 1185/1185 1184/1184 2081/2081
f 3104/3104 3070/3070 3105/3105
f 3047/3047 3075/3075 3097/3097
f 3075/3075 3047/3047 3070/3070
f 3067/3067 3074/3074 333/333
f 3097/3097 3074/3074 3067/3067
f 3071/3071 3106/3106 3049/3049
f 1524/1524 3072/3072 2145/2145
f 1524/1524 2549/2549 3072/3072
f 3072/3072 1609/1609 2879/2879
f 1609/1609 3072/3072 2549/2549
f 1129/1129 1142/1142 321/321
f 3071/3071 2830/2830 3072/3072
f 2960/2960 3049/3049 2053/2053
f 3107/3107 3108/3108 3109/3109
f 3109/3109 3094/3094 3107/3107
f 3094/3094 3109/3109 3110/3110
f 1372/1372 3057/3057 3095/3095
f 1372/1372 3096/3096 3057/3057
f 3111/3111 915/915 1150/1150
f 3042/3042 3112/3112 3066/3066
f 961/961 2763/2763 2057/2057
f 1473/1473 961/961 2057/2057
f 961/961 1473/1473 959/959
f 1473/1473 3021/3021 3050/3050
f 3021/3021 1473/1473 2057/2057
f 3032/3032 3062/3062 3050/3050
f 1473/1473 3076/3076 3113/3113
f 3113/3113 3076/3076 2614/2614
f 2712/2712 1876/1876 2713/2713
f 1554/1554 3035/3035 1544/1544
f 3039/3039 3092/3092 3078/3078
f 1432/1432 2130/2130 3082/3082
f 3088/3088 3081/3081 3080/3080
f 3114/3114 3090/3090 3115/3115
f 430/430 3053/3053 3052/3052
f 2715/2715 853/853 2990/2990
f 3079/3079 3081/3081 3082/3082
f 3081/3081 3084/3084 3082/3082
f 3084/3084 3081/3081 3088/3088
f 3086/3086 3083/3083 3038/3038
f 3083/3083 3087/3087 3029/3029
f 625/625 1682/1682 2760/2760
f 3090/3090 1286/1286 1618/1618
f 2633/2633 3054/3054 2421/2421
f 3037/3037 2761/2761 3090/3090
f 2761/2761 1147/1147 1146/1146
f 1256/1256 2599/2599 3100/3100
f 3092/3092 3091/3091 2805/2805
f 3058/3058 3116/3116 3117/3117
f 1120/1120 3063/3063 988/988
f 3043/3043 3027/3027 3026/3026
f 3046/3046 3103/3103 3043/3043
f 1119/1119 3058/3058 504/504
f 1119/1119 504/504 470/470
f 3117/3117 504/504 3058/3058
f 2546/2546 3034/3034 3033/3033
f 2546/2546 2545/2545 3034/3034
f 3063/3063 3040/3040 926/926
f 3040/3040 698/698 926/926
f 698/698 2741/2741 926/926
f 3060/3060 3041/3041 3040/3040
f 2545/2545 3042/3042 3065/3065
f 3030/3030 3068/3068 3031/3031
f 3029/3029 3098/3098 3105/3105
f 3109/3109 3070/3070 3104/3104
f 3060/3060 3026/3026 3028/3028
f 2272/2272 1970/1970 1332/1332
f 3118/3118 922/922 2140/2140
f 1129/1129 321/321 2630/2630
f 1403/1403 1143/1143 3072/3072
f 2836/2836 2452/2452 2446/2446
f 2830/2830 3071/3071 2579/2579
f 736/736 3107/3107 3073/3073
f 3104/3104 3110/3110 3109/3109
f 3106/3106 3094/3094 3110/3110
f 3104/3104 3055/3055 3110/3110
f 3104/3104 3105/3105 3055/3055
f 3005/3005 652/652 3049/3049
f 3111/3111 2643/2643 915/915
f 3109/3109 3119/3119 3070/3070
f 3120/3120 3075/3075 3070/3070
f 2274/2274 333/333 2031/2031
f 3075/3075 3111/3111 1150/1150
f 1355/1355 1907/1907 2545/2545
f 1028/1028 209/209 677/677
f 442/442 443/443 2421/2421
f 1473/1473 3050/3050 3076/3076
f 2578/2578 3021/3021 2057/2057
f 250/250 59/59 355/355
f 1630/1630 2721/2721 1442/1442
f 2315/2315 3121/3121 3032/3032
f 3077/3077 3067/3067 333/333
f 3077/3077 333/333 3076/3076
f 190/190 192/192 3053/3053
f 2130/2130 1432/1432 3122/3122
f 2937/2937 2408/2408 1761/1761
f 3086/3086 3038/3038 3039/3039
f 27/27 2342/2342 28/28
f 3114/3114 3089/3089 3051/3051
f 3114/3114 3037/3037 3090/3090
f 2811/2811 2358/2358 2348/2348
f 3051/3051 3080/3080 3052/3052
f 3080/3080 3089/3089 3088/3088
f 3099/3099 1887/1887 3095/3095
f 3099/3099 3054/3054 1887/1887
f 2647/2647 431/431 432/432
f 3054/3054 3099/3099 3114/3114
f 3054/3054 1618/1618 2421/2421
f 3090/3090 3054/3054 3115/3115
f 3055/3055 3106/3106 3110/3110
f 3098/3098 3056/3056 3105/3105
f 3056/3056 3055/3055 3105/3105
f 811/811 213/213 2667/2667
f 3091/3091 3123/3123 2805/2805
f 1943/1943 2070/2070 3059/3059
f 3059/3059 3101/3101 3116/3116
f 3117/3117 3116/3116 3046/3046
f 3103/3103 3102/3102 3091/3091
f 3039/3039 3103/3103 3091/3091
f 298/298 2585/2585 2586/2586
f 159/159 1412/1412 2708/2708
f 1373/1373 988/988 926/926
f 988/988 3063/3063 926/926
f 3117/3117 3093/3093 2632/2632
f 1358/1358 1357/1357 3059/3059
f 470/470 504/504 2547/2547
f 3045/3045 3063/3063 287/287
f 3045/3045 287/287 2101/2101
f 3074/3074 2712/2712 2031/2031
f 3026/3026 3060/3060 3064/3064
f 736/736 3124/3124 737/737
f 3124/3124 736/736 1470/1470
f 3107/3107 736/736 3118/3118
f 1739/1739 3108/3108 2140/2140
f 1143/1143 2145/2145 3072/3072
f 3106/3106 3071/3071 3094/3094
f 278/278 1372/1372 1887/1887
f 3120/3120 3070/3070 3119/3119
f 1739/1739 1107/1107 3108/3108
f 3109/3109 3108/3108 3119/3119
f 1016/1016 897/897 3032/3032
f 1473/1473 1155/1155 959/959
f 1583/1583 2721/2721 2204/2204
f 1064/1064 1450/1450 2781/2781
f 1714/1714 3035/3035 1696/1696
f 3053/3053 3036/3036 3052/3052
f 2472/2472 3092/3092 2695/2695
f 2695/2695 3092/3092 2805/2805
f 3052/3052 3079/3079 977/977
f 3114/3114 3087/3087 3089/3089
f 3124/3124 908/908 2572/2572
f 3051/3051 3089/3089 3080/3080
f 3099/3099 3095/3095 3056/3056
f 3115/3115 3054/3054 3114/3114
f 3049/3049 3055/3055 3057/3057
f 3056/3056 3098/3098 3099/3099
f 1766/1766 1256/1256 3101/3101
f 2964/2964 2933/2933 3101/3101
f 1766/1766 3101/3101 2933/2933
f 3091/3091 3100/3100 2052/2052
f 3100/3100 2599/2599 2052/2052
f 2964/2964 3101/3101 2070/2070
f 3103/3103 3046/3046 3116/3116
f 3102/3102 3103/3103 3116/3116
f 3091/3091 3102/3102 3100/3100
f 1119/1119 2069/2069 3058/3058
f 2511/2511 2759/2759 2758/2758
f 2545/2545 3069/3069 3034/3034
f 2578/2578 2791/2791 3125/3125
f 1511/1511 3117/3117 2632/2632
f 3093/3093 3117/3117 3046/3046
f 1297/1297 952/952 3074/3074
f 3118/3118 3108/3108 3107/3107
f 1613/1613 2578/2578 1896/1896
f 1357/1357 809/809 2242/2242
f 3049/3049 610/610 2355/2355
f 253/253 351/351 1231/1231
f 847/847 848/848 314/314
f 2299/2299 189/189 1585/1585
f 1129/1129 2675/2675 1142/1142
f 3120/3120 397/397 3111/3111
f 3119/3119 3108/3108 3120/3120
f 2274/2274 331/331 333/333
f 332/332 2208/2208 333/333
f 3032/3032 897/897 1735/1735
f 493/493 308/308 494/494
f 97/97 158/158 522/522
f 401/401 731/731 733/733
f 3062/3062 3076/3076 3050/3050
f 1442/1442 2714/2714 1097/1097
f 3035/3035 1554/1554 1696/1696
f 2032/2032 1618/1618 2033/2033
f 3051/3051 3037/3037 3114/3114
f 3079/3079 2010/2010 977/977
f 3055/3055 3049/3049 3106/3106
f 2933/2933 2485/2485 1766/1766
f 3091/3091 2052/2052 3123/3123
f 2549/2549 1801/1801 1802/1802
f 2576/2576 2270/2270 2268/2268
f 3101/3101 3102/3102 3116/3116
f 328/328 1235/1235 1076/1076
f 3077/3077 3068/3068 3067/3067
f 1511/1511 1959/1959 3117/3117
f 3117/3117 1959/1959 1599/1599
f 1496/1496 1358/1358 3059/3059
f 1770/1770 657/657 1771/1771
f 2458/2458 922/922 3118/3118
f 321/321 356/356 1193/1193
f 356/356 321/321 1346/1346
f 3049/3049 2355/2355 3071/3071
f 434/434 2316/2316 2317/2317
f 3094/3094 3073/3073 3107/3107
f 3120/3120 1681/1681 397/397
f 1022/1022 919/919 1023/1023
f 2358/2358 753/753 754/754
f 59/59 119/119 354/354
f 2232/2232 149/149 2041/2041
f 3121/3121 1016/1016 3032/3032
f 1940/1940 255/255 2685/2685
f 294/294 2403/2403 2073/2073
f 57/57 1584/1584 2246/2246
f 3099/3099 3087/3087 3114/3114
f 101/101 1893/1893 1894/1894
f 153/153 973/973 2702/2702
f 1006/1006 1008/1008 1578/1578
f 1034/1034 2953/2953 2764/2764
f 3059/3059 3009/3009 1496/1496
f 353/353 2571/2571 2266/2266
f 3105/3105 3070/3070 3029/3029
f 3029/3029 3070/3070 3048/3048
f 488/488 2369/2369 489/489
f 1584/1584 1583/1583 2246/2246
f 2830/2830 2504/2504 3072/3072
f 1016/1016 785/785 944/944
f 3108/3108 1681/1681 3120/3120
f 1107/1107 1681/1681 3108/3108
f 1220/1220 1609/1609 2548/2548
f 2311/2311 386/386 292/292
f 75/75 1345/1345 1344/1344
f 2791/2791 119/119 3125/3125
f 1649/1649 1124/1124 975/975
f 3059/3059 3116/3116 3058/3058
f 2859/2859 1355/1355 2546/2546
f 736/736 2458/2458 3118/3118
f 1193/1193 319/319 321/321
f 2643/2643 3111/3111 397/397
f 111/111 1166/1166 1167/1167
f 1403/1403 2730/2730 2475/2475
f 1811/1811 2515/2515 1812/1812
f 1047/1047 505/505 3117/3117
f 3117/3117 505/505 504/504
f 3124/3124 2861/2861 47/47
f 2234/2234 1566/1566 1898/1898
f 1403/1403 3072/3072 2504/2504
f 1516/1516 544/544 1517/1517
f 293/293 2484/2484 2486/2486
f 193/193 1591/1591 2996/2996
f 3117/3117 1599/1599 2100/2100
f 2960/2960 3126/3126 2891/2891
f 298/298 2841/2841 1041/1041
f 1995/1995 754/754 2464/2464
f 831/831 192/192 849/849
f 855/855 192/192 856/856
f 192/192 838/838 856/856
f 2994/2994 2775/2775 113/113
f 864/864 865/865 2992/2992
f 2992/2992 835/835 836/836
f 869/869 192/192 837/837
f 192/192 82/82 840/840
f 2967/2967 2472/2472 2918/2918
f 2992/2992 192/192 869/869
f 909/909 908/908 3124/3124
f 915/915 914/914 913/913
f 3033/3033 2083/2083 2808/2808
f 721/721 2130/2130 2622/2622
f 511/511 2992/2992 836/836
f 1267/1267 2331/2331 1268/1268
f 1486/1486 430/430 1487/1487
f 1876/1876 113/113 2713/2713
f 930/930 939/939 192/192
f 832/832 192/192 831/831
f 1536/1536 1003/1003 1411/1411
f 1417/1417 885/885 886/886
f 281/281 1619/1619 2089/2089
f 957/957 1346/1346 873/873
f 958/958 1346/1346 957/957
f 2982/2982 2852/2852 2137/2137
f 1006/1006 1578/1578 1931/1931
f 1714/1714 1557/1557 1558/1558
f 2933/2933 1595/1595 1596/1596
f 984/984 2643/2643 985/985
f 1150/1150 986/986 916/916
f 1098/1098 1571/1571 1278/1278
f 2107/2107 992/992 991/991
f 2924/2924 28/28 2342/2342
f 2245/2245 57/57 2246/2246
f 1907/1907 618/618 2545/2545
f 1417/1417 2175/2175 2870/2870
f 875/875 799/799 873/873
f 2369/2369 881/881 1005/1005
f 1009/1009 192/192 2499/2499
f 192/192 1009/1009 1010/1010
f 2029/2029 1134/1134 1135/1135
f 1028/1028 1888/1888 937/937
f 1566/1566 3127/3127 1564/1564
f 911/911 2633/2633 1033/1033
f 692/692 737/737 1202/1202
f 1043/1043 1041/1041 504/504
f 426/426 1447/1447 1205/1205
f 224/224 926/926 1046/1046
f 1001/1001 1355/1355 1000/1000
f 1733/1733 941/941 2267/2267
f 1165/1165 1580/1580 1785/1785
f 1056/1056 1417/1417 1057/1057
f 1056/1056 1058/1058 1417/1417
f 1580/1580 901/901 902/902
f 1580/1580 1346/1346 1071/1071
f 1061/1061 963/963 1346/1346
f 2071/2071 726/726 728/728
f 230/230 2237/2237 3128/3128
f 1072/1072 280/280 279/279
f 1073/1073 1088/1088 1074/1074
f 2211/2211 2386/2386 2210/2210
f 400/400 2450/2450 2452/2452
f 1473/1473 1906/1906 1904/1904
f 1089/1089 2107/2107 999/999
f 2107/2107 1089/1089 992/992
f 2107/2107 998/998 999/999
f 3042/3042 618/618 3112/3112
f 559/559 1109/1109 1093/1093
f 1096/1096 1442/1442 1097/1097
f 2560/2560 2763/2763 2256/2256
f 2801/2801 292/292 2618/2618
f 192/192 834/834 849/849
f 1013/1013 1116/1116 2499/2499
f 1116/1116 1009/1009 2499/2499
f 510/510 830/830 832/832
f 192/192 933/933 934/934
f 1253/1253 100/100 738/738
f 192/192 1019/1019 649/649
f 1432/1432 3082/3082 1430/1430
f 676/676 1025/1025 1024/1024
f 893/893 426/426 891/891
f 441/441 2659/2659 2314/2314
f 1029/1029 2633/2633 1032/1032
f 255/255 1543/1543 1545/1545
f 2633/2633 1153/1153 1152/1152
f 2396/2396 2052/2052 2373/2373
f 2633/2633 1157/1157 1033/1033
f 1158/1158 1159/1159 2633/2633
f 1160/1160 1161/1161 278/278
f 1163/1163 1072/1072 279/279
f 1170/1170 1168/1168 2052/2052
f 843/843 470/470 844/844
f 1179/1179 470/470 843/843
f 190/190 1628/1628 1932/1932
f 2547/2547 1188/1188 1187/1187
f 338/338 1735/1735 339/339
f 315/315 1203/1203 1681/1681
f 1107/1107 1206/1206 1205/1205
f 1897/1897 2251/2251 1899/1899
f 1913/1913 1271/1271 1270/1270
f 2464/2464 2358/2358 754/754
f 2440/2440 294/294 931/931
f 652/652 502/502 500/500
f 1234/1234 1238/1238 2643/2643
f 2025/2025 2235/2235 2023/2023
f 298/298 1044/1044 2898/2898
f 2274/2274 1241/1241 1242/1242
f 1244/1244 1241/1241 2275/2275
f 1607/1607 1309/1309 1308/1308
f 2359/2359 1690/1690 2360/2360
f 1306/1306 1178/1178 1307/1307
f 340/340 1735/1735 338/338
f 1735/1735 340/340 1250/1250
f 1001/1001 1255/1255 1355/1355
f 355/355 2541/2541 2059/2059
f 384/384 1247/1247 1246/1246
f 2437/2437 397/397 2412/2412
f 1836/1836 240/240 1224/1224
f 1285/1285 1282/1282 2499/2499
f 1903/1903 1474/1474 1475/1475
f 2188/2188 804/804 3123/3123
f 1291/1291 1289/1289 191/191
f 517/517 609/609 611/611
f 281/281 282/282 2422/2422
f 229/229 1184/1184 1186/1186
f 1308/1308 1544/1544 1309/1309
f 1544/1544 1308/1308 323/323
f 1739/1739 2715/2715 2990/2990
f 370/370 3122/3122 1326/1326
f 2408/2408 1329/1329 1330/1330
f 1335/1335 2358/2358 1336/1336
f 2358/2358 1335/1335 1337/1337
f 1786/1786 1340/1340 1339/1339
f 3053/3053 2029/2029 3129/3129
f 2038/2038 2232/2232 2041/2041
f 113/113 1871/1871 1870/1870
f 413/413 1758/1758 1757/1757
f 1969/1969 65/65 1970/1970
f 2155/2155 109/109 2156/2156
f 1403/1403 781/781 2634/2634
f 1609/1609 1798/1798 1456/1456
f 2633/2633 1345/1345 1360/1360
f 1371/1371 1368/1368 2633/2633
f 1372/1372 1161/1161 1162/1162
f 191/191 2299/2299 1585/1585
f 2070/2070 2193/2193 1697/1697
f 2878/2878 325/325 1461/1461
f 1119/1119 1383/1383 1382/1382
f 2496/2496 2934/2934 1737/1737
f 470/470 472/472 1390/1390
f 470/470 1390/1390 844/844
f 1610/1610 1391/1391 1181/1181
f 977/977 1353/1353 1487/1487
f 1400/1400 1373/1373 1014/1014
f 2511/2511 2783/2783 2755/2755
f 1754/1754 2632/2632 3093/3093
f 741/741 1193/1193 740/740
f 184/184 185/185 2141/2141
f 2400/2400 1412/1412 1191/1191
f 2999/2999 2173/2173 2334/2334
f 1418/1418 1419/1419 2859/2859
f 412/412 2859/2859 1420/1420
f 1421/1421 1418/1418 2859/2859
f 412/412 1421/1421 2859/2859
f 962/962 799/799 2431/2431
f 294/294 2438/2438 2443/2443
f 1134/1134 473/473 1135/1135
f 2821/2821 2297/2297 2749/2749
f 1416/1416 1438/1438 1417/1417
f 1417/1417 1438/1438 1439/1439
f 1445/1445 1197/1197 1346/1346
f 2140/2140 3108/3108 3118/3118
f 2004/2004 200/200 2002/2002
f 560/560 1979/1979 1981/1981
f 1638/1638 820/820 1639/1639
f 632/632 1016/1016 539/539
f 2879/2879 1462/1462 1461/1461
f 1464/1464 1346/1346 1465/1465
f 2712/2712 2216/2216 2214/2214
f 2960/2960 610/610 3049/3049
f 1468/1468 1470/1470 1469/1469
f 2612/2612 1346/1346 1668/1668
f 1537/1537 114/114 1538/1538
f 1490/1490 2053/2053 767/767
f 228/228 823/823 327/327
f 382/382 74/74 380/380
f 1864/1864 2208/2208 2847/2847
f 1499/1499 1500/1500 3005/3005
f 2240/2240 120/120 2238/2238
f 676/676 207/207 205/205
f 1535/1535 1536/1536 1411/1411
f 2643/2643 704/704 1077/1077
f 1503/1503 984/984 982/982
f 1080/1080 1503/1503 1081/1081
f 544/544 1516/1516 1593/1593
f 2643/2643 1239/1239 985/985
f 427/427 899/899 1207/1207
f 1518/1518 1735/1735 1250/1250
f 685/685 2804/2804 2939/2939
f 2808/2808 342/342 345/345
f 872/872 800/800 875/875
f 2400/2400 2947/2947 2857/2857
f 246/246 2605/2605 248/248
f 1519/1519 1532/1532 2083/2083
f 1534/1534 1536/1536 1355/1355
f 1541/1541 1542/1542 1907/1907
f 430/430 2217/2217 2218/2218
f 319/319 219/219 1366/1366
f 2767/2767 320/320 3130/3130
f 1552/1552 2175/2175 1259/1259
f 2175/2175 1258/1258 1259/1259
f 1552/1552 1560/1560 2175/2175
f 2311/2311 2801/2801 804/804
f 1567/1567 1109/1109 1568/1568
f 1764/1764 1196/1196 1763/1763
f 1574/1574 1442/1442 1100/1100
f 1574/1574 1277/1277 1442/1442
f 1405/1405 3121/3121 1575/1575
f 1576/1576 1424/1424 2614/2614
f 1628/1628 1008/1008 1578/1578
f 592/592 1488/1488 2616/2616
f 724/724 191/191 1293/1293
f 1746/1746 1346/1346 326/326
f 660/660 2918/2918 2967/2967
f 1600/1600 1303/1303 192/192
f 2593/2593 1230/1230 352/352
f 826/826 1769/1769 1771/1771
f 1309/1309 1544/1544 1605/1605
f 1608/1608 1606/1606 1544/1544
f 1612/1612 1714/1714 1314/1314
f 810/810 3131/3131 3011/3011
f 624/624 1614/1614 1554/1554
f 563/563 2173/2173 2999/2999
f 439/439 2330/2330 1617/1617
f 567/567 1322/1322 270/270
f 365/365 270/270 258/258
f 258/258 270/270 1620/1620
f 1621/1621 1329/1329 2408/2408
f 2408/2408 1623/1623 1622/1622
f 275/275 2011/2011 277/277
f 2011/2011 450/450 277/277
f 1629/1629 453/453 2130/2130
f 1592/1592 2602/2602 2601/2601
f 453/453 1631/1631 2130/2130
f 582/582 3122/3122 1632/1632
f 470/470 2184/2184 2080/2080
f 2947/2947 159/159 2857/2857
f 2252/2252 1476/1476 2008/2008
f 2815/2815 859/859 1827/1827
f 1341/1341 1786/1786 1339/1339
f 2377/2377 2376/2376 2378/2378
f 2951/2951 2825/2825 2358/2358
f 2964/2964 85/85 2401/2401
f 461/461 1659/1659 1430/1430
f 2176/2176 120/120 2177/2177
f 1417/1417 945/945 885/885
f 1661/1661 1487/1487 1353/1353
f 1662/1662 978/978 977/977
f 275/275 1663/1663 2011/2011
f 2010/2010 1665/1665 1664/1664
f 1665/1665 2010/2010 1667/1667
f 993/993 992/992 991/991
f 1678/1678 1288/1288 1489/1489
f 426/426 1448/1448 1447/1447
f 2633/2633 1101/1101 1032/1032
f 1691/1691 1148/1148 1147/1147
f 502/502 235/235 500/500
f 1695/1695 1170/1170 2052/2052
f 1699/1699 2964/2964 1701/1701
f 2964/2964 1172/1172 87/87
f 1210/1210 426/426 1206/1206
f 2372/2372 2373/2373 2599/2599
f 689/689 2681/2681 1965/1965
f 1811/1811 535/535 2814/2814
f 487/487 932/932 1358/1358
f 1702/1702 487/487 1358/1358
f 1710/1710 1711/1711 1119/1119
f 1790/1790 110/110 2483/2483
f 1640/1640 759/759 760/760
f 1889/1889 1372/1372 1890/1890
f 1358/1358 1653/1653 2121/2121
f 2158/2158 3128/3128 2237/2237
f 1832/1832 2881/2881 2182/2182
f 942/942 941/941 1737/1737
f 264/264 575/575 574/574
f 1953/1953 1624/1624 2404/2404
f 1201/1201 694/694 1616/1616
f 1747/1747 2547/2547 1187/1187
f 1757/1757 2859/2859 1758/1758
f 1163/1163 77/77 76/76
f 2859/2859 1419/1419 1758/1758
f 1698/1698 2194/2194 3132/3132
f 324/324 1544/1544 323/323
f 1058/1058 1763/1763 2107/2107
f 1763/1763 1764/1764 2107/2107
f 193/193 1932/1932 1931/1931
f 1765/1765 1145/1145 2107/2107
f 996/996 2107/2107 995/995
f 998/998 2107/2107 996/996
f 194/194 193/193 1463/1463
f 2470/2470 592/592 2469/2469
f 1964/1964 1718/1718 730/730
f 1772/1772 1773/1773 1346/1346
f 856/856 83/83 838/838
f 426/426 1681/1681 1107/1107
f 1777/1777 1778/1778 2140/2140
f 134/134 2811/2811 2348/2348
f 1290/1290 1509/1509 3133/3133
f 2605/2605 3066/3066 638/638
f 1058/1058 2107/2107 1417/1417
f 247/247 739/739 3134/3134
f 1342/1342 3135/3135 1212/1212
f 1346/1346 1808/1808 1807/1807
f 1808/1808 1346/1346 1809/1809
f 1964/1964 1610/1610 1884/1884
f 473/473 2028/2028 2030/2030
f 2145/2145 2156/2156 2064/2064
f 1466/1466 2355/2355 1218/1218
f 1960/1960 400/400 929/929
f 2355/2355 1815/1815 1814/1814
f 2355/2355 517/517 1815/1815
f 2355/2355 1466/1466 1467/1467
f 517/517 2355/2355 1467/1467
f 980/980 1470/1470 981/981
f 503/503 2839/2839 1529/1529
f 1828/1828 1827/1827 1524/1524
f 1828/1828 1524/1524 846/846
f 2297/2297 2501/2501 2657/2657
f 864/864 510/510 869/869
f 1002/1002 2551/2551 1549/1549
f 1441/1441 1630/1630 1440/1440
f 2566/2566 251/251 250/250
f 764/764 765/765 652/652
f 652/652 1223/1223 1224/1224
f 1836/1836 652/652 1224/1224
f 1490/1490 1837/1837 2053/2053
f 300/300 2527/2527 2127/2127
f 988/988 2427/2427 2428/2428
f 610/610 1845/1845 1844/1844
f 611/611 610/610 1846/1846
f 610/610 1847/1847 1492/1492
f 2626/2626 2239/2239 2552/2552
f 1454/1454 426/426 1455/1455
f 820/820 2208/2208 2293/2293
f 1864/1864 1865/1865 2208/2208
f 1392/1392 215/215 1391/1391
f 3011/3011 1357/1357 3131/3131
f 3111/3111 3075/3075 3120/3120
f 970/970 735/735 971/971
f 2083/2083 1520/1520 1519/1519
f 542/542 403/403 612/612
f 3136/3136 1660/1660 362/362
f 342/342 2808/2808 344/344
f 2859/2859 546/546 1420/1420
f 1286/1286 2470/2470 1731/1731
f 1885/1885 698/698 1627/1627
f 2538/2538 2632/2632 1754/1754
f 407/407 940/940 942/942
f 192/192 860/860 933/933
f 2382/2382 279/279 3003/3003
f 1107/1107 1448/1448 426/426
f 2360/2360 3137/3137 2419/2419
f 2406/2406 1609/1609 1459/1459
f 1902/1902 1156/1156 1155/1155
f 2145/2145 1143/1143 1460/1460
f 1905/1905 1906/1906 1473/1473
f 2906/2906 115/115 2927/2927
f 1909/1909 1908/1908 1630/1630
f 1912/1912 2204/2204 1911/1911
f 153/153 2821/2821 2749/2749
f 190/190 2300/2300 1347/1347
f 1678/1678 474/474 1679/1679
f 358/358 695/695 357/357
f 1573/1573 2721/2721 1916/1916
f 2721/2721 1573/1573 1274/1274
f 708/708 1917/1917 3113/3113
f 3113/3113 1921/1921 1919/1919
f 1917/1917 1921/1921 3113/3113
f 1473/1473 1922/1922 1923/1923
f 1922/1922 1473/1473 1230/1230
f 1926/1926 820/820 1927/1927
f 1569/1569 1928/1928 2499/2499
f 678/678 3020/3020 2653/2653
f 2495/2495 2890/2890 234/234
f 182/182 1597/1597 2903/2903
f 1346/1346 1070/1070 1071/1071
f 1628/1628 1591/1591 1590/1590
f 713/713 862/862 1628/1628
f 1586/1586 1290/1290 1585/1585
f 1608/1608 1544/1544 1835/1835
f 1554/1554 1942/1942 1941/1941
f 1615/1615 1471/1471 2456/2456
f 2538/2538 2851/2851 770/770
f 324/324 1944/1944 1544/1544
f 2714/2714 1098/1098 1097/1097
f 1696/1696 1320/1320 1114/1114
f 1948/1948 1045/1045 1696/1696
f 1962/1962 153/153 2298/2298
f 2600/2600 1920/1920 1919/1919
f 1132/1132 1957/1957 2052/2052
f 1450/1450 578/578 447/447
f 2571/2571 2248/2248 2266/2266
f 349/349 118/118 633/633
f 2872/2872 1484/1484 1483/1483
f 735/735 2473/2473 1039/1039
f 3122/3122 581/581 1326/1326
f 1761/1761 1967/1967 457/457
f 1975/1975 560/560 1976/1976
f 560/560 1975/1975 1973/1973
f 1981/1981 1513/1513 560/560
f 1984/1984 561/561 1985/1985
f 561/561 1987/1987 1986/1986
f 561/561 1988/1988 307/307
f 1988/1988 561/561 60/60
f 1990/1990 1991/1991 2272/2272
f 1992/1992 1990/1990 2272/2272
f 2375/2375 2633/2633 1886/1886
f 356/356 1346/1346 1753/1753
f 1458/1458 1462/1462 325/325
f 1787/1787 1998/1998 1786/1786
f 360/360 192/192 361/361
f 212/212 286/286 288/288
f 1635/1635 60/60 1636/1636
f 2571/2571 1376/1376 2266/2266
f 1657/1657 1430/1430 267/267
f 1430/1430 269/269 267/267
f 288/288 287/287 2338/2338
f 1714/1714 1633/1633 1634/1634
f 2015/2015 977/977 2016/2016
f 589/589 2018/2018 2010/2010
f 2010/2010 466/466 465/465
f 1487/1487 2680/2680 2642/2642
f 1667/1667 2010/2010 375/375
f 2010/2010 1663/1663 376/376
f 2010/2010 376/376 375/375
f 2020/2020 2019/2019 2029/2029
f 1888/1888 380/380 936/936
f 3016/3016 2904/2904 3138/3138
f 2175/2175 2240/2240 2238/2238
f 189/189 1293/1293 1292/1292
f 1288/1288 1488/1488 1286/1286
f 2376/2376 148/148 2378/2378
f 695/695 2442/2442 829/829
f 596/596 2046/2046 1256/1256
f 272/272 259/259 271/271
f 2358/2358 1993/1993 1338/1338
f 1801/1801 233/233 1802/1802
f 2599/2599 2049/2049 2048/2048
f 2599/2599 2047/2047 2049/2049
f 2052/2052 2051/2051 2050/2050
f 1247/1247 2599/2599 1246/1246
f 1150/1150 914/914 917/917
f 1889/1889 172/172 2088/2088
f 385/385 2056/2056 384/384
f 2062/2062 1358/1358 2061/2061
f 1618/1618 2668/2668 2089/2089
f 1704/1704 2072/2072 1357/1357
f 2724/2724 3129/3129 285/285
f 2078/2078 1301/1301 1754/1754
f 2666/2666 1705/1705 3001/3001
f 1798/1798 162/162 1456/1456
f 1177/1177 602/602 2101/2101
f 1398/1398 3139/3139 3140/3140
f 1119/1119 1176/1176 429/429
f 1709/1709 1119/1119 429/429
f 1383/1383 1119/1119 1709/1709
f 1566/1566 1567/1567 3127/3127
f 2069/2069 1727/1727 1728/1728
f 1727/1727 2069/2069 1397/1397
f 1884/1884 1610/1610 1717/1717
f 3129/3129 283/283 285/285
f 2085/2085 941/941 2086/2086
f 603/603 2103/2103 2833/2833
f 1215/1215 647/647 379/379
f 3059/3059 1647/1647 3009/3009
f 278/278 665/665 666/666
f 1432/1432 1632/1632 3122/3122
f 903/903 1165/1165 1791/1791
f 1487/1487 2359/2359 1485/1485
f 2096/2096 2101/2101 965/965
f 1630/1630 378/378 379/379
f 2095/2095 2099/2099 2101/2101
f 2098/2098 2104/2104 2101/2101
f 943/943 926/926 225/225
f 1208/1208 216/216 1388/1388
f 1271/1271 2204/2204 1270/1270
f 2117/2117 503/503 2118/2118
f 2726/2726 1143/1143 2725/2725
f 1935/1935 2992/2992 1437/1437
f 1118/1118 612/612 1496/1496
f 470/470 2123/2123 492/492
f 561/561 1635/1635 1636/1636
f 2125/2125 2547/2547 2126/2126
f 2125/2125 1748/1748 2547/2547
f 2128/2128 2127/2127 2400/2400
f 1064/1064 1325/1325 1065/1065
f 1760/1760 2859/2859 1759/1759
f 302/302 2741/2741 304/304
f 1452/1452 113/113 243/243
f 1348/1348 190/190 1347/1347
f 2133/2133 2134/2134 2140/2140
f 2136/2136 2133/2133 2140/2140
f 1124/1124 200/200 1125/1125
f 871/871 1672/1672 2647/2647
f 2140/2140 1778/1778 1779/1779
f 848/848 969/969 314/314
f 2149/2149 2148/2148 1580/1580
f 2152/2152 2630/2630 2151/2151
f 2630/2630 2152/2152 2153/2153
f 1128/1128 1126/1126 1185/1185
f 2069/2069 1716/1716 1715/1715
f 281/281 2387/2387 2032/2032
f 1746/1746 34/34 1346/1346
f 2163/2163 2355/2355 1814/1814
f 2355/2355 2163/2163 2164/2164
f 3141/3141 2579/2579 3071/3071
f 2355/2355 3141/3141 3071/3071
f 2355/2355 2167/2167 2166/2166
f 2167/2167 2355/2355 2164/2164
f 126/126 864/864 869/869
f 1886/1886 2633/2633 1360/1360
f 2168/2168 3141/3141 2166/2166
f 520/520 3141/3141 2168/2168
f 1645/1645 71/71 1787/1787
f 703/703 561/561 1984/1984
f 2178/2178 2179/2179 1142/1142
f 2178/2178 1142/1142 1825/1825
f 2181/2181 1477/1477 2549/2549
f 903/903 2148/2148 1784/1784
f 1761/1761 2408/2408 2327/2327
f 726/726 2193/2193 1697/1697
f 2293/2293 2296/2296 2294/2294
f 1838/1838 3142/3142 3126/3126
f 652/652 2017/2017 1222/1222
f 1836/1836 2186/2186 652/652
f 1103/1103 1098/1098 1104/1104
f 988/988 2111/2111 499/499
f 354/354 2790/2790 2575/2575
f 2505/2505 107/107 2506/2506
f 2638/2638 584/584 2639/2639
f 1011/1011 1019/1019 648/648
f 2189/2189 1022/1022 2190/2190
f 2192/2192 1851/1851 1852/1852
f 1856/1856 2192/2192 1857/1857
f 524/524 3005/3005 2195/2195
f 3005/3005 2196/2196 2195/2195
f 2199/2199 1372/1372 2200/2200
f 1022/1022 1226/1226 1227/1227
f 2203/2203 533/533 1022/1022
f 3005/3005 524/524 525/525
f 149/149 210/210 1148/1148
f 2489/2489 111/111 1167/1167
f 834/834 192/192 833/833
f 1681/1681 2207/2207 1236/1236
f 1671/1671 2363/2363 1137/1137
f 1865/1865 628/628 2208/2208
f 1150/1150 916/916 987/987
f 115/115 1150/1150 987/987
f 858/858 289/289 857/857
f 1866/1866 2209/2209 1150/1150
f 660/660 2967/2967 658/658
f 2212/2212 1523/1523 2274/2274
f 2213/2213 2212/2212 2274/2274
f 2642/2642 1954/1954 1354/1354
f 1580/1580 2543/2543 1792/1792
f 194/194 3143/3143 884/884
f 2105/2105 180/180 249/249
f 2360/2360 1954/1954 1955/1955
f 758/758 3122/3122 371/371
f 622/622 1615/1615 2456/2456
f 2465/2465 2718/2718 2989/2989
f 2330/2330 439/439 1950/1950
f 2083/2083 1881/1881 349/349
f 2560/2560 1603/1603 2259/2259
f 2808/2808 635/635 1883/1883
f 545/545 2808/2808 345/345
f 635/635 2808/2808 545/545
f 1158/1158 1364/1364 1363/1363
f 2228/2228 2808/2808 2227/2227
f 2229/2229 2808/2808 2228/2228
f 2808/2808 2229/2229 2230/2230
f 839/839 126/126 838/838
f 2808/2808 1882/1882 2227/2227
f 1882/1882 2808/2808 1883/1883
f 1972/1972 1975/1975 1973/1973
f 925/925 159/159 1880/1880
f 638/638 3066/3066 637/637
f 2047/2047 385/385 2048/2048
f 3139/3139 941/941 3140/3140
f 2083/2083 554/554 348/348
f 2083/2083 644/644 554/554
f 196/196 405/405 2854/2854
f 1907/1907 1974/1974 1541/1541
f 1876/1876 2995/2995 1875/1875
f 416/416 2983/2983 693/693
f 508/508 543/543 507/507
f 434/434 1405/1405 562/562
f 2250/2250 2251/2251 1109/1109
f 2250/2250 1109/1109 1108/1108
f 2253/2253 2254/2254 1473/1473
f 1475/1475 2253/2253 1473/1473
f 2057/2057 2261/2261 2260/2260
f 2261/2261 2057/2057 2262/2262
f 510/510 836/836 511/511
f 1473/1473 2733/2733 1641/1641
f 2268/2268 2269/2269 2057/2057
f 1509/1509 70/70 3133/3133
f 2270/2270 2268/2268 2057/2057
f 703/703 560/560 438/438
f 2000/2000 1675/1675 2460/2460
f 2661/2661 1185/1185 1126/1126
f 1630/1630 1908/1908 1879/1879
f 1754/1754 2426/2426 3001/3001
f 2204/2204 1912/1912 2273/2273
f 2278/2278 3113/3113 2279/2279
f 3113/3113 122/122 2279/2279
f 2280/2280 1473/1473 1923/1923
f 2288/2288 2208/2208 626/626
f 2208/2208 2291/2291 2290/2290
f 2293/2293 2208/2208 2294/2294
f 2221/2221 711/711 2220/2220
f 820/820 2293/2293 1927/1927
f 1949/1949 1721/1721 1722/1722
f 210/210 1367/1367 1148/1148
f 2211/2211 2761/2761 2174/2174
f 1399/1399 1964/1964 2840/2840
f 1931/1931 1628/1628 1578/1578
f 1348/1348 2299/2299 190/190
f 2300/2300 190/190 2301/2301
f 361/361 192/192 1304/1304
f 192/192 1834/1834 1835/1835
f 1544/1544 192/192 1835/1835
f 2435/2435 406/406 2118/2118
f 1941/1941 556/556 1554/1554
f 556/556 557/557 1554/1554
f 1968/1968 2145/2145 1460/1460
f 2297/2297 1856/1856 1855/1855
f 1115/1115 1696/1696 1114/1114
f 1269/1269 3144/3144 2205/2205
f 1696/1696 2305/2305 1714/1714
f 2305/2305 1696/1696 1045/1045
f 2330/2330 262/262 1617/1617
f 262/262 2330/2330 263/263
f 1270/1270 2204/2204 1429/1429
f 271/271 270/270 1323/1323
f 1450/1450 3078/3078 3092/3092
f 2472/2472 1450/1450 3092/3092
f 1450/1450 2472/2472 1769/1769
f 1382/1382 297/297 899/899
f 3143/3143 711/711 884/884
f 3123/3123 2313/2313 2312/2312
f 2313/2313 3123/3123 2052/2052
f 2805/2805 654/654 2314/2314
f 654/654 2805/2805 656/656
f 354/354 3145/3145 2961/2961
f 181/181 1898/1898 1899/1899
f 1089/1089 993/993 999/999
f 445/445 1450/1450 447/447
f 2975/2975 2633/2633 2974/2974
f 953/953 114/114 541/541
f 439/439 130/130 1950/1950
f 3142/3142 2960/2960 1837/1837
f 2130/2130 580/580 368/368
f 366/366 2130/2130 368/368
f 2319/2319 2130/2130 366/366
f 2319/2319 2131/2131 2130/2130
f 2130/2130 670/670 1629/1629
f 2129/2129 670/670 2130/2130
f 2320/2320 450/450 2011/2011
f 2321/2321 1761/1761 457/457
f 1761/1761 583/583 459/459
f 1967/1967 1761/1761 458/458
f 458/458 1761/1761 459/459
f 2408/2408 671/671 2327/2327
f 671/671 2408/2408 673/673
f 3124/3124 1470/1470 980/980
f 1297/1297 1150/1150 2264/2264
f 1268/1268 2408/2408 2331/2331
f 2332/2332 1992/1992 2272/2272
f 1633/1633 1714/1714 1558/1558
f 2542/2542 1016/1016 630/630
f 2335/2335 2124/2124 894/894
f 216/216 1384/1384 1386/1386
f 1698/1698 1701/1701 1173/1173
f 356/356 2441/2441 3146/3146
f 2336/2336 2335/2335 894/894
f 2341/2341 2336/2336 894/894
f 2343/2343 2341/2341 894/894
f 561/561 2631/2631 60/60
f 393/393 392/392 2410/2410
f 306/306 561/561 307/307
f 2345/2345 560/560 2347/2347
f 2234/2234 1109/1109 2244/2244
f 1105/1105 2369/2369 1106/1106
f 1714/1714 1969/1969 2272/2272
f 977/977 2010/2010 2018/2018
f 1164/1164 1792/1792 1791/1791
f 2353/2353 1762/1762 1761/1761
f 1430/1430 1762/1762 269/269
f 2354/2354 1432/1432 1813/1813
f 1432/1432 2357/2357 2356/2356
f 1380/1380 1119/1119 1381/1381
f 469/469 2010/2010 465/465
f 712/712 1934/1934 975/975
f 196/196 815/815 197/197
f 29/29 2010/2010 2517/2517
f 430/430 2361/2361 1673/1673
f 557/557 1113/1113 555/555
f 2366/2366 1486/1486 2367/2367
f 1486/1486 2366/2366 2368/2368
f 2026/2026 430/430 2024/2024
f 1423/1423 430/430 2026/2026
f 1422/1422 2371/2371 430/430
f 625/625 1123/1123 1862/1862
f 1362/1362 1675/1675 1365/1365
f 1675/1675 2378/2378 1365/1365
f 212/212 2095/2095 2094/2094
f 2554/2554 119/119 2553/2553
f 416/416 692/692 1202/1202
f 2159/2159 230/230 2326/2326
f 334/334 2434/2434 1572/1572
f 1367/1367 2390/2390 1146/1146
f 724/724 189/189 725/725
f 596/596 1256/1256 597/597
f 2933/2933 2392/2392 2391/2391
f 482/482 1256/1256 481/481
f 2599/2599 2627/2627 2047/2047
f 113/113 2711/2711 2713/2713
f 2111/2111 160/160 499/499
f 181/181 1565/1565 1564/1564
f 1804/1804 2933/2933 2401/2401
f 1197/1197 799/799 1059/1059
f 568/568 261/261 567/567
f 386/386 571/571 1956/1956
f 200/200 2221/2221 2220/2220
f 440/440 2967/2967 2918/2918
f 1222/1222 174/174 1223/1223
f 1143/1143 514/514 1810/1810
f 196/196 2582/2582 2583/2583
f 2397/2397 460/460 1754/1754
f 192/192 839/839 838/838
f 1397/1397 2069/2069 1396/1396
f 1325/1325 128/128 1065/1065
f 852/852 2715/2715 2990/2990
f 2092/2092 90/90 921/921
f 693/693 737/737 692/692
f 1647/1647 1965/1965 2418/2418
f 1501/1501 1583/1583 1502/1502
f 385/385 2047/2047 1692/1692
f 192/192 1010/1010 1019/1019
f 2424/2424 2423/2423 287/287
f 2425/2425 1373/1373 394/394
f 927/927 926/926 943/943
f 2498/2498 61/61 2384/2384
f 988/988 499/499 498/498
f 2425/2425 2154/2154 1373/1373
f 988/988 2429/2429 2113/2113
f 2647/2647 2218/2218 871/871
f 1428/1428 1913/1913 2455/2455
f 362/362 1430/1430 363/363
f 1201/1201 416/416 1202/1202
f 623/623 419/419 621/621
f 2276/2276 2435/2435 505/505
f 2902/2902 401/401 2979/2979
f 2592/2592 3147/3147 2260/2260
f 2438/2438 1654/1654 1358/1358
f 2083/2083 349/349 633/633
f 2439/2439 2440/2440 1358/1358
f 1358/1358 2440/2440 2061/2061
f 402/402 1496/1496 403/403
f 2673/2673 2725/2725 513/513
f 284/284 473/473 202/202
f 2633/2633 382/382 2778/2778
f 1637/1637 1636/1636 2631/2631
f 2896/2896 618/618 889/889
f 1128/1128 320/320 1228/1228
f 2453/2453 2123/2123 470/470
f 184/184 645/645 1214/1214
f 1417/1417 949/949 950/950
f 1355/1355 1195/1195 1000/1000
f 2454/2454 2204/2204 2455/2455
f 1471/1471 420/420 418/418
f 968/968 188/188 880/880
f 2456/2456 1471/1471 418/418
f 2712/2712 1723/1723 1724/1724
f 3124/3124 48/48 1310/1310
f 1874/1874 2031/2031 1871/1871
f 2143/2143 893/893 1107/1107
f 1107/1107 854/854 2144/2144
f 2461/2461 1738/1738 1740/1740
f 2158/2158 1772/1772 1198/1198
f 2463/2463 1454/1454 1107/1107
f 264/264 669/669 445/445
f 388/388 2655/2655 2827/2827
f 174/174 235/235 1223/1223
f 1346/1346 3148/3148 2161/2161
f 2471/2471 2145/2145 2146/2146
f 915/915 1079/1079 910/910
f 2391/2391 293/293 2486/2486
f 1143/1143 1810/1810 1144/1144
f 170/170 169/169 919/919
f 282/282 2817/2817 2422/2422
f 1119/1119 1382/1382 899/899
f 1403/1403 2475/2475 1404/1404
f 2355/2355 1225/1225 1217/1217
f 2579/2579 2477/2477 1587/1587
f 2478/2478 3141/3141 2479/2479
f 3141/3141 516/516 2479/2479
f 149/149 1691/1691 2042/2042
f 610/610 1844/1844 2075/2075
f 332/332 2887/2887 2208/2208
f 3147/3147 2929/2929 2900/2900
f 2579/2579 1816/1816 1817/1817
f 1054/1054 2579/2579 1817/1817
f 2170/2170 2579/2579 2169/2169
f 2579/2579 1055/1055 2169/2169
f 700/700 2504/2504 1821/1821
f 2830/2830 1587/1587 2734/2734
f 2070/2070 1698/1698 3132/3132
f 2775/2775 2995/2995 2711/2711
f 1142/1142 2021/2021 1140/1140
f 510/510 865/865 835/835
f 2538/2538 1712/1712 1713/1713
f 2576/2576 2268/2268 2269/2269
f 1847/1847 610/610 2494/2494
f 2494/2494 610/610 2495/2495
f 2805/2805 2801/2801 2618/2618
f 1725/1725 535/535 2757/2757
f 3149/3149 200/200 1652/1652
f 1669/1669 2573/2573 1670/1670
f 1022/1022 1075/1075 1074/1074
f 1022/1022 2189/2189 2191/2191
f 334/334 536/536 1745/1745
f 2297/2297 2500/2500 2501/2501
f 562/562 3121/3121 1405/1405
f 2297/2297 2821/2821 2820/2820
f 714/714 187/187 2293/2293
f 1569/1569 2499/2499 1570/1570
f 1372/1372 1328/1328 1890/1890
f 1022/1022 533/533 531/531
f 1022/1022 531/531 1226/1226
f 2203/2203 1372/1372 2202/2202
f 1372/1372 2508/2508 2202/2202
f 2812/2812 2717/2717 895/895
f 2088/2088 2508/2508 1372/1372
f 924/924 314/314 1296/1296
f 397/397 1481/1481 2512/2512
f 2513/2513 2514/2514 397/397
f 1682/1682 2513/2513 397/397
f 2722/2722 877/877 2871/2871
f 926/926 925/925 1880/1880
f 853/853 2143/2143 2144/2144
f 853/853 425/425 426/426
f 2101/2101 493/493 494/494
f 1599/1599 2447/2447 2448/2448
f 555/555 2685/2685 1942/1942
f 1150/1150 1868/1868 1866/1866
f 2297/2297 2676/2676 2703/2703
f 651/651 2315/2315 2581/2581
f 2130/2130 3122/3122 2187/2187
f 1611/1611 215/215 1392/1392
f 657/657 826/826 1771/1771
f 1539/1539 3113/3113 1540/1540
f 61/61 2998/2998 3000/3000
f 2274/2274 2531/2531 2213/2213
f 1521/1521 2274/2274 1523/1523
f 1013/1013 2499/2499 1012/1012
f 245/245 1079/1079 1080/1080
f 1546/1546 1002/1002 1548/1548
f 381/381 1249/1249 207/207
f 1594/1594 897/897 1878/1878
f 2808/2808 2544/2544 344/344
f 2540/2540 2632/2632 2538/2538
f 707/707 546/546 2859/2859
f 707/707 2859/2859 2230/2230
f 1119/1119 1208/1208 1388/1388
f 638/638 686/686 2605/2605
f 3066/3066 553/553 552/552
f 618/618 1279/1279 3112/3112
f 897/897 1877/1877 1878/1878
f 1376/1376 2204/2204 3021/3021
f 750/750 3112/3112 749/749
f 3112/3112 2106/2106 749/749
f 3112/3112 750/750 751/751
f 2550/2550 3112/3112 751/751
f 564/564 560/560 1513/1513
f 2175/2175 2177/2177 2552/2552
f 500/500 235/235 653/653
f 1109/1109 2233/2233 1568/1568
f 151/151 2380/2380 474/474
f 1189/1189 1747/1747 1406/1406
f 1120/1120 683/683 684/684
f 2256/2256 2763/2763 2258/2258
f 2099/2099 212/212 2097/2097
f 2563/2563 2763/2763 2564/2564
f 2563/2563 2258/2258 2763/2763
f 2761/2761 2822/2822 1147/1147
f 906/906 437/437 2315/2315
f 1480/1480 2754/2754 3150/3150
f 2273/2273 2580/2580 2204/2204
f 1506/1506 3121/3121 1507/1507
f 1442/1442 2721/2721 1103/1103
f 2231/2231 63/63 1311/1311
f 858/858 384/384 2399/2399
f 711/711 3149/3149 1652/1652
f 878/878 877/877 2723/2723
f 504/504 3015/3015 2586/2586
f 2101/2101 2405/2405 2102/2102
f 1640/1640 2595/2595 2557/2557
f 523/523 94/94 96/96
f 2614/2614 2287/2287 2285/2285
f 2208/2208 2288/2288 2289/2289
f 2598/2598 2208/2208 2289/2289
f 2291/2291 2208/2208 2292/2292
f 2208/2208 2598/2598 2292/2292
f 988/988 2113/2113 989/989
f 1230/1230 3113/3113 1919/1919
f 2600/2600 1230/1230 1919/1919
f 1230/1230 2600/2600 1231/1231
f 406/406 3151/3151 3152/3152
f 126/126 837/837 832/832
f 1628/1628 2602/2602 2601/2601
f 1008/1008 1628/1628 1007/1007
f 711/711 713/713 1628/1628
f 2272/2272 1969/1969 1970/1970
f 1064/1064 1961/1961 1324/1324
f 190/190 3053/3053 1628/1628
f 2606/2606 1714/1714 2607/2607
f 1937/1937 1554/1554 1939/1939
f 1939/1939 1554/1554 1315/1315
f 2405/2405 2101/2101 602/602
f 2305/2305 2231/2231 1714/1714
f 867/867 2632/2632 1708/1708
f 2233/2233 1109/1109 2234/2234
f 972/972 2676/2676 2703/2703
f 2270/2270 2057/2057 3145/3145
f 2472/2472 2695/2695 2777/2777
f 264/264 1450/1450 577/577
f 2130/2130 2011/2011 2010/2010
f 1550/1550 1002/1002 1551/1551
f 1533/1533 118/118 644/644
f 721/721 580/580 2130/2130
f 1022/1022 1227/1227 1026/1026
f 2356/2356 2625/2625 1432/1432
f 513/513 3153/3153 514/514
f 1471/1471 48/48 2679/2679
f 2321/2321 2628/2628 1761/1761
f 2408/2408 1265/1265 2331/2331
f 1082/1082 1714/1714 2139/2139
f 1714/1714 1082/1082 2364/2364
f 1971/1971 560/560 1973/1973
f 1734/1734 3015/3015 2976/2976
f 188/188 1105/1105 1106/1106
f 2631/2631 561/561 1636/1636
f 2421/2421 2818/2818 2816/2816
f 1269/1269 2455/2455 2454/2454
f 1664/1664 674/674 2517/2517
f 560/560 2345/2345 1976/1976
f 2917/2917 2621/2621 763/763
f 1786/1786 796/796 797/797
f 2638/2638 3129/3129 2639/2639
f 2640/2640 1067/1067 1786/1786
f 582/582 373/373 581/581
f 1581/1581 2872/2872 1579/1579
f 1137/1137 2928/2928 1138/1138
f 2895/2895 344/344 343/343
f 2173/2173 61/61 2334/2334
f 1487/1487 2642/2642 2641/2641
f 2567/2567 2944/2944 960/960
f 2109/2109 988/988 496/496
f 398/398 534/534 399/399
f 455/455 674/674 135/135
f 674/674 455/455 2517/2517
f 2516/2516 2010/2010 29/29
f 2010/2010 2516/2516 468/468
f 355/355 2560/2560 2256/2256
f 2363/2363 2029/2029 2362/2362
f 978/978 31/31 1662/1662
f 895/895 2825/2825 2717/2717
f 1859/1859 1949/1949 1858/1858
f 1680/1680 1286/1286 1679/1679
f 1286/1286 2380/2380 1679/1679
f 1797/1797 1867/1867 2735/2735
f 904/904 232/232 109/109
f 1847/1847 1495/1495 2494/2494
f 1146/1146 1688/1688 1684/1684
f 1146/1146 2390/2390 1688/1688
f 1147/1147 2041/2041 2042/2042
f 1660/1660 2625/2625 2012/2012
f 189/189 1348/1348 1347/1347
f 2761/2761 2498/2498 2384/2384
f 1994/1994 2358/2358 1337/1337
f 2653/2653 1767/1767 2485/2485
f 2046/2046 2654/2654 1256/1256
f 2655/2655 2933/2933 387/387
f 279/279 76/76 1163/1163
f 1256/1256 480/480 481/481
f 2052/2052 2658/2658 2051/2051
f 2662/2662 2056/2056 2599/2599
f 2662/2662 2599/2599 2663/2663
f 1256/1256 291/291 1171/1171
f 1358/1358 2062/2062 2664/2664
f 2633/2633 1152/1152 2974/2974
f 75/75 2975/2975 2974/2974
f 2780/2780 2204/2204 2580/2580
f 716/716 2665/2665 2070/2070
f 2352/2352 560/560 1971/1971
f 1656/1656 194/194 1655/1655
f 796/796 1786/1786 1067/1067
f 1751/1751 1044/1044 1749/1749
f 1185/1185 2630/2630 321/321
f 1947/1947 2069/2069 1730/1730
f 2069/2069 2082/2082 1396/1396
f 1964/1964 729/729 2674/2674
f 2324/2324 1964/1964 2674/2674
f 1711/1711 2069/2069 1119/1119
f 1800/1800 2069/2069 1711/1711
f 799/799 1415/1415 2431/2431
f 1600/1600 1085/1085 1935/1935
f 823/823 320/320 319/319
f 1090/1090 2681/2681 1964/1964
f 2140/2140 1780/1780 1783/1783
f 1745/1745 2534/2534 334/334
f 904/904 2726/2726 2725/2725
f 1964/1964 2420/2420 2091/2091
f 2339/2339 2924/2924 2340/2340
f 1374/1374 1373/1373 1401/1401
f 162/162 2406/2406 1459/1459
f 668/668 1450/1450 1933/1933
f 2485/2485 680/680 3020/3020
f 2688/2688 988/988 2689/2689
f 988/988 2688/2688 1294/1294
f 1511/1511 2243/2243 2693/2693
f 2243/2243 1511/1511 2694/2694
f 2732/2732 516/516 2876/2876
f 157/157 2683/2683 2418/2418
f 2538/2538 731/731 2698/2698
f 1346/1346 962/962 2431/2431
f 2699/2699 733/733 2538/2538
f 2330/2330 2404/2404 1953/1953
f 1384/1384 216/216 2082/2082
f 1455/1455 2510/2510 1107/1107
f 287/287 2667/2667 2424/2424
f 2346/2346 703/703 2347/2347
f 772/772 2708/2708 2400/2400
f 2222/2222 1044/1044 2185/2185
f 1705/1705 1302/1302 1966/1966
f 1457/1457 162/162 1459/1459
f 1233/1233 313/313 1805/1805
f 1079/1079 245/245 910/910
f 1780/1780 425/425 1783/1783
f 1164/1164 1791/1791 1165/1165
f 126/126 839/839 840/840
f 207/207 209/209 205/205
f 922/922 1232/1232 1233/1233
f 1260/1260 2553/2553 1896/1896
f 1588/1588 2579/2579 1589/1589
f 1245/1245 841/841 1246/1246
f 1740/1740 2140/2140 2462/2462
f 2140/2140 425/425 2462/2462
f 1150/1150 2906/2906 2927/2927
f 2718/2718 1185/1185 2719/2719
f 2720/2720 2879/2879 2406/2406
f 1123/1123 1681/1681 1862/1862
f 3125/3125 2576/2576 2791/2791
f 1402/1402 2727/2727 1403/1403
f 1403/1403 2727/2727 411/411
f 120/120 1108/1108 1110/1110
f 1403/1403 2506/2506 2728/2728
f 2831/2831 1120/1120 2669/2669
f 2504/2504 700/700 701/701
f 2731/2731 2579/2579 2478/2478
f 2579/2579 2731/2731 2171/2171
f 518/518 3141/3141 520/520
f 2729/2729 2830/2830 2734/2734
f 742/742 1194/1194 740/740
f 2737/2737 1524/1524 2145/2145
f 2737/2737 2145/2145 1831/1831
f 2814/2814 535/535 807/807
f 134/134 2348/2348 2349/2349
f 2095/2095 2101/2101 2094/2094
f 1790/1790 1142/1142 1789/1789
f 866/866 3154/3154 1706/1706
f 1506/1506 433/433 538/538
f 294/294 3011/3011 3131/3131
f 960/960 183/183 251/251
f 1734/1734 3139/3139 2936/2936
f 437/437 121/121 2646/2646
f 1284/1284 1928/1928 1285/1285
f 1022/1022 1021/1021 1850/1850
f 2746/2746 2749/2749 2297/2297
f 53/53 393/393 2410/2410
f 3151/3151 505/505 3152/3152
f 1060/1060 799/799 1061/1061
f 2275/2275 2031/2031 1453/1453
f 2143/2143 1107/1107 2144/2144
f 1264/1264 2972/2972 2921/2921
f 743/743 665/665 278/278
f 163/163 1793/1793 1792/1792
f 2753/2753 2752/2752 2643/2643
f 2872/2872 2617/2617 163/163
f 397/397 719/719 398/398
f 1986/1986 60/60 2809/2809
f 767/767 1491/1491 766/766
f 163/163 1165/1165 1785/1785
f 2844/2844 183/183 2944/2944
f 1862/1862 1681/1681 1504/1504
f 1681/1681 2762/2762 1505/1505
f 2762/2762 1681/1681 2206/2206
f 1237/1237 1681/1681 1236/1236
f 282/282 1676/1676 2379/2379
f 1394/1394 2410/2410 1735/1735
f 85/85 293/293 2401/2401
f 1150/1150 2735/2735 1797/1797
f 2771/2771 1298/1298 1297/1297
f 1229/1229 2600/2600 1231/1231
f 2711/2711 2775/2775 2712/2712
f 1521/1521 2776/2776 2274/2274
f 2776/2776 2534/2534 2274/2274
f 1675/1675 2376/2376 2378/2378
f 1676/1676 148/148 1677/1677
f 2696/2696 1318/1318 3002/3002
f 1575/1575 434/434 2317/2317
f 630/630 1016/1016 629/629
f 2684/2684 157/157 1648/1648
f 2969/2969 904/904 2725/2725
f 3066/3066 552/552 551/551
f 2426/2426 220/220 3001/3001
f 2550/2550 3066/3066 3112/3112
f 3066/3066 2550/2550 751/751
f 3066/3066 751/751 752/752
f 553/553 3066/3066 752/752
f 2691/2691 698/698 2692/2692
f 2106/2106 1279/1279 749/749
f 1279/1279 748/748 749/749
f 107/107 1821/1821 1823/1823
f 292/292 2697/2697 3155/3155
f 378/378 1630/1630 1359/1359
f 480/480 1256/1256 479/479
f 711/711 1212/1212 1213/1213
f 1923/1923 252/252 254/254
f 2404/2404 2330/2330 2307/2307
f 2566/2566 2786/2786 2763/2763
f 1945/1945 1944/1944 1545/1545
f 2564/2564 2763/2763 2569/2569
f 1376/1376 2571/2571 1281/1281
f 2790/2790 2791/2791 2578/2578
f 988/988 498/498 496/496
f 1251/1251 2792/2792 1442/1442
f 1601/1601 1252/1252 1442/1442
f 789/789 2105/2105 747/747
f 2204/2204 2794/2794 2793/2793
f 2204/2204 2793/2793 2795/2795
f 2696/2696 1528/1528 1527/1527
f 2796/2796 3113/3113 2278/2278
f 1471/1471 3124/3124 1310/1310
f 2797/2797 1640/1640 760/760
f 2380/2380 1286/1286 474/474
f 3145/3145 2057/2057 2961/2961
f 2195/2195 153/153 2196/2196
f 255/255 324/324 323/323
f 122/122 253/253 2278/2278
f 2916/2916 1230/1230 351/351
f 1230/1230 1473/1473 3113/3113
f 374/374 133/133 2327/2327
f 1691/1691 1147/1147 2042/2042
f 1508/1508 190/190 1932/1932
f 2579/2579 2171/2171 2172/2172
f 192/192 360/360 1834/1834
f 1952/1952 2330/2330 1950/1950
f 2750/2750 2864/2864 314/314
f 1540/1540 2614/2614 2285/2285
f 989/989 685/685 990/990
f 969/969 2457/2457 2459/2459
f 1133/1133 1132/1132 2052/2052
f 1133/1133 2052/2052 569/569
f 245/245 115/115 916/916
f 2800/2800 3123/3123 2312/2312
f 804/804 2801/2801 3123/3123
f 1449/1449 448/448 1450/1450
f 716/716 2070/2070 715/715
f 2802/2802 1450/1450 575/575
f 1450/1450 2802/2802 577/577
f 1037/1037 2472/2472 667/667
f 1769/1769 1854/1854 1770/1770
f 1854/1854 1769/1769 2472/2472
f 1801/1801 1479/1479 1478/1478
f 2003/2003 3149/3149 1649/1649
f 2806/2806 1064/1064 2045/2045
f 1487/1487 1661/1661 2116/2116
f 2011/2011 1631/1631 452/452
f 579/579 2011/2011 452/452
f 2320/2320 2011/2011 451/451
f 2011/2011 579/579 451/451
f 2485/2485 2391/2391 2486/2486
f 2130/2130 722/722 2622/2622
f 2130/2130 723/723 722/722
f 1268/1268 1266/1266 2408/2408
f 1266/1266 2807/2807 2408/2408
f 972/972 2298/2298 1446/1446
f 2333/2333 2272/2272 1333/1333
f 2332/2332 2272/2272 2333/2333
f 2491/2491 969/969 2492/2492
f 293/293 2395/2395 2394/2394
f 2358/2358 1338/1338 1052/1052
f 2521/2521 542/542 2522/2522
f 859/859 2008/2008 1476/1476
f 2811/2811 2810/2810 2358/2358
f 2358/2358 2810/2810 753/753
f 3129/3129 2638/2638 2640/2640
f 2724/2724 2639/2639 3129/3129
f 2531/2531 2274/2274 334/334
f 711/711 1652/1652 1650/1650
f 1486/1486 2502/2502 2367/2367
f 430/430 2023/2023 2024/2024
f 1860/1860 1686/1686 430/430
f 2368/2368 2235/2235 1486/1486
f 43/43 2397/2397 2398/2398
f 2284/2284 820/820 2282/2282
f 281/281 444/444 1619/1619
f 2627/2627 1692/1692 2047/2047
f 2460/2460 1675/1675 2819/2819
f 759/759 1640/1640 1642/1642
f 1643/1643 1644/1644 560/560
f 61/61 2173/2173 1644/1644
f 2822/2822 2761/2761 2823/2823
f 353/353 2266/2266 2247/2247
f 2822/2822 2826/2826 1147/1147
f 1147/1147 2040/2040 2039/2039
f 1147/1147 2649/2649 2040/2040
f 2649/2649 1147/1147 2826/2826
f 2808/2808 2230/2230 2859/2859
f 1175/1175 1306/1306 1307/1307
f 2704/2704 479/479 1256/1256
f 2322/2322 792/792 794/794
f 1102/1102 147/147 1101/1101
f 1979/1979 62/62 1981/1981
f 2396/2396 2829/2829 2052/2052
f 2829/2829 2658/2658 2052/2052
f 839/839 192/192 840/840
f 354/354 2270/2270 3145/3145
f 1256/1256 858/858 2599/2599
f 433/433 2542/2542 630/630
f 2295/2295 820/820 1926/1926
f 1357/1357 1703/1703 1704/1704
f 2831/2831 2621/2621 1120/1120
f 762/762 2832/2832 1120/1120
f 615/615 3156/3156 699/699
f 424/424 170/170 2189/2189
f 2308/2308 2671/2671 1120/1120
f 2833/2833 2398/2398 2101/2101
f 2888/2888 2764/2764 2953/2953
f 2103/2103 2833/2833 2101/2101
f 3126/3126 234/234 2891/2891
f 1379/1379 293/293 389/389
f 1313/1313 2305/2305 2231/2231
f 503/503 2417/2417 2838/2838
f 2014/2014 503/503 2838/2838
f 1530/1530 527/527 503/503
f 1964/1964 921/921 920/920
f 2840/2840 1964/1964 920/920
f 162/162 2878/2878 1461/1461
f 1373/1373 2310/2310 608/608
f 1373/1373 608/608 396/396
f 383/383 2656/2656 2484/2484
f 2691/2691 2843/2843 698/698
f 1653/1653 294/294 2121/2121
f 2076/2076 711/711 1213/1213
f 1894/1894 698/698 1435/1435
f 1034/1034 2953/2953 332/332
f 2219/2219 113/113 1723/1723
f 503/503 505/505 2118/2118
f 2693/2693 2850/2850 1511/1511
f 2850/2850 2848/2848 1511/1511
f 2632/2632 867/867 2694/2694
f 1511/1511 2632/2632 2694/2694
f 1428/1428 2204/2204 1427/1427
f 2197/2197 2660/2660 1199/1199
f 2538/2538 770/770 769/769
f 1305/1305 1835/1835 1608/1608
f 228/228 2767/2767 3130/3130
f 945/945 120/120 885/885
f 1603/1603 2057/2057 1604/1604
f 1376/1376 1963/1963 1915/1915
f 2137/2137 2100/2100 2852/2852
f 2100/2100 2137/2137 2138/2138
f 3129/3129 1136/1136 2574/2574
f 188/188 881/881 880/880
f 2858/2858 2400/2400 2857/2857
f 662/662 774/774 2400/2400
f 544/544 1593/1593 1594/1594
f 2860/2860 734/734 2741/2741
f 1148/1148 1689/1689 1691/1691
f 1471/1471 623/623 420/420
f 848/848 2458/2458 775/775
f 2865/2865 2136/2136 2140/2140
f 2741/2741 302/302 1433/1433
f 2972/2972 2408/2408 2921/2921
f 1800/1800 216/216 1407/1407
f 425/425 2140/2140 1853/1853
f 1738/1738 2867/2867 2866/2866
f 2461/2461 2867/2867 1738/1738
f 2867/2867 1739/1739 2866/2866
f 2867/2867 2716/2716 1739/1739
f 2466/2466 1186/1186 1185/1185
f 2805/2805 3123/3123 2801/2801
f 1185/1185 2868/2868 2151/2151
f 1635/1635 894/894 1982/1982
f 1581/1581 1580/1580 2617/2617
f 1443/1443 120/120 1444/1444
f 162/162 1795/1795 233/233
f 2722/2722 2548/2548 2871/2871
f 2562/2562 356/356 2611/2611
f 1346/1346 1580/1580 1483/1483
f 2730/2730 232/232 2475/2475
f 2754/2754 2885/2885 3150/3150
f 2063/2063 2873/2873 2145/2145
f 2721/2721 2597/2597 1275/1275
f 2726/2726 2875/2875 1143/1143
f 1143/1143 423/423 1460/1460
f 423/423 1143/1143 422/422
f 159/159 1015/1015 1880/1880
f 2480/2480 3141/3141 518/518
f 1589/1589 2579/2579 1820/1820
f 2579/2579 2172/2172 1820/1820
f 229/229 1199/1199 2660/2660
f 2774/2774 113/113 2773/2773
f 2729/2729 2328/2328 2830/2830
f 2637/2637 505/505 2636/2636
f 118/118 2544/2544 2895/2895
f 1524/1524 2881/2881 2182/2182
f 1524/1524 2737/2737 2881/2881
f 1562/1562 3157/3157 2487/2487
f 2882/2882 1142/1142 2483/2483
f 2270/2270 2962/2962 3145/3145
f 1129/1129 2488/2488 2489/2489
f 2488/2488 1129/1129 2883/2883
f 2942/2942 615/615 2880/2880
f 2782/2782 1377/1377 1378/1378
f 1851/1851 1022/1022 1850/1850
f 714/714 1864/1864 2847/2847
f 2185/2185 2897/2897 2222/2222
f 2297/2297 2657/2657 2748/2748
f 2884/2884 409/409 2297/2297
f 2884/2884 2297/2297 2820/2820
f 2141/2141 646/646 1441/1441
f 2416/2416 2120/2120 2117/2117
f 2507/2507 278/278 666/666
f 1900/1900 287/287 1120/1120
f 229/229 2661/2661 1126/1126
f 2437/2437 2885/2885 397/397
f 397/397 2755/2755 2756/2756
f 1681/1681 1203/1203 2886/2886
f 300/300 302/302 101/101
f 1149/1149 2889/2889 1150/1150
f 2772/2772 178/178 114/114
f 1732/1732 2267/2267 1733/1733
f 3158/3158 2750/2750 923/923
f 2031/2031 2892/2892 2774/2774
f 2892/2892 2712/2712 2894/2894
f 2399/2399 384/384 842/842
f 669/669 1064/1064 2781/2781
f 655/655 3155/3155 2697/2697
f 944/944 783/783 897/897
f 1535/1535 1411/1411 1410/1410
f 870/870 430/430 871/871
f 2236/2236 1772/1772 2158/2158
f 701/701 107/107 2505/2505
f 748/748 1279/1279 747/747
f 2741/2741 691/691 2128/2128
f 151/151 1287/1287 1680/1680
f 619/619 618/618 643/643
f 2899/2899 1902/1902 1155/1155
f 2899/2899 1155/1155 2254/2254
f 2970/2970 356/356 2561/2561
f 793/793 1602/1602 1601/1601
f 960/960 2568/2568 961/961
f 2566/2566 961/961 2568/2568
f 2430/2430 1295/1295 2941/2941
f 2763/2763 2005/2005 2569/2569
f 2519/2519 2052/2052 2518/2518
f 1572/1572 1243/1243 2223/2223
f 1502/1502 415/415 57/57
f 1180/1180 1611/1611 1392/1392
f 794/794 2322/2322 1442/1442
f 271/271 130/130 272/272
f 1583/1583 2204/2204 2795/2795
f 2908/2908 2263/2263 2264/2264
f 1251/1251 1442/1442 1252/1252
f 728/728 2194/2194 2071/2071
f 2402/2402 2933/2933 1804/1804
f 2911/2911 1640/1640 2912/2912
f 122/122 3113/3113 3018/3018
f 2915/2915 2614/2614 2198/2198
f 352/352 1230/1230 2916/2916
f 2149/2149 1580/1580 902/902
f 688/688 689/689 2684/2684
f 2996/2996 1628/1628 2601/2601
f 622/622 1775/1775 1776/1776
f 2695/2695 2805/2805 2314/2314
f 2633/2633 911/911 912/912
f 803/803 2472/2472 2777/2777
f 801/801 2918/2918 2472/2472
f 2030/2030 1671/1671 1674/1674
f 2223/2223 2274/2274 1242/1242
f 3123/3123 805/805 2188/2188
f 2800/2800 805/805 3123/3123
f 656/656 2805/2805 2697/2697
f 2525/2525 2565/2565 2523/2523
f 339/339 1735/1735 335/335
f 2044/2044 1064/1064 2919/2919
f 1571/1571 1442/1442 1278/1278
f 2409/2409 2408/2408 1330/1330
f 2923/2923 1997/1997 2358/2358
f 2717/2717 2825/2825 2925/2925
f 2926/2926 2358/2358 1996/1996
f 466/466 2010/2010 467/467
f 2010/2010 468/468 467/467
f 1198/1198 2493/2493 1445/1445
f 2029/2029 2928/2928 1138/1138
f 2029/2029 2798/2798 2020/2020
f 430/430 2218/2218 871/871
f 1142/1142 1790/1790 2483/2483
f 1879/1879 792/792 1908/1908
f 1853/1853 1783/1783 425/425
f 1256/1256 482/482 290/290
f 3148/3148 230/230 2161/2161
f 561/561 1986/1986 2809/2809
f 2615/2615 1286/1286 2616/2616
f 799/799 163/163 1071/1071
f 1675/1675 2000/2000 2001/2001
f 564/564 565/565 560/560
f 2761/2761 2686/2686 2823/2823
f 2632/2632 2902/2902 2979/2979
f 1766/1766 1768/1768 681/681
f 2983/2983 737/737 693/693
f 212/212 2098/2098 2097/2097
f 527/527 407/407 528/528
f 287/287 813/813 811/811
f 2623/2623 287/287 2624/2624
f 2623/2623 813/813 287/287
f 675/675 209/209 1025/1025
f 3005/3005 525/525 1499/1499
f 160/160 2109/2109 496/496
f 764/764 652/652 3005/3005
f 287/287 2115/2115 967/967
f 2109/2109 2938/2938 988/988
f 2938/2938 2939/2939 988/988
f 2429/2429 988/988 2428/2428
f 332/332 2765/2765 1035/1035
f 2860/2860 2741/2741 2942/2942
f 256/256 188/188 126/126
f 2869/2869 3004/3004 2467/2467
f 2943/2943 1511/1511 2848/2848
f 27/27 1635/1635 1982/1982
f 2355/2355 1556/1556 1225/1225
f 2539/2539 2538/2538 2698/2698
f 2439/2439 1358/1358 2122/2122
f 2992/2992 3159/3159 1086/1086
f 203/203 377/377 3160/3160
f 3009/3009 2945/2945 1496/1496
f 2945/2945 2521/2521 1496/1496
f 2946/2946 2583/2583 2100/2100
f 2100/2100 815/815 2651/2651
f 658/658 2472/2472 2968/2968
f 1047/1047 1049/1049 2853/2853
f 536/536 2888/2888 2953/2953
f 1624/1624 2307/2307 2404/2404
f 2705/2705 505/505 2707/2707
f 2707/2707 505/505 2853/2853
f 2858/2858 661/661 2400/2400
f 2947/2947 2400/2400 530/530
f 2530/2530 57/57 1916/1916
f 1775/1775 1471/1471 1776/1776
f 1776/1776 1471/1471 2948/2948
f 737/737 2473/2473 735/735
f 2120/2120 2637/2637 3152/3152
f 2458/2458 2952/2952 2864/2864
f 1930/1930 969/969 2459/2459
f 2315/2315 437/437 2646/2646
f 1563/1563 1561/1561 1129/1129
f 2210/2210 61/61 2211/2211
f 825/825 319/319 1366/1366
f 825/825 823/823 319/319
f 200/200 2004/2004 2076/2076
f 3141/3141 2876/2876 2877/2877
f 3141/3141 2877/2877 516/516
f 2011/2011 2130/2130 1631/1631
f 1515/1515 120/120 1110/1110
f 1450/1450 448/448 578/578
f 2954/2954 397/397 2512/2512
f 2954/2954 2753/2753 2643/2643
f 215/215 1183/1183 1182/1182
f 1767/1767 383/383 1768/1768
f 685/685 2831/2831 2669/2669
f 1726/1726 397/397 808/808
f 605/605 2840/2840 1399/1399
f 1031/1031 911/911 912/912
f 397/397 807/807 808/808
f 2766/2766 332/332 2909/2909
f 1484/1484 1346/1346 1483/1483
f 1297/1297 2958/2958 2957/2957
f 3066/3066 550/550 547/547
f 3066/3066 547/547 548/548
f 2642/2642 1354/1354 2680/2680
f 2441/2441 620/620 3146/3146
f 617/617 819/819 618/618
f 819/819 890/890 618/618
f 2057/2057 2269/2269 2577/2577
f 2442/2442 356/356 3146/3146
f 2057/2057 2541/2541 2961/2961
f 2963/2963 2984/2984 2142/2142
f 1501/1501 2389/2389 1583/1583
f 3141/3141 2732/2732 2876/2876
f 1718/1718 90/90 730/730
f 386/386 2519/2519 2518/2518
f 2549/2549 2007/2007 2008/2008
f 1628/1628 2965/2965 1007/1007
f 1628/1628 1590/1590 2965/2965
f 1714/1714 2966/2966 2603/2603
f 2060/2060 2664/2664 2067/2067
f 2162/2162 230/230 1809/1809
f 2472/2472 2967/2967 2968/2968
f 2361/2361 1672/1672 870/870
f 2806/2806 2971/2971 1064/1064
f 270/270 2971/2971 2619/2619
f 2415/2415 527/527 2677/2677
f 2331/2331 1267/1267 1265/1265
f 2407/2407 2920/2920 2408/2408
f 2615/2615 281/281 2469/2469
f 278/278 745/745 743/743
f 2921/2921 2408/2408 2807/2807
f 3066/3066 551/551 550/550
f 2343/2343 894/894 2340/2340
f 894/894 2924/2924 2340/2340
f 2951/2951 2358/2358 2926/2926
f 2951/2951 2925/2925 2825/2825
f 702/702 2728/2728 781/781
f 2458/2458 3158/3158 923/923
f 2741/2741 2845/2845 2880/2880
f 2158/2158 2160/2160 1808/1808
f 1618/1618 2973/2973 2033/2033
f 2973/2973 1618/1618 2365/2365
f 2644/2644 113/113 2537/2537
f 1442/1442 1103/1103 1104/1104
f 2379/2379 1675/1675 2001/2001
f 1129/1129 1131/1131 2584/2584
f 1813/1813 1432/1432 1431/1431
f 757/757 1502/1502 1501/1501
f 2933/2933 2827/2827 2828/2828
f 1943/1943 2931/2931 601/601
f 2932/2932 1943/1943 2241/2241
f 126/126 1299/1299 882/882
f 1175/1175 297/297 1176/1176
f 1640/1640 1905/1905 1473/1473
f 182/182 2911/2911 254/254
f 2585/2585 2977/2977 954/954
f 2585/2585 954/954 504/504
f 2978/2978 504/504 941/941
f 2978/2978 941/941 2936/2936
f 2063/2063 2157/2157 2064/2064
f 1389/1389 1751/1751 504/504
f 2308/2308 2670/2670 2430/2430
f 1280/1280 1376/1376 1281/1281
f 90/90 157/157 1965/1965
f 3134/3134 100/100 99/99
f 2943/2943 1512/1512 1511/1511
f 620/620 2442/2442 3146/3146
f 972/972 1855/1855 2676/2676
f 1204/1204 1203/1203 2886/2886
f 2945/2945 3009/3009 613/613
f 613/613 3009/3009 507/507
f 3112/3112 1279/1279 2106/2106
f 1827/1827 109/109 2815/2815
f 1496/1496 2700/2700 2090/2090
f 2946/2946 2100/2100 2651/2651
f 1587/1587 2477/2477 2170/2170
f 164/164 1824/1824 110/110
f 1358/1358 2067/2067 2068/2068
f 837/837 192/192 832/832
f 2985/2985 1471/1471 2679/2679
f 1471/1471 2985/2985 2948/2948
f 735/735 2987/2987 2491/2491
f 230/230 2318/2318 2236/2236
f 2676/2676 169/169 2703/2703
f 421/421 1968/1968 2146/2146
f 415/415 2780/2780 2580/2580
f 2988/2988 2466/2466 1185/1185
f 2988/2988 1185/1185 2989/2989
f 1185/1185 1200/1200 2719/2719
f 2548/2548 1802/1802 1803/1803
f 2723/2723 2548/2548 1803/1803
f 2548/2548 2723/2723 878/878
f 2029/2029 1135/1135 3129/3129
f 1863/1863 208/208 78/78
f 759/759 2589/2589 1642/1642
f 1403/1403 410/410 2955/2955
f 1129/1129 2991/2991 2883/2883
f 2991/2991 1129/1129 2740/2740
f 2633/2633 1102/1102 1101/1101
f 2539/2539 401/401 2540/2540
f 2297/2297 1446/1446 1351/1351
f 278/278 1848/1848 1849/1849
f 1633/1633 65/65 1634/1634
f 2107/2107 2528/2528 1109/1109
f 1260/1260 1896/1896 1613/1613
f 482/482 384/384 290/290
f 1227/1227 424/424 1026/1026
f 2895/2895 2083/2083 787/787
f 2304/2304 63/63 1625/1625
f 618/618 2551/2551 639/639
f 618/618 639/639 642/642
f 2575/2575 2578/2578 2577/2577
f 2578/2578 2057/2057 2577/2577
f 959/959 2788/2788 2789/2789
f 850/850 1150/1150 115/115
f 959/959 2901/2901 2788/2788
f 2984/2984 906/906 2315/2315
f 2984/2984 907/907 906/906
f 2984/2984 2963/2963 907/907
f 181/181 2234/2234 2244/2244
f 1412/1412 2400/2400 2708/2708
f 162/162 230/230 1465/1465
f 2777/2777 2695/2695 2799/2799
f 1273/1273 1584/1584 1582/1582
f 973/973 2297/2297 2702/2702
f 1109/1109 1515/1515 1110/1110
f 1913/1913 1428/1428 1427/1427
f 2997/2997 560/560 2350/2350
f 560/560 2997/2997 2444/2444
f 2400/2400 661/661 662/662
f 1374/1374 395/395 1401/1401
f 54/54 2597/2597 1275/1275
f 1630/1630 1879/1879 1359/1359
f 149/149 2043/2043 2036/2036
f 2648/2648 2822/2822 2826/2826
f 1754/1754 3001/3001 2666/2666
f 3016/3016 2904/2904 178/178
f 1127/1127 1228/1228 1128/1128
f 1716/1716 215/215 1715/1715
f 1647/1647 2684/2684 1648/1648
f 1557/1557 1714/1714 2364/2364
f 2614/2614 2284/2284 1576/1576
f 1318/1318 3002/3002 1511/1511
f 3002/3002 1959/1959 1511/1511
f 2837/2837 2835/2835 1959/1959
f 209/209 675/675 677/677
f 2587/2587 71/71 2588/2588
f 771/771 196/196 2852/2852
f 1048/1048 405/405 1049/1049
f 198/198 2407/2407 2409/2409
f 2865/2865 922/922 778/778
f 922/922 780/780 778/778
f 1209/1209 1710/1710 1711/1711
f 2467/2467 320/320 3004/3004
f 1529/1529 407/407 1530/1530
f 1193/1193 219/219 319/319
f 711/711 2004/2004 2002/2002
f 3006/3006 652/652 3007/3007
f 385/385 2396/2396 2373/2373
f 1553/1553 1316/1316 1543/1543
f 278/278 280/280 168/168
f 166/166 278/278 168/168
f 2934/2934 941/941 2935/2935
f 1150/1150 2927/2927 2736/2736
f 1070/1070 1580/1580 1071/1071
f 786/786 2083/2083 633/633
f 2772/2772 114/114 1298/1298
f 163/163 1070/1070 1071/1071
f 974/974 153/153 1962/1962
f 827/827 1450/1450 828/828
f 828/828 1450/1450 264/264
f 983/983 1239/1239 985/985
f 2727/2727 232/232 411/411
f 2316/2316 436/436 2874/2874
f 3010/3010 2174/2174 2334/2334
f 3159/3159 126/126 1086/1086
f 2655/2655 293/293 2827/2827
f 2932/2932 3012/3012 1943/1943
f 988/988 2690/2690 2689/2689
f 988/988 1869/1869 2690/2690
f 988/988 1295/1295 2941/2941
f 2940/2940 988/988 2941/2941
f 1107/1107 852/852 854/854
f 2067/2067 931/931 2068/2068
f 2324/2324 606/606 2674/2674
f 440/440 658/658 2968/2968
f 2277/2277 2120/2120 3151/3151
f 2700/2700 1496/1496 2701/2701
f 1496/1496 2522/2522 2701/2701
f 2100/2100 1047/1047 3117/3117
f 3009/3009 1647/1647 1531/1531
f 2100/2100 1599/1599 2448/2448
f 2100/2100 2448/2448 2449/2449
f 2981/2981 2100/2100 2449/2449
f 2892/2892 2031/2031 2712/2712
f 2053/2053 766/766 767/767
f 922/922 1805/1805 780/780
f 829/829 1194/1194 1193/1193
f 2442/2442 829/829 1193/1193
f 356/356 1753/1753 2769/2769
f 356/356 2610/2610 2611/2611
f 397/397 2757/2757 2758/2758
f 2783/2783 397/397 2758/2758
f 2958/2958 1297/1297 2959/2959
f 2959/2959 1297/1297 3016/3016
f 3113/3113 1539/1539 3018/3018
f 2933/2933 2655/2655 2827/2827
f 1577/1577 821/821 822/822
f 2817/2817 1675/1675 2422/2422
f 175/175 915/915 177/177
f 735/735 2492/2492 971/971
f 2770/2770 2610/2610 356/356
f 1119/1119 1380/1380 1208/1208
f 3022/3022 3017/3017 1155/1155
f 714/714 2887/2887 2888/2888
f 2599/2599 2399/2399 842/842
f 1641/1641 254/254 1642/1642
f 294/294 2122/2122 2121/2121
f 1261/1261 1260/1260 1613/1613
f 3023/3023 1155/1155 3024/3024
f 2216/2216 113/113 2214/2214
f 3025/3025 1959/1959 928/928
f 3000/3000 3010/3010 61/61
f 32/32 3148/3148 33/33
f 3128/3128 3161/3161 230/230
f 195/195 2980/2980 196/196
f 1487/1487 3052/3052 977/977
f 217/217 741/741 218/218
f 2101/2101 2834/2834 1177/1177
f 148/148 1363/1363 1362/1362
f 1786/1786 3053/3053 3129/3129
f 3054/3054 3090/3090 1618/1618
f 283/283 2803/2803 284/284
f 286/286 2115/2115 287/287
f 741/741 740/740 218/218
f 60/60 1987/1987 306/306
f 308/308 2433/2433 309/309
f 2175/2175 1417/1417 2107/2107
f 1997/1997 1996/1996 2358/2358
f 322/322 1308/1308 323/323
f 351/351 253/253 252/252
f 356/356 2084/2084 357/357
f 162/162 3162/3162 2720/2720
f 243/243 1572/1572 2223/2223
f 132/132 3136/3136 362/362
f 1615/1615 1616/1616 737/737
f 1137/1137 2019/2019 2928/2928
f 278/278 1887/1887 279/279
f 430/430 3160/3160 431/431
f 416/416 1201/1201 1616/1616
f 2192/2192 1856/1856 1022/1022
f 442/442 281/281 443/443
f 1610/1610 1719/1719 1717/1717
f 220/220 2079/2079 460/460
f 470/470 492/492 471/471
f 3101/3101 3059/3059 2070/2070
f 188/188 2779/2779 488/488
f 897/897 1593/1593 1516/1516
f 2241/2241 2242/2242 490/490
f 114/114 2644/2644 540/540
f 563/563 1980/1980 564/564
f 2265/2265 2262/2262 2057/2057
f 192/192 2842/2842 930/930
f 172/172 745/745 278/278
f 3141/3141 2481/2481 2732/2732
f 473/473 284/284 1135/1135
f 2035/2035 2036/2036 1147/1147
f 281/281 2089/2089 2668/2668
f 1936/1936 825/825 824/824
f 1739/1739 2716/2716 2715/2715
f 62/62 2347/2347 703/703
f 120/120 2744/2744 1764/1764
f 385/385 1692/1692 1694/1694
f 2605/2605 738/738 739/739
f 711/711 1463/1463 712/712
f 600/600 599/599 715/715
f 719/719 2756/2756 535/535
f 2632/2632 2979/2979 3154/3154
f 305/305 614/614 101/101
f 132/132 266/266 3136/3136
f 1355/1355 1255/1255 1534/1534
f 2400/2400 1191/1191 1192/1192
f 1092/1092 2528/2528 1093/1093
f 62/62 1978/1978 2444/2444
f 1247/1247 2663/2663 2599/2599
f 1095/1095 2532/2532 1745/1745
f 561/561 306/306 1987/1987
f 281/281 2470/2470 2469/2469
f 213/213 2624/2624 1900/1900
f 43/43 2103/2103 2102/2102
f 798/798 963/963 799/799
f 2555/2555 2557/2557 182/182
f 735/735 2458/2458 736/736
f 1406/1406 2474/2474 3163/3163
f 1368/1368 1157/1157 2633/2633
f 847/847 2458/2458 848/848
f 852/852 2990/2990 853/853
f 857/857 1171/1171 384/384
f 2855/2855 2636/2636 505/505
f 866/866 1708/1708 867/867
f 377/377 2361/2361 870/870
f 1832/1832 2873/2873 1830/1830
f 876/876 2871/2871 877/877
f 883/883 976/976 194/194
f 2466/2466 1186/1186 2436/2436
f 147/147 1157/1157 1368/1368
f 897/897 1517/1517 337/337
f 904/904 2672/2672 905/905
f 384/384 2663/2663 1247/1247
f 918/918 1088/1088 170/170
f 2909/2909 2524/2524 2766/2766
f 938/938 3155/3155 655/655
f 940/940 1741/1741 941/941
f 1016/1016 944/944 897/897
f 951/951 950/950 1443/1443
f 785/785 1018/1018 433/433
f 946/946 3164/3164 947/947
f 693/693 692/692 416/416
f 1583/1583 2389/2389 2388/2388
f 959/959 2944/2944 960/960
f 325/325 1462/1462 1461/1461
f 2713/2713 2711/2711 2995/2995
f 969/969 1929/1929 970/970
f 2578/2578 2553/2553 1896/1896
f 975/975 1655/1655 976/976
f 1408/1408 1407/1407 216/216
f 1681/1681 2886/2886 2207/2207
f 866/866 1706/1706 1708/1708
f 1260/1260 1259/1259 1559/1559
f 2205/2205 1429/1429 1269/1269
f 1964/1964 2091/2091 2092/2092
f 2826/2826 2649/2649 2648/2648
f 1014/1014 1400/1400 226/226
f 1745/1745 2536/2536 2535/2535
f 2882/2882 1824/1824 1826/1826
f 308/308 2824/2824 2104/2104
f 163/163 2613/2613 2612/2612
f 71/71 1645/1645 1341/1341
f 1034/1034 2764/2764 1035/1035
f 126/126 933/933 257/257
f 1047/1047 2854/2854 1048/1048
f 1053/1053 1817/1817 1054/1054
f 2630/2630 2558/2558 3157/3157
f 1062/1062 653/653 234/234
f 795/795 584/584 1067/1067
f 2067/2067 1702/1702 484/484
f 1070/1070 2956/2956 799/799
f 353/353 59/59 1913/1913
f 1082/1082 2364/2364 1083/1083
f 1085/1085 3159/3159 1086/1086
f 407/407 2935/2935 2678/2678
f 1094/1094 2535/2535 331/331
f 2741/2741 1433/1433 690/690
f 676/676 205/205 1111/1111
f 198/198 374/374 1264/1264
f 129/129 374/374 198/198
f 223/223 2090/2090 1117/1117
f 1121/1121 2760/2760 1122/1122
f 2307/2307 1952/1952 130/130
f 2599/2599 2373/2373 2052/2052
f 1140/1140 3013/3013 1141/1141
f 764/764 242/242 174/174
f 163/163 2543/2543 1164/1164
f 1177/1177 2834/2834 308/308
f 353/353 2247/2247 1914/1914
f 2302/2302 1612/1612 63/63
f 196/196 2980/2980 2138/2138
f 506/506 1528/1528 1510/1510
f 196/196 2854/2854 2582/2582
f 1207/1207 1380/1380 1208/1208
f 2367/2367 2366/2366 2370/2370
f 1212/1212 3135/3135 200/200
f 953/953 1538/1538 114/114
f 937/937 936/936 74/74
f 228/228 229/229 1128/1128
f 1229/1229 351/351 1230/1230
f 2678/2678 2935/2935 503/503
f 111/111 2740/2740 2738/2738
f 1240/1240 1806/1806 314/314
f 1256/1256 1766/1766 1257/1257
f 1816/1816 2077/2077 1587/1587
f 1346/1346 2326/2326 3161/3161
f 284/284 2803/2803 2629/2629
f 229/229 2660/2660 2661/2661
f 615/615 2942/2942 2860/2860
f 1279/1279 2913/2913 789/789
f 676/676 1888/1888 1028/1028
f 353/353 1427/1427 1280/1280
f 1876/1876 1724/1724 113/113
f 356/356 2562/2562 2561/2561
f 470/470 2080/2080 1306/1306
f 299/299 3165/3165 3163/3163
f 1685/1685 1684/1684 210/210
f 2357/2357 2354/2354 266/266
f 1786/1786 2588/2588 1340/1340
f 1343/1343 2975/2975 1344/1344
f 1174/1174 1700/1700 293/293
f 210/210 476/476 1286/1286
f 2453/2453 3165/3165 299/299
f 1369/1369 2451/2451 771/771
f 477/477 593/593 595/595
f 2111/2111 499/499 497/497
f 2763/2763 1604/1604 2057/2057
f 519/519 518/518 2480/2480
f 1710/1710 2306/2306 216/216
f 2031/2031 588/588 587/587
f 2683/2683 2682/2682 1647/1647
f 2371/2371 1861/1861 430/430
f 2763/2763 2786/2786 946/946
f 882/882 512/512 126/126
f 121/121 1895/1895 562/562
f 2862/2862 2565/2565 2909/2909
f 111/111 1563/1563 1409/1409
f 1413/1413 542/542 294/294
f 100/100 1253/1253 687/687
f 1430/1430 3136/3136 1431/1431
f 3003/3003 1112/1112 209/209
f 1087/1087 1086/1086 126/126
f 646/646 645/645 1440/1440
f 1964/1964 730/730 729/729
f 685/685 2427/2427 2804/2804
f 827/827 449/449 1449/1449
f 1451/1451 587/587 1452/1452
f 1592/1592 2601/2601 2996/2996
f 2628/2628 2353/2353 1761/1761
f 424/424 2190/2190 1027/1027
f 975/975 3166/3166 1463/1463
f 1472/1472 3158/3158 923/923
f 2976/2976 2586/2586 2585/2585
f 397/397 3150/3150 1480/1480
f 1496/1496 402/402 404/404
f 83/83 855/855 833/833
f 2114/2114 2690/2690 2688/2688
f 934/934 1720/1720 861/861
f 536/536 2565/2565 2862/2862
f 1119/1119 1307/1307 1175/1175
f 2873/2873 1832/1832 2157/2157
f 1527/1527 1319/1319 1511/1511
f 636/636 548/548 100/100
f 1765/1765 2744/2744 120/120
f 1543/1543 1553/1553 1544/1544
f 2745/2745 2746/2746 2297/2297
f 1239/1239 1238/1238 328/328
f 1514/1514 558/558 120/120
f 1430/1430 463/463 461/461
f 115/115 2906/2906 2889/2889
f 1582/1582 2721/2721 1583/1583
f 975/975 3167/3167 3166/3166
f 183/183 2950/2950 1597/1597
f 1481/1481 2512/2512 1598/1598
f 1599/1599 2451/2451 1369/1369
f 629/629 632/632 433/433
f 1930/1930 1929/1929 969/969
f 355/355 2265/2265 1603/1603
f 1099/1099 1100/1100 1442/1442
f 2556/2556 2559/2559 1640/1640
f 338/338 339/339 53/53
f 444/444 442/442 1618/1618
f 1430/1430 1658/1658 2006/2006
f 1627/1627 1885/1885 346/346
f 1134/1134 3168/3168 1137/1137
f 645/645 1440/1440 1630/1630
f 2745/2745 2748/2748 153/153
f 1480/1480 3150/3150 534/534
f 1969/1969 1634/1634 65/65
f 123/123 2743/2743 1638/1638
f 1640/1640 1473/1473 1641/1641
f 923/923 922/922 2458/2458
f 229/229 2989/2989 2718/2718
f 1668/1668 2612/2612 1669/1669
f 186/186 2287/2287 2915/2915
f 2671/2671 2669/2669 1120/1120
f 1623/1623 1953/1953 130/130
f 2402/2402 1379/1379 2933/2933
f 1111/1111 205/205 209/209
f 1681/1681 2760/2760 1682/1682
f 1686/1686 3160/3160 431/431
f 1690/1690 3137/3137 1486/1486
f 905/905 2672/2672 1143/1143
f 1568/1568 1567/1567 1566/1566
f 2297/2297 2748/2748 2745/2745
f 1706/1706 401/401 1707/1707
f 1358/1358 1414/1414 2443/2443
f 184/184 2141/2141 1441/1441
f 2224/2224 1017/1017 1016/1016
f 1720/1720 2842/2842 192/192
f 1721/1721 1859/1859 359/359
f 1674/1674 2030/2030 430/430
f 415/415 1913/1913 59/59
f 2889/2889 2906/2906 1150/1150
f 2783/2783 2755/2755 397/397
f 337/337 335/335 1735/1735
f 1357/1357 485/485 483/483
f 1831/1831 1830/1830 109/109
f 2252/2252 2181/2181 2549/2549
f 1653/1653 1654/1654 294/294
f 1532/1532 1533/1533 2083/2083
f 270/270 1322/1322 1323/1323
f 1745/1745 2535/2535 1094/1094
f 1714/1714 1312/1312 1314/1314
f 1749/1749 2414/2414 1750/1750
f 90/90 1965/1965 2681/2681
f 2388/2388 2245/2245 755/755
f 1346/1346 2613/2613 1752/1752
f 60/60 3169/3169 27/27
f 1340/1340 2588/2588 71/71
f 914/914 913/913 917/917
f 1766/1766 2485/2485 1767/1767
f 1130/1130 2490/2490 111/111
f 2107/2107 2744/2744 1765/1765
f 1864/1864 1865/1865 627/627
f 85/85 2401/2401 1804/1804
f 1048/1048 1049/1049 2706/2706
f 473/473 2928/2928 2019/2019
f 230/230 32/32 34/34
f 1829/1829 2528/2528 1092/1092
f 1450/1450 573/573 574/574
f 386/386 1956/1956 1833/1833
f 1766/1766 681/681 1257/1257
f 2576/2576 2269/2269 2577/2577
f 1840/1840 3006/3006 1841/1841
f 2079/2079 2078/2078 603/603
f 1853/1853 2140/2140 1783/1783
f 1854/1854 2813/2813 1036/1036
f 582/582 581/581 3122/3122
f 1356/1356 522/522 1003/1003
f 1696/1696 1115/1115 1858/1858
f 279/279 2383/2383 1863/1863
f 2457/2457 775/775 2458/2458
f 714/714 2291/2291 2598/2598
f 76/76 78/78 208/208
f 201/201 3137/3137 1690/1690
f 1015/1015 1373/1373 926/926
f 347/347 348/348 118/118
f 354/354 119/119 2790/2790
f 926/926 224/224 225/225
f 1892/1892 2240/2240 1559/1559
f 537/537 562/562 1895/1895
f 1560/1560 1892/1892 2175/2175
f 2415/2415 2838/2838 2013/2013
f 182/182 3022/3022 3023/3023
f 2485/2485 2484/2484 2656/2656
f 128/128 1324/1324 1961/1961
f 1269/1269 2454/2454 3144/3144
f 2578/2578 1261/1261 1258/1258
f 1142/1142 2179/2179 2022/2022
f 1854/1854 1038/1038 440/440
f 1734/1734 2085/2085 3140/3140
f 1535/1535 1974/1974 1541/1541
f 2768/2768 1752/1752 1753/1753
f 1389/1389 504/504 954/954
f 777/777 970/970 1929/1929
f 500/500 653/653 1062/1062
f 1784/1784 1785/1785 1580/1580
f 720/720 668/668 1933/1933
f 845/845 1526/1526 109/109
f 1016/1016 3121/3121 1506/1506
f 219/219 1366/1366 1936/1936
f 3166/3166 1463/1463 711/711
f 1943/1943 601/601 599/599
f 1796/1796 1868/1868 1150/1150
f 2100/2100 2981/2981 3014/3014
f 384/384 1246/1246 841/841
f 1946/1946 2511/2511 399/399
f 2602/2602 863/863 193/193
f 1248/1248 1024/1024 209/209
f 1373/1373 396/396 394/394
f 1954/1954 2641/2641 935/935
f 1959/1959 3002/3002 1960/1960
f 1349/1349 1351/1351 153/153
f 189/189 1586/1586 1585/1585
f 1963/1963 2054/2054 353/353
f 2072/2072 2073/2073 1357/1357
f 949/949 1439/1439 120/120
f 2085/2085 3140/3140 941/941
f 732/732 2698/2698 2539/2539
f 235/235 3007/3007 2186/2186
f 1700/1700 1699/1699 293/293
f 841/841 1246/1246 2599/2599
f 2105/2105 2913/2913 180/180
f 318/318 2558/2558 2153/2153
f 2911/2911 2595/2595 1640/1640
f 355/355 1604/1604 2560/2560
f 1610/1610 1182/1182 1183/1183
f 1403/1403 2955/2955 905/905
f 947/947 3164/3164 250/250
f 356/356 2769/2769 2770/2770
f 115/115 1151/1151 851/851
f 2007/2007 2815/2815 233/233
f 65/65 2139/2139 2606/2606
f 2056/2056 2055/2055 2599/2599
f 407/407 2839/2839 2013/2013
f 406/406 2277/2277 3151/3151
f 294/294 2930/2930 3011/3011
f 357/357 2084/2084 620/620
f 2186/2186 3007/3007 652/652
f 2463/2463 891/891 426/426
f 2915/2915 2287/2287 2614/2614
f 1286/1286 1488/1488 2616/2616
f 2028/2028 2645/2645 2029/2029
f 393/393 391/391 1735/1735
f 1185/1185 2081/2081 2868/2868
f 232/232 2506/2506 107/107
f 2357/2357 2356/2356 1660/1660
f 2053/2053 653/653 1062/1062
f 2065/2065 672/672 2066/2066
f 2070/2070 727/727 728/728
f 1795/1795 1221/1221 1220/1220
f 2207/2207 2886/2886 625/625
f 1705/1705 1966/1966 2426/2426
f 1694/1694 1692/1692 2599/2599
f 1408/1408 1729/1729 2069/2069
f 2022/2022 2179/2179 164/164
f 2083/2083 1735/1735 391/391
f 696/696 2970/2970 2084/2084
f 320/320 2468/2468 1228/1228
f 685/685 2669/2669 2671/2671
f 1621/1621 1622/1622 198/198
f 664/664 2618/2618 292/292
f 421/421 2146/2146 2471/2471
f 966/966 2608/2608 286/286
f 2116/2116 2680/2680 1354/1354
f 2547/2547 2474/2474 470/470
f 2204/2204 2454/2454 3144/3144
f 2653/2653 3020/3020 383/383
f 2132/2132 2901/2901 959/959
f 2560/2560 1604/1604 2763/2763
f 817/817 2982/2982 2137/2137
f 1150/1150 915/915 913/913
f 3142/3142 1837/1837 234/234
f 2872/2872 1483/1483 1579/1579
f 1204/1204 2886/2886 2207/2207
f 3024/3024 3023/3023 2381/2381
f 2154/2154 2110/2110 988/988
f 735/735 1040/1040 2987/2987
f 2275/2275 2509/2509 243/243
f 183/183 2901/2901 2132/2132
f 2720/2720 3162/3162 2879/2879
f 2128/2128 2400/2400 2741/2741
f 1533/1533 644/644 2083/2083
f 3006/3006 1841/1841 652/652
f 337/337 1517/1517 544/544
f 2200/2200 1372/1372 172/172
f 2830/2830 2579/2579 1587/1587
f 2977/2977 2898/2898 954/954
f 2183/2183 1468/1468 1469/1469
f 1943/1943 2242/2242 2241/2241
f 2894/2894 2994/2994 113/113
f 2184/2184 1179/1179 1178/1178
f 2329/2329 1823/1823 2830/2830
f 174/174 242/242 1500/1500
f 698/698 2605/2605 1254/1254
f 2188/2188 2311/2311 804/804
f 194/194 3167/3167 3143/3143
f 2226/2226 1806/1806 922/922
f 1358/1358 1496/1496 1413/1413
f 1304/1304 1303/1303 127/127
f 2198/2198 2914/2914 1425/1425
f 99/99 1434/1434 1885/1885
f 53/53 335/335 337/337
f 1542/1542 1547/1547 1907/1907
f 657/657 720/720 826/826
f 2174/2174 2998/2998 2210/2210
f 615/615 3170/3170 3156/3156
f 1813/1813 1431/1431 266/266
f 2206/2206 1237/1237 625/625
f 2960/2960 2890/2890 610/610
f 1342/1342 1998/1998 2220/2220
f 954/954 2898/2898 2222/2222
f 1611/1611 1715/1715 215/215
f 779/779 1472/1472 2225/2225
f 373/373 371/371 370/370
f 1738/1738 2866/2866 1739/1739
f 216/216 1387/1387 1388/1388
f 2171/2171 516/516 1587/1587
f 473/473 2030/2030 377/377
f 359/359 1320/1320 1614/1614
f 2235/2235 2023/2023 430/430
f 2241/2241 598/598 809/809
f 1142/1142 2882/2882 1824/1824
f 203/203 3160/3160 1686/1686
f 1583/1583 2388/2388 2245/2245
f 1112/1112 3003/3003 2249/2249
f 2053/2053 1063/1063 766/766
f 2263/2263 2908/2908 1297/1297
f 2194/2194 2193/2193 2071/2071
f 1398/1398 2907/2907 1733/1733
f 2561/2561 2970/2970 696/696
f 2283/2283 822/822 123/123
f 3166/3166 3167/3167 194/194
f 270/270 365/365 568/568
f 1632/1632 2012/2012 266/266
f 1047/1047 2853/2853 505/505
f 1755/1755 2666/2666 220/220
f 172/172 743/743 745/745
f 1259/1259 1552/1552 1559/1559
f 1957/1957 2518/2518 1958/1958
f 2083/2083 348/348 347/347
f 2358/2358 2349/2349 2348/2348
f 698/698 3170/3170 3156/3156
f 1628/1628 863/863 2602/2602
f 809/809 2930/2930 294/294
f 2910/2910 2594/2594 254/254
f 62/62 1643/1643 565/565
f 688/688 2684/2684 1648/1648
f 2814/2814 807/807 397/397
f 2119/2119 407/407 2014/2014
f 431/431 3160/3160 377/377
f 1327/1327 2199/2199 172/172
f 879/879 1289/1289 1292/1292
f 2315/2315 2874/2874 2316/2316
f 1372/1372 2199/2199 1327/1327
f 74/74 2778/2778 75/75
f 424/424 2203/2203 172/172
f 1355/1355 523/523 1356/1356
f 1098/1098 1100/1100 1099/1099
f 2608/2608 2497/2497 2338/2338
f 566/566 263/263 2330/2330
f 1696/1696 1859/1859 1721/1721
f 506/506 1319/1319 1527/1527
f 2376/2376 1677/1677 148/148
f 1719/1719 1183/1183 215/215
f 534/534 3150/3150 2885/2885
f 2140/2140 1740/1740 1739/1739
f 2350/2350 2997/2997 2351/2351
f 610/610 2075/2075 1843/1843
f 1193/1193 741/741 217/217
f 876/876 878/878 1795/1795
f 473/473 2362/2362 2645/2645
f 1139/1139 1138/1138 473/473
f 618/618 642/642 643/643
f 157/157 2682/2682 2683/2683
f 130/130 263/263 566/566
f 1592/1592 863/863 2602/2602
f 590/590 1731/1731 281/281
f 2372/2372 385/385 2373/2373
f 860/860 1020/1020 257/257
f 416/416 1616/1616 1615/1615
f 2297/2297 2298/2298 1446/1446
f 988/988 2940/2940 2309/2309
f 965/965 967/967 212/212
f 1154/1154 3024/3024 2381/2381
f 2384/2384 2687/2687 2385/2385
f 1597/1597 2950/2950 1155/1155
f 712/712 1463/1463 193/193
f 2100/2100 2980/2980 195/195
f 1390/1390 491/491 471/471
f 100/100 637/637 636/636
f 1192/1192 1046/1046 926/926
f 1356/1356 523/523 522/522
f 252/252 1922/1922 2281/2281
f 2933/2933 389/389 387/387
f 669/669 2781/2781 1450/1450
f 1219/1219 1221/1221 1798/1798
f 109/109 2155/2155 2471/2471
f 1891/1891 1535/1535 1550/1550
f 2225/2225 2226/2226 922/922
f 1394/1394 53/53 2410/2410
f 2411/2411 1946/1946 534/534
f 1337/1337 1336/1336 64/64
f 732/732 731/731 2698/2698
f 2419/2419 2502/2502 2370/2370
f 2752/2752 706/706 2643/2643
f 2397/2397 1754/1754 2101/2101
f 1415/1415 2956/2956 1346/1346
f 2432/2432 309/309 2433/2433
f 2434/2434 334/334 2274/2274
f 401/401 2699/2699 220/220
f 1098/1098 1602/1602 1096/1096
f 2208/2208 2887/2887 2993/2993
f 2441/2441 3146/3146 2442/2442
f 471/471 492/492 299/299
f 843/843 1179/1179 2184/2184
f 1305/1305 1600/1600 1303/1303
f 182/182 2556/2556 2555/2555
f 561/561 2271/2271 1985/1985
f 3154/3154 2979/2979 401/401
f 386/386 2313/2313 2519/2519
f 2403/2403 3131/3131 1357/1357
f 2096/2096 2094/2094 2101/2101
f 397/397 1946/1946 2411/2411
f 1874/1874 588/588 586/586
f 2458/2458 735/735 1930/1930
f 159/159 1046/1046 1192/1192
f 1794/1794 1221/1221 1795/1795
f 614/614 616/616 101/101
f 2325/2325 583/583 1761/1761
f 3141/3141 2480/2480 2481/2481
f 2474/2474 1406/1406 1747/1747
f 1639/1639 1638/1638 2296/2296
f 2355/2355 1217/1217 1218/1218
f 514/514 3153/3153 904/904
f 490/490 2194/2194 716/716
f 2482/2482 1377/1377 1109/1109
f 278/278 166/166 1848/1848
f 1826/1826 1788/1788 1790/1790
f 1213/1213 2076/2076 2003/2003
f 212/212 43/43 308/308
f 799/799 2493/2493 1773/1773
f 1337/1337 134/134 1994/1994
f 1972/1972 1976/1976 1975/1975
f 2792/2792 794/794 1442/1442
f 3163/3163 3165/3165 470/470
f 799/799 1772/1772 2318/2318
f 2496/2496 940/940 1741/1741
f 1824/1824 1825/1825 1142/1142
f 1567/1567 3127/3127 1109/1109
f 1486/1486 3137/3137 2419/2419
f 889/889 890/890 180/180
f 2741/2741 614/614 305/305
f 1453/1453 1451/1451 2509/2509
f 1455/1455 426/426 2510/2510
f 3151/3151 2277/2277 505/505
f 2414/2414 1749/1749 1044/1044
f 169/169 2676/2676 1855/1855
f 994/994 991/991 120/120
f 1573/1573 1273/1273 2530/2530
f 1535/1535 1551/1551 1839/1839
f 2742/2742 1638/1638 2743/2743
f 2732/2732 2481/2481 516/516
f 2522/2522 2701/2701 222/222
f 1908/1908 1910/1910 184/184
f 1117/1117 1118/1118 1496/1496
f 617/617 619/619 180/180
f 2162/2162 2161/2161 230/230
f 2013/2013 2839/2839 503/503
f 2246/2246 1584/1584 1273/1273
f 2375/2375 1886/1886 75/75
f 2078/2078 2079/2079 220/220
f 1078/1078 1077/1077 328/328
f 540/540 2644/2644 952/952
f 2558/2558 3157/3157 1562/1562
f 908/908 311/311 417/417
f 309/309 2433/2433 2101/2101
f 905/905 2955/2955 232/232
f 1670/1670 1668/1668 1346/1346
f 461/461 1659/1659 462/462
f 1136/1136 1135/1135 284/284
f 1843/1843 2075/2075 517/517
f 2738/2738 2740/2740 1129/1129
f 1492/1492 234/234 517/517
f 2582/2582 1047/1047 2100/2100
f 1131/1131 111/111 110/110
f 2910/2910 2733/2733 1473/1473
f 2500/2500 1349/1349 153/153
f 1263/1263 1262/1262 120/120
f 744/744 666/666 2507/2507
f 1144/1144 422/422 515/515
f 2591/2591 2057/2057 2260/2260
f 484/484 1702/1702 487/487
f 2772/2772 2771/2771 1297/1297
f 1355/1355 1550/1550 1907/1907
f 1358/1358 2068/2068 1702/1702
f 28/28 1996/1996 1997/1997
f 1485/1485 935/935 201/201
f 233/233 2181/2181 2252/2252
f 288/288 286/286 2608/2608
f 480/480 479/479 477/477
f 2419/2419 3137/3137 201/201
f 2387/2387 2668/2668 1618/1618
f 353/353 1377/1377 2482/2482
f 1050/1050 1052/1052 134/134
f 1187/1187 1747/1747 1189/1189
f 1581/1581 1482/1482 1793/1793
f 1752/1752 2613/2613 163/163
f 404/404 402/402 542/542
f 685/685 213/213 814/814
f 2942/2942 2880/2880 101/101
f 2627/2627 2599/2599 1692/1692
f 585/585 3168/3168 2574/2574
f 2773/2773 1870/1870 2031/2031
f 2209/2209 2264/2264 1150/1150
f 1409/1409 1563/1563 1129/1129
f 2107/2107 991/991 994/994
f 374/374 2066/2066 2972/2972
f 2120/2120 2277/2277 2276/2276
f 485/485 1357/1357 932/932
f 1757/1757 1799/1799 2859/2859
f 781/781 2728/2728 232/232
f 2635/2635 2855/2855 2636/2636
f 3129/3129 2574/2574 2629/2629
f 2696/2696 1527/1527 1319/1319
f 435/435 437/437 2646/2646
f 2327/2327 2325/2325 456/456
f 1687/1687 1860/1860 1686/1686
f 298/298 1188/1188 1748/1748
f 618/618 2913/2913 1279/1279
f 782/782 781/781 2634/2634
f 1503/1503 915/915 2643/2643
f 2537/2537 2215/2215 540/540
f 504/504 1749/1749 2414/2414
f 599/599 601/601 490/490
f 1406/1406 3163/3163 3165/3165
f 723/723 758/758 2187/2187
f 3014/3014 2852/2852 2100/2100
f 966/966 2115/2115 967/967
f 2175/2175 2626/2626 1262/1262
f 1630/1630 1215/1215 1214/1214
f 868/868 2693/2693 2850/2850
f 854/854 892/892 2650/2650
f 816/816 815/815 2651/2651
f 973/973 974/974 2297/2297
f 2198/2198 2915/2915 2914/2914
f 1556/1556 1843/1843 517/517
f 718/718 654/654 2314/2314
f 2660/2660 2197/2197 1127/1127
f 2034/2034 2387/2387 2668/2668
f 2217/2217 432/432 377/377
f 1888/1888 2778/2778 382/382
f 2672/2672 2969/2969 2673/2673
f 243/243 1453/1453 1452/1452
f 381/381 1024/1024 1248/1248
f 48/48 1310/1310 622/622
f 2680/2680 2116/2116 935/935
f 48/48 47/47 417/417
f 2993/2993 2887/2887 714/714
f 773/773 662/662 774/774
f 1554/1554 1937/1937 1940/1940
f 2686/2686 2823/2823 2385/2385
f 1487/1487 2641/2641 1954/1954
f 2534/2534 2532/2532 331/331
f 1041/1041 2841/2841 1042/1042
f 405/405 2636/2636 2855/2855
f 1669/1669 1482/1482 1484/1484
f 99/99 3019/3019 3134/3134
f 2659/2659 2799/2799 2695/2695
f 2702/2702 972/972 2703/2703
f 52/52 97/97 2230/2230
f 177/177 910/910 245/245
f 723/723 2130/2130 2187/2187
f 318/318 2487/2487 3157/3157
f 435/435 2646/2646 2581/2581
f 993/993 996/996 998/998
f 394/394 396/396 160/160
f 2714/2714 1097/1097 56/56
f 912/912 1102/1102 1031/1031
f 2526/2526 2906/2906 2927/2927
f 212/212 2497/2497 2423/2423
f 1096/1096 1602/1602 1442/1442
f 708/708 710/710 253/253
f 1254/1254 246/246 99/99
f 922/922 2865/2865 2140/2140
f 2933/2933 1596/1596 2394/2394
f 1793/1793 2617/2617 1580/1580
f 2843/2843 3170/3170 698/698
f 2120/2120 3152/3152 3151/3151
f 2735/2735 1867/1867 2526/2526
f 60/60 438/438 703/703
f 711/711 976/976 883/883
f 123/123 821/821 2743/2743
f 1510/1510 1528/1528 1511/1511
f 2744/2744 997/997 1196/1196
f 212/212 2424/2424 2667/2667
f 650/650 649/649 257/257
f 2794/2794 3008/3008 415/415
f 2589/2589 2797/2797 1744/1744
f 1092/1092 993/993 994/994
f 930/930 2842/2842 126/126
f 2372/2372 2049/2049 2048/2048
f 2949/2949 1039/1039 1040/1040
f 1524/1524 2182/2182 1525/1525
f 542/542 1413/1413 1497/1497
f 1336/1336 1991/1991 64/64
f 1548/1548 1549/1549 1907/1907
f 2761/2761 2384/2384 2687/2687
f 2358/2358 1052/1052 1050/1050
f 2763/2763 3164/3164 947/947
f 676/676 1024/1024 1248/1248
f 2909/2909 332/332 331/331
f 823/823 3130/3130 2767/2767
f 1695/1695 2052/2052 386/386
f 200/200 1656/1656 1125/1125
f 62/62 2350/2350 2352/2352
f 2523/2523 2524/2524 2909/2909
f 297/297 1307/1307 1178/1178
f 2158/2158 2237/2237 2236/2236
f 1826/1826 2483/2483 2882/2882
f 2835/2835 2452/2452 1959/1959
f 382/382 2375/2375 75/75
f 3144/3144 2205/2205 2204/2204
f 2862/2862 2565/2565 2525/2525
f 256/256 1570/1570 488/488
f 2052/2052 1957/1957 2518/2518
f 128/128 1961/1961 669/669
f 2119/2119 2416/2416 2117/2117
f 1687/1687 2371/2371 1861/1861
f 1314/1314 1312/1312 63/63
f 1027/1027 2190/2190 1022/1022
f 1645/1645 1787/1787 1342/1342
f 373/373 2187/2187 758/758
f 771/771 2447/2447 1370/1370
f 1743/1743 2912/2912 2596/2596
f 113/113 1870/1870 2773/2773
f 587/587 1453/1453 2031/2031
f 2603/2603 2604/2604 1714/1714
f 2797/2797 1744/1744 1640/1640
f 1701/1701 3132/3132 2194/2194
f 55/55 1574/1574 1277/1277
f 2330/2330 1952/1952 2307/2307
f 698/698 697/697 2845/2845
f 1015/1015 1014/1014 1373/1373
f 2548/2548 878/878 876/876
f 2464/2464 2923/2923 2358/2358
f 820/820 822/822 2283/2283
f 3157/3157 2487/2487 2630/2630
f 1734/1734 1733/1733 2907/2907
f 2803/2803 283/283 585/585
f 1473/1473 1904/1904 1474/1474
f 2805/2805 2618/2618 664/664
f 311/311 1141/1141 164/164
f 2083/2083 2895/2895 2544/2544
f 1989/1989 1984/1984 703/703
f 2551/2551 618/618 1907/1907
f 2633/2633 1363/1363 1158/1158
f 3023/3023 3022/3022 1155/1155
f 3157/3157 2558/2558 318/318
f 1290/1290 2301/2301 2300/2300
f 3121/3121 2317/2317 1575/1575
f 2296/2296 1927/1927 1926/1926
f 2805/2805 3155/3155 2697/2697
f 101/101 616/616 734/734
f 1257/1257 383/383 477/477
f 1534/1534 1255/1255 1003/1003
f 502/502 1841/1841 235/235
f 1686/1686 3160/3160 430/430
f 1107/1107 2510/2510 1210/1210
f 2088/2088 172/172 2508/2508
f 1362/1362 1363/1363 2633/2633
f 2183/2183 311/311 1469/1469
f 2820/2820 2503/2503 2749/2749
f 495/495 2104/2104 2824/2824
f 1980/1980 1979/1979 1981/1981
f 1398/1398 2267/2267 1742/1742
f 405/405 2855/2855 2705/2705
f 592/592 2470/2470 1731/1731
f 1914/1914 2247/2247 1376/1376
f 2805/2805 938/938 3155/3155
f 2444/2444 1978/1978 560/560
f 1119/1119 2306/2306 1710/1710
f 28/28 2923/2923 2464/2464
f 2485/2485 3020/3020 2653/2653
f 1885/1885 1434/1434 698/698
f 1821/1821 2504/2504 2830/2830
f 2330/2330 1953/1953 1623/1623
f 2864/2864 2751/2751 2458/2458
f 702/702 2505/2505 2506/2506
f 1346/1346 3161/3161 3128/3128
f 597/597 593/593 477/477
f 1618/1618 1731/1731 590/590
f 188/188 489/489 1105/1105
f 392/392 391/391 1520/1520
f 186/186 122/122 1540/1540
f 2519/2519 2313/2313 2052/2052
f 1509/1509 3133/3133 190/190
f 281/281 2668/2668 2387/2387
f 2992/2992 1299/1299 1300/1300
f 2841/2841 2126/2126 2547/2547
f 2842/2842 930/930 861/861
f 304/304 305/305 101/101
f 1773/1773 2493/2493 1346/1346
f 595/595 593/593 1256/1256
f 1864/1864 627/627 2846/2846
f 1417/1417 950/950 1443/1443
f 2423/2423 2497/2497 287/287
f 1022/1022 1851/1851 2192/2192
f 2744/2744 1765/1765 997/997
f 1190/1190 1042/1042 2841/2841
f 1833/1833 1956/1956 2052/2052
f 782/782 411/411 2673/2673
f 1616/1616 1201/1201 737/737
f 1801/1801 1478/1478 233/233
f 256/256 1285/1285 1928/1928
f 182/182 2559/2559 2556/2556
f 1290/1290 1925/1925 1291/1291
f 2391/2391 2486/2486 679/679
f 2233/2233 1568/1568 1566/1566
f 2859/2859 1760/1760 521/521
f 1989/1989 2344/2344 2809/2809
f 1840/1840 2186/2186 3007/3007
f 133/133 583/583 2325/2325
f 3124/3124 1471/1471 737/737
f 2765/2765 2766/2766 536/536
f 2862/2862 2909/2909 331/331
f 1452/1452 587/587 586/586
f 2645/2645 2362/2362 2029/2029
f 2369/2369 191/191 968/968
f 2643/2643 1077/1077 1078/1078
f 1439/1439 949/949 951/951
f 2870/2870 945/945 888/888
f 1891/1891 1003/1003 1550/1550
f 2458/2458 847/847 314/314
f 2861/2861 2572/2572 417/417
f 3012/3012 2931/2931 1943/1943
f 1372/1372 2203/2203 1022/1022
f 2465/2465 2988/2988 2466/2466
f 488/488 1570/1570 2499/2499
f 2264/2264 2263/2263 1867/1867
f 2284/2284 123/123 186/186
f 436/436 651/651 121/121
f 897/897 818/818 1877/1877
f 1038/1038 1037/1037 440/440
f 1150/1150 2736/2736 2735/2735
f 2248/2248 1963/1963 1915/1915
f 3149/3149 1652/1652 1649/1649
f 203/203 1861/1861 2371/2371
f 1742/1742 2267/2267 941/941
f 2741/2741 616/616 614/614
f 1786/1786 797/797 2587/2587
f 120/120 2870/2870 1555/1555
f 2147/2147 2413/2413 1044/1044
f 2070/2070 3132/3132 2964/2964
f 400/400 771/771 2451/2451
f 1932/1932 1508/1508 1006/1006
f 1875/1875 2215/2215 2219/2219
f 1544/1544 1606/1606 1605/1605
f 2890/2890 3171/3171 2891/2891
f 2140/2140 313/313 1777/1777
f 385/385 1694/1694 2055/2055
f 1754/1754 2666/2666 1755/1755
f 673/673 672/672 2065/2065
f 1557/1557 1558/1558 1083/1083
f 178/178 2904/2904 115/115
f 1276/1276 1275/1275 57/57
f 2175/2175 2107/2107 1109/1109
f 1812/1812 2514/2514 535/535
f 2897/2897 2977/2977 2898/2898
f 2643/2643 706/706 704/704
f 2630/2630 2487/2487 1409/1409
f 732/732 2539/2539 2540/2540
f 3124/3124 980/980 909/909
f 2904/2904 3138/3138 2905/2905
f 126/126 835/835 865/865
f 33/33 3148/3148 2161/2161
f 2126/2126 2125/2125 1190/1190
f 1290/1290 2299/2299 1585/1585
f 2481/2481 2480/2480 516/516
f 2715/2715 2716/2716 853/853
f 162/162 1465/1465 2878/2878
f 113/113 2219/2219 2214/2214
f 299/299 2474/2474 298/298
f 1474/1474 1904/1904 182/182
f 618/618 788/788 789/789
f 264/264 1933/1933 657/657
f 1002/1002 1547/1547 1542/1542
f 2917/2917 2670/2670 2669/2669
f 962/962 2431/2431 1415/1415
f 2042/2042 1691/1691 1689/1689
f 1085/1085 1087/1087 1935/1935
f 1225/1225 1216/1216 1842/1842
f 2062/2062 2664/2664 2060/2060
f 1453/1453 243/243 2509/2509
f 2474/2474 2547/2547 1747/1747
f 771/771 2852/2852 3014/3014
f 682/682 1900/1900 2624/2624
f 503/503 528/528 2678/2678
f 355/355 354/354 2541/2541
f 1555/1555 1263/1263 120/120
f 1432/1432 2354/2354 2357/2357
f 470/470 3165/3165 2453/2453
f 1714/1714 2604/2604 2607/2607
f 609/609 1845/1845 610/610
f 220/220 2699/2699 2709/2709
f 3011/3011 2930/2930 1357/1357
f 212/212 2094/2094 2096/2096
f 977/977 979/979 2016/2016
f 2626/2626 2552/2552 120/120
f 355/355 2929/2929 2592/2592
f 1258/1258 1261/1261 119/119
f 1898/1898 2244/2244 1109/1109
f 407/407 1737/1737 2934/2934
f 2394/2394 1596/1596 293/293
f 2043/2043 2232/2232 1147/1147
f 1743/1743 2912/2912 1640/1640
f 2721/2721 2520/2520 2530/2530
f 2993/2993 2847/2847 2208/2208
f 301/301 2708/2708 1412/1412
f 2836/2836 3025/3025 2837/2837
f 1064/1064 1066/1066 2919/2919
f 2785/2785 2789/2789 183/183
f 2578/2578 3125/3125 2554/2554
f 1658/1658 1657/1657 132/132
f 1620/1620 2619/2619 261/261
f 113/113 2216/2216 2537/2537
f 2153/2153 2558/2558 2150/2150
f 1159/1159 1371/1371 2633/2633
f 1104/1104 1099/1099 55/55
f 1795/1795 2871/2871 876/876
f 571/571 569/569 2052/2052
f 264/264 573/573 668/668
f 783/783 818/818 897/897
f 2372/2372 2599/2599 2048/2048
f 2010/2010 469/469 589/589
f 1403/1403 2634/2634 2730/2730
f 2872/2872 1668/1668 1670/1670
f 1119/1119 900/900 1381/1381
f 3156/3156 3170/3170 101/101
f 3141/3141 2478/2478 2579/2579
f 1610/1610 1181/1181 1182/1182
f 2015/2015 1352/1352 977/977
f 855/855 833/833 192/192
f 952/952 2644/2644 2712/2712
f 3003/3003 2382/2382 2249/2249
f 2615/2615 2469/2469 592/592
f 2555/2555 2556/2556 1640/1640
f 2677/2677 2678/2678 2935/2935
f 1737/1737 942/942 940/940
f 2687/2687 2384/2384 61/61
f 903/903 1415/1415 2956/2956
f 2315/2315 651/651 436/436
f 789/789 788/788 180/180
f 779/779 1240/1240 1232/1232
f 2101/2101 967/967 965/965
f 2629/2629 2803/2803 3129/3129
f 128/128 1325/1325 1324/1324
f 160/160 2110/2110 2154/2154
f 189/189 1291/1291 1925/1925
f 281/281 2816/2816 2818/2818
f 1409/1409 2487/2487 318/318
f 711/711 1651/1651 1124/1124
f 941/941 504/504 503/503
f 1143/1143 2672/2672 2969/2969
f 620/620 2084/2084 2970/2970
f 2443/2443 1414/1414 294/294
f 795/795 797/797 2587/2587
f 1321/1321 1283/1283 256/256
f 2316/2316 2874/2874 121/121
f 298/298 2898/2898 2977/2977
f 1745/1745 536/536 2862/2862
f 483/483 485/485 294/294
f 2451/2451 1599/1599 1959/1959
f 1544/1544 1944/1944 1545/1545
f 1761/1761 2327/2327 2325/2325
f 1343/1343 1030/1030 2974/2974
f 1342/1342 1787/1787 1998/1998
f 508/508 688/688 1646/1646
f 1164/1164 2543/2543 1580/1580
f 1998/1998 2220/2220 1786/1786
f 568/568 365/365 261/261
f 1630/1630 379/379 1215/1215
f 1503/1503 1080/1080 915/915
f 2961/2961 3145/3145 2962/2962
f 2159/2159 1807/1807 230/230
f 1346/1346 1059/1059 1060/1060
f 3005/3005 242/242 764/764
f 2175/2175 1263/1263 1555/1555
f 260/260 2619/2619 1620/1620
f 904/904 3153/3153 2875/2875
f 2217/2217 2218/2218 2647/2647
f 690/690 1433/1433 300/300
f 2111/2111 2110/2110 160/160
f 1865/1865 628/628 627/627
f 303/303 690/690 691/691
f 2069/2069 1715/1715 1611/1611
f 2207/2207 1236/1236 1204/1204
f 1039/1039 2949/2949 2983/2983
f 2984/2984 1630/1630 2141/2141
f 455/455 1353/1353 1352/1352
f 1716/1716 1728/1728 216/216
f 1232/1232 1240/1240 313/313
f 2896/2896 788/788 618/618
f 604/604 2432/2432 2834/2834
f 536/536 2524/2524 2523/2523
f 1256/1256 1171/1171 857/857
f 2349/2349 2027/2027 134/134
f 2117/2117 2416/2416 503/503
f 1069/1069 1068/1068 1681/1681
f 903/903 902/902 2149/2149
f 2678/2678 528/528 407/407
f 2992/2992 1086/1086 1087/1087
f 386/386 569/569 571/571
f 812/812 2423/2423 2497/2497
f 1346/1346 963/963 798/798
f 109/109 2146/2146 904/904
f 2645/2645 2362/2362 1671/1671
f 407/407 1529/1529 2839/2839
f 2297/2297 408/408 2195/2195
f 63/63 2604/2604 2603/2603
f 2994/2994 2712/2712 2775/2775
f 328/328 706/706 2752/2752
f 1155/1155 2950/2950 2132/2132
f 729/729 2674/2674 606/606
f 1146/1146 1685/1685 210/210
f 300/300 2128/2128 691/691
f 1006/1006 1590/1590 2965/2965
f 2976/2976 3015/3015 2586/2586
f 2721/2721 1275/1275 1276/1276
f 773/773 661/661 662/662
f 2987/2987 1040/1040 416/416
f 153/153 2746/2746 2745/2745
f 1907/1907 1547/1547 1546/1546
f 2782/2782 1566/1566 1565/1565
f 676/676 1112/1112 3003/3003
f 643/643 642/642 180/180
f 2582/2582 2854/2854 1047/1047
f 2609/2609 2611/2611 2562/2562
f 2592/2592 2929/2929 2057/2057
f 3008/3008 2794/2794 756/756
f 1031/1031 1364/1364 1033/1033
f 2587/2587 797/797 69/69
f 406/406 407/407 2119/2119
f 460/460 2079/2079 1754/1754
f 1140/1140 164/164 1141/1141
f 3009/3009 1531/1531 508/508
f 486/486 483/483 1736/1736
f 2408/2408 1622/1622 1621/1621
f 2504/2504 2506/2506 1403/1403
f 2300/2300 1347/1347 1290/1290
f 3013/3013 2183/2183 1470/1470
f 2908/2908 2904/2904 1297/1297
f 1450/1450 574/574 575/575
f 2012/2012 2625/2625 266/266
f 201/201 2023/2023 2235/2235
f 311/311 2183/2183 3013/3013
f 1406/1406 3165/3165 2453/2453
f 1858/1858 1115/1115 359/359
f 3015/3015 2978/2978 298/298
f 1383/1383 1382/1382 427/427
f 253/253 710/710 2796/2796
f 2972/2972 2066/2066 2408/2408
f 1579/1579 1483/1483 1580/1580
f 763/763 2621/2621 814/814
f 107/107 2329/2329 2328/2328
f 2297/2297 1351/1351 1349/1349
f 610/610 1493/1493 1846/1846
f 3019/3019 247/247 248/248
f 735/735 1929/1929 1930/1930
f 1011/1011 1013/1013 1116/1116
f 858/858 2399/2399 2599/2599
f 406/406 3152/3152 2637/2637
f 680/680 2656/2656 383/383
f 2709/2709 2699/2699 2538/2538
f 1964/1964 1399/1399 1091/1091
f 126/126 2842/2842 1720/1720
f 1702/1702 2068/2068 931/931
f 1675/1675 1677/1677 2376/2376
f 766/766 1063/1063 234/234
f 1218/1218 1217/1217 517/517
f 1003/1003 1891/1891 1410/1410
f 959/959 2789/2789 2785/2785
f 909/909 980/980 311/311
f 799/799 230/230 163/163
f 1462/1462 3162/3162 162/162
f 683/683 2832/2832 213/213
f 1564/1564 3127/3127 181/181
f 312/312 969/969 416/416
f 312/312 314/314 969/969
f 2175/2175 1262/1262 1263/1263
f 625/625 535/535 1682/1682
f 2878/2878 1465/1465 2879/2879
f 1681/1681 1237/1237 2206/2206
f 1358/1358 2121/2121 2122/2122
f 2197/2197 2719/2719 2718/2718
f 2836/2836 2835/2835 2452/2452
f 874/874 873/873 957/957
f 2605/2605 246/246 1254/1254
f 2661/2661 2660/2660 1185/1185
f 2647/2647 1687/1687 431/431
f 315/315 317/317 426/426
f 229/229 50/50 318/318
f 1651/1651 1650/1650 200/200
f 57/57 184/184 1098/1098
f 522/522 1799/1799 1757/1757
f 2304/2304 2302/2302 63/63
f 2214/2214 2219/2219 2712/2712
f 1158/1158 1363/1363 148/148
f 1357/1357 2930/2930 809/809
f 1129/1129 2584/2584 2675/2675
f 2735/2735 2736/2736 115/115
f 493/493 2824/2824 308/308
f 1016/1016 538/538 539/539
f 1358/1358 2443/2443 2438/2438
f 1030/1030 1152/1152 2974/2974
f 159/159 1014/1014 1015/1015
f 2297/2297 409/409 408/408
f 1940/1940 1937/1937 255/255
f 294/294 3131/3131 2403/2403
f 281/281 2422/2422 2816/2816
f 1034/1034 536/536 2953/2953
f 488/488 2779/2779 2369/2369
f 1431/1431 3136/3136 266/266
f 1016/1016 1018/1018 785/785
f 1220/1220 1221/1221 1609/1609
f 1649/1649 1651/1651 1124/1124
f 2964/2964 3132/3132 1701/1701
f 1811/1811 806/806 2515/2515
f 3124/3124 2572/2572 2861/2861
f 2779/2779 2499/2499 2369/2369
f 293/293 383/383 2484/2484
f 198/198 1265/1265 2920/2920
f 2718/2718 2989/2989 1185/1185
f 2960/2960 3142/3142 3126/3126
f 298/298 2126/2126 2841/2841
f 1215/1215 379/379 184/184
f 2632/2632 3154/3154 1706/1706
f 2058/2058 2929/2929 355/355
f 923/923 2750/2750 314/314
f 2964/2964 2401/2401 2933/2933
f 2982/2982 3014/3014 2852/2852
f 1098/1098 2714/2714 1571/1571
f 2924/2924 896/896 28/28
f 2245/2245 2388/2388 57/57
f 328/328 1234/1234 1235/1235
f 2846/2846 2993/2993 2847/2847
f 328/328 1481/1481 534/534
f 2029/2029 1139/1139 1134/1134
f 1583/1583 2795/2795 1502/1502
f 1681/1681 1121/1121 2760/2760
f 406/406 2636/2636 405/405
f 1733/1733 2907/2907 941/941
f 2933/2933 2828/2828 1595/1595
f 2071/2071 2193/2193 726/726
f 2211/2211 2498/2498 2386/2386
f 2069/2069 1728/1728 1716/1716
f 225/225 224/224 159/159
f 1107/1107 891/891 2463/2463
f 2549/2549 2008/2008 2252/2252
f 893/893 853/853 426/426
f 441/441 2799/2799 2659/2659
f 255/255 1553/1553 1543/1543
f 3168/3168 1136/1136 2574/2574
f 264/264 578/578 448/448
f 115/115 2905/2905 2908/2908
f 1700/1700 1174/1174 1173/1173
f 2933/2933 2395/2395 2392/2392
f 2721/2721 1274/1274 2597/2597
f 1913/1913 1911/1911 1271/1271
f 1681/1681 317/317 315/315
f 470/470 2474/2474 3163/3163
f 1711/1711 1800/1800 1209/1209
f 2359/2359 1485/1485 1690/1690
f 1306/1306 2080/2080 1178/1178
f 2528/2528 1829/1829 120/120
f 1734/1734 3140/3140 3139/3139
f 101/101 699/699 3156/3156
f 1371/1371 1368/1368 1364/1364
f 894/894 896/896 2924/2924
f 2009/2009 1659/1659 132/132
f 427/427 429/429 1709/1709
f 795/795 2588/2588 1340/1340
f 1109/1109 1564/1564 1565/1565
f 1524/1524 1526/1526 845/845
f 879/879 725/725 968/968
f 440/440 801/801 803/803
f 2272/2272 1336/1336 2358/2358
f 1905/1905 2559/2559 182/182
f 922/922 1240/1240 1232/1232
f 2038/2038 2043/2043 2232/2232
f 115/115 1868/1868 1796/1796
f 1004/1004 1570/1570 1569/1569
f 1192/1192 1191/1191 159/159
f 827/827 264/264 1449/1449
f 1403/1403 2728/2728 781/781
f 1609/1609 1794/1794 1798/1798
f 3121/3121 1895/1895 1507/1507
f 1525/1525 2182/2182 109/109
f 181/181 3127/3127 1567/1567
f 191/191 190/190 2299/2299
f 2878/2878 1465/1465 325/325
f 2496/2496 2677/2677 2934/2934
f 2741/2741 2880/2880 2942/2942
f 254/254 1744/1744 2797/2797
f 2511/2511 2758/2758 2783/2783
f 962/962 958/958 799/799
f 1134/1134 1139/1139 473/473
f 2787/2787 2132/2132 2901/2901
f 181/181 1899/1899 2251/2251
f 1607/1607 1605/1605 1309/1309
f 1640/1640 2557/2557 2555/2555
f 2947/2947 2857/2857 2856/2856
f 560/560 1978/1978 1979/1979
f 1426/1426 1281/1281 1280/1280
f 1430/1430 1659/1659 2009/2009
f 1638/1638 2743/2743 820/820
f 2174/2174 3000/3000 2998/2998
f 511/511 512/512 2992/2992
f 247/247 3134/3134 3019/3019
f 228/228 3130/3130 823/823
f 382/382 2778/2778 74/74
f 2021/2021 2022/2022 164/164
f 2240/2240 1892/1892 120/120
f 676/676 1249/1249 207/207
f 71/71 2220/2220 1998/1998
f 427/427 1382/1382 899/899
f 2885/2885 3150/3150 397/397
f 2875/2875 3153/3153 1143/1143
f 1614/1614 1320/1320 1696/1696
f 2767/2767 3004/3004 320/320
f 149/149 2686/2686 61/61
f 1846/1846 1493/1493 517/517
f 2311/2311 292/292 2801/2801
f 2605/2605 739/739 3134/3134
f 2856/2856 529/529 530/530
f 952/952 1538/1538 953/953
f 1522/1522 2212/2212 1523/1523
f 592/592 1489/1489 1488/1488
f 1554/1554 1317/1317 1315/1315
f 561/561 2809/2809 2271/2271
f 2798/2798 2363/2363 473/473
f 660/660 802/802 2918/2918
f 652/652 1841/1841 502/502
f 2593/2593 2281/2281 1230/1230
f 810/810 2403/2403 3131/3131
f 563/563 1644/1644 2173/2173
f 2763/2763 946/946 3164/3164
f 565/565 1643/1643 560/560
f 3017/3017 2903/2903 1155/1155
f 470/470 1179/1179 2184/2184
f 2947/2947 300/300 159/159
f 2815/2815 2007/2007 859/859
f 2702/2702 973/973 972/972
f 2964/2964 87/87 85/85
f 1417/1417 2870/2870 945/945
f 1381/1381 900/900 297/297
f 1678/1678 1287/1287 1288/1288
f 2226/2226 1806/1806 779/779
f 2816/2816 2422/2422 2421/2421
f 1910/1910 794/794 2792/2792
f 1277/1277 1278/1278 1442/1442
f 1596/1596 2394/2394 2393/2393
f 2845/2845 2880/2880 615/615
f 1210/1210 2510/2510 426/426
f 1105/1105 489/489 2369/2369
f 517/517 1845/1845 609/609
f 192/192 1303/1303 1304/1304
f 461/461 463/463 132/132
f 1430/1430 1657/1657 1658/1658
f 2611/2611 163/163 620/620
f 1655/1655 976/976 711/711
f 865/865 835/835 2992/2992
f 2272/2272 1991/1991 1336/1336
f 163/163 1785/1785 1784/1784
f 157/157 1531/1531 1646/1646
f 1163/1163 1072/1072 77/77
f 1554/1554 2685/2685 1942/1942
f 1698/1698 1697/1697 2194/2194
f 1494/1494 1493/1493 1846/1846
f 1964/1964 1884/1884 1718/1718
f 2055/2055 1694/1694 2599/2599
f 2770/2770 2769/2769 163/163
f 1084/1084 2607/2607 2606/2606
f 1290/1290 1006/1006 1509/1509
f 2693/2693 1707/1707 506/506
f 100/100 550/550 551/551
f 1342/1342 2221/2221 3135/3135
f 1618/1618 2089/2089 1619/1619
f 120/120 2176/2176 2238/2238
f 2675/2675 2584/2584 110/110
f 473/473 2645/2645 2028/2028
f 1960/1960 3002/3002 400/400
f 1154/1154 3024/3024 1155/1155
f 1592/1592 2996/2996 1591/1591
f 153/153 2820/2820 2821/2821
f 1002/1002 180/180 2551/2551
f 1441/1441 2141/2141 1630/1630
f 430/430 432/432 2217/2217
f 2421/2421 443/443 281/281
f 1586/1586 1925/1925 191/191
f 189/189 1925/1925 1586/1586
f 2626/2626 888/888 2239/2239
f 294/294 2073/2073 2072/2072
f 2616/2616 1488/1488 151/151
f 2920/2920 1265/1265 2408/2408
f 969/969 775/775 2457/2457
f 2271/2271 2809/2809 60/60
f 2681/2681 1965/1965 1964/1964
f 970/970 1929/1929 735/735
f 3136/3136 1431/1431 1660/1660
f 397/397 2756/2756 719/719
f 1098/1098 1278/1278 1277/1277
f 254/254 2912/2912 1743/1743
f 216/216 1730/1730 1729/1729
f 53/53 391/391 393/393
f 407/407 1741/1741 940/940
f 192/192 1020/1020 860/860
f 3144/3144 2454/2454 1913/1913
f 2692/2692 1893/1893 101/101
f 1107/1107 1447/1447 1448/1448
f 2360/2360 1690/1690 3137/3137
f 2406/2406 2879/2879 1609/1609
f 2016/2016 979/979 455/455
f 516/516 2166/2166 517/517
f 64/64 25/25 134/134
f 209/209 2383/2383 2382/2382
f 1678/1678 475/475 474/474
f 358/358 2441/2441 695/695
f 53/53 1393/1393 1518/1518
f 535/535 2755/2755 2783/2783
f 1321/1321 1012/1012 2499/2499
f 1784/1784 2148/2148 163/163
f 678/678 680/680 3020/3020
f 2495/2495 3171/3171 2890/2890
f 1346/1346 2956/2956 1070/1070
f 935/935 2359/2359 1955/1955
f 2712/2712 2994/2994 2894/2894
f 1714/1714 1626/1626 2966/2966
f 1615/1615 737/737 1471/1471
f 2957/2957 2772/2772 1297/1297
f 2134/2134 313/313 2140/2140
f 2175/2175 2552/2552 2626/2626
f 1109/1109 3127/3127 1564/1564
f 2872/2872 2573/2573 1484/1484
f 866/866 2979/2979 3154/3154
f 1558/1558 1633/1633 1083/1083
f 2252/2252 2008/2008 233/233
f 1458/1458 3162/3162 1462/1462
f 1714/1714 1612/1612 2302/2302
f 975/975 1125/1125 1656/1656
f 920/920 2840/2840 605/605
f 503/503 2416/2416 2417/2417
f 212/212 2115/2115 286/286
f 1635/1635 3169/3169 60/60
f 1487/1487 2116/2116 2680/2680
f 455/455 1352/1352 2015/2015
f 3016/3016 1297/1297 2904/2904
f 2175/2175 1892/1892 2240/2240
f 2741/2741 305/305 304/304
f 2542/2542 2224/2224 631/631
f 272/272 566/566 259/259
f 1730/1730 1947/1947 1385/1385
f 2471/2471 2155/2155 2145/2145
f 894/894 3169/3169 561/561
f 1150/1150 913/913 914/914
f 385/385 2055/2055 2056/2056
f 291/291 290/290 384/384
f 1437/1437 127/127 1935/1935
f 126/126 127/127 1437/1437
f 3129/3129 2640/2640 1786/1786
f 3161/3161 2326/2326 230/230
f 2006/2006 1658/1658 132/132
f 1005/1005 1106/1106 1004/1004
f 1798/1798 1794/1794 162/162
f 1398/1398 2936/2936 3139/3139
f 3129/3129 2803/2803 283/283
f 245/245 917/917 913/913
f 1432/1432 2012/2012 1632/1632
f 903/903 1785/1785 1165/1165
f 2382/2382 2383/2383 279/279
f 2194/2194 727/727 2665/2665
f 1208/1208 297/297 216/216
f 1271/1271 1911/1911 2204/2204
f 34/34 32/32 1346/1346
f 929/929 928/928 2529/2529
f 1935/1935 192/192 2992/2992
f 561/561 3169/3169 1635/1635
f 1272/1272 2273/2273 2580/2580
f 1452/1452 588/588 113/113
f 2538/2538 1713/1713 2851/2851
f 183/183 2844/2844 2784/2784
f 1124/1124 1651/1651 200/200
f 871/871 870/870 1672/1672
f 148/148 1371/1371 1159/1159
f 2417/2417 2416/2416 2119/2119
f 115/115 2264/2264 2209/2209
f 192/192 939/939 82/82
f 769/769 2709/2709 2538/2538
f 703/703 438/438 561/561
f 359/359 1948/1948 1722/1722
f 61/61 2498/2498 2211/2211
f 395/395 2310/2310 608/608
f 1270/1270 1429/1429 1913/1913
f 2293/2293 1927/1927 2296/2296
f 1838/1838 1837/1837 3142/3142
f 1346/1346 2161/2161 2162/2162
f 1011/1011 1010/1010 1019/1019
f 1515/1515 1110/1110 1901/1901
f 1323/1323 1322/1322 261/261
f 803/803 801/801 2472/2472
f 1108/1108 2250/2250 1901/1901
f 762/762 814/814 213/213
f 1609/1609 1221/1221 1794/1794
f 2849/2849 2848/2848 2943/2943
f 858/858 1245/1245 289/289
f 774/774 772/772 2400/2400
f 2642/2642 2641/2641 1954/1954
f 413/413 1421/1421 1418/1418
f 975/975 884/884 3143/3143
f 2360/2360 1354/1354 1954/1954
f 758/758 2187/2187 3122/3122
f 2465/2465 2197/2197 2718/2718
f 2560/2560 1604/1604 1603/1603
f 235/235 1841/1841 3006/3006
f 2964/2964 1174/1174 1172/1172
f 3139/3139 2936/2936 941/941
f 1045/1045 2305/2305 1313/1313
f 2393/2393 388/388 2828/2828
f 1722/1722 1948/1948 1696/1696
f 3134/3134 3019/3019 2605/2605
f 2257/2257 2563/2563 2258/2258
f 1109/1109 2528/2528 1093/1093
f 1876/1876 2713/2713 2995/2995
f 416/416 2473/2473 2983/2983
f 508/508 1531/1531 543/543
f 128/128 1066/1066 1065/1065
f 2358/2358 2027/2027 2349/2349
f 703/703 2347/2347 560/560
f 1714/1714 2302/2302 2304/2304
f 1436/1436 1893/1893 2692/2692
f 65/65 2604/2604 63/63
f 314/314 924/924 923/923
f 1773/1773 2493/2493 1198/1198
f 2221/2221 3135/3135 711/711
f 2086/2086 2907/2907 1398/1398
f 504/504 2413/2413 2147/2147
f 1754/1754 2079/2079 2078/2078
f 2211/2211 2498/2498 2761/2761
f 126/126 512/512 511/511
f 1129/1129 2490/2490 1130/1130
f 2856/2856 530/530 2947/2947
f 2297/2297 1022/1022 1856/1856
f 2204/2204 3008/3008 2794/2794
f 1824/1824 2882/2882 110/110
f 1346/1346 800/800 875/875
f 2499/2499 192/192 2369/2369
f 181/181 2244/2244 1898/1898
f 2975/2975 1344/1344 2633/2633
f 872/872 798/798 800/800
f 2104/2104 2824/2824 2101/2101
f 278/278 526/526 172/172
f 2472/2472 1038/1038 1854/1854
f 2766/2766 2524/2524 536/536
f 975/975 883/883 884/884
f 1458/1458 2720/2720 3162/3162
f 1698/1698 3132/3132 1701/1701
f 356/356 358/358 2441/2441
f 1769/1769 1933/1933 1450/1450
f 1714/1714 1634/1634 1969/1969
f 175/175 177/177 245/245
f 1164/1164 2543/2543 1792/1792
f 216/216 1729/1729 1408/1408
f 255/255 359/359 556/556
f 430/430 2030/2030 2029/2029
f 712/712 713/713 1934/1934
f 557/557 624/624 1113/1113
f 625/625 1121/1121 1123/1123
f 1312/1312 1311/1311 63/63
f 2554/2554 3125/3125 119/119
f 2435/2435 2118/2118 2120/2120
f 160/160 1375/1375 1374/1374
f 181/181 353/353 1565/1565
f 1646/1646 1531/1531 1647/1647
f 1044/1044 298/298 1041/1041
f 200/200 3135/3135 2221/2221
f 1143/1143 3153/3153 514/514
f 1575/1575 2317/2317 121/121
f 1980/1980 1513/1513 564/564
f 2665/2665 727/727 2070/2070
f 2343/2343 2340/2340 2342/2342
f 852/852 2650/2650 2715/2715
f 711/711 3167/3167 3166/3166
f 2355/2355 2166/2166 3141/3141
f 782/782 2730/2730 2475/2475
f 362/362 3136/3136 1430/1430
f 521/521 1760/1760 522/522
f 2902/2902 2540/2540 401/401
f 2868/2868 2081/2081 229/229
f 2673/2673 2969/2969 2725/2725
f 2633/2633 2375/2375 382/382
f 1128/1128 1185/1185 320/320
f 184/184 1440/1440 645/645
f 1417/1417 1439/1439 949/949
f 759/759 760/760 2589/2589
f 968/968 189/189 188/188
f 720/720 657/657 1933/1933
f 879/879 968/968 880/880
f 3124/3124 47/47 48/48
f 264/264 2781/2781 669/669
f 1346/1346 2236/2236 2318/2318
f 1518/1518 1393/1393 1735/1735
f 3019/3019 99/99 248/248
f 1346/1346 32/32 3148/3148
f 915/915 910/910 177/177
f 331/331 2532/2532 1095/1095
f 282/282 2819/2819 2817/2817
f 1786/1786 2220/2220 711/711
f 332/332 2888/2888 2887/2887
f 3147/3147 2592/2592 2929/2929
f 476/476 474/474 1286/1286
f 2070/2070 1697/1697 1698/1698
f 314/314 2226/2226 2225/2225
f 2365/2365 2973/2973 591/591
f 1458/1458 2406/2406 2720/2720
f 1910/1910 1909/1909 2322/2322
f 2538/2538 1754/1754 1712/1712
f 3149/3149 2002/2002 200/200
f 562/562 1895/1895 3121/3121
f 2415/2415 1529/1529 1530/1530
f 254/254 2733/2733 2910/2910
f 2158/2158 3161/3161 3128/3128
f 2057/2057 2929/2929 2058/2058
f 760/760 2797/2797 2589/2589
f 2101/2101 2824/2824 493/493
f 1256/1256 593/593 597/597
f 555/555 1940/1940 2685/2685
f 1346/1346 1807/1807 2159/2159
f 2092/2092 2091/2091 90/90
f 897/897 898/898 1735/1735
f 2507/2507 1160/1160 278/278
f 2355/2355 1843/1843 1556/1556
f 714/714 2847/2847 2993/2993
f 851/851 1151/1151 1150/1150
f 1546/1546 1547/1547 1002/1002
f 381/381 1248/1248 1249/1249
f 1428/1428 2455/2455 1426/1426
f 1789/1789 2675/2675 110/110
f 1357/1357 1736/1736 1703/1703
f 1947/1947 1386/1386 2069/2069
f 1228/1228 2468/2468 228/228
f 2743/2743 821/821 820/820
f 1120/1120 2832/2832 683/683
f 2702/2702 2297/2297 2703/2703
f 1480/1480 1598/1598 2754/2754
f 941/941 2907/2907 2086/2086
f 1606/1606 1605/1605 1607/1607
f 711/711 2002/2002 3149/3149
f 3163/3163 2474/2474 299/299
f 504/504 2978/2978 3015/3015
f 1006/1006 2965/2965 1007/1007
f 523/523 1356/1356 94/94
f 1500/1500 242/242 3005/3005
f 133/133 2353/2353 2628/2628
f 70/70 2301/2301 3133/3133
f 1497/1497 1413/1413 1496/1496
f 387/387 2655/2655 388/388
f 1550/1550 1003/1003 1002/1002
f 1535/1535 1839/1839 1974/1974
f 3155/3155 938/938 292/292
f 513/513 2875/2875 3153/3153
f 1471/1471 1310/1310 48/48
f 739/739 738/738 100/100
f 1734/1734 2978/2978 3015/3015
f 108/108 107/107 1587/1587
f 1269/1269 1426/1426 2455/2455
f 308/308 2834/2834 2432/2432
f 603/603 2833/2833 2398/2398
f 2917/2917 2831/2831 2621/2621
f 1581/1581 2617/2617 2872/2872
f 2895/2895 2544/2544 344/344
f 1159/1159 1371/1371 1364/1364
f 261/261 2971/2971 128/128
f 1185/1185 2151/2151 2630/2630
f 1561/1561 2738/2738 1129/1129
f 256/256 2779/2779 188/188
f 176/176 1079/1079 910/910
f 1729/1729 1730/1730 2069/2069
f 895/895 894/894 2825/2825
f 1859/1859 1721/1721 1949/1949
f 1687/1687 1861/1861 1860/1860
f 3156/3156 699/699 698/698
f 1507/1507 1895/1895 121/121
f 2677/2677 527/527 528/528
f 279/279 78/78 76/76
f 194/194 1463/1463 3166/3166
f 2760/2760 1121/1121 625/625
f 2223/2223 1572/1572 2274/2274
f 101/101 3170/3170 2843/2843
f 1220/1220 2722/2722 1795/1795
f 75/75 1344/1344 2975/2975
f 2780/2780 3008/3008 2204/2204
f 1296/1296 2225/2225 922/922
f 2352/2352 2350/2350 560/560
f 1656/1656 200/200 194/194
f 1256/1256 290/290 291/291
f 1706/1706 3154/3154 401/401
f 180/180 788/788 2896/2896
f 2579/2579 2077/2077 1816/1816
f 2712/2712 1724/1724 1876/1876
f 2536/2536 2862/2862 2525/2525
f 1748/1748 1188/1188 2547/2547
f 149/149 2036/2036 2035/2035
f 574/574 573/573 264/264
f 799/799 2956/2956 1415/1415
f 823/823 3130/3130 320/320
f 1562/1562 1409/1409 1563/1563
f 1745/1745 2532/2532 2534/2534
f 876/876 2871/2871 2548/2548
f 2845/2845 697/697 101/101
f 668/668 573/573 1450/1450
f 2485/2485 2656/2656 680/680
f 2138/2138 2980/2980 2100/2100
f 2796/2796 710/710 3113/3113
f 1334/1334 1333/1333 2333/2333
f 400/400 2452/2452 2835/2835
f 1346/1346 958/958 962/962
f 2174/2174 3010/3010 3000/3000
f 2346/2346 1989/1989 703/703
f 3133/3133 2301/2301 1290/1290
f 2222/2222 2898/2898 1044/1044
f 2706/2706 2652/2652 1048/1048
f 293/293 1379/1379 2402/2402
f 1780/1780 509/509 425/425
f 207/207 1249/1249 209/209
f 1182/1182 1181/1181 215/215
f 364/364 1066/1066 2919/2919
f 364/364 2919/2919 2044/2044
f 1595/1595 2828/2828 293/293
f 673/673 2408/2408 2065/2065
f 853/853 2866/2866 425/425
f 1123/1123 1121/1121 1681/1681
f 1398/1398 3140/3140 2085/2085
f 2879/2879 3162/3162 1462/1462
f 3125/3125 2554/2554 2576/2576
f 120/120 181/181 1108/1108
f 779/779 1233/1233 1805/1805
f 2499/2499 1283/1283 1321/1321
f 2643/2643 1238/1238 1239/1239
f 742/742 829/829 1194/1194
f 1506/1506 121/121 433/433
f 960/960 2944/2944 183/183
f 793/793 1251/1251 2792/2792
f 3147/3147 2261/2261 2260/2260
f 2132/2132 2950/2950 183/183
f 2966/2966 1626/1626 63/63
f 433/433 2224/2224 2542/2542
f 1060/1060 1059/1059 799/799
f 1264/1264 374/374 2972/2972
f 1060/1060 1061/1061 964/964
f 163/163 2617/2617 1793/1793
f 3007/3007 3006/3006 1840/1840
f 85/85 87/87 293/293
f 2633/2633 2778/2778 1888/1888
f 1229/1229 1920/1920 2600/2600
f 1676/1676 282/282 148/148
f 2684/2684 2682/2682 157/157
f 2969/2969 2672/2672 904/904
f 2239/2239 2176/2176 2177/2177
f 3025/3025 2837/2837 1959/1959
f 153/153 2702/2702 169/169
f 711/711 3135/3135 1212/1212
f 1930/1930 2459/2459 777/777
f 3133/3133 2301/2301 190/190
f 2890/2890 2960/2960 2891/2891
f 542/542 1118/1118 1117/1117
f 1945/1945 322/322 1944/1944
f 2071/2071 2193/2193 2070/2070
f 1910/1910 1098/1098 184/184
f 789/789 2913/2913 2105/2105
f 2696/2696 1510/1510 1528/1528
f 172/172 1160/1160 2507/2507
f 1877/1877 818/818 544/544
f 2195/2195 408/408 153/153
f 355/355 2262/2262 2265/2265
f 3113/3113 710/710 708/708
f 513/513 2726/2726 2875/2875
f 2750/2750 2751/2751 2864/2864
f 1540/1540 3113/3113 2614/2614
f 2383/2383 1863/1863 2249/2249
f 1580/1580 2148/2148 1784/1784
f 2392/2392 2395/2395 293/293
f 2065/2065 2408/2408 2066/2066
f 2003/2003 2002/2002 3149/3149
f 2415/2415 2417/2417 2838/2838
f 2485/2485 2933/2933 2391/2391
f 1888/1888 936/936 937/937
f 2996/2996 2601/2601 193/193
f 2491/2491 416/416 969/969
f 859/859 2007/2007 2008/2008
f 119/119 1892/1892 1560/1560
f 194/194 976/976 1655/1655
f 69/69 284/284 202/202
f 490/490 293/293 2194/2194
f 318/318 2151/2151 229/229
f 203/203 2024/2024 201/201
f 281/281 442/442 444/444
f 1175/1175 428/428 1306/1306
f 2322/2322 1909/1909 792/792
f 3143/3143 3167/3167 711/711
f 1102/1102 912/912 147/147
f 256/256 1012/1012 1321/1321
f 1979/1979 1978/1978 62/62
f 817/817 2138/2138 195/195
f 2888/2888 2846/2846 2764/2764
f 3126/3126 3142/3142 234/234
f 53/53 898/898 544/544
f 1913/1913 1427/1427 353/353
f 1832/1832 2737/2737 2881/2881
f 2322/2322 1909/1909 1630/1630
f 1942/1942 2685/2685 255/255
f 228/228 3004/3004 2767/2767
f 945/945 2870/2870 120/120
f 1603/1603 2265/2265 2057/2057
f 1376/1376 2054/2054 1963/1963
f 3129/3129 1135/1135 1136/1136
f 159/159 772/772 774/774
f 1446/1446 2298/2298 153/153
f 2992/2992 512/512 882/882
f 243/243 1244/1244 2275/2275
f 2297/2297 1349/1349 2500/2500
f 2919/2919 1066/1066 128/128
f 2325/2325 2327/2327 133/133
f 713/713 862/862 1934/1934
f 2859/2859 1799/1799 1759/1759
f 2607/2607 2604/2604 65/65
f 1635/1635 3169/3169 894/894
f 1443/1443 950/950 120/120
f 387/387 389/389 293/293
f 126/126 833/833 855/855
f 2283/2283 2282/2282 820/820
f 516/516 108/108 1587/1587
f 2597/2597 1274/1274 57/57
f 1714/1714 1311/1311 1312/1312
f 2029/2029 1138/1138 1139/1139
f 1848/1848 166/166 526/526
f 2637/2637 3152/3152 505/505
f 118/118 52/52 2544/2544
f 2270/2270 2576/2576 2962/2962
f 2251/2251 1899/1899 1109/1109
f 2782/2782 2482/2482 1377/1377
f 2185/2185 1750/1750 2897/2897
f 2141/2141 2142/2142 646/646
f 2416/2416 2415/2415 2120/2120
f 1900/1900 2624/2624 287/287
f 300/300 1433/1433 302/302
f 651/651 2581/2581 121/121
f 1158/1158 1159/1159 1364/1364
f 2069/2069 1407/1407 1408/1408
f 75/75 1101/1101 147/147
f 1732/1732 1742/1742 2267/2267
f 669/669 1961/1961 1064/1064
f 870/870 2361/2361 430/430
f 377/377 2030/2030 1674/1674
f 2236/2236 2318/2318 1772/1772
f 812/812 2667/2667 2424/2424
f 589/589 469/469 455/455
f 2129/2129 2131/2131 136/136
f 2970/2970 2084/2084 356/356
f 558/558 1514/1514 1092/1092
f 1928/1928 1285/1285 2499/2499
f 1430/1430 2009/2009 363/363
f 1572/1572 2434/2434 1243/1243
f 1502/1502 2795/2795 415/415
f 271/271 261/261 130/130
f 1610/1610 1183/1183 1719/1719
f 1782/1782 1780/1780 2140/2140
f 711/711 1650/1650 1651/1651
f 728/728 727/727 2194/2194
f 1410/1410 1891/1891 1355/1355
f 299/299 297/297 1178/1178
f 2030/2030 2028/2028 1671/1671
f 946/946 2786/2786 250/250
f 1571/1571 2714/2714 1442/1442
f 1022/1022 1074/1074 1088/1088
f 1741/1741 1742/1742 941/941
f 2527/2527 529/529 2400/2400
f 1879/1879 647/647 792/792
f 3148/3148 32/32 230/230
f 2632/2632 2540/2540 2902/2902
f 2983/2983 2473/2473 737/737
f 1150/1150 917/917 986/986
f 107/107 1823/1823 2329/2329
f 2767/2767 3004/3004 824/824
f 2756/2756 719/719 2511/2511
f 701/701 2505/2505 2504/2504
f 2430/2430 2940/2940 2309/2309
f 2019/2019 2928/2928 2029/2029
f 1375/1375 2310/2310 395/395
f 1146/1146 1684/1684 1685/1685
f 1235/1235 1234/1234 2643/2643
f 111/111 2738/2738 1561/1561
f 2309/2309 2940/2940 685/685
f 1797/1797 1796/1796 1867/1867
f 332/332 2766/2766 2765/2765
f 2281/2281 1922/1922 1230/1230
f 2869/2869 824/824 3004/3004
f 27/27 3169/3169 1635/1635
f 2992/2992 1300/1300 3159/3159
f 2606/2606 2139/2139 1714/1714
f 658/658 659/659 2472/2472
f 536/536 714/714 2888/2888
f 2530/2530 2520/2520 57/57
f 2158/2158 2159/2159 2326/2326
f 1002/1002 1549/1549 1548/1548
f 1004/1004 488/488 1570/1570
f 1142/1142 2675/2675 1789/1789
f 2120/2120 2635/2635 2637/2637
f 2495/2495 610/610 2890/2890
f 433/433 1017/1017 2224/2224
f 2210/2210 2998/2998 61/61
f 1126/1126 2661/2661 1127/1127
f 2794/2794 2793/2793 756/756
f 1515/1515 1514/1514 120/120
f 734/734 616/616 2741/2741
f 2514/2514 1812/1812 2515/2515
f 1142/1142 1141/1141 1470/1470
f 2420/2420 2323/2323 90/90
f 2644/2644 2537/2537 2712/2712
f 174/174 1499/1499 525/525
f 1484/1484 2573/2573 1346/1346
f 189/189 968/968 725/725
f 2549/2549 1478/1478 1801/1801
f 2441/2441 358/358 620/620
f 2442/2442 1193/1193 356/356
f 1092/1092 1515/1515 1901/1901
f 2548/2548 2722/2722 1220/1220
f 1718/1718 1884/1884 90/90
f 2549/2549 2815/2815 2007/2007
f 1021/1021 1850/1850 1498/1498
f 2537/2537 2216/2216 2712/2712
f 2415/2415 1530/1530 527/527
f 729/729 730/730 90/90
f 2615/2615 151/151 281/281
f 2458/2458 2750/2750 3158/3158
f 988/988 2110/2110 2111/2111
f 2741/2741 698/698 2845/2845
f 2644/2644 114/114 113/113
f 1555/1555 2870/2870 2175/2175
f 1764/1764 2744/2744 2107/2107
f 182/182 3024/3024 1154/1154
f 2730/2730 2634/2634 232/232
f 400/400 2837/2837 3025/3025
f 539/539 538/538 433/433
f 1913/1913 2205/2205 3144/3144
f 490/490 2931/2931 3012/3012
f 2029/2029 2363/2363 2798/2798
f 200/200 2220/2220 71/71
f 3066/3066 548/548 636/636
f 755/755 757/757 1501/1501
f 1175/1175 1307/1307 297/297
f 1640/1640 2559/2559 1905/1905
f 2567/2567 2844/2844 2944/2944
f 182/182 2595/2595 2911/2911
f 1946/1946 397/397 399/399
f 265/265 2781/2781 264/264
f 1280/1280 1427/1427 1376/1376
f 3134/3134 739/739 100/100
f 1376/1376 1427/1427 2204/2204
f 620/620 218/218 2442/2442
f 1464/1464 326/326 1346/1346
f 216/216 1386/1386 1947/1947
f 270/270 2619/2619 1620/1620
f 3014/3014 2981/2981 771/771
f 164/164 1825/1825 1824/1824
f 1358/1358 2664/2664 2067/2067
f 503/503 2935/2935 941/941
f 1750/1750 956/956 1389/1389
f 230/230 799/799 2318/2318
f 2812/2812 2925/2925 2717/2717
f 2933/2933 2394/2394 2395/2395
f 2612/2612 2613/2613 1346/1346
f 182/182 2903/2903 3017/3017
f 2458/2458 314/314 2952/2952
f 415/415 3008/3008 2780/2780
f 2153/2153 2558/2558 2630/2630
f 1863/1863 2383/2383 208/208
f 2804/2804 2427/2427 988/988
f 2633/2633 912/912 1102/1102
f 123/123 2282/2282 2283/2283
f 1473/1473 2594/2594 2910/2910
f 2107/2107 1829/1829 2528/2528
f 2257/2257 2569/2569 2564/2564
f 1703/1703 1736/1736 294/294
f 2542/2542 2224/2224 1016/1016
f 1276/1276 1103/1103 54/54
f 2763/2763 961/961 2566/2566
f 850/850 851/851 1150/1150
f 118/118 1533/1533 1532/1532
f 1034/1034 332/332 1035/1035
f 887/887 886/886 1416/1416
f 1109/1109 1514/1514 1515/1515
f 1896/1896 2553/2553 119/119
f 3164/3164 946/946 250/250
f 54/54 1274/1274 2597/2597
f 149/149 2232/2232 2043/2043
f 2954/2954 2643/2643 397/397
f 826/826 720/720 1769/1769
f 370/370 371/371 3122/3122
f 2629/2629 2574/2574 284/284
f 2774/2774 2773/2773 2031/2031
f 1127/1127 2869/2869 1228/1228
f 1716/1716 216/216 215/215
f 1647/1647 2682/2682 2684/2684
f 2614/2614 820/820 2284/2284
f 2198/2198 2614/2614 1425/1425
f 397/397 2514/2514 1812/1812
f 2587/2587 69/69 71/71
f 328/328 2753/2753 2954/2954
f 1048/1048 2854/2854 405/405
f 153/153 974/974 973/973
f 875/875 800/800 799/799
f 636/636 637/637 3066/3066
f 2158/2158 2326/2326 3161/3161
f 2535/2535 2536/2536 331/331
f 160/160 1014/1014 159/159
f 2145/2145 1830/1830 1831/1831
f 385/385 386/386 2396/2396
f 1553/1553 1317/1317 1316/1316
f 2328/2328 2329/2329 2830/2830
f 615/615 2843/2843 3170/3170
f 2934/2934 1737/1737 941/941
f 470/470 1307/1307 1119/1119
f 1070/1070 901/901 1580/1580
f 3168/3168 1134/1134 1136/1136
f 163/163 901/901 1070/1070
f 2316/2316 434/434 436/436
f 3159/3159 1300/1300 126/126
f 2315/2315 2317/2317 3121/3121
f 2964/2964 1700/1700 1174/1174
f 230/230 326/326 1464/1464
f 1107/1107 2990/2990 852/852
f 2067/2067 2664/2664 931/931
f 1391/1391 1181/1181 1180/1180
f 440/440 659/659 658/658
f 2576/2576 2790/2790 2791/2791
f 2432/2432 2101/2101 2433/2433
f 1064/1064 2971/2971 270/270
f 1257/1257 681/681 383/383
f 975/975 3143/3143 3167/3167
f 192/192 649/649 650/650
f 1577/1577 2742/2742 821/821
f 2904/2904 2908/2908 2905/2905
f 2817/2817 2819/2819 1675/1675
f 2046/2046 2654/2654 478/478
f 151/151 476/476 210/210
f 1284/1284 1285/1285 1282/1282
f 1346/1346 3128/3128 2237/2237

