# https://github.com/mikedh/trimesh
mtllib material.mtl
usemtl Box_baked_u0_v0
v -0.49716718 0.27520593 0.12200326
v -0.49088171 0.27717814 0.13626980
v -0.46297871 0.28902680 0.12086091
v -0.46697949 0.30747854 0.10739862
v 0.42913345 0.30903069 0.11048757
v 0.43006065 0.30123404 0.12549177
v 0.44034690 0.29131150 0.11349456
v 0.44688339 0.29297635 0.09529896
v 0.49080999 -0.29321712 0.10946305
v 0.48157900 -0.29513811 0.11709065
v 0.47943262 -0.31144858 0.11632738
v 0.48050325 -0.31405600 0.11205510
v -0.45252853 -0.32149919 0.12825800
v -0.45641661 -0.32035172 0.13682304
v -0.46562199 -0.31445044 0.13768365
v -0.47137983 -0.31597699 0.11373532
v 0.45548942 -0.29513298 -0.15093591
v 0.49510276 -0.29763283 -0.14674559
v 0.48731635 -0.32630935 -0.14623845
v 0.46333729 -0.33209792 -0.14465043
v -0.44219618 -0.29437483 0.14417915
v -0.47693789 -0.28045151 0.13650032
v -0.46562199 -0.31445044 0.13768365
v -0.45641661 -0.32035172 0.13682304
v 0.42608549 -0.28751050 0.13294521
v 0.40839190 -0.28580466 0.13218706
v 0.40729054 -0.30931244 0.12533297
v 0.42773498 -0.30599809 0.12600404
v 0.31286499 -0.29027672 0.13325769
v 0.31407393 -0.31189425 0.12788917
v 0.22886913 -0.29172643 0.13546042
v 0.22599533 -0.31374352 0.12898541
v 0.13085773 -0.28659355 0.14245794
v 0.13180030 -0.31476805 0.13160820
v 0.04252812 -0.29159836 0.14004518
v 0.04631375 -0.31651999 0.13419513
v -0.04968957 -0.29280731 0.14119265
v -0.05340348 -0.31981897 0.13393388
v -0.11488536 -0.29264338 0.14321097
v -0.14127205 -0.29421603 0.14270895
v -0.13679999 -0.31975749 0.13658740
v -0.11651948 -0.31939891 0.13706893
v -0.16005676 -0.29325298 0.14288312
v -0.23257792 -0.29346813 0.14384618
v -0.23545171 -0.32009047 0.13712528
v -0.16240805 -0.31992142 0.13591121
v -0.32699834 -0.29511762 0.14700684
v -0.32258263 -0.32039782 0.13907700
v -0.36490072 -0.29308393 0.15729310
v -0.40739811 -0.28853503 0.14519855
v -0.40666557 -0.31927084 0.14008616
v -0.36766182 -0.32230857 0.13678206
v -0.43233510 -0.29544034 -0.14340051
v -0.41590169 -0.29488197 -0.14290874
v -0.41494888 -0.32760537 -0.14000932
v -0.43090589 -0.32700602 -0.14129510
v -0.34284265 -0.29554279 -0.14418427
v -0.32416040 -0.29572721 -0.14439430
v -0.32392988 -0.32557681 -0.14076235
v -0.33899043 -0.32566389 -0.14047548
v -0.23263426 -0.29517396 -0.14575692
v -0.23118968 -0.32435250 -0.14167418
v -0.16072270 -0.29543522 -0.14704270
v -0.14167674 -0.29400600 -0.14731420
v -0.13902834 -0.32349702 -0.14324683
v -0.16124521 -0.32431152 -0.14230939
v -0.06560560 -0.29520982 -0.15003944
v -0.05122124 -0.29502541 -0.14947083
v -0.04940270 -0.32619665 -0.14251941
v -0.05788579 -0.32172459 -0.14462482
v 0.04175461 -0.29372426 -0.14982942
v 0.03676004 -0.32473670 -0.14292410
v 0.13393644 -0.29500492 -0.14909176
v 0.13159539 -0.32126355 -0.14533686
v 0.22554966 -0.29458486 -0.14963988
v 0.22705059 -0.32379925 -0.14334416
v 0.31784931 -0.29496906 -0.14886124
v 0.31691699 -0.32336895 -0.14351321
v 0.40988771 -0.29482050 -0.15016751
v 0.41020532 -0.32400928 -0.14434820
v 0.43451222 -0.31624849 0.11853011
v 0.42773498 -0.30599809 0.12600404
v 0.40729054 -0.30931244 0.12533297
v 0.40857119 -0.31617677 0.11609174
v 0.31407393 -0.31189425 0.12788917
v 0.31591296 -0.31977798 0.11214731
v 0.22599533 -0.31374352 0.12898541
v 0.22601582 -0.32023390 0.11746460
v 0.13180030 -0.31476805 0.13160820
v 0.13604184 -0.32172971 0.11672694
v 0.04631375 -0.31651999 0.13419513
v 0.04231810 -0.32278497 0.11889894
v -0.05340348 -0.31981897 0.13393388
v -0.05075508 -0.32232394 0.12154734
v -0.11666803 -0.32357386 0.11774635
v -0.11651948 -0.31939891 0.13706893
v -0.13679999 -0.31975749 0.13658740
v -0.14133352 -0.32317942 0.11880161
v -0.16100445 -0.32333822 0.11864793
v -0.16240805 -0.31992142 0.13591121
v -0.23545171 -0.32009047 0.13712528
v -0.23345389 -0.32352263 0.11961611
v -0.32258263 -0.32039782 0.13907700
v -0.32546667 -0.32559730 0.12929277
v -0.36803065 -0.32831742 0.12285362
v -0.36766182 -0.32230857 0.13678206
v -0.40666557 -0.31927084 0.14008616
v -0.40996967 -0.32917290 0.12517417
v -0.42985575 0.31275485 0.11997469
v -0.42364199 0.29954870 0.13562947
v -0.41458005 0.30603908 0.15263150
v -0.41803783 0.31231430 0.12436479
v -0.34216647 0.31205817 0.12155247
v -0.34411819 0.30738633 0.15302082
v -0.32171690 0.30747854 0.15397363
v -0.32397086 0.31226820 0.12360664
v -0.23252669 0.30861064 0.15177602
v -0.23290064 0.31386134 0.12275116
v -0.16094297 0.31528543 0.12190081
v -0.16115300 0.30988105 0.15116130
v -0.14157941 0.31115147 0.14918396
v -0.14184067 0.31570037 0.12259748
v -0.06110280 0.31692468 0.11979540
v -0.05908961 0.31135637 0.15018800
v -0.04862918 0.31268826 0.14898930
v -0.04882384 0.31701176 0.12361689
v 0.04122185 0.31263191 0.14801088
v 0.04296867 0.31907618 0.12219280
v 0.13360347 0.31406625 0.14551616
v 0.13600086 0.31857417 0.12428283
v 0.22415630 0.31396892 0.14451212
v 0.22553429 0.31887128 0.12296631
v 0.31715263 0.31583868 0.14273969
v 0.31672233 0.32016731 0.12319171
v 0.41024630 0.31489611 0.14293435
v 0.40899125 0.32057712 0.12317634
v 0.31720898 0.26268621 -0.15323085
v 0.40995431 0.26378757 -0.15348698
v 0.40949839 0.24927515 -0.15431172
v 0.31644571 0.24957738 -0.15347161
v 0.40820749 0.17614952 -0.15469080
v 0.31786980 0.17673350 -0.15434246
v 0.40882733 0.10263457 -0.15605342
v 0.31832572 0.10325441 -0.15437319
v 0.40891953 0.02930916 -0.15537723
v 0.31687089 0.03029271 -0.15441418
v 0.31709116 -0.00309663 -0.15416317
v 0.40841752 -0.00258949 -0.15579216
v 0.40855583 -0.04323761 -0.15504426
v 0.31695797 -0.04330933 -0.15346649
v 0.40843801 -0.11642471 -0.15468055
v 0.31716288 -0.11606612 -0.15316937
v 0.40899125 -0.18980647 -0.15341526
v 0.31678893 -0.18960156 -0.15202190
v 0.40901686 -0.26283476 -0.15174016
v 0.31755732 -0.26327531 -0.15043901
v 0.22508350 0.26341362 -0.15363553
v 0.22570334 0.24908561 -0.15402998
v 0.22508862 0.17660543 -0.15400436
v 0.22494007 0.10333125 -0.15440393
v 0.22543696 0.02992900 -0.15375336
v 0.22584165 -0.00278928 -0.15358943
v 0.22595435 -0.04348349 -0.15341014
v 0.22520132 -0.11585097 -0.15266736
v 0.22554454 -0.18915077 -0.15198092
v 0.22567772 -0.26163094 -0.15142256
v 0.13194886 0.26260937 -0.15697549
v 0.13365469 0.24972594 -0.15581265
v 0.13364957 0.17636467 -0.15500328
v 0.13404401 0.10393060 -0.15444491
v 0.13422843 0.03031832 -0.15359455
v 0.13354200 -0.00293783 -0.15272883
v 0.13369567 -0.04303783 -0.15240098
v 0.13401328 -0.11615321 -0.15220120
v 0.13407987 -0.18918663 -0.15165307
v 0.13393132 -0.26287062 -0.15046462
v 0.04275352 0.26467379 -0.15724699
v 0.04216442 0.24872190 -0.15686792
v 0.04166240 0.17669252 -0.15531576
v 0.04078643 0.10485780 -0.15450638
v 0.04269717 0.02991363 -0.15411706
v 0.04219003 -0.00334252 -0.15382507
v 0.04253325 -0.04421091 -0.15318474
v 0.04221564 -0.11513380 -0.15296447
v 0.04163678 -0.18936080 -0.15241122
v 0.04320943 -0.26428959 -0.15166844
v -0.04929513 0.26191781 -0.15578704
v -0.04999180 0.24917269 -0.15583315
v -0.05007377 0.17557066 -0.15487521
v -0.04904924 0.10330051 -0.15435783
v -0.04775833 0.02942698 -0.15363553
v -0.04878286 -0.00242557 -0.15384556
v -0.05017110 -0.04220796 -0.15357919
v -0.04904924 -0.11782319 -0.15241635
v -0.04885970 -0.18856167 -0.15184261
v -0.05073459 -0.26381319 -0.15139694
v -0.06166117 0.26225078 -0.15559750
v -0.06153823 0.24876801 -0.15522355
v -0.06137430 0.17550407 -0.15494693
v -0.06170215 0.10406891 -0.15487521
v -0.06142553 0.02988802 -0.15393777
v -0.06259349 -0.00414165 -0.15302082
v -0.06209147 -0.04219771 -0.15223193
v -0.06126160 -0.11754144 -0.15173504
v -0.06048296 -0.18588765 -0.15181700
v -0.06058541 -0.26525265 -0.15078223
v -0.16160892 0.26553952 -0.15820493
v -0.14084175 0.26376196 -0.15567434
v -0.14134377 0.24990011 -0.15459347
v -0.16076881 0.24828648 -0.15456785
v -0.14220437 0.17607268 -0.15385581
v -0.16079954 0.17856740 -0.15345624
v -0.14028338 0.10200449 -0.15309254
v -0.16142963 0.10393060 -0.15294910
v -0.14156917 0.02971897 -0.15237537
v -0.16020532 0.02948333 -0.15245221
v -0.16076881 -0.00280977 -0.15141743
v -0.14000676 -0.00309663 -0.15202190
v -0.14185091 -0.04241286 -0.15154038
v -0.16105055 -0.04253068 -0.15109983
v -0.14144110 -0.11614296 -0.15055171
v -0.15965719 -0.11659888 -0.15099738
v -0.13996066 -0.19007797 -0.14916860
v -0.16048194 -0.18982696 -0.14917884
v -0.14146671 -0.26273231 -0.14837971
v -0.16126570 -0.26216882 -0.14829775
v -0.32303854 0.26177950 -0.14979356
v -0.23201955 0.26252741 -0.15123814
v -0.23221933 0.24803547 -0.15142768
v -0.32333566 0.24913171 -0.15031607
v -0.23293138 0.17692816 -0.15169406
v -0.32345348 0.17488935 -0.14995748
v -0.23339241 0.10234770 -0.15174528
v -0.32557425 0.10372569 -0.15037242
v -0.23042641 0.02884300 -0.15176577
v -0.32509784 0.02922208 -0.15039803
v -0.32459070 -0.00373184 -0.14992162
v -0.23304408 -0.00277903 -0.15133035
v -0.23395078 -0.04280731 -0.15111520
v -0.32383255 -0.04506127 -0.14987552
v -0.23260353 -0.11616858 -0.14942985
v -0.32213696 -0.11811005 -0.14884587
v -0.23335143 -0.18843872 -0.14835410
v -0.32440116 -0.18892537 -0.14719126
v -0.23249595 -0.26282452 -0.14719638
v -0.32693687 -0.26201514 -0.14619234
v -0.34330881 0.26233275 -0.14866658
v -0.34295023 0.24857335 -0.14954767
v -0.34285290 0.17615976 -0.14865121
v -0.34349323 0.10302901 -0.14983966
v -0.34557302 0.03003658 -0.14982942
v -0.34465094 -0.00406481 -0.15032119
v -0.33785833 -0.04452851 -0.14986527
v -0.34291949 -0.11584585 -0.14822091
v -0.34291949 -0.18948886 -0.14694025
v -0.34351372 -0.26226615 -0.14544956
v -0.43112616 0.26310114 -0.14677120
v -0.41307911 0.26459183 -0.14800064
v -0.41688011 0.24756419 -0.14817993
v -0.43050120 0.24849138 -0.14772914
v -0.41653689 0.17655421 -0.14838996
v -0.43039875 0.17551944 -0.14885612
v -0.41478495 0.10260384 -0.14697099
v -0.43423560 0.10603600 -0.14778548
v -0.41522038 0.03189609 -0.14925568
v -0.43095711 0.03026197 -0.14940936
v -0.42881585 -0.00193380 -0.14931715
v -0.41530234 -0.00241020 -0.14883050
v -0.41607073 -0.04301221 -0.14948620
v -0.43237096 -0.04252556 -0.14871780
v -0.41508206 -0.11708040 -0.14722712
v -0.43121325 -0.11684989 -0.14690951
v -0.41625003 -0.18936080 -0.14631529
v -0.43236584 -0.19013432 -0.14643823
v -0.42070672 -0.26249155 -0.14499877
v -0.43198676 -0.26281940 -0.14473752
v -0.36647850 0.26369024 0.15887599
v -0.41725918 0.26361340 0.16077137
v -0.41731553 0.24956201 0.16125802
v -0.36641190 0.24878337 0.15868645
v -0.41742823 0.17633906 0.15983905
v -0.36670901 0.17654909 0.15722650
v -0.41739750 0.10323392 0.15933703
v -0.36656046 0.10329027 0.15606366
v -0.41691085 0.02991363 0.15986978
v -0.36704711 0.02980606 0.15527478
v -0.36649386 -0.00387015 0.15922433
v -0.41582997 -0.00354230 0.15768242
v -0.41622954 -0.04347837 0.15801027
v -0.36668340 -0.04350399 0.16016177
v -0.41468250 -0.11671670 0.15298496
v -0.36656046 -0.11572803 0.15308741
v -0.41333012 -0.19071317 0.15166332
v -0.36473680 -0.18816210 0.14820042
v -0.41171649 -0.25379331 0.14798014
v -0.36404524 -0.25736379 0.14653556
v -0.23220909 0.26359291 0.15699598
v -0.32418601 0.26378757 0.15859425
v -0.32459582 0.24935199 0.15898357
v -0.23276745 0.24968496 0.15756460
v -0.32429359 0.17653884 0.15719577
v -0.23272647 0.17657982 0.15626345
v -0.32409893 0.10258335 0.15583827
v -0.23315165 0.10405354 0.15448589
v -0.32466754 0.03060519 0.15440393
v -0.23087208 0.02950894 0.15645298
v -0.23289040 -0.00343985 0.15844057
v -0.32439604 -0.00375745 0.15826640
v -0.32396062 -0.04356546 0.15856863
v -0.23329508 -0.04314028 0.15380970
v -0.32445239 -0.11517991 0.15327183
v -0.23235252 -0.11554361 0.15112032
v -0.32516444 -0.18961693 0.15005481
v -0.23435035 -0.18948886 0.14851802
v -0.32414503 -0.26144141 0.14709393
v -0.23286478 -0.26190757 0.14606428
v -0.16073295 0.26327019 0.15636078
v -0.16013360 0.24943907 0.15646323
v -0.16070221 0.17651835 0.15580241
v -0.16113763 0.10361812 0.15691402
v -0.16097883 0.02986753 0.15761582
v -0.16080979 -0.00218993 0.15597658
v -0.16032826 -0.04297635 0.15312327
v -0.16010799 -0.11613272 0.15035705
v -0.16058439 -0.18903807 0.14866658
v -0.16102494 -0.26128773 0.14549567
v -0.11363543 0.26355193 0.15603805
v -0.14134377 0.26354681 0.15623783
v -0.14116448 0.24938272 0.15637102
v -0.11329222 0.24908561 0.15603293
v -0.14123619 0.17646200 0.15564361
v -0.11368154 0.17698963 0.15525941
v -0.14021167 0.10334662 0.15733408
v -0.11414257 0.10291119 0.15651958
v -0.14080077 0.02925793 0.15847643
v -0.11330246 0.02970360 0.15984929
v -0.11401451 -0.00229750 0.15510061
v -0.14113374 -0.00293783 0.15527990
v -0.14090835 -0.04362181 0.15261613
v -0.11380448 -0.04294562 0.15178114
v -0.14156917 -0.11639397 0.15021361
v -0.11323587 -0.11614296 0.15004457
v -0.13910518 -0.19049290 0.14882026
v -0.11346126 -0.18951960 0.14810821
v -0.14060611 -0.26167193 0.14537785
v -0.11226257 -0.26245569 0.14628455
v 0.04199537 0.26350583 0.15222681
v -0.04990472 0.26356730 0.15443979
v -0.04913120 0.24967984 0.15444491
v 0.04146774 0.25015624 0.15210387
v -0.04965371 0.17664642 0.15389167
v 0.04123722 0.17639541 0.15146866
v -0.05000717 0.10279850 0.15585876
v 0.04312235 0.10146661 0.15245733
v -0.04945393 0.02985728 0.15858912
v 0.04238469 0.02980606 0.15685767
v 0.04201074 -0.00293783 0.15438856
v -0.04940270 -0.00292759 0.15423488
v -0.04965883 -0.04316589 0.15064904
v 0.04241030 -0.04309417 0.15366115
v -0.05005840 -0.11637348 0.14971672
v 0.04191341 -0.11587659 0.14861535
v -0.04999180 -0.19093857 0.15034168
v 0.04256910 -0.19024189 0.14681218
v -0.04895703 -0.26186146 0.14874854
v 0.04251788 -0.26074473 0.14870756
v 0.13322951 0.26393613 0.14938375
v 0.13359322 0.24957226 0.14931715
v 0.13329099 0.17666691 0.14898930
v 0.13377764 0.10283435 0.14836434
v 0.13409012 0.02909913 0.15329232
v 0.13350614 -0.00329129 0.15596121
v 0.13263529 -0.04197744 0.15476251
v 0.13282995 -0.11516454 0.14924544
v 0.13373153 -0.18885366 0.14508586
v 0.13335246 -0.26365439 0.14623333
v 0.22518083 0.26389515 0.14910200
v 0.22506301 0.24995133 0.14888685
v 0.22520644 0.17733797 0.14691976
v 0.22500666 0.10195326 0.14763693
v 0.22559576 0.03070764 0.15144305
v 0.22434072 -0.00387015 0.15143280
v 0.22524742 -0.04227968 0.15070539
v 0.22446878 -0.11676280 0.14520880
v 0.22357744 -0.18887927 0.14295484
v 0.22432023 -0.26364414 0.14013227
v 0.31641497 0.26399248 0.14751398
v 0.31670184 0.24982839 0.14716565
v 0.31736778 0.17638004 0.14635627
v 0.31679405 0.10328515 0.14594646
v 0.31636375 0.02851003 0.14880489
v 0.31637399 -0.00347571 0.14990113
v 0.31694773 -0.03935977 0.14870756
v 0.31676331 -0.11563582 0.14304705
v 0.31743438 -0.18748591 0.14038840
v 0.31625617 -0.26134408 0.13593171
v 0.40775157 0.26339313 0.14512171
v 0.40937545 0.24995646 0.14549567
v 0.40743909 0.17671301 0.14591060
v 0.40974940 0.10237844 0.14542395
v 0.40809991 0.03005707 0.14433283
v 0.40909370 -0.00440291 0.14515757
v 0.40853021 -0.04367303 0.14285751
v 0.40690122 -0.11733654 0.14180225
v 0.40665021 -0.18629746 0.13975319
v 0.40842776 -0.26069350 0.13499426
v 0.43883573 0.26483771 0.13149038
v 0.42330390 0.24808157 0.13168504
v 0.42456406 0.18717855 0.12961549
v 0.42715099 0.11357652 0.13146989
v 0.42937934 0.02907864 0.13071174
v 0.42938446 -0.00958701 0.13325769
v 0.42819089 -0.05447155 0.13383655
v 0.42922566 -0.10914032 0.13640299
v 0.42729955 -0.19503668 0.13666424
v 0.42512243 -0.27147153 0.13561410
v -0.45151425 0.26004293 0.14190982
v -0.49125054 0.26572393 0.13548604
v -0.49246973 0.24914708 0.13680255
v -0.44989038 0.25018185 0.14199178
v -0.48902731 0.17187724 0.13785782
v -0.44433744 0.17752239 0.14413305
v -0.48960617 0.10043696 0.14077260
v -0.44588447 0.10343883 0.14705807
v -0.48831527 0.03049761 0.13910262
v -0.44635576 0.03029783 0.14824140
v -0.44773375 -0.00285587 0.14890734
v -0.48446305 -0.00442340 0.14093652
v -0.48559515 -0.04175204 0.14172541
v -0.44721636 -0.04036381 0.15235488
v -0.48372026 -0.11580999 0.13967123
v -0.44836895 -0.11832521 0.14963476
v -0.48133824 -0.18733736 0.13970197
v -0.44571543 -0.19033922 0.14981405
v -0.47617974 -0.26297308 0.13856986
v -0.44415815 -0.26780372 0.14858974
v 0.45408581 0.26315237 -0.15385581
v 0.48619962 0.26072936 -0.14536760
v 0.48605619 0.24621181 -0.14767791
v 0.45410630 0.24910098 -0.15469080
v 0.48653259 0.17689742 -0.14990113
v 0.45365039 0.17605731 -0.15675010
v 0.48611766 0.10289070 -0.14301631
v 0.45371186 0.10289070 -0.15670912
v 0.48530316 0.02788507 -0.14937862
v 0.45592996 0.02949870 -0.15691402
v 0.45440342 -0.00296857 -0.15698062
v 0.48886339 -0.00746112 -0.14564422
v 0.49292052 -0.04342202 -0.14410743
v 0.45153474 -0.04387794 -0.15755947
v 0.49463660 -0.11803834 -0.14729371
v 0.45484396 -0.11649130 -0.15557189
v 0.49412434 -0.18621550 -0.15078735
v 0.45458783 -0.18979110 -0.15503401
v 0.49364793 -0.26462769 -0.15252392
v 0.45520255 -0.26283476 -0.15351771
v 0.49271561 0.26437668 0.12030254
v 0.48819745 0.26263498 0.12616284
v 0.48873020 0.24959275 0.12614747
v 0.49210602 0.25246655 0.12229525
v 0.48608180 0.17146743 0.12826824
v 0.49165010 0.17683595 0.12116827
v 0.48891974 0.10079555 0.12630115
v 0.49193697 0.09983249 0.12194179
v 0.48596910 0.03197293 0.12764840
v 0.49205991 0.02678882 0.12043061
v 0.49344815 -0.00523790 0.11750558
v 0.48567199 0.00196453 0.12699271
v 0.48415056 -0.03765906 0.12739739
v 0.49109174 -0.04085046 0.11743899
v 0.48693216 -0.11452933 0.12500000
v 0.49133250 -0.11688574 0.11832521
v 0.48487798 -0.18621038 0.12444163
v 0.49176280 -0.19146108 0.11676792
v 0.48493433 -0.25966385 0.12150124
v 0.49120956 -0.26182048 0.11462154
v -0.47861812 -0.29018964 0.12216206
v -0.47693789 -0.28045151 0.13650032
v -0.47617974 -0.26297308 0.13856986
v -0.48402250 -0.26349046 0.11828422
v -0.48133824 -0.18733736 0.13970197
v -0.48712169 -0.18984233 0.11973393
v -0.48372026 -0.11580999 0.13967123
v -0.48869434 -0.11561021 0.12193666
v -0.48559515 -0.04175204 0.14172541
v -0.49199844 -0.04155738 0.12645995
v -0.49205479 -0.01501188 0.12407793
v -0.48446305 -0.00442340 0.14093652
v -0.48831527 0.03049761 0.13910262
v -0.49171158 0.02897107 0.12231062
v -0.48960617 0.10043696 0.14077260
v -0.49391431 0.10238356 0.12202375
v -0.48902731 0.17187724 0.13785782
v -0.49496957 0.17681034 0.12348882
v -0.49246973 0.24914708 0.13680255
v -0.49714669 0.24913684 0.12281776
v -0.49114296 0.17766070 -0.13235611
v -0.49359158 0.17750702 -0.12504098
v -0.49429338 0.25095025 -0.12443139
v -0.49096879 0.24851187 -0.13367262
v -0.49060509 0.17574995 -0.10400232
v -0.49166035 0.17681034 -0.08739985
v -0.49362744 0.24876801 -0.08953087
v -0.49267975 0.24952103 -0.10407403
v -0.49299223 0.17682058 -0.05379536
v -0.49532303 0.24982327 -0.05234565
v -0.49422679 0.17654396 -0.01747587
v -0.49568674 0.24873215 -0.01777299
v -0.49494908 0.17693841 0.01766029
v -0.49654734 0.24949542 0.01769102
v -0.49554331 0.17669764 0.05274522
v -0.49775116 0.24984888 0.05219710
v -0.49598385 0.17673862 0.08801457
v -0.49858103 0.25033553 0.08773795
v -0.48667602 0.10168176 -0.13661814
v -0.49237752 0.10463752 -0.12236697
v -0.49115833 0.10539055 -0.10720909
v -0.49034895 0.10294705 -0.08800945
v -0.49139909 0.10294193 -0.05352386
v -0.49181403 0.10203522 -0.01684579
v -0.49312542 0.09873625 0.01634377
v -0.49323300 0.10428918 0.05299111
v -0.49401164 0.10292656 0.08808629
v -0.48766469 0.04775577 -0.13758632
v -0.49470319 0.07020316 -0.12180860
v -0.49423703 0.07095619 -0.10731154
v -0.49116345 0.06050601 -0.08830144
v -0.49513862 0.04593724 -0.05644889
v -0.49222384 0.03743878 -0.01946858
v -0.49037457 0.02487808 0.01220980
v -0.49129664 0.03114819 0.05405149
v -0.49202406 0.03118405 0.08948477
v -0.48901195 -0.00348083 -0.13388265
v -0.49125566 -0.00538133 -0.12826824
v -0.48785423 -0.00263047 -0.10926326
v -0.48627134 -0.00306077 -0.08783528
v -0.48770055 -0.00249216 -0.05264277
v -0.48876606 -0.00245118 -0.01788568
v -0.48894023 -0.00158546 0.01318823
v -0.49473905 0.00992511 0.05267863
v -0.49668565 -0.00376258 0.08875223
v -0.48609204 -0.12000543 -0.13329867
v -0.48762371 -0.11752095 -0.12172664
v -0.48912464 -0.04262801 -0.12313536
v -0.48177366 -0.04038942 -0.13612124
v -0.48330533 -0.11627103 -0.10307000
v -0.48410958 -0.11707528 -0.08771746
v -0.48532877 -0.04149591 -0.08610895
v -0.48717292 -0.04242823 -0.10825410
v -0.48500604 -0.11616345 -0.05320114
v -0.48654284 -0.04343739 -0.05230467
v -0.48588714 -0.11656814 -0.01815718
v -0.48785423 -0.04302758 -0.01428447
v -0.48691679 -0.11663986 0.01668186
v -0.48881729 -0.04513298 0.01960689
v -0.48773129 -0.11610198 0.05311405
v -0.48959080 -0.04293025 0.05342141
v -0.48861238 -0.11737240 0.08808116
v -0.49190111 -0.04426726 0.08422382
v -0.48490871 -0.19046729 -0.13782196
v -0.48748540 -0.18422279 -0.12433918
v -0.48178903 -0.18996527 -0.10294193
v -0.48307481 -0.18871022 -0.08919278
v -0.48378173 -0.18905856 -0.05261715
v -0.48463209 -0.19030336 -0.01806498
v -0.48569248 -0.19025726 0.01813157
v -0.48672213 -0.19055949 0.05214075
v -0.48801303 -0.18817235 0.08885468
v -0.48478065 -0.25842417 -0.13696648
v -0.48555417 -0.26451499 -0.12462092
v -0.48016003 -0.26255814 -0.10581573
v -0.48143044 -0.26115454 -0.08748694
v -0.48193246 -0.26083694 -0.05177192
v -0.48275208 -0.26233787 -0.01706094
v -0.48467307 -0.26269645 0.01837746
v -0.48535438 -0.26259912 0.05222783
v -0.48542610 -0.26078059 0.08827070
v -0.48395590 -0.29053286 -0.13405682
v -0.48466283 -0.29419554 -0.13015849
v -0.47983731 -0.29461560 -0.10771623
v -0.47990902 -0.29385232 -0.08665195
v -0.48083110 -0.29675686 -0.05163873
v -0.48104625 -0.29382159 -0.01849528
v -0.48269574 -0.29402137 0.01829549
v -0.48198369 -0.29478977 0.05213563
v -0.48178903 -0.29752013 0.08784552
v 0.48828453 -0.18967840 -0.12156783
v 0.48808987 -0.26329580 -0.12292533
v 0.48974961 -0.18927371 -0.10543665
v 0.49060509 -0.18964254 -0.08796847
v 0.48979571 -0.26382343 -0.08902373
v 0.48922710 -0.26322408 -0.10517028
v 0.49137860 -0.19038020 -0.05295525
v 0.49093293 -0.26274256 -0.05192560
v 0.49214188 -0.18965279 -0.01800863
v 0.49187550 -0.26279378 -0.01810596
v 0.49293589 -0.18961693 0.01714290
v 0.49314079 -0.26204588 0.01795228
v 0.49380161 -0.18971426 0.05261203
v 0.49367867 -0.26272719 0.05307307
v 0.49482102 -0.19017017 0.08902373
v 0.49595312 -0.26165144 0.09072957
v 0.48894535 -0.11360726 -0.12351956
v 0.48966764 -0.11642983 -0.10500123
v 0.49028748 -0.11638885 -0.08896226
v 0.49139397 -0.11675256 -0.05264277
v 0.49191648 -0.11700869 -0.01775762
v 0.49275659 -0.11548727 0.01486333
v 0.49353523 -0.11689599 0.05276571
v 0.49382722 -0.11451396 0.08896738
v 0.49147081 -0.04609092 -0.12385253
v 0.48982645 -0.04555304 -0.10759328
v 0.49024650 -0.04040991 -0.08579647
v 0.49080487 -0.04352960 -0.05349825
v 0.49241338 -0.04412895 -0.01534486
v 0.49358646 -0.04399576 0.01820329
v 0.49306395 -0.04322224 0.05181290
v 0.49371453 -0.04083509 0.08958722
v 0.49063582 -0.00217968 -0.12603477
v 0.49193697 -0.00468465 -0.10732691
v 0.49048214 -0.00207211 -0.08979212
v 0.49091244 -0.00221042 -0.05140309
v 0.49109686 -0.00363963 -0.02141006
v 0.49214188 -0.00254851 0.01667674
v 0.49397578 -0.00368061 0.05232516
v 0.49545622 -0.00272268 0.08743571
v 0.48796693 0.10180470 -0.12459019
v 0.48941151 0.03000584 -0.12138854
v 0.48727025 0.10255261 -0.10545714
v 0.48881216 0.10366934 -0.08855757
v 0.48844333 0.03029783 -0.08862416
v 0.48928857 0.02771602 -0.10931961
v 0.48944225 0.10343883 -0.05269399
v 0.49055898 0.02816169 -0.05648987
v 0.49012868 0.10295730 -0.01799326
v 0.49070754 0.03136846 -0.01720437
v 0.49088683 0.10169201 0.01703533
v 0.49102514 0.03194220 0.01744001
v 0.49163474 0.09857232 0.05123917
v 0.49272073 0.02580016 0.05492746
v 0.49264389 0.10394084 0.09101643
v 0.49436510 0.02832049 0.08500246
v 0.49173719 0.17601633 -0.12290484
v 0.49233654 0.17778364 -0.10664560
v 0.49217261 0.17664129 -0.08938231
v 0.49313567 0.17514548 -0.05443569
v 0.49406286 0.17793732 -0.01932002
v 0.49459562 0.17490472 0.01933539
v 0.49513350 0.17673862 0.05220734
v 0.49496957 0.17808075 0.08775331
v 0.49466734 0.25006403 -0.12029742
v 0.49509764 0.24983351 -0.10668145
v 0.49495933 0.25026894 -0.08834754
v 0.49635268 0.25119101 -0.05050151
v 0.49637830 0.24983864 -0.01753734
v 0.49722353 0.25057117 0.01595957
v 0.49718255 0.25046360 0.05281181
v 0.49655759 0.24901902 0.08851146
v 0.49551769 0.26586736 -0.12493341
v 0.49561502 0.26351607 -0.10596428
v 0.49595312 0.26491455 -0.09010973
v 0.49697252 0.26412567 -0.05342141
v 0.49805340 0.26404883 -0.01983741
v 0.49836588 0.26405395 0.01737854
v 0.49784337 0.26446376 0.05236615
v 0.49648075 0.26315749 0.08715909
v 0.31915558 0.32271326 -0.13968147
v 0.31730119 0.32180143 -0.12404207
v 0.40869414 0.32135063 -0.12348370
v 0.40854046 0.32039782 -0.14301631
v 0.31688626 0.32081788 -0.10632287
v 0.31719874 0.32084349 -0.08852683
v 0.40861730 0.32152993 -0.08828095
v 0.40869414 0.32125843 -0.10647655
v 0.31673258 0.32016731 -0.05334969
v 0.40884269 0.32101766 -0.05381073
v 0.31680942 0.32006485 -0.01779348
v 0.40858656 0.32128916 -0.01796252
v 0.31703994 0.32016731 0.01758345
v 0.40843801 0.32165287 0.01739391
v 0.31685552 0.32053614 0.05265814
v 0.40860193 0.32197560 0.05265301
v 0.31654816 0.32136088 0.08781991
v 0.40827920 0.32196023 0.08777893
v 0.22662541 0.31703737 -0.13800125
v 0.22564187 0.32474694 -0.12447749
v 0.22616438 0.31887128 -0.10545714
v 0.22483249 0.31916839 -0.08786601
v 0.22585702 0.31964992 -0.05343165
v 0.22540623 0.31897885 -0.01792154
v 0.22522181 0.31930158 0.01755271
v 0.22554454 0.31931183 0.05257105
v 0.22522693 0.31962431 0.08776356
v 0.13014569 0.32699578 -0.13860060
v 0.13347028 0.32449081 -0.12390376
v 0.13363420 0.31840000 -0.10622042
v 0.13319366 0.31862027 -0.08870612
v 0.13376227 0.31882517 -0.05313454
v 0.13369055 0.31899422 -0.01787032
v 0.13389033 0.31912229 0.01698922
v 0.13391595 0.31906594 0.05258130
v 0.13374178 0.31916327 0.08800432
v 0.04407004 0.32221124 -0.13822665
v 0.04244104 0.32207293 -0.12443139
v 0.04181095 0.31878419 -0.10595404
v 0.04162654 0.31989068 -0.08939768
v 0.04184169 0.31949112 -0.05353411
v 0.04219003 0.31953210 -0.01799326
v 0.04193902 0.31956283 0.01655380
v 0.04212344 0.31976262 0.05237127
v 0.04207733 0.31898398 0.08807092
v -0.04831158 0.31644827 -0.13279665
v -0.04945393 0.32992593 -0.12602453
v -0.04879823 0.31986507 -0.11278764
v -0.04953077 0.31817460 -0.08835266
v -0.04885970 0.31886616 -0.05411296
v -0.04963322 0.31890714 -0.01785495
v -0.04881360 0.31922474 0.01704045
v -0.04942831 0.31870735 0.05297062
v -0.05093949 0.31842049 0.08828095
v -0.06160994 0.31566963 -0.13338575
v -0.06249104 0.33565303 -0.12561984
v -0.06282913 0.32064883 -0.11148649
v -0.06241420 0.31834365 -0.08859855
v -0.06274717 0.31825144 -0.05288865
v -0.06163556 0.31879444 -0.01774737
v -0.06260886 0.31899934 0.01719925
v -0.06177387 0.31921962 0.05125453
v -0.06225027 0.31866125 0.08929523
v -0.16230560 0.30189486 -0.13862621
v -0.15689097 0.31778016 -0.11537457
v -0.13660021 0.31667879 -0.11262883
v -0.13669242 0.31651999 -0.13064002
v -0.15833043 0.32640155 -0.09676915
v -0.16110690 0.32578171 -0.08729740
v -0.14094933 0.32497746 -0.08753816
v -0.14196873 0.33219013 -0.09901799
v -0.16046145 0.31724740 -0.05280669
v -0.14114911 0.31729351 -0.05361607
v -0.16067660 0.31726277 -0.01781397
v -0.14064197 0.31752403 -0.01801887
v -0.16031801 0.31716544 0.01732219
v -0.14164088 0.31769307 0.01764492
v -0.15945741 0.32109450 0.05110598
v -0.14211217 0.31775967 0.05291939
v -0.16176260 0.31615628 0.08773282
v -0.14135914 0.31645852 0.08764062
v -0.32516956 0.30738633 -0.13160308
v -0.32544618 0.31561328 -0.12512294
v -0.23041104 0.32127379 -0.12540469
v -0.23369977 0.31056749 -0.13224341
v -0.32472901 0.31545960 -0.10543153
v -0.32469315 0.31557230 -0.08869588
v -0.23289040 0.31670953 -0.08914155
v -0.23271623 0.31730887 -0.10693246
v -0.32312563 0.31549546 -0.05323699
v -0.23240375 0.31679661 -0.05313966
v -0.32410917 0.31476292 -0.01836721
v -0.23222445 0.31635094 -0.01798814
v -0.32396062 0.31401502 0.01693287
v -0.23253693 0.31601797 0.01737854
v -0.32476999 0.31396892 0.05214075
v -0.23341290 0.31575672 0.05211514
v -0.32357130 0.31332346 0.08789163
v -0.23237813 0.31514200 0.08749206
v -0.34027109 0.31184302 -0.13040438
v -0.34261213 0.31669416 -0.12578376
v -0.34328832 0.31540838 -0.10524712
v -0.34198717 0.31510614 -0.08840901
v -0.34284265 0.31503955 -0.05293988
v -0.34310903 0.31445557 -0.01709680
v -0.34325246 0.31403039 0.01729146
v -0.34608016 0.31418407 0.05399514
v -0.34369301 0.31320052 0.08719495
v -0.43819540 0.30624910 -0.13107545
v -0.43080343 0.31540838 -0.12463117
v -0.41535356 0.31433775 -0.12480022
v -0.41982050 0.31157664 -0.12869854
v -0.43352355 0.31585405 -0.10700418
v -0.43136692 0.31554669 -0.08774819
v -0.41544065 0.31483976 -0.08879321
v -0.41574288 0.31445557 -0.10578499
v -0.43122349 0.31492173 -0.05327797
v -0.41591705 0.31442483 -0.05450228
v -0.43033727 0.31417894 -0.01802912
v -0.41618343 0.31374864 -0.01897680
v -0.43223777 0.31400477 0.01746050
v -0.41706965 0.31340030 0.01696361
v -0.43125935 0.31390744 0.05304233
v -0.41761265 0.31311856 0.05355972
v -0.43260660 0.31346690 0.08757914
v -0.41505645 0.31277534 0.08884956
v -0.36495195 -0.32454716 -0.14200715
v -0.36669365 -0.33263068 -0.12345809
v -0.41650103 -0.33725642 -0.12537395
v -0.41494888 -0.32760537 -0.14000932
v -0.36657583 -0.33472071 -0.10604112
v -0.36653997 -0.33650339 -0.08864465
v -0.41607073 -0.33954624 -0.08870100
v -0.41604000 -0.33796334 -0.10626652
v -0.36647337 -0.33929523 -0.05340604
v -0.41624490 -0.33914667 -0.05327797
v -0.36648874 -0.34027365 -0.01788568
v -0.41622954 -0.33833217 -0.01794203
v -0.36660144 -0.33813239 0.01741440
v -0.41615782 -0.33737424 0.01745026
v -0.36609942 -0.33450556 0.05209977
v -0.41632687 -0.33551985 0.05270936
v -0.36596623 -0.33014620 0.08654949
v -0.41581460 -0.33277923 0.08762525
v -0.23118968 -0.32435250 -0.14167418
v -0.23249595 -0.33070457 -0.12339149
v -0.32445751 -0.33168299 -0.12292533
v -0.32392988 -0.32557681 -0.14076235
v -0.23265988 -0.33229771 -0.10710151
v -0.23262914 -0.33393183 -0.08836803
v -0.32415528 -0.33554546 -0.08871637
v -0.32381718 -0.33412649 -0.10595916
v -0.23285454 -0.33632410 -0.05322675
v -0.32431408 -0.33809141 -0.05342141
v -0.23267012 -0.33835266 -0.01801887
v -0.32436018 -0.34031463 -0.01804448
v -0.23259328 -0.33973577 0.01743489
v -0.32431408 -0.33900324 0.01749124
v -0.23276745 -0.33576573 0.05247372
v -0.32423212 -0.33471047 0.05252495
v -0.23459623 -0.33091460 0.08663658
v -0.32427310 -0.32950075 0.08757402
v -0.16124521 -0.32431152 -0.14230939
v -0.16147061 -0.32945977 -0.12306877
v -0.16113763 -0.33180593 -0.10542641
v -0.16091736 -0.33300975 -0.08789163
v -0.16079954 -0.33520224 -0.05320626
v -0.16071246 -0.33726666 -0.01801375
v -0.16062025 -0.33868051 0.01740416
v -0.16055365 -0.33613456 0.05253007
v -0.16043071 -0.33070969 0.08685685
v -0.11541811 -0.32454204 -0.14187909
v -0.11328197 -0.33029476 -0.12282800
v -0.14054976 -0.32955710 -0.12375520
v -0.13902834 -0.32349702 -0.14324683
v -0.11372764 -0.33203133 -0.10602063
v -0.11377374 -0.33319417 -0.08833217
v -0.14070856 -0.33306098 -0.08843975
v -0.14070856 -0.33178544 -0.10591306
v -0.11381472 -0.33512540 -0.05350849
v -0.14076491 -0.33517151 -0.05345214
v -0.11393255 -0.33659560 -0.01804961
v -0.14106715 -0.33699516 -0.01797277
v -0.11357396 -0.33753816 0.01740928
v -0.14104666 -0.33828095 0.01737854
v -0.11372252 -0.33594502 0.05230980
v -0.14104153 -0.33619603 0.05246860
v -0.11367641 -0.33021279 0.08703102
v -0.14098519 -0.33055601 0.08730252
v 0.03676004 -0.32473670 -0.14292410
v 0.04109891 -0.33293291 -0.12411378
v -0.04940270 -0.33283046 -0.12385765
v -0.04940270 -0.32619665 -0.14251941
v 0.04256910 -0.33487439 -0.10589769
v 0.04224638 -0.33500246 -0.08843462
v -0.04850112 -0.33492050 -0.08898275
v -0.04871627 -0.33405477 -0.10675317
v 0.04199537 -0.33541739 -0.05333432
v -0.04782493 -0.33615505 -0.05332920
v 0.04227711 -0.33528933 -0.01775762
v -0.04943344 -0.33683124 -0.01823915
v 0.04216954 -0.33595015 0.01711217
v -0.04939758 -0.33730765 0.01726072
v 0.04207733 -0.33563254 0.05218685
v -0.04923365 -0.33581184 0.05225345
v 0.04676454 -0.33128855 0.08546350
v -0.04934123 -0.32955710 0.08650851
v 0.13159539 -0.32126355 -0.14533686
v 0.13385960 -0.33324027 -0.12359640
v 0.13343954 -0.33444409 -0.10636897
v 0.13351638 -0.33487439 -0.08832705
v 0.13383399 -0.33478731 -0.05338555
v 0.13372641 -0.33434676 -0.01815206
v 0.13364957 -0.33431603 0.01747075
v 0.13373666 -0.33320954 0.05243786
v 0.13351638 -0.32929072 0.08644192
v 0.22705059 -0.32379925 -0.14334416
v 0.22505789 -0.33402404 -0.12405743
v 0.22552917 -0.33476682 -0.10588745
v 0.22529865 -0.33501783 -0.08868563
v 0.22534988 -0.33461826 -0.05332920
v 0.22506301 -0.33399330 -0.01796765
v 0.22538573 -0.33341444 0.01699947
v 0.22464807 -0.33181106 0.05219198
v 0.22492982 -0.32855306 0.08718470
v 0.31691699 -0.32336895 -0.14351321
v 0.31774174 -0.33371668 -0.12370397
v 0.31675307 -0.33504344 -0.10609747
v 0.31676331 -0.33498197 -0.08882395
v 0.31679405 -0.33420333 -0.05330871
v 0.31676331 -0.33341444 -0.01854650
v 0.31655329 -0.33242577 0.01705582
v 0.31591808 -0.33092484 0.05136723
v 0.31684528 -0.32743120 0.08726666
v 0.41020532 -0.32400928 -0.14434820
v 0.40864803 -0.33302000 -0.12473875
v 0.40869414 -0.33440311 -0.10654314
v 0.40874536 -0.33407014 -0.08874711
v 0.40783353 -0.33334785 -0.05331896
v 0.40832019 -0.33232332 -0.01798814
v 0.40819212 -0.33057138 0.01743489
v 0.40804869 -0.32892701 0.05256593
v 0.40845337 -0.32629398 0.08642655
v 0.43797000 -0.32399904 -0.14522417
v 0.43644858 -0.33152419 -0.12427259
v 0.43711964 -0.33298926 -0.10718347
v 0.43802635 -0.33283558 -0.08870612
v 0.43618220 -0.33196986 -0.05362631
v 0.43652542 -0.33064310 -0.01841844
v 0.43679692 -0.32919339 0.01761931
v 0.43520378 -0.32780003 0.05157726
v 0.43835420 -0.32473670 0.08830144
v -0.44197590 -0.32702139 -0.14168955
v -0.44917833 -0.33593990 -0.12538932
v -0.47937627 -0.32660646 -0.12815042
v -0.47526279 -0.33085312 -0.13253027
v -0.44522365 -0.33149858 -0.10760353
v -0.44872754 -0.32934195 -0.09126744
v -0.47658955 -0.32690869 -0.08865490
v -0.47857714 -0.32346628 -0.10148198
v -0.44518267 -0.32700090 -0.05516310
v -0.47758847 -0.32393244 -0.05416931
v -0.44659140 -0.32622738 -0.01691751
v -0.47786509 -0.32451130 -0.01108282
v -0.44596131 -0.32650401 0.01856699
v -0.47888962 -0.32060273 0.02030869
v -0.44568981 -0.32714434 0.05269399
v -0.47838760 -0.32070006 0.05171045
v -0.44567957 -0.32579196 0.08415722
v -0.47919698 -0.31853831 0.08360398
v 0.48821281 -0.29679272 -0.12154734
v 0.48466283 -0.32644253 -0.12064576
v 0.48935004 -0.29766357 -0.10500123
v 0.48995451 -0.29744842 -0.08841413
v 0.48840747 -0.32384024 -0.08645216
v 0.48729586 -0.32437811 -0.10256285
v 0.49146569 -0.29777114 -0.05281694
v 0.49082536 -0.32175020 -0.05353923
v 0.49253632 -0.29819632 -0.01625156
v 0.49151691 -0.32184753 -0.01917146
v 0.49327910 -0.29639315 0.01765004
v 0.49272073 -0.32071030 0.01405395
v 0.49430363 -0.29634705 0.05374413
v 0.49303834 -0.32057199 0.04961017
v 0.49760261 -0.29733572 0.09061175
v 0.49033359 -0.31879444 0.08741010
v 0.45412167 0.31981897 -0.14363615
v 0.45531525 0.32330236 -0.12417013
v 0.46924882 0.31636119 -0.12908786
v 0.47063193 0.30630033 -0.13779634
v 0.45539721 0.32319478 -0.10592843
v 0.45537160 0.32233418 -0.08870100
v 0.46887486 0.31633557 -0.09129818
v 0.46861873 0.31686321 -0.10339784
v 0.45602729 0.32208317 -0.05367242
v 0.47042190 0.30812399 -0.05407198
v 0.45573530 0.32133014 -0.01760394
v 0.47904330 0.30466109 -0.00658003
v 0.45583776 0.32136088 0.01832623
v 0.47807512 0.30692017 0.01534998
v 0.45538696 0.32106377 0.05211514
v 0.47998586 0.30548583 0.05968639
v 0.45701084 0.31989068 0.08706176
v 0.47825441 0.31024988 0.08628312
v -0.48390980 0.27271121 -0.13506598
v -0.49083048 0.27426849 -0.11657839
v -0.47056533 0.30590589 -0.11168627
v -0.47097514 0.28758222 -0.13904627
v -0.49208553 0.27716278 -0.10375131
v -0.49414995 0.27710643 -0.08768672
v -0.47123128 0.30590076 -0.08595015
v -0.46976620 0.30849794 -0.10678391
v -0.49405262 0.27858175 -0.05340092
v -0.46907977 0.31023964 -0.05213050
v -0.49526156 0.28020562 -0.01829549
v -0.46970985 0.30686894 -0.01736317
v -0.49810462 0.27597433 0.01831086
v -0.46888511 0.30725314 0.01732219
v -0.49951847 0.27983167 0.05155677
v -0.46719464 0.30872846 0.05424103
v -0.50000000 0.27834611 0.08785064
v -0.46734832 0.30856966 0.08937207
v -0.49844784 0.26374659 0.08862416
v -0.49781263 0.26297308 0.12263334
v -0.49822757 0.26464305 0.05304746
v -0.49684446 0.26342899 0.01833135
v -0.49536401 0.26494017 -0.01807522
v -0.49465709 0.26422300 -0.05334457
v -0.49403213 0.26386441 -0.08834754
v -0.49299736 0.26389003 -0.10517540
v -0.48659918 0.26520142 -0.13446663
v -0.49250046 0.26170778 -0.12555837
v 0.49154765 0.27465269 0.10974479
v 0.49533328 0.27730621 0.08862929
v 0.49969264 0.28024660 0.05175143
v 0.50000000 0.27807973 0.01744514
v 0.49991292 0.27899668 -0.01882825
v 0.49882692 0.27963701 -0.05296549
v 0.49733623 0.28086644 -0.08944378
v 0.49645514 0.28150165 -0.10674805
v 0.49537426 0.27989314 -0.12444163
v 0.48507776 0.27593847 -0.14573643
v 0.48975473 0.27528277 0.12543542
v 0.45412167 0.31981897 -0.14363615
v 0.45369137 0.27755722 -0.15239073
v -0.43523964 0.29617288 0.12816579
v -0.46297871 0.28902680 0.12086091
v -0.49088171 0.27717814 0.13626980
v -0.45222630 0.28095865 0.14199178
v 0.41746409 0.31242188 0.14261162
v 0.41024630 0.31489611 0.14293435
v 0.40748007 0.27839221 0.14572618
v 0.43839006 0.27721913 0.12956939
v 0.31715263 0.31583868 0.14273969
v 0.31726021 0.27775188 0.14750886
v 0.22415630 0.31396892 0.14451212
v 0.22527816 0.27870981 0.14878440
v 0.13360347 0.31406625 0.14551616
v 0.13319366 0.27835123 0.14936838
v 0.04122185 0.31263191 0.14801088
v 0.04332725 0.27972922 0.15222169
v -0.04862918 0.31268826 0.14898930
v -0.04796324 0.27841782 0.15402998
v -0.11098191 0.31078264 0.15047999
v -0.14157941 0.31115147 0.14918396
v -0.14042170 0.27797215 0.15597658
v -0.11333832 0.27808997 0.15550017
v -0.16115300 0.30988105 0.15116130
v -0.23252669 0.30861064 0.15177602
v -0.23239350 0.27848954 0.15681669
v -0.16095834 0.27819755 0.15601756
v -0.32171690 0.30747854 0.15397363
v -0.32492367 0.27959091 0.15810247
v -0.36581768 0.30752464 0.15263150
v -0.41458005 0.30603908 0.15263150
v -0.41710551 0.27839221 0.16241573
v -0.36667316 0.27889935 0.15864035
v -0.43819540 0.30624910 -0.13107545
v -0.41982050 0.31157664 -0.12869854
v -0.41864742 0.27765455 -0.14644335
v -0.43309838 0.27709618 -0.14654581
v -0.34027109 0.31184302 -0.13040438
v -0.32516956 0.30738633 -0.13160308
v -0.32624531 0.27780823 -0.14748325
v -0.34496855 0.28227517 -0.14805186
v -0.23369977 0.31056749 -0.13224341
v -0.23489847 0.27740866 -0.15006506
v -0.16230560 0.30189486 -0.13862621
v -0.13669242 0.31651999 -0.13064002
v -0.14111837 0.27872518 -0.16241573
v -0.16084564 0.27909401 -0.16183687
v -0.06160994 0.31566963 -0.13338575
v -0.04831158 0.31644827 -0.13279665
v -0.04834232 0.27124101 -0.15921409
v -0.06425322 0.27273170 -0.15979294
v 0.04407004 0.32221124 -0.13822665
v 0.04199025 0.27914011 -0.16062281
v 0.13014569 0.32699578 -0.13860060
v 0.13352150 0.27843831 -0.15537211
v 0.22662541 0.31703737 -0.13800125
v 0.22475565 0.27775700 -0.15239586
v 0.31915558 0.32271326 -0.13968147
v 0.31752659 0.27686054 -0.15208338
v 0.40854046 0.32039782 -0.14301631
v 0.40913981 0.27876104 -0.15287738
v -0.49125054 0.26572393 0.13548604
v -0.48390980 0.27271121 -0.13506598
v -0.44710366 0.27835123 -0.14618210
v -0.44740590 0.26228664 -0.14601818
v -0.48659918 0.26520142 -0.13446663
v -0.42836506 0.28353021 0.14180225
v -0.42635186 0.26325482 0.13842131
v -0.47097514 0.28758222 -0.13904627
v -0.45066902 0.31045991 -0.12898029
v -0.42364199 0.29954870 0.13562947
v -0.42932812 -0.32978249 0.08745620
v -0.41367334 -0.32648864 0.12762279
v -0.42943057 -0.33222087 0.05246860
v -0.42912833 -0.33323003 0.01727609
v -0.42952790 -0.33385499 -0.01801887
v -0.43067025 -0.33481292 -0.05434861
v -0.43105444 -0.33687222 -0.08864978
v -0.43177161 -0.33737936 -0.10619480
v -0.43090589 -0.32700602 -0.14129510
v -0.43158207 -0.33684149 -0.12454409
v -0.44245231 0.30715581 0.11573827
v -0.44741102 0.31370766 0.08784552
v -0.44675020 0.31399453 0.05431787
v -0.44666311 0.31450679 0.01506311
v -0.44627892 0.31472194 -0.01830062
v -0.44760568 0.31448118 -0.05361095
v -0.44847653 0.31535203 -0.08847561
v -0.44613036 0.31683759 -0.10639971
v -0.44705756 0.31435311 -0.12375008
v -0.45066902 0.31045991 -0.12898029
v -0.42808331 -0.19218849 0.14905590
v -0.42195664 -0.25479223 0.14792892
v -0.41914944 -0.11874526 0.14529076
v -0.43117739 -0.04466170 0.15276469
v -0.42968158 -0.00105270 0.14403059
v -0.42503022 0.10563644 0.13785782
v -0.42240743 0.03176803 0.14294972
v -0.42672582 0.18238377 0.13668473
v -0.42583960 0.24766152 0.13811395
v -0.48490871 -0.19046729 -0.13782196
v -0.44921931 -0.18917126 -0.14620259
v -0.44714977 -0.26207661 -0.14581327
v -0.48478065 -0.25842417 -0.13696648
v -0.48609204 -0.12000543 -0.13329867
v -0.44771326 -0.11624029 -0.14702221
v -0.48177366 -0.04038942 -0.13612124
v -0.44731881 -0.04364230 -0.14838996
v -0.48901195 -0.00348083 -0.13388265
v -0.44936274 -0.00392650 -0.14851290
v -0.48667602 0.10168176 -0.13661814
v -0.44510583 0.09895652 -0.14884587
v -0.44907075 0.02966775 -0.14826189
v -0.48766469 0.04775577 -0.13758632
v -0.49114296 0.17766070 -0.13235611
v -0.44647358 0.17539137 -0.14746276
v -0.49096879 0.24851187 -0.13367262
v -0.44560273 0.25066338 -0.14665338
v -0.43523964 0.29617288 0.12816579
v -0.48395590 -0.29053286 -0.13405682
v -0.44582813 -0.29480001 -0.14478362
v -0.44197590 -0.32702139 -0.14168955
v -0.47526279 -0.33085312 -0.13253027
v -0.42748397 -0.28569197 0.14955279
v -0.41548675 -0.32052589 0.13472789
v -0.41548675 -0.32052589 0.13472789
v -0.10872795 0.34031463 -0.10804920
v -0.11281581 0.32995666 -0.09874137
v -0.08538922 0.32286693 -0.10948354
v -0.07978505 0.33861904 -0.12137830
v -0.05908961 -0.33139100 -0.12404207
v -0.06249104 -0.33228746 -0.10518052
v -0.08724873 -0.33300463 -0.10388962
v -0.08668012 -0.33141661 -0.12218255
v -0.11383522 0.27731646 -0.16227742
v -0.08551216 0.27601018 -0.16137071
v -0.08603979 0.26209198 -0.15678596
v -0.11335881 0.26337264 -0.15628906
v -0.06251665 0.27863810 0.15400436
v -0.08644960 0.27857662 0.15527990
v -0.08533287 0.26475063 0.15555652
v -0.06361289 0.26339313 0.15498791
v -0.11270311 0.30636692 -0.13587023
v -0.08641887 0.31420456 -0.13410805
v -0.05908961 0.31135637 0.15018800
v -0.08638813 0.31111561 0.15067465
v -0.06278303 -0.33088898 0.08680563
v -0.06058029 -0.32161189 0.12307901
v -0.08660328 -0.32339969 0.12232086
v -0.08564535 -0.33032549 0.08586306
v -0.06219392 -0.33791212 0.05264277
v -0.08630617 -0.33589380 0.05289890
v -0.06205561 -0.33666732 0.01735293
v -0.08637789 -0.33744083 0.01757320
v -0.06205561 -0.33596551 -0.01799326
v -0.08594759 -0.33610383 -0.01792154
v -0.06172264 -0.33505881 -0.05342653
v -0.08580927 -0.33442872 -0.05329847
v -0.06157408 -0.33375254 -0.08963844
v -0.08579391 -0.33301488 -0.08738961
v -0.05788579 -0.32172459 -0.14462482
v -0.09029158 -0.32387609 -0.14167930
v -0.11098703 0.31951161 0.08725642
v -0.11404012 0.31607432 0.12326343
v -0.08385243 0.31690931 0.12217230
v -0.08686454 0.31957308 0.08866002
v -0.11371739 0.31789285 0.05261715
v -0.08701822 0.31805166 0.05260691
v -0.11200131 0.31857417 0.01603129
v -0.08552241 0.31870223 0.01782933
v -0.11444481 0.31799531 -0.01746050
v -0.08639838 0.31835389 -0.01773713
v -0.11572035 0.31828218 -0.05371340
v -0.08579391 0.31820021 -0.05356996
v -0.11471119 0.31927084 -0.08705664
v -0.08595783 0.31755476 -0.08793261
v -0.11270311 0.30636692 -0.13587023
v -0.08641887 0.31420456 -0.13410805
v -0.06180460 -0.19026750 0.14998822
v -0.08569145 -0.18875633 0.14933764
v -0.08586562 -0.26187171 0.14802625
v -0.06108231 -0.26161045 0.14849241
v -0.06183022 -0.11575876 0.14958353
v -0.08529701 -0.11606612 0.15007018
v -0.06228613 -0.04328371 0.15080272
v -0.08617810 -0.04273559 0.15111520
v -0.06233223 -0.00268170 0.15399412
v -0.08628568 -0.00228213 0.15424001
v -0.06192242 0.10282923 0.15642737
v -0.08608590 0.10226574 0.15692427
v -0.08608590 0.02982142 0.15973147
v -0.06192242 0.02957554 0.15895283
v -0.06186607 0.17640053 0.15407608
v -0.08517919 0.17642614 0.15464469
v -0.06178411 0.25033041 0.15502377
v -0.08654181 0.24927002 0.15550017
v -0.11402988 -0.18927371 -0.14933764
v -0.08757146 -0.19045192 -0.15121253
v -0.08546093 -0.26291673 -0.14898930
v -0.11311292 -0.26360828 -0.14885099
v -0.11376862 -0.11538481 -0.15069514
v -0.08728972 -0.11522089 -0.15173504
v -0.11208840 -0.04348862 -0.15255466
v -0.08686454 -0.04573233 -0.15229340
v -0.11338955 -0.00313761 -0.15245221
v -0.08678770 -0.00332203 -0.15281079
v -0.11365080 0.10388449 -0.15358943
v -0.08707969 0.10104143 -0.15491619
v -0.08605516 0.02990339 -0.15296959
v -0.11388132 0.02968311 -0.15275444
v -0.11384034 0.17657470 -0.15416317
v -0.08639325 0.17580118 -0.15471641
v -0.11279020 0.25020747 -0.15522355
v -0.08514333 0.25131908 -0.15580241
v -0.11098191 0.31078264 0.15047999
v -0.08638813 0.31111561 0.15067465
v -0.05875663 -0.31752915 0.13549116
v -0.09045550 -0.32110475 0.13446663
v -0.11276971 -0.29480001 -0.14773938
v -0.08723849 -0.29908766 -0.14735006
v -0.09029158 -0.32387609 -0.14167930
v -0.11541811 -0.32454204 -0.14187909
v -0.06346946 -0.29204403 0.14162295
v -0.08748950 -0.29105537 0.14281141
v -0.09045550 -0.32110475 0.13446663
v -0.05875663 -0.31752915 0.13549116
v 0.44607401 -0.33136026 -0.12357078
v 0.44520829 -0.33241553 -0.10622042
v 0.43700695 0.32251347 -0.10632287
v 0.43762166 0.32287718 -0.12492316
v 0.44899391 0.27838196 0.13389290
v 0.44542344 0.26506311 0.13299643
v 0.43668422 0.27691689 -0.15460371
v 0.43747823 0.26384392 -0.15493156
v 0.42544003 0.30694578 0.13686915
v 0.43846177 0.32014681 -0.14313925
v 0.42480995 0.31612042 0.11557947
v 0.43739114 0.32082813 0.08816313
v 0.43693011 0.32181167 0.05275547
v 0.43729894 0.32175020 0.01730683
v 0.43699670 0.32148895 -0.01826476
v 0.43704280 0.32172971 -0.05347776
v 0.43739627 0.32182704 -0.08830144
v 0.43846177 0.32014681 -0.14313925
v 0.44492142 -0.32487501 0.08631898
v 0.44077208 -0.31527007 0.11669108
v 0.44622769 -0.32705213 0.05371340
v 0.44508022 -0.32853257 0.01717364
v 0.44602279 -0.33022304 -0.01820329
v 0.44601254 -0.33108364 -0.05297062
v 0.44588960 -0.33243090 -0.08852171
v 0.44709854 -0.32610444 -0.14344661
v 0.43738602 -0.18979110 -0.15455761
v 0.43771899 -0.26315237 -0.15318474
v 0.43722722 -0.11622492 -0.15555652
v 0.43959900 -0.04452851 -0.15628394
v 0.43685839 -0.00299418 -0.15630955
v 0.43735529 0.10326978 -0.15718040
v 0.43721697 0.03012366 -0.15650421
v 0.43773436 0.17648761 -0.15605854
v 0.43727845 0.24921880 -0.15524404
v 0.44637625 -0.18967840 0.13189507
v 0.44512120 -0.26169754 0.12965648
v 0.44737004 -0.11255199 0.13427709
v 0.44642747 -0.04591675 0.13330379
v 0.44383030 -0.00228213 0.13332941
v 0.44833309 0.10211206 0.13432832
v 0.44364076 0.02893009 0.13314499
v 0.44586911 0.17617001 0.13306815
v 0.44695511 0.24990011 0.13295545
v 0.44046473 -0.29478977 0.12187007
v 0.44315923 -0.27657367 0.13000482
v 0.44046473 -0.29478977 0.12187007
v 0.43681741 -0.29537887 -0.15107422
v 0.43797000 -0.32399904 -0.14522417
v 0.41746409 0.31242188 0.14261162
v 0.45139131 -0.29109122 0.12985626
v 0.46682069 -0.30509651 0.12366811
v 0.46682069 -0.30509651 0.12366811
v 0.46308629 -0.31722691 0.11381729
v 0.45513083 0.26692263 0.13309889
v 0.45400385 0.24814304 0.13378532
v 0.45269246 0.17438733 0.13316036
v 0.45346598 0.10420210 0.13411829
v 0.45338914 0.03095353 0.13428222
v 0.45152962 -0.00134981 0.13328842
v 0.45635514 -0.04368328 0.13373409
v 0.45209823 -0.11417587 0.13355992
v 0.44929615 -0.19080538 0.13175676
v 0.45655492 -0.25993023 0.12763816
v 0.45577628 -0.33173934 -0.12477460
v 0.46333729 -0.33209792 -0.14465043
v 0.45371186 -0.33187253 -0.08945403
v 0.45490544 -0.33209792 -0.10651241
v 0.45465955 -0.33056113 -0.05324724
v 0.45472614 -0.32968516 -0.01717364
v 0.45417802 -0.32791273 0.01779860
v 0.45365039 -0.32669867 0.05262740
v 0.45289736 -0.32426541 0.08538153
v 0.43006065 0.30123404 0.12549177
v 0.45148864 0.28079473 0.13315524
v 0.44561297 0.32271326 -0.12371934
v 0.44602791 0.32319478 -0.10636897
v 0.44516731 0.27792093 -0.15323085
v 0.44586911 0.26371586 -0.15457298
v 0.44833822 0.31971139 -0.14386155
v 0.44572567 0.32166311 0.08895713
v 0.42641846 0.31288804 0.11324355
v 0.44609963 0.32191925 0.05309868
v 0.44577690 0.32130453 0.01748612
v 0.44576665 0.32131990 -0.01836721
v 0.44598693 0.32178094 -0.05330359
v 0.44566420 0.32248786 -0.08884956
v 0.44833822 0.31971139 -0.14386155
v 0.44652480 -0.18973475 -0.15506475
v 0.44577178 -0.26278354 -0.15318987
v 0.44579227 -0.11537969 -0.15594072
v 0.44535684 -0.04226943 -0.15613538
v 0.44655042 -0.00347571 -0.15673985
v 0.44553101 0.10282411 -0.15669887
v 0.44625843 0.02817706 -0.15674497
v 0.44628404 0.17651835 -0.15665277
v 0.44559761 0.24913684 -0.15519282
v 0.44653505 -0.29380622 -0.15169918
v 0.44709854 -0.32610444 -0.14344661
v 0.42544003 0.30694578 0.13686915
v -0.47937627 -0.32660646 -0.12815042
v -0.47857714 -0.32346628 -0.10148198
v -0.47919698 -0.31853831 0.08360398
v -0.47137983 -0.31597699 0.11373532
v -0.47838760 -0.32070006 0.05171045
v -0.47888962 -0.32060273 0.02030869
v -0.47786509 -0.32451130 -0.01108282
v -0.47758847 -0.32393244 -0.05416931
v -0.47658955 -0.32690869 -0.08865490
v -0.47526279 -0.33085312 -0.13253027
v -0.46562199 -0.31445044 0.13768365
v -0.34032744 -0.26071912 0.14722199
v -0.34693052 -0.29640852 0.15466006
v -0.36598672 -0.26373123 -0.14481948
v -0.36642727 -0.29392916 -0.14382056
v -0.36638629 0.02672223 -0.14962451
v -0.36679098 -0.00074022 -0.14904565
v -0.34283241 0.02964213 0.15439368
v -0.34340614 -0.00280977 0.15893746
v -0.36406573 0.31535203 -0.10836168
v -0.36481364 0.31561840 -0.12357591
v -0.34341639 -0.33157029 -0.12343760
v -0.34330369 -0.33420333 -0.10581061
v -0.36454214 0.28208051 -0.14723736
v -0.36609942 0.26288599 -0.14838483
v -0.34311415 0.27780311 0.15814858
v -0.34341127 0.26375684 0.15834324
v -0.36280044 0.31250896 -0.12757669
v -0.34411819 0.30738633 0.15302082
v -0.34386718 -0.32971590 0.08827582
v -0.34612114 -0.32676014 0.12475924
v -0.34308342 -0.33455167 0.05225857
v -0.34334979 -0.33856781 0.01750149
v -0.34336516 -0.34015071 -0.01795740
v -0.34325246 -0.33821435 -0.05339067
v -0.34335492 -0.33572987 -0.08842438
v -0.33899043 -0.32566389 -0.14047548
v -0.36593550 0.31168422 0.12282288
v -0.36786161 0.31279583 0.08874198
v -0.36568961 0.31322101 0.05238664
v -0.36620187 0.31353349 0.01749124
v -0.36661681 0.31392793 -0.01795228
v -0.36604307 0.31430701 -0.05304233
v -0.36567424 0.31483464 -0.08725642
v -0.36280044 0.31250896 -0.12757669
v -0.34332418 -0.19017530 0.14927617
v -0.34350860 -0.11569217 0.15339477
v -0.34354958 -0.04308905 0.15922945
v -0.34382108 0.10335174 0.15584851
v -0.34340614 0.17631857 0.15708307
v -0.34338053 0.24917269 0.15851741
v -0.36630433 -0.18901246 -0.14647409
v -0.36599697 -0.11683452 -0.14814407
v -0.36243161 -0.04386257 -0.14851290
v -0.36334344 0.10624603 -0.14992675
v -0.36815360 0.17647225 -0.14786232
v -0.36823044 0.25023308 -0.14823628
v -0.36581768 0.30752464 0.15263150
v -0.34083458 -0.32282083 0.13750948
v -0.36495195 -0.32454716 -0.14200715
v -0.34083458 -0.32282083 0.13750948
vt 0.59722197 0.76670396
vt 0.62500000 0.76670396
vt 0.62500000 0.75000000
vt 0.59722197 0.75000000
vt 0.59522200 0.51225400
vt 0.62570697 0.51204896
vt 0.62500000 0.50000000
vt 0.59722197 0.50000000
vt 0.59722197 0.26547301
vt 0.62498498 0.26545101
vt 0.62500000 0.25000000
vt 0.59722197 0.25000000
vt 0.59722197 0.01405299
vt 0.62500000 0.01405299
vt 0.62500000 0.00000000
vt 0.59722197 0.00000000
vt 0.36289099 0.26547402
vt 0.37500000 0.26547301
vt 0.37500000 0.25000000
vt 0.36289099 0.25000000
vt 0.86095101 0.26541698
vt 0.87501299 0.26549000
vt 0.87500000 0.25000000
vt 0.86094701 0.25000000
vt 0.64153397 0.26543301
vt 0.64857000 0.26565301
vt 0.64859402 0.25000000
vt 0.64151102 0.25000000
vt 0.67132199 0.26547402
vt 0.67132199 0.25000000
vt 0.69404900 0.26547402
vt 0.69404900 0.25000000
vt 0.71677601 0.26547402
vt 0.71677601 0.25000000
vt 0.73950303 0.26547402
vt 0.73950303 0.25000000
vt 0.76223099 0.26547402
vt 0.76223099 0.25000000
vt 0.77814001 0.26547402
vt 0.78495800 0.26547402
vt 0.78495800 0.25000000
vt 0.77814001 0.25000000
vt 0.78981602 0.26547402
vt 0.80768502 0.26547402
vt 0.80768502 0.25000000
vt 0.78981602 0.25000000
vt 0.83041698 0.26545501
vt 0.83041298 0.25000000
vt 0.84090000 0.26547498
vt 0.85315001 0.26550198
vt 0.85314000 0.25000000
vt 0.84088600 0.25002497
vt 0.14297700 0.26547301
vt 0.14686000 0.26547402
vt 0.14686000 0.25000000
vt 0.14297700 0.25000000
vt 0.16487600 0.26547402
vt 0.16958700 0.26547402
vt 0.16958700 0.25000000
vt 0.16487600 0.25000000
vt 0.19231500 0.26547402
vt 0.19231500 0.25000000
vt 0.21018399 0.26547402
vt 0.21504200 0.26547402
vt 0.21504200 0.25000000
vt 0.21018399 0.25000000
vt 0.23465900 0.26547402
vt 0.23776899 0.26547402
vt 0.23776899 0.25000000
vt 0.23465900 0.25000000
vt 0.26049599 0.26547402
vt 0.26049599 0.25000000
vt 0.28322399 0.26547402
vt 0.28322399 0.25000000
vt 0.30595100 0.26547301
vt 0.30595100 0.25000000
vt 0.32867801 0.26547301
vt 0.32867801 0.25000000
vt 0.35140601 0.26547301
vt 0.35140601 0.25000000
vt 0.59722197 0.23348898
vt 0.62500000 0.23348898
vt 0.62500000 0.22640598
vt 0.59722197 0.22640598
vt 0.62500000 0.20367801
vt 0.59722197 0.20367801
vt 0.62500000 0.18095100
vt 0.59722197 0.18095100
vt 0.62500000 0.15822399
vt 0.59722197 0.15822399
vt 0.62500000 0.13549697
vt 0.59722197 0.13549697
vt 0.62500000 0.11276901
vt 0.59722197 0.11276901
vt 0.59722197 0.09685999
vt 0.62500000 0.09685999
vt 0.62500000 0.09004200
vt 0.59722197 0.09004200
vt 0.59722197 0.08518499
vt 0.62500000 0.08518499
vt 0.62500000 0.06731498
vt 0.59722197 0.06731498
vt 0.62500000 0.04458702
vt 0.59722197 0.04458702
vt 0.59722197 0.03410798
vt 0.62500000 0.03410798
vt 0.62500000 0.02186000
vt 0.59722197 0.02186000
vt 0.59729701 0.73212999
vt 0.62488502 0.73192799
vt 0.62500000 0.72814000
vt 0.59722197 0.72814000
vt 0.59722197 0.71012402
vt 0.62500000 0.71012402
vt 0.62500000 0.70541298
vt 0.59722197 0.70541298
vt 0.62500000 0.68268502
vt 0.59722197 0.68268502
vt 0.59722197 0.66481501
vt 0.62500000 0.66481501
vt 0.62500000 0.65995800
vt 0.59722197 0.65995800
vt 0.59722197 0.64034104
vt 0.62500000 0.64034104
vt 0.62500000 0.63723099
vt 0.59722197 0.63723099
vt 0.62500000 0.61450303
vt 0.59722197 0.61450303
vt 0.62500000 0.59177601
vt 0.59722197 0.59177601
vt 0.62500000 0.56904900
vt 0.59722197 0.56904900
vt 0.62500000 0.54632199
vt 0.59722197 0.54632199
vt 0.62500000 0.52359402
vt 0.59722197 0.52359402
vt 0.32867801 0.47771800
vt 0.35140601 0.47771800
vt 0.35140601 0.47234797
vt 0.32867801 0.47234797
vt 0.35140601 0.44457102
vt 0.32867801 0.44457102
vt 0.35140601 0.41679299
vt 0.32867801 0.41679299
vt 0.35140601 0.38901502
vt 0.32867801 0.38901502
vt 0.32867801 0.37642699
vt 0.35140601 0.37642699
vt 0.35140601 0.36123699
vt 0.32867801 0.36123699
vt 0.35140601 0.33345902
vt 0.32867801 0.33345902
vt 0.35140601 0.30568200
vt 0.32867801 0.30568200
vt 0.35140601 0.27790397
vt 0.32867801 0.27790397
vt 0.30595100 0.47771800
vt 0.30595100 0.47234797
vt 0.30595100 0.44457102
vt 0.30595100 0.41679299
vt 0.30595100 0.38901502
vt 0.30595100 0.37642699
vt 0.30595100 0.36123699
vt 0.30595100 0.33345902
vt 0.30595100 0.30568200
vt 0.30595100 0.27790397
vt 0.28322399 0.47771800
vt 0.28322399 0.47234797
vt 0.28322399 0.44457102
vt 0.28322399 0.41679299
vt 0.28322399 0.38901502
vt 0.28322399 0.37642699
vt 0.28322399 0.36123699
vt 0.28322399 0.33345902
vt 0.28322399 0.30568200
vt 0.28322399 0.27790397
vt 0.26049000 0.47771502
vt 0.26049599 0.47234797
vt 0.26049599 0.44457102
vt 0.26049599 0.41679299
vt 0.26049599 0.38901502
vt 0.26049599 0.37642699
vt 0.26049599 0.36123699
vt 0.26049599 0.33345902
vt 0.26049599 0.30568200
vt 0.26049599 0.27790397
vt 0.23776700 0.47772300
vt 0.23776899 0.47234797
vt 0.23776899 0.44457102
vt 0.23776899 0.41679299
vt 0.23776899 0.38901502
vt 0.23776899 0.37642699
vt 0.23776899 0.36123699
vt 0.23776899 0.33345997
vt 0.23776899 0.30568200
vt 0.23776899 0.27790397
vt 0.23465700 0.47772199
vt 0.23465700 0.47235000
vt 0.23465900 0.44457000
vt 0.23465900 0.41679299
vt 0.23465900 0.38901502
vt 0.23465900 0.37642699
vt 0.23465900 0.36123699
vt 0.23465900 0.33345997
vt 0.23465900 0.30568200
vt 0.23465900 0.27790397
vt 0.21019100 0.47771603
vt 0.21505100 0.47771502
vt 0.21504200 0.47234797
vt 0.21018501 0.47234797
vt 0.21504200 0.44457102
vt 0.21018399 0.44457102
vt 0.21504200 0.41679299
vt 0.21018399 0.41679299
vt 0.21504200 0.38901502
vt 0.21018399 0.38901502
vt 0.21018399 0.37642699
vt 0.21504200 0.37642699
vt 0.21504200 0.36123699
vt 0.21018399 0.36123699
vt 0.21504200 0.33345997
vt 0.21018501 0.33345902
vt 0.21504200 0.30568200
vt 0.21018501 0.30568200
vt 0.21504200 0.27790397
vt 0.21018399 0.27790397
vt 0.16958700 0.47771800
vt 0.19231500 0.47771800
vt 0.19231500 0.47234797
vt 0.16958700 0.47234797
vt 0.19231500 0.44457102
vt 0.16958700 0.44457102
vt 0.19231500 0.41679299
vt 0.16958700 0.41679299
vt 0.19231500 0.38901502
vt 0.16958700 0.38901502
vt 0.16958700 0.37642699
vt 0.19231500 0.37642699
vt 0.19231500 0.36123699
vt 0.16958700 0.36123699
vt 0.19231500 0.33345902
vt 0.16958700 0.33345902
vt 0.19231500 0.30568200
vt 0.16958700 0.30568200
vt 0.19231500 0.27790397
vt 0.16958700 0.27790397
vt 0.16487600 0.47771800
vt 0.16487600 0.47234797
vt 0.16487600 0.44457102
vt 0.16487600 0.41679299
vt 0.16487600 0.38901502
vt 0.16487600 0.37642699
vt 0.16487600 0.36123699
vt 0.16487600 0.33345902
vt 0.16487600 0.30568200
vt 0.16487600 0.27790397
vt 0.14297700 0.47771800
vt 0.14686000 0.47771800
vt 0.14686000 0.47234797
vt 0.14297700 0.47234797
vt 0.14686000 0.44457102
vt 0.14297700 0.44457102
vt 0.14686000 0.41679299
vt 0.14297700 0.41679299
vt 0.14686000 0.38901502
vt 0.14297700 0.38901502
vt 0.14297700 0.37642699
vt 0.14686000 0.37642699
vt 0.14686000 0.36123699
vt 0.14297700 0.36123699
vt 0.14686000 0.33345902
vt 0.14297700 0.33345902
vt 0.14686000 0.30568200
vt 0.14297700 0.30568200
vt 0.14686000 0.27790397
vt 0.14297700 0.27790397
vt 0.84089202 0.47771800
vt 0.85314000 0.47771800
vt 0.85314000 0.47234797
vt 0.84089202 0.47234797
vt 0.85314000 0.44457102
vt 0.84089202 0.44457102
vt 0.85314000 0.41679299
vt 0.84089202 0.41679299
vt 0.85314000 0.38901502
vt 0.84089202 0.38901502
vt 0.84089297 0.37642002
vt 0.85314202 0.37641299
vt 0.85314000 0.36123699
vt 0.84089202 0.36123699
vt 0.85314000 0.33345902
vt 0.84089202 0.33345902
vt 0.85314000 0.30568200
vt 0.84088802 0.30569601
vt 0.85314000 0.27790397
vt 0.84089702 0.27787900
vt 0.80768502 0.47771800
vt 0.83041298 0.47771800
vt 0.83041298 0.47234797
vt 0.80768502 0.47234797
vt 0.83041298 0.44457102
vt 0.80768502 0.44457102
vt 0.83041298 0.41679299
vt 0.80768502 0.41679299
vt 0.83041298 0.38901502
vt 0.80768502 0.38901502
vt 0.80768502 0.37642699
vt 0.83041298 0.37642699
vt 0.83041298 0.36123699
vt 0.80768502 0.36123699
vt 0.83041298 0.33345902
vt 0.80768502 0.33345902
vt 0.83041298 0.30568200
vt 0.80768502 0.30568200
vt 0.83041298 0.27790397
vt 0.80768502 0.27790397
vt 0.78981501 0.47771800
vt 0.78981501 0.47234797
vt 0.78981602 0.44457102
vt 0.78981602 0.41679299
vt 0.78981602 0.38901502
vt 0.78981602 0.37642699
vt 0.78981501 0.36123699
vt 0.78981602 0.33345902
vt 0.78981602 0.30568200
vt 0.78981602 0.27790397
vt 0.77814001 0.47771800
vt 0.78495800 0.47771800
vt 0.78495800 0.47234797
vt 0.77814001 0.47234797
vt 0.78495800 0.44457102
vt 0.77814001 0.44457102
vt 0.78495800 0.41679299
vt 0.77814001 0.41679299
vt 0.78495800 0.38901502
vt 0.77814001 0.38901502
vt 0.77814001 0.37642699
vt 0.78495800 0.37642699
vt 0.78495800 0.36123699
vt 0.77814001 0.36123699
vt 0.78495800 0.33345902
vt 0.77814001 0.33345902
vt 0.78495800 0.30568200
vt 0.77814001 0.30568200
vt 0.78495800 0.27790397
vt 0.77814001 0.27790397
vt 0.73950398 0.47771800
vt 0.76223099 0.47771800
vt 0.76223099 0.47234797
vt 0.73950398 0.47234797
vt 0.76223099 0.44457102
vt 0.73950398 0.44457102
vt 0.76223099 0.41679299
vt 0.73950398 0.41679299
vt 0.76223099 0.38901502
vt 0.73950398 0.38901502
vt 0.73950303 0.37642699
vt 0.76223099 0.37642699
vt 0.76223099 0.36123699
vt 0.73950398 0.36123699
vt 0.76223099 0.33345902
vt 0.73950398 0.33345902
vt 0.76223099 0.30568200
vt 0.73950303 0.30568200
vt 0.76223099 0.27790397
vt 0.73950303 0.27790397
vt 0.71677601 0.47771800
vt 0.71677601 0.47234797
vt 0.71677601 0.44457102
vt 0.71677601 0.41679299
vt 0.71677601 0.38901502
vt 0.71677601 0.37642699
vt 0.71677601 0.36123699
vt 0.71677601 0.33345902
vt 0.71677601 0.30568200
vt 0.71677601 0.27790397
vt 0.69404900 0.47771800
vt 0.69404900 0.47234797
vt 0.69404900 0.44457102
vt 0.69404900 0.41679299
vt 0.69404900 0.38901502
vt 0.69404900 0.37642699
vt 0.69404900 0.36123699
vt 0.69404900 0.33345902
vt 0.69404900 0.30568200
vt 0.69404900 0.27790397
vt 0.67132199 0.47771800
vt 0.67132199 0.47234797
vt 0.67132199 0.44457102
vt 0.67132199 0.41679299
vt 0.67132199 0.38901502
vt 0.67132199 0.37642699
vt 0.67132199 0.36123699
vt 0.67132199 0.33345902
vt 0.67132199 0.30568200
vt 0.67132199 0.27790397
vt 0.64859402 0.47771800
vt 0.64859402 0.47234797
vt 0.64859402 0.44457102
vt 0.64859402 0.41679299
vt 0.64859402 0.38901502
vt 0.64859802 0.37640399
vt 0.64859402 0.36123699
vt 0.64859402 0.33345902
vt 0.64859402 0.30568200
vt 0.64859402 0.27790397
vt 0.64151102 0.47771800
vt 0.64151102 0.47234797
vt 0.64151102 0.44457102
vt 0.64151102 0.41679299
vt 0.64151102 0.38901502
vt 0.64150602 0.37649500
vt 0.64151102 0.36123699
vt 0.64151102 0.33345902
vt 0.64151102 0.30568200
vt 0.64151102 0.27790397
vt 0.86094701 0.47771800
vt 0.87500000 0.47771800
vt 0.87500000 0.47234797
vt 0.86094701 0.47234797
vt 0.87500000 0.44457102
vt 0.86094701 0.44457102
vt 0.87500000 0.41679299
vt 0.86094701 0.41679299
vt 0.87500000 0.38901502
vt 0.86094701 0.38901502
vt 0.86096501 0.37641698
vt 0.87500000 0.37642699
vt 0.87500000 0.36123699
vt 0.86094701 0.36123699
vt 0.87500000 0.33345902
vt 0.86094701 0.33345902
vt 0.87500000 0.30568200
vt 0.86094701 0.30568200
vt 0.87500000 0.27790397
vt 0.86094701 0.27790397
vt 0.36289099 0.47771800
vt 0.37500000 0.47771800
vt 0.37500000 0.47234797
vt 0.36289099 0.47234797
vt 0.37500000 0.44457102
vt 0.36289099 0.44457102
vt 0.37500000 0.41679299
vt 0.36289099 0.41679299
vt 0.37500000 0.38901502
vt 0.36289099 0.38901502
vt 0.36289099 0.37642699
vt 0.37500000 0.37642699
vt 0.37500000 0.36123699
vt 0.36289099 0.36123699
vt 0.37500000 0.33345902
vt 0.36289099 0.33345902
vt 0.37500000 0.30568200
vt 0.36289099 0.30568200
vt 0.37500000 0.27790397
vt 0.36289099 0.27790397
vt 0.59722197 0.47771800
vt 0.62500000 0.47771800
vt 0.62500000 0.47234797
vt 0.59722197 0.47234797
vt 0.62500000 0.44457102
vt 0.59722197 0.44457102
vt 0.62500000 0.41679299
vt 0.59722197 0.41679299
vt 0.62500000 0.38901502
vt 0.59722197 0.38901502
vt 0.59722197 0.37642699
vt 0.62500000 0.37642699
vt 0.62500000 0.36123699
vt 0.59722197 0.36123699
vt 0.62500000 0.33345902
vt 0.59722197 0.33345902
vt 0.62500000 0.30568200
vt 0.59722197 0.30568200
vt 0.62500000 0.27790397
vt 0.59722197 0.27790397
vt 0.59722197 0.98452598
vt 0.62500000 0.98452598
vt 0.62500000 0.97209603
vt 0.59722197 0.97209603
vt 0.62500000 0.94431800
vt 0.59722197 0.94431800
vt 0.62500000 0.91654003
vt 0.59722197 0.91654003
vt 0.62500000 0.88876301
vt 0.59722197 0.88876301
vt 0.59722197 0.87357301
vt 0.62500000 0.87357301
vt 0.62500000 0.86098498
vt 0.59722197 0.86098498
vt 0.62500000 0.83320701
vt 0.59722197 0.83320701
vt 0.62500000 0.80542898
vt 0.59722197 0.80542898
vt 0.62500000 0.77765203
vt 0.59722197 0.77765203
vt 0.37500000 0.80542898
vt 0.40277800 0.80542898
vt 0.40277800 0.77765203
vt 0.37500000 0.77765203
vt 0.41666701 0.80542898
vt 0.43055600 0.80542898
vt 0.43055600 0.77765203
vt 0.41666701 0.77765203
vt 0.45833299 0.80542898
vt 0.45833299 0.77765203
vt 0.48611099 0.80542898
vt 0.48611099 0.77765203
vt 0.51388901 0.80542898
vt 0.51388901 0.77765203
vt 0.54166698 0.80542898
vt 0.54166698 0.77765203
vt 0.56944400 0.80542898
vt 0.56944400 0.77765203
vt 0.37500000 0.83320701
vt 0.40277800 0.83320701
vt 0.41666701 0.83320701
vt 0.43055600 0.83320701
vt 0.45833299 0.83320701
vt 0.48611099 0.83320701
vt 0.51388901 0.83320701
vt 0.54166698 0.83320701
vt 0.56944400 0.83320701
vt 0.37500000 0.86098498
vt 0.40277800 0.86098498
vt 0.41666701 0.86098498
vt 0.43055600 0.86098498
vt 0.45833299 0.86098498
vt 0.48611099 0.86098498
vt 0.51388901 0.86098498
vt 0.54166698 0.86098498
vt 0.56944400 0.86098498
vt 0.37500000 0.87357301
vt 0.40277800 0.87357301
vt 0.41666701 0.87357301
vt 0.43055499 0.87357301
vt 0.45833299 0.87357301
vt 0.48611099 0.87357301
vt 0.51388901 0.87357301
vt 0.54166698 0.87357301
vt 0.56944400 0.87357301
vt 0.37500000 0.91654003
vt 0.40277800 0.91654003
vt 0.40277800 0.88876301
vt 0.37500000 0.88876301
vt 0.41666701 0.91654003
vt 0.43055600 0.91654003
vt 0.43055600 0.88876301
vt 0.41666701 0.88876301
vt 0.45833299 0.91654003
vt 0.45833299 0.88876301
vt 0.48611099 0.91654003
vt 0.48611099 0.88876301
vt 0.51388901 0.91654003
vt 0.51388901 0.88876301
vt 0.54166698 0.91654003
vt 0.54166698 0.88876301
vt 0.56944400 0.91654003
vt 0.56944400 0.88876301
vt 0.37500000 0.94431800
vt 0.40277800 0.94431800
vt 0.41666701 0.94431800
vt 0.43055600 0.94431800
vt 0.45833299 0.94431800
vt 0.48611099 0.94431800
vt 0.51388901 0.94431800
vt 0.54166698 0.94431800
vt 0.56944400 0.94431800
vt 0.37500000 0.97209603
vt 0.40277800 0.97209603
vt 0.41666701 0.97209603
vt 0.43055600 0.97209603
vt 0.45833299 0.97209603
vt 0.48611099 0.97209603
vt 0.51388901 0.97209603
vt 0.54166698 0.97209603
vt 0.56944400 0.97209603
vt 0.37500000 0.98452598
vt 0.40277800 0.98452598
vt 0.41666701 0.98452598
vt 0.43055600 0.98452598
vt 0.45833299 0.98452598
vt 0.48611099 0.98452598
vt 0.51388901 0.98452598
vt 0.54166698 0.98452598
vt 0.56944400 0.98452598
vt 0.40277800 0.30568200
vt 0.40277800 0.27790397
vt 0.41666701 0.30568200
vt 0.43055600 0.30568200
vt 0.43055600 0.27790397
vt 0.41666701 0.27790397
vt 0.45833299 0.30568200
vt 0.45833299 0.27790397
vt 0.48611099 0.30568200
vt 0.48611099 0.27790397
vt 0.51388901 0.30568200
vt 0.51388901 0.27790397
vt 0.54166698 0.30568200
vt 0.54166698 0.27790397
vt 0.56944400 0.30568200
vt 0.56944400 0.27790397
vt 0.40277800 0.33345902
vt 0.41666701 0.33345902
vt 0.43055600 0.33345902
vt 0.45833299 0.33345902
vt 0.48611099 0.33345902
vt 0.51388901 0.33345902
vt 0.54166698 0.33345902
vt 0.56944400 0.33345902
vt 0.40277800 0.36123699
vt 0.41666701 0.36123699
vt 0.43055600 0.36123699
vt 0.45833299 0.36123699
vt 0.48611099 0.36123699
vt 0.51388901 0.36123699
vt 0.54166698 0.36123699
vt 0.56944400 0.36123699
vt 0.40277800 0.37642699
vt 0.41666701 0.37642699
vt 0.43055600 0.37642699
vt 0.45833299 0.37642699
vt 0.48611099 0.37642699
vt 0.51388901 0.37642699
vt 0.54166698 0.37642699
vt 0.56944400 0.37642699
vt 0.40277800 0.41679299
vt 0.40277800 0.38901502
vt 0.41666701 0.41679299
vt 0.43055600 0.41679299
vt 0.43055600 0.38901502
vt 0.41666701 0.38901502
vt 0.45833299 0.41679299
vt 0.45833299 0.38901502
vt 0.48611099 0.41679299
vt 0.48611099 0.38901502
vt 0.51388901 0.41679299
vt 0.51388901 0.38901502
vt 0.54166698 0.41679299
vt 0.54166698 0.38901502
vt 0.56944400 0.41679299
vt 0.56944400 0.38901502
vt 0.40277800 0.44457102
vt 0.41666701 0.44457102
vt 0.43055600 0.44457102
vt 0.45833299 0.44457102
vt 0.48611099 0.44457102
vt 0.51388901 0.44457102
vt 0.54166698 0.44457102
vt 0.56944400 0.44457102
vt 0.40277800 0.47234797
vt 0.41666701 0.47234797
vt 0.43055600 0.47234797
vt 0.45833299 0.47234797
vt 0.48611099 0.47234797
vt 0.51388901 0.47234797
vt 0.54166698 0.47234797
vt 0.56944400 0.47234797
vt 0.40277800 0.47771800
vt 0.41666701 0.47771800
vt 0.43055600 0.47771800
vt 0.45833299 0.47771800
vt 0.48611099 0.47771800
vt 0.51388901 0.47771800
vt 0.54166698 0.47771800
vt 0.56944501 0.47771800
vt 0.37500000 0.54632199
vt 0.40277800 0.54632199
vt 0.40277800 0.52359402
vt 0.37500000 0.52359402
vt 0.41666701 0.54632199
vt 0.43055600 0.54632199
vt 0.43055600 0.52359402
vt 0.41666701 0.52359402
vt 0.45833299 0.54632199
vt 0.45833299 0.52359402
vt 0.48611099 0.54632199
vt 0.48611099 0.52359402
vt 0.51388901 0.54632199
vt 0.51388901 0.52359402
vt 0.54166698 0.54632199
vt 0.54166698 0.52359402
vt 0.56944400 0.54632199
vt 0.56944400 0.52359402
vt 0.37500000 0.56904900
vt 0.40277800 0.56904900
vt 0.41666701 0.56904900
vt 0.43055600 0.56904900
vt 0.45833299 0.56904900
vt 0.48611099 0.56904900
vt 0.51388901 0.56904900
vt 0.54166698 0.56904900
vt 0.56944400 0.56904900
vt 0.37500000 0.59177601
vt 0.40277800 0.59177601
vt 0.41666701 0.59177601
vt 0.43055600 0.59177601
vt 0.45833299 0.59177601
vt 0.48611099 0.59177601
vt 0.51388901 0.59177601
vt 0.54166698 0.59177601
vt 0.56944400 0.59177601
vt 0.37500000 0.61450398
vt 0.40277800 0.61450398
vt 0.41666701 0.61450398
vt 0.43055600 0.61450398
vt 0.45833299 0.61450398
vt 0.48611099 0.61450398
vt 0.51388901 0.61450398
vt 0.54166698 0.61450398
vt 0.56944400 0.61450398
vt 0.37500000 0.63723099
vt 0.40277800 0.63723099
vt 0.41666701 0.63723099
vt 0.43055600 0.63723099
vt 0.45833299 0.63723099
vt 0.48611099 0.63723099
vt 0.51388901 0.63723099
vt 0.54166698 0.63723099
vt 0.56944400 0.63723099
vt 0.37664500 0.64030701
vt 0.40205601 0.64035600
vt 0.41668099 0.64034104
vt 0.43055600 0.64034104
vt 0.45833299 0.64034104
vt 0.48611099 0.64034104
vt 0.51388901 0.64034104
vt 0.54166698 0.64034104
vt 0.56944501 0.64034104
vt 0.37416199 0.66492403
vt 0.40316400 0.66469896
vt 0.40277800 0.65995800
vt 0.37500000 0.65995800
vt 0.41693699 0.66489899
vt 0.43026000 0.66481102
vt 0.43055600 0.65995800
vt 0.41666701 0.65995800
vt 0.45833299 0.66481602
vt 0.45833299 0.65995800
vt 0.48611099 0.66481602
vt 0.48611099 0.65995800
vt 0.51388901 0.66481602
vt 0.51388901 0.65995800
vt 0.54166698 0.66481602
vt 0.54166698 0.65995800
vt 0.56944400 0.66481602
vt 0.56944400 0.65995800
vt 0.37500000 0.70541298
vt 0.40277800 0.70541298
vt 0.40277800 0.68268502
vt 0.37500000 0.68268502
vt 0.41666701 0.70541298
vt 0.43055600 0.70541298
vt 0.43055600 0.68268502
vt 0.41666701 0.68268502
vt 0.45833299 0.70541298
vt 0.45833299 0.68268502
vt 0.48611099 0.70541298
vt 0.48611099 0.68268502
vt 0.51388901 0.70541298
vt 0.51388901 0.68268502
vt 0.54166698 0.70541298
vt 0.54166698 0.68268502
vt 0.56944400 0.70541298
vt 0.56944400 0.68268502
vt 0.37500000 0.71012402
vt 0.40277800 0.71012402
vt 0.41666701 0.71012402
vt 0.43055499 0.71012402
vt 0.45833299 0.71012402
vt 0.48611099 0.71012402
vt 0.51388901 0.71012402
vt 0.54166698 0.71012402
vt 0.56944400 0.71012402
vt 0.37500000 0.73202300
vt 0.40277800 0.73202300
vt 0.40277800 0.72814000
vt 0.37500000 0.72814000
vt 0.41666701 0.73202300
vt 0.43055600 0.73202300
vt 0.43055600 0.72814000
vt 0.41666701 0.72814000
vt 0.45833299 0.73202300
vt 0.45833299 0.72814000
vt 0.48611099 0.73202300
vt 0.48611099 0.72814000
vt 0.51388901 0.73202300
vt 0.51388901 0.72814000
vt 0.54166698 0.73202300
vt 0.54166698 0.72814000
vt 0.56939501 0.73177999
vt 0.56944400 0.72814000
vt 0.37500000 0.03410798
vt 0.40277800 0.03410798
vt 0.40277800 0.02186000
vt 0.37500000 0.02186000
vt 0.41666701 0.03410798
vt 0.43055600 0.03410798
vt 0.43055600 0.02186000
vt 0.41666701 0.02186000
vt 0.45833299 0.03410798
vt 0.45833299 0.02186000
vt 0.48611099 0.03410798
vt 0.48611099 0.02186000
vt 0.51388901 0.03410798
vt 0.51388901 0.02186000
vt 0.54166698 0.03410798
vt 0.54166698 0.02186000
vt 0.56944501 0.03410798
vt 0.56944400 0.02186000
vt 0.37500000 0.06731498
vt 0.40277800 0.06731498
vt 0.40277800 0.04458702
vt 0.37500000 0.04458702
vt 0.41666701 0.06731498
vt 0.43055600 0.06731498
vt 0.43055600 0.04458803
vt 0.41666701 0.04458702
vt 0.45833299 0.06731498
vt 0.45833299 0.04458702
vt 0.48611099 0.06731498
vt 0.48611099 0.04458702
vt 0.51388901 0.06731498
vt 0.51388901 0.04458702
vt 0.54166698 0.06731498
vt 0.54166698 0.04458702
vt 0.56944501 0.06731498
vt 0.56944501 0.04458702
vt 0.37500000 0.08518499
vt 0.40277800 0.08518499
vt 0.41666701 0.08518499
vt 0.43055600 0.08518499
vt 0.45833299 0.08518499
vt 0.48611099 0.08518499
vt 0.51388901 0.08518499
vt 0.54166698 0.08518499
vt 0.56944400 0.08518499
vt 0.37500000 0.09685999
vt 0.40277800 0.09685999
vt 0.40277800 0.09004200
vt 0.37500000 0.09004200
vt 0.41666701 0.09685999
vt 0.43055600 0.09685999
vt 0.43055600 0.09004200
vt 0.41666701 0.09004200
vt 0.45833299 0.09685999
vt 0.45833299 0.09004200
vt 0.48611099 0.09685999
vt 0.48611099 0.09004200
vt 0.51388901 0.09685999
vt 0.51388901 0.09004200
vt 0.54166698 0.09685999
vt 0.54166698 0.09004200
vt 0.56944400 0.09685999
vt 0.56944400 0.09004200
vt 0.37500000 0.13549697
vt 0.40277800 0.13549697
vt 0.40277800 0.11276901
vt 0.37500000 0.11276901
vt 0.41666701 0.13549697
vt 0.43055600 0.13549697
vt 0.43055600 0.11276901
vt 0.41666701 0.11276901
vt 0.45833299 0.13549697
vt 0.45833299 0.11276901
vt 0.48611099 0.13549697
vt 0.48611099 0.11276901
vt 0.51388901 0.13549697
vt 0.51388901 0.11276901
vt 0.54166698 0.13549697
vt 0.54166698 0.11276901
vt 0.56944400 0.13549697
vt 0.56944400 0.11276901
vt 0.37500000 0.15822399
vt 0.40277800 0.15822399
vt 0.41666701 0.15822399
vt 0.43055600 0.15822399
vt 0.45833299 0.15822399
vt 0.48611099 0.15822399
vt 0.51388901 0.15822399
vt 0.54166698 0.15822399
vt 0.56944400 0.15822399
vt 0.37500000 0.18095100
vt 0.40277800 0.18095100
vt 0.41666701 0.18095100
vt 0.43055600 0.18095100
vt 0.45833299 0.18095100
vt 0.48611099 0.18095100
vt 0.51388901 0.18095100
vt 0.54166698 0.18095100
vt 0.56944400 0.18095100
vt 0.37500000 0.20367801
vt 0.40277800 0.20367801
vt 0.41666701 0.20367801
vt 0.43055600 0.20367801
vt 0.45833299 0.20367801
vt 0.48611099 0.20367801
vt 0.51388901 0.20367801
vt 0.54166698 0.20367801
vt 0.56944400 0.20367801
vt 0.37500000 0.22640598
vt 0.40277800 0.22640598
vt 0.41666701 0.22640598
vt 0.43055600 0.22640598
vt 0.45833299 0.22640598
vt 0.48611099 0.22640598
vt 0.51388901 0.22640598
vt 0.54166698 0.22640598
vt 0.56944400 0.22640598
vt 0.37500000 0.23348898
vt 0.40277800 0.23348898
vt 0.41666701 0.23348898
vt 0.43055600 0.23348898
vt 0.45833299 0.23348898
vt 0.48611099 0.23348898
vt 0.51388901 0.23348898
vt 0.54166698 0.23348898
vt 0.56944400 0.23348898
vt 0.37500000 0.01405299
vt 0.40277800 0.01405299
vt 0.40277800 0.00000000
vt 0.37500000 0.00000000
vt 0.41666701 0.01405299
vt 0.43055600 0.01405299
vt 0.43055600 0.00000000
vt 0.41666701 0.00000000
vt 0.45833299 0.01405299
vt 0.45833299 0.00000000
vt 0.48611099 0.01405299
vt 0.48611099 0.00000000
vt 0.51388901 0.01405299
vt 0.51388901 0.00000000
vt 0.54166698 0.01405299
vt 0.54166698 0.00000000
vt 0.56944400 0.01405299
vt 0.56944400 0.00000000
vt 0.40277800 0.26547301
vt 0.40277800 0.25000000
vt 0.41666701 0.26547301
vt 0.43055600 0.26547301
vt 0.43055600 0.25000000
vt 0.41666701 0.25000000
vt 0.45833299 0.26547301
vt 0.45833299 0.25000000
vt 0.48611099 0.26547301
vt 0.48611099 0.25000000
vt 0.51388901 0.26547301
vt 0.51388901 0.25000000
vt 0.54166698 0.26547301
vt 0.54166698 0.25000000
vt 0.56944400 0.26547301
vt 0.56944400 0.25000000
vt 0.37500000 0.51210904
vt 0.40277800 0.51210904
vt 0.40277800 0.50000000
vt 0.37500000 0.50000000
vt 0.41666701 0.51210904
vt 0.43055600 0.51210904
vt 0.43055600 0.50000000
vt 0.41666701 0.50000000
vt 0.45833299 0.51210904
vt 0.45833299 0.50000000
vt 0.48611099 0.51210904
vt 0.48611099 0.50000000
vt 0.51388901 0.51210904
vt 0.51388901 0.50000000
vt 0.54175502 0.51210701
vt 0.54166698 0.50000000
vt 0.57251400 0.51197100
vt 0.56944400 0.50000000
vt 0.37500000 0.76670396
vt 0.40277800 0.76670396
vt 0.40277800 0.75000000
vt 0.37500000 0.75000000
vt 0.41666701 0.76670396
vt 0.43055600 0.76670396
vt 0.43055600 0.75000000
vt 0.41666701 0.75000000
vt 0.45833299 0.76670396
vt 0.45833299 0.75000000
vt 0.48611099 0.76670396
vt 0.48611099 0.75000000
vt 0.51388901 0.76670396
vt 0.51388901 0.75000000
vt 0.54166698 0.76670396
vt 0.54166698 0.75000000
vt 0.56944501 0.76670396
vt 0.56944400 0.75000000
vt 0.56944400 0.77228200
vt 0.59722197 0.77228200
vt 0.54166698 0.77228200
vt 0.51388901 0.77228200
vt 0.48611099 0.77228200
vt 0.45833299 0.77228200
vt 0.43055600 0.77228200
vt 0.41666701 0.77228200
vt 0.37500000 0.77228200
vt 0.40277800 0.77228200
vt 0.59722197 0.48329598
vt 0.56944501 0.48329598
vt 0.54166698 0.48329598
vt 0.51388901 0.48329598
vt 0.48611099 0.48329598
vt 0.45833299 0.48329598
vt 0.43055600 0.48329598
vt 0.41666701 0.48329598
vt 0.40277800 0.48329598
vt 0.37500000 0.48329598
vt 0.62500000 0.48329598
vt 0.36289099 0.50000000
vt 0.36289099 0.48329699
vt 0.86097300 0.49983799
vt 0.87500000 0.50000000
vt 0.87500000 0.48329598
vt 0.86087000 0.48377901
vt 0.64157802 0.49931699
vt 0.64859402 0.50000000
vt 0.64859402 0.48329598
vt 0.64139497 0.48447400
vt 0.67132199 0.50000000
vt 0.67132199 0.48329598
vt 0.69404900 0.50000000
vt 0.69404900 0.48329598
vt 0.71677601 0.50000000
vt 0.71677601 0.48329598
vt 0.73950398 0.50000000
vt 0.73950398 0.48329598
vt 0.76223099 0.50000000
vt 0.76223099 0.48329598
vt 0.77814001 0.50000000
vt 0.78495800 0.50000000
vt 0.78495800 0.48329598
vt 0.77814001 0.48329598
vt 0.78981501 0.50000000
vt 0.80768502 0.50000000
vt 0.80768502 0.48329598
vt 0.78981501 0.48329598
vt 0.83041298 0.50000000
vt 0.83041298 0.48329598
vt 0.84089202 0.50000000
vt 0.85314000 0.50000000
vt 0.85314000 0.48329598
vt 0.84089202 0.48329598
vt 0.14297700 0.50000000
vt 0.14686000 0.50000000
vt 0.14686000 0.48329598
vt 0.14297700 0.48329598
vt 0.16487600 0.50000000
vt 0.16958700 0.50000000
vt 0.16958700 0.48329598
vt 0.16487600 0.48329598
vt 0.19231500 0.50000000
vt 0.19231500 0.48329598
vt 0.21018600 0.50000000
vt 0.21504200 0.50000000
vt 0.21506000 0.48329097
vt 0.21019700 0.48329300
vt 0.23468500 0.49998999
vt 0.23776899 0.50000000
vt 0.23776500 0.48330700
vt 0.23464800 0.48330802
vt 0.26049599 0.50000000
vt 0.26048300 0.48329097
vt 0.28322399 0.50000000
vt 0.28322399 0.48329598
vt 0.30595100 0.50000000
vt 0.30595100 0.48329598
vt 0.32867801 0.50000000
vt 0.32867801 0.48329598
vt 0.35140601 0.50000000
vt 0.35140601 0.48329699
vt 0.62500000 0.77228200
vt 0.12500000 0.48329598
vt 0.13905300 0.48329598
vt 0.13905300 0.47771800
vt 0.12500000 0.47771800
vt 0.85698599 0.48353797
vt 0.85702300 0.47771800
vt 0.12500000 0.50000000
vt 0.13905300 0.50000000
vt 0.85703403 0.49991697
vt 0.56944400 0.01797700
vt 0.59722197 0.01797700
vt 0.54166698 0.01797700
vt 0.51388901 0.01797700
vt 0.48611099 0.01797700
vt 0.45833299 0.01797700
vt 0.43055600 0.01797700
vt 0.41666701 0.01797700
vt 0.37500000 0.01797700
vt 0.40277800 0.01797700
vt 0.59738302 0.73616099
vt 0.56934601 0.73545897
vt 0.54166698 0.73594701
vt 0.51388901 0.73594701
vt 0.48611099 0.73594701
vt 0.45833299 0.73594701
vt 0.43055600 0.73594701
vt 0.41666701 0.73594701
vt 0.40277800 0.73594701
vt 0.37500000 0.73594701
vt 0.85702300 0.30568099
vt 0.85702300 0.27790397
vt 0.85702300 0.33345902
vt 0.85702300 0.36123699
vt 0.85700601 0.37645102
vt 0.85702300 0.41679299
vt 0.85702300 0.38901502
vt 0.85702300 0.44457102
vt 0.85702300 0.47234797
vt 0.12500000 0.30568200
vt 0.13905300 0.30568200
vt 0.13905300 0.27790397
vt 0.12500000 0.27790397
vt 0.12500000 0.33345902
vt 0.13905300 0.33345902
vt 0.12500000 0.36123699
vt 0.13905300 0.36123699
vt 0.12500000 0.37642699
vt 0.13905300 0.37642699
vt 0.12500000 0.41679299
vt 0.13905300 0.41679299
vt 0.13905300 0.38901502
vt 0.12500000 0.38901502
vt 0.12500000 0.44457102
vt 0.13905300 0.44457102
vt 0.12500000 0.47234797
vt 0.13905300 0.47234797
vt 0.62475801 0.73575801
vt 0.12500000 0.26547402
vt 0.13905300 0.26547301
vt 0.13905300 0.25000000
vt 0.12500000 0.25000000
vt 0.85700202 0.26548898
vt 0.85702300 0.25000000
vt 0.62500000 0.01797700
vt 0.40248600 0.65314496
vt 0.41666701 0.65314001
vt 0.41666701 0.64632201
vt 0.40219399 0.64633203
vt 0.40277800 0.10965902
vt 0.41666701 0.10965902
vt 0.41666701 0.10367799
vt 0.40277800 0.10367799
vt 0.22186500 0.48329997
vt 0.22867000 0.48330897
vt 0.22867900 0.47772002
vt 0.22186500 0.47771800
vt 0.76534098 0.48329598
vt 0.77132201 0.48329598
vt 0.77132201 0.47771800
vt 0.76534098 0.47771800
vt 0.22187699 0.49998403
vt 0.22871201 0.49996799
vt 0.76534098 0.50000000
vt 0.77132201 0.50000000
vt 0.56944400 0.10965902
vt 0.59722197 0.10965902
vt 0.59722197 0.10367799
vt 0.56944400 0.10367799
vt 0.54166698 0.10965902
vt 0.54166698 0.10367799
vt 0.51388901 0.10965902
vt 0.51388901 0.10367799
vt 0.48611099 0.10965902
vt 0.48611099 0.10367799
vt 0.45833299 0.10965902
vt 0.45833299 0.10367799
vt 0.43055600 0.10965902
vt 0.43055600 0.10367799
vt 0.37500000 0.10965902
vt 0.37500000 0.10367799
vt 0.56944501 0.65314001
vt 0.59722197 0.65314001
vt 0.59722197 0.64632201
vt 0.56944501 0.64632201
vt 0.54166698 0.65314001
vt 0.54166698 0.64632201
vt 0.51388901 0.65314001
vt 0.51388901 0.64632201
vt 0.48611099 0.65314001
vt 0.48611099 0.64632201
vt 0.45833299 0.65314001
vt 0.45833299 0.64632201
vt 0.43055600 0.65314001
vt 0.43055600 0.64632201
vt 0.37572899 0.65312701
vt 0.37645701 0.64629698
vt 0.76534098 0.30568200
vt 0.77132201 0.30568200
vt 0.77132201 0.27790397
vt 0.76534098 0.27790397
vt 0.76534098 0.33345902
vt 0.77132201 0.33345902
vt 0.76534098 0.36123699
vt 0.77132201 0.36123699
vt 0.76534098 0.37642699
vt 0.77132201 0.37642699
vt 0.76534098 0.41679299
vt 0.77132201 0.41679299
vt 0.77132201 0.38901502
vt 0.76534098 0.38901502
vt 0.76534098 0.44457102
vt 0.77132201 0.44457102
vt 0.76534098 0.47234797
vt 0.77132201 0.47234797
vt 0.22186001 0.30568200
vt 0.22867800 0.30568200
vt 0.22867800 0.27790397
vt 0.22186001 0.27790397
vt 0.22186001 0.33345997
vt 0.22867800 0.33345997
vt 0.22186001 0.36123699
vt 0.22867800 0.36123699
vt 0.22186001 0.37642699
vt 0.22867800 0.37642699
vt 0.22186001 0.41679299
vt 0.22867800 0.41679299
vt 0.22867800 0.38901502
vt 0.22186001 0.38901502
vt 0.22186001 0.44457102
vt 0.22867800 0.44457102
vt 0.22185899 0.47235203
vt 0.22867601 0.47235602
vt 0.62500000 0.65314001
vt 0.62500000 0.64632201
vt 0.62500000 0.10965902
vt 0.62500000 0.10367799
vt 0.22186001 0.26547402
vt 0.22867800 0.26547402
vt 0.22867800 0.25000000
vt 0.22186001 0.25000000
vt 0.76534098 0.26547301
vt 0.77132201 0.26547301
vt 0.77132201 0.25000000
vt 0.76534098 0.25000000
vt 0.40277800 0.23569000
vt 0.41666701 0.23569000
vt 0.41666701 0.51651096
vt 0.40277800 0.51651096
vt 0.63916397 0.48459399
vt 0.63930702 0.47774303
vt 0.35848901 0.48329699
vt 0.35848901 0.47771800
vt 0.63939601 0.49923003
vt 0.35848901 0.50000000
vt 0.59578103 0.51660597
vt 0.57197601 0.51645803
vt 0.54166698 0.51651096
vt 0.51388901 0.51651096
vt 0.48611099 0.51651096
vt 0.45833299 0.51651096
vt 0.43055600 0.51651096
vt 0.37500000 0.51651096
vt 0.56944400 0.23569000
vt 0.59722197 0.23569000
vt 0.54166698 0.23569000
vt 0.51388901 0.23569000
vt 0.48611099 0.23569000
vt 0.45833299 0.23569000
vt 0.43055600 0.23569000
vt 0.37500000 0.23569000
vt 0.35848901 0.30568200
vt 0.35848901 0.27790397
vt 0.35848901 0.33345902
vt 0.35848901 0.36123699
vt 0.35848901 0.37642699
vt 0.35848901 0.41679299
vt 0.35848901 0.38901502
vt 0.35848901 0.44457102
vt 0.35848901 0.47234797
vt 0.63931000 0.30568200
vt 0.63931000 0.27790397
vt 0.63931000 0.33345902
vt 0.63931000 0.36123699
vt 0.63931000 0.37641001
vt 0.63931000 0.41679299
vt 0.63931000 0.38901502
vt 0.63931000 0.44457102
vt 0.63931000 0.47234797
vt 0.62500000 0.23569000
vt 0.63929701 0.26542401
vt 0.63931000 0.25000000
vt 0.35848901 0.26547301
vt 0.35848901 0.25000000
vt 0.62550402 0.51646799
vt 0.63716698 0.26564503
vt 0.63710898 0.25000000
vt 0.62500000 0.23789102
vt 0.59722197 0.23789102
vt 0.63710397 0.47776699
vt 0.63710898 0.47234797
vt 0.63710898 0.44457102
vt 0.63710898 0.41679299
vt 0.63710898 0.38901502
vt 0.63710898 0.37642300
vt 0.63710898 0.36123699
vt 0.63710898 0.33345902
vt 0.63710898 0.30568200
vt 0.63710898 0.27790397
vt 0.40277800 0.23789102
vt 0.37500000 0.23789102
vt 0.43055600 0.23789102
vt 0.41666701 0.23789102
vt 0.45833299 0.23789102
vt 0.48611099 0.23789102
vt 0.51388901 0.23789102
vt 0.54166698 0.23789102
vt 0.56944400 0.23789102
vt 0.63721502 0.49914199
vt 0.63693303 0.48471397
vt 0.40277800 0.51431000
vt 0.41666701 0.51431000
vt 0.36069000 0.48329699
vt 0.36069000 0.47771800
vt 0.36069000 0.50000000
vt 0.57224500 0.51421499
vt 0.59550101 0.51442999
vt 0.54171097 0.51430899
vt 0.51388901 0.51431000
vt 0.48611099 0.51431000
vt 0.45833299 0.51431000
vt 0.43055600 0.51431000
vt 0.37500000 0.51431000
vt 0.36069000 0.30568200
vt 0.36069000 0.27790397
vt 0.36069000 0.33345902
vt 0.36069000 0.36123699
vt 0.36069000 0.37642699
vt 0.36069000 0.41679299
vt 0.36069000 0.38901502
vt 0.36069000 0.44457102
vt 0.36069000 0.47234797
vt 0.36069000 0.26547402
vt 0.36069000 0.25000000
vt 0.62560499 0.51425803
vt 0.40277800 1.00000000
vt 0.41666701 1.00000000
vt 0.56944400 1.00000000
vt 0.59722197 1.00000000
vt 0.54166698 1.00000000
vt 0.51388901 1.00000000
vt 0.48611099 1.00000000
vt 0.45833299 1.00000000
vt 0.43055600 1.00000000
vt 0.37500000 1.00000000
vt 0.62500000 1.00000000
vt 0.83512902 0.27788299
vt 0.83513099 0.26546299
vt 0.15910800 0.27790397
vt 0.15910800 0.26547402
vt 0.15910800 0.38901502
vt 0.15910800 0.37642699
vt 0.83512402 0.38901502
vt 0.83512402 0.37642401
vt 0.41666701 0.71589196
vt 0.40277800 0.71589196
vt 0.40277800 0.03987598
vt 0.41666701 0.03987598
vt 0.15910800 0.48329598
vt 0.15910800 0.47771800
vt 0.83512402 0.48329598
vt 0.83512402 0.47771800
vt 0.15910800 0.50000000
vt 0.83512402 0.50000000
vt 0.56944400 0.03987598
vt 0.59722197 0.03987598
vt 0.54166698 0.03987598
vt 0.51388901 0.03987598
vt 0.48611099 0.03987598
vt 0.45833299 0.03987598
vt 0.43055499 0.03987598
vt 0.37500000 0.03987598
vt 0.59722197 0.71589196
vt 0.56944400 0.71589196
vt 0.54166698 0.71589196
vt 0.51388901 0.71589196
vt 0.48611099 0.71589196
vt 0.45833299 0.71589196
vt 0.43055600 0.71589196
vt 0.37500000 0.71589196
vt 0.83512098 0.30569398
vt 0.83512402 0.33345902
vt 0.83512402 0.36123699
vt 0.83512402 0.41679299
vt 0.83512402 0.44457102
vt 0.83512402 0.47234797
vt 0.15910800 0.30568200
vt 0.15910800 0.33345902
vt 0.15910800 0.36123699
vt 0.15910800 0.41679299
vt 0.15910800 0.44457102
vt 0.15910800 0.47234797
vt 0.62500000 0.71589196
vt 0.62500000 0.03987598
vt 0.15910800 0.25000000
vt 0.83511901 0.25002098
f 1/1 2/2 3/3
f 1/1 3/3 4/4
f 5/5 6/6 7/7
f 5/5 7/7 8/8
f 9/9 10/10 11/11
f 9/9 11/11 12/12
f 13/13 14/14 15/15
f 13/13 15/15 16/16
f 17/17 18/18 19/19
f 17/17 19/19 20/20
f 21/21 22/22 23/23
f 21/21 23/23 24/24
f 25/25 26/26 27/27
f 25/25 27/27 28/28
f 26/26 29/29 30/30
f 26/26 30/30 27/27
f 29/29 31/31 32/32
f 29/29 32/32 30/30
f 31/31 33/33 34/34
f 31/31 34/34 32/32
f 33/33 35/35 36/36
f 33/33 36/36 34/34
f 35/35 37/37 38/38
f 35/35 38/38 36/36
f 39/39 40/40 41/41
f 39/39 41/41 42/42
f 43/43 44/44 45/45
f 43/43 45/45 46/46
f 44/44 47/47 48/48
f 44/44 48/48 45/45
f 49/49 50/50 51/51
f 49/49 51/51 52/52
f 53/53 54/54 55/55
f 53/53 55/55 56/56
f 57/57 58/58 59/59
f 57/57 59/59 60/60
f 58/58 61/61 62/62
f 58/58 62/62 59/59
f 63/63 64/64 65/65
f 63/63 65/65 66/66
f 67/67 68/68 69/69
f 67/67 69/69 70/70
f 68/68 71/71 72/72
f 68/68 72/72 69/69
f 71/71 73/73 74/74
f 71/71 74/74 72/72
f 73/73 75/75 76/76
f 73/73 76/76 74/74
f 75/75 77/77 78/78
f 75/75 78/78 76/76
f 77/77 79/79 80/80
f 77/77 80/80 78/78
f 81/81 82/82 83/83
f 81/81 83/83 84/84
f 84/84 83/83 85/85
f 84/84 85/85 86/86
f 86/86 85/85 87/87
f 86/86 87/87 88/88
f 88/88 87/87 89/89
f 88/88 89/89 90/90
f 90/90 89/89 91/91
f 90/90 91/91 92/92
f 92/92 91/91 93/93
f 92/92 93/93 94/94
f 95/95 96/96 97/97
f 95/95 97/97 98/98
f 99/99 100/100 101/101
f 99/99 101/101 102/102
f 102/102 101/101 103/103
f 102/102 103/103 104/104
f 105/105 106/106 107/107
f 105/105 107/107 108/108
f 109/109 110/110 111/111
f 109/109 111/111 112/112
f 113/113 114/114 115/115
f 113/113 115/115 116/116
f 116/116 115/115 117/117
f 116/116 117/117 118/118
f 119/119 120/120 121/121
f 119/119 121/121 122/122
f 123/123 124/124 125/125
f 123/123 125/125 126/126
f 126/126 125/125 127/127
f 126/126 127/127 128/128
f 128/128 127/127 129/129
f 128/128 129/129 130/130
f 130/130 129/129 131/131
f 130/130 131/131 132/132
f 132/132 131/131 133/133
f 132/132 133/133 134/134
f 134/134 133/133 135/135
f 134/134 135/135 136/136
f 137/137 138/138 139/139
f 137/137 139/139 140/140
f 140/140 139/139 141/141
f 140/140 141/141 142/142
f 142/142 141/141 143/143
f 142/142 143/143 144/144
f 144/144 143/143 145/145
f 144/144 145/145 146/146
f 147/147 148/148 149/149
f 147/147 149/149 150/150
f 150/150 149/149 151/151
f 150/150 151/151 152/152
f 152/152 151/151 153/153
f 152/152 153/153 154/154
f 154/154 153/153 155/155
f 154/154 155/155 156/156
f 157/157 137/137 140/140
f 157/157 140/140 158/158
f 158/158 140/140 142/142
f 158/158 142/142 159/159
f 159/159 142/142 144/144
f 159/159 144/144 160/160
f 160/160 144/144 146/146
f 160/160 146/146 161/161
f 162/162 147/147 150/150
f 162/162 150/150 163/163
f 163/163 150/150 152/152
f 163/163 152/152 164/164
f 164/164 152/152 154/154
f 164/164 154/154 165/165
f 165/165 154/154 156/156
f 165/165 156/156 166/166
f 167/167 157/157 158/158
f 167/167 158/158 168/168
f 168/168 158/158 159/159
f 168/168 159/159 169/169
f 169/169 159/159 160/160
f 169/169 160/160 170/170
f 170/170 160/160 161/161
f 170/170 161/161 171/171
f 172/172 162/162 163/163
f 172/172 163/163 173/173
f 173/173 163/163 164/164
f 173/173 164/164 174/174
f 174/174 164/164 165/165
f 174/174 165/165 175/175
f 175/175 165/165 166/166
f 175/175 166/166 176/176
f 177/177 167/167 168/168
f 177/177 168/168 178/178
f 178/178 168/168 169/169
f 178/178 169/169 179/179
f 179/179 169/169 170/170
f 179/179 170/170 180/180
f 180/180 170/170 171/171
f 180/180 171/171 181/181
f 182/182 172/172 173/173
f 182/182 173/173 183/183
f 183/183 173/173 174/174
f 183/183 174/174 184/184
f 184/184 174/174 175/175
f 184/184 175/175 185/185
f 185/185 175/175 176/176
f 185/185 176/176 186/186
f 187/187 177/177 178/178
f 187/187 178/178 188/188
f 188/188 178/178 179/179
f 188/188 179/179 189/189
f 189/189 179/179 180/180
f 189/189 180/180 190/190
f 190/190 180/180 181/181
f 190/190 181/181 191/191
f 192/192 182/182 183/183
f 192/192 183/183 193/193
f 193/193 183/183 184/184
f 193/193 184/184 194/194
f 194/194 184/184 185/185
f 194/194 185/185 195/195
f 195/195 185/185 186/186
f 195/195 186/186 196/196
f 197/197 187/187 188/188
f 197/197 188/188 198/198
f 198/198 188/188 189/189
f 198/198 189/189 199/199
f 199/199 189/189 190/190
f 199/199 190/190 200/200
f 200/200 190/190 191/191
f 200/200 191/191 201/201
f 202/202 192/192 193/193
f 202/202 193/193 203/203
f 203/203 193/193 194/194
f 203/203 194/194 204/204
f 204/204 194/194 195/195
f 204/204 195/195 205/205
f 205/205 195/195 196/196
f 205/205 196/196 206/206
f 207/207 208/208 209/209
f 207/207 209/209 210/210
f 210/210 209/209 211/211
f 210/210 211/211 212/212
f 212/212 211/211 213/213
f 212/212 213/213 214/214
f 214/214 213/213 215/215
f 214/214 215/215 216/216
f 217/217 218/218 219/219
f 217/217 219/219 220/220
f 220/220 219/219 221/221
f 220/220 221/221 222/222
f 222/222 221/221 223/223
f 222/222 223/223 224/224
f 224/224 223/223 225/225
f 224/224 225/225 226/226
f 227/227 228/228 229/229
f 227/227 229/229 230/230
f 230/230 229/229 231/231
f 230/230 231/231 232/232
f 232/232 231/231 233/233
f 232/232 233/233 234/234
f 234/234 233/233 235/235
f 234/234 235/235 236/236
f 237/237 238/238 239/239
f 237/237 239/239 240/240
f 240/240 239/239 241/241
f 240/240 241/241 242/242
f 242/242 241/241 243/243
f 242/242 243/243 244/244
f 244/244 243/243 245/245
f 244/244 245/245 246/246
f 247/247 227/227 230/230
f 247/247 230/230 248/248
f 248/248 230/230 232/232
f 248/248 232/232 249/249
f 249/249 232/232 234/234
f 249/249 234/234 250/250
f 250/250 234/234 236/236
f 250/250 236/236 251/251
f 252/252 237/237 240/240
f 252/252 240/240 253/253
f 253/253 240/240 242/242
f 253/253 242/242 254/254
f 254/254 242/242 244/244
f 254/254 244/244 255/255
f 255/255 244/244 246/246
f 255/255 246/246 256/256
f 257/257 258/258 259/259
f 257/257 259/259 260/260
f 260/260 259/259 261/261
f 260/260 261/261 262/262
f 262/262 261/261 263/263
f 262/262 263/263 264/264
f 264/264 263/263 265/265
f 264/264 265/265 266/266
f 267/267 268/268 269/269
f 267/267 269/269 270/270
f 270/270 269/269 271/271
f 270/270 271/271 272/272
f 272/272 271/271 273/273
f 272/272 273/273 274/274
f 274/274 273/273 275/275
f 274/274 275/275 276/276
f 277/277 278/278 279/279
f 277/277 279/279 280/280
f 280/280 279/279 281/281
f 280/280 281/281 282/282
f 282/282 281/281 283/283
f 282/282 283/283 284/284
f 284/284 283/283 285/285
f 284/284 285/285 286/286
f 287/287 288/288 289/289
f 287/287 289/289 290/290
f 290/290 289/289 291/291
f 290/290 291/291 292/292
f 292/292 291/291 293/293
f 292/292 293/293 294/294
f 294/294 293/293 295/295
f 294/294 295/295 296/296
f 297/297 298/298 299/299
f 297/297 299/299 300/300
f 300/300 299/299 301/301
f 300/300 301/301 302/302
f 302/302 301/301 303/303
f 302/302 303/303 304/304
f 304/304 303/303 305/305
f 304/304 305/305 306/306
f 307/307 308/308 309/309
f 307/307 309/309 310/310
f 310/310 309/309 311/311
f 310/310 311/311 312/312
f 312/312 311/311 313/313
f 312/312 313/313 314/314
f 314/314 313/313 315/315
f 314/314 315/315 316/316
f 317/317 297/297 300/300
f 317/317 300/300 318/318
f 318/318 300/300 302/302
f 318/318 302/302 319/319
f 319/319 302/302 304/304
f 319/319 304/304 320/320
f 320/320 304/304 306/306
f 320/320 306/306 321/321
f 322/322 307/307 310/310
f 322/322 310/310 323/323
f 323/323 310/310 312/312
f 323/323 312/312 324/324
f 324/324 312/312 314/314
f 324/324 314/314 325/325
f 325/325 314/314 316/316
f 325/325 316/316 326/326
f 327/327 328/328 329/329
f 327/327 329/329 330/330
f 330/330 329/329 331/331
f 330/330 331/331 332/332
f 332/332 331/331 333/333
f 332/332 333/333 334/334
f 334/334 333/333 335/335
f 334/334 335/335 336/336
f 337/337 338/338 339/339
f 337/337 339/339 340/340
f 340/340 339/339 341/341
f 340/340 341/341 342/342
f 342/342 341/341 343/343
f 342/342 343/343 344/344
f 344/344 343/343 345/345
f 344/344 345/345 346/346
f 347/347 348/348 349/349
f 347/347 349/349 350/350
f 350/350 349/349 351/351
f 350/350 351/351 352/352
f 352/352 351/351 353/353
f 352/352 353/353 354/354
f 354/354 353/353 355/355
f 354/354 355/355 356/356
f 357/357 358/358 359/359
f 357/357 359/359 360/360
f 360/360 359/359 361/361
f 360/360 361/361 362/362
f 362/362 361/361 363/363
f 362/362 363/363 364/364
f 364/364 363/363 365/365
f 364/364 365/365 366/366
f 367/367 347/347 350/350
f 367/367 350/350 368/368
f 368/368 350/350 352/352
f 368/368 352/352 369/369
f 369/369 352/352 354/354
f 369/369 354/354 370/370
f 370/370 354/354 356/356
f 370/370 356/356 371/371
f 372/372 357/357 360/360
f 372/372 360/360 373/373
f 373/373 360/360 362/362
f 373/373 362/362 374/374
f 374/374 362/362 364/364
f 374/374 364/364 375/375
f 375/375 364/364 366/366
f 375/375 366/366 376/376
f 377/377 367/367 368/368
f 377/377 368/368 378/378
f 378/378 368/368 369/369
f 378/378 369/369 379/379
f 379/379 369/369 370/370
f 379/379 370/370 380/380
f 380/380 370/370 371/371
f 380/380 371/371 381/381
f 382/382 372/372 373/373
f 382/382 373/373 383/383
f 383/383 373/373 374/374
f 383/383 374/374 384/384
f 384/384 374/374 375/375
f 384/384 375/375 385/385
f 385/385 375/375 376/376
f 385/385 376/376 386/386
f 387/387 377/377 378/378
f 387/387 378/378 388/388
f 388/388 378/378 379/379
f 388/388 379/379 389/389
f 389/389 379/379 380/380
f 389/389 380/380 390/390
f 390/390 380/380 381/381
f 390/390 381/381 391/391
f 392/392 382/382 383/383
f 392/392 383/383 393/393
f 393/393 383/383 384/384
f 393/393 384/384 394/394
f 394/394 384/384 385/385
f 394/394 385/385 395/395
f 395/395 385/385 386/386
f 395/395 386/386 396/396
f 397/397 387/387 388/388
f 397/397 388/388 398/398
f 398/398 388/388 389/389
f 398/398 389/389 399/399
f 399/399 389/389 390/390
f 399/399 390/390 400/400
f 400/400 390/390 391/391
f 400/400 391/391 401/401
f 402/402 392/392 393/393
f 402/402 393/393 403/403
f 403/403 393/393 394/394
f 403/403 394/394 404/404
f 404/404 394/394 395/395
f 404/404 395/395 405/405
f 405/405 395/395 396/396
f 405/405 396/396 406/406
f 407/407 397/397 398/398
f 407/407 398/398 408/408
f 408/408 398/398 399/399
f 408/408 399/399 409/409
f 409/409 399/399 400/400
f 409/409 400/400 410/410
f 410/410 400/400 401/401
f 410/410 401/401 411/411
f 412/412 402/402 403/403
f 412/412 403/403 413/413
f 413/413 403/403 404/404
f 413/413 404/404 414/414
f 414/414 404/404 405/405
f 414/414 405/405 415/415
f 415/415 405/405 406/406
f 415/415 406/406 416/416
f 417/417 418/418 419/419
f 417/417 419/419 420/420
f 420/420 419/419 421/421
f 420/420 421/421 422/422
f 422/422 421/421 423/423
f 422/422 423/423 424/424
f 424/424 423/423 425/425
f 424/424 425/425 426/426
f 427/427 428/428 429/429
f 427/427 429/429 430/430
f 430/430 429/429 431/431
f 430/430 431/431 432/432
f 432/432 431/431 433/433
f 432/432 433/433 434/434
f 434/434 433/433 435/435
f 434/434 435/435 436/436
f 437/437 438/438 439/439
f 437/437 439/439 440/440
f 440/440 439/439 441/441
f 440/440 441/441 442/442
f 442/442 441/441 443/443
f 442/442 443/443 444/444
f 444/444 443/443 445/445
f 444/444 445/445 446/446
f 447/447 448/448 449/449
f 447/447 449/449 450/450
f 450/450 449/449 451/451
f 450/450 451/451 452/452
f 452/452 451/451 453/453
f 452/452 453/453 454/454
f 454/454 453/453 455/455
f 454/454 455/455 456/456
f 457/457 458/458 459/459
f 457/457 459/459 460/460
f 460/460 459/459 461/461
f 460/460 461/461 462/462
f 462/462 461/461 463/463
f 462/462 463/463 464/464
f 464/464 463/463 465/465
f 464/464 465/465 466/466
f 467/467 468/468 469/469
f 467/467 469/469 470/470
f 470/470 469/469 471/471
f 470/470 471/471 472/472
f 472/472 471/471 473/473
f 472/472 473/473 474/474
f 474/474 473/473 475/475
f 474/474 475/475 476/476
f 477/477 478/478 479/479
f 477/477 479/479 480/480
f 480/480 479/479 481/481
f 480/480 481/481 482/482
f 482/482 481/481 483/483
f 482/482 483/483 484/484
f 484/484 483/483 485/485
f 484/484 485/485 486/486
f 487/487 488/488 489/489
f 487/487 489/489 490/490
f 490/490 489/489 491/491
f 490/490 491/491 492/492
f 492/492 491/491 493/493
f 492/492 493/493 494/494
f 494/494 493/493 495/495
f 494/494 495/495 496/496
f 497/497 498/498 499/499
f 497/497 499/499 500/500
f 501/501 502/502 503/503
f 501/501 503/503 504/504
f 502/502 505/505 506/506
f 502/502 506/506 503/503
f 505/505 507/507 508/508
f 505/505 508/508 506/506
f 507/507 509/509 510/510
f 507/507 510/510 508/508
f 509/509 511/511 512/512
f 509/509 512/512 510/510
f 511/511 513/513 514/514
f 511/511 514/514 512/512
f 513/513 494/494 496/496
f 513/513 496/496 514/514
f 515/515 516/516 498/498
f 515/515 498/498 497/497
f 517/517 518/518 502/502
f 517/517 502/502 501/501
f 518/518 519/519 505/505
f 518/518 505/505 502/502
f 519/519 520/520 507/507
f 519/519 507/507 505/505
f 520/520 521/521 509/509
f 520/520 509/509 507/507
f 521/521 522/522 511/511
f 521/521 511/511 509/509
f 522/522 523/523 513/513
f 522/522 513/513 511/511
f 523/523 492/492 494/494
f 523/523 494/494 513/513
f 524/524 525/525 516/516
f 524/524 516/516 515/515
f 526/526 527/527 518/518
f 526/526 518/518 517/517
f 527/527 528/528 519/519
f 527/527 519/519 518/518
f 528/528 529/529 520/520
f 528/528 520/520 519/519
f 529/529 530/530 521/521
f 529/529 521/521 520/520
f 530/530 531/531 522/522
f 530/530 522/522 521/521
f 531/531 532/532 523/523
f 531/531 523/523 522/522
f 532/532 490/490 492/492
f 532/532 492/492 523/523
f 533/533 534/534 525/525
f 533/533 525/525 524/524
f 535/535 536/536 527/527
f 535/535 527/527 526/526
f 536/536 537/537 528/528
f 536/536 528/528 527/527
f 537/537 538/538 529/529
f 537/537 529/529 528/528
f 538/538 539/539 530/530
f 538/538 530/530 529/529
f 539/539 540/540 531/531
f 539/539 531/531 530/530
f 540/540 541/541 532/532
f 540/540 532/532 531/531
f 541/541 487/487 490/490
f 541/541 490/490 532/532
f 542/542 543/543 544/544
f 542/542 544/544 545/545
f 546/546 547/547 548/548
f 546/546 548/548 549/549
f 547/547 550/550 551/551
f 547/547 551/551 548/548
f 550/550 552/552 553/553
f 550/550 553/553 551/551
f 552/552 554/554 555/555
f 552/552 555/555 553/553
f 554/554 556/556 557/557
f 554/554 557/557 555/555
f 556/556 558/558 559/559
f 556/556 559/559 557/557
f 558/558 484/484 486/486
f 558/558 486/486 559/559
f 560/560 561/561 543/543
f 560/560 543/543 542/542
f 562/562 563/563 547/547
f 562/562 547/547 546/546
f 563/563 564/564 550/550
f 563/563 550/550 547/547
f 564/564 565/565 552/552
f 564/564 552/552 550/550
f 565/565 566/566 554/554
f 565/565 554/554 552/552
f 566/566 567/567 556/556
f 566/566 556/556 554/554
f 567/567 568/568 558/558
f 567/567 558/558 556/556
f 568/568 482/482 484/484
f 568/568 484/484 558/558
f 569/569 570/570 561/561
f 569/569 561/561 560/560
f 571/571 572/572 563/563
f 571/571 563/563 562/562
f 572/572 573/573 564/564
f 572/572 564/564 563/563
f 573/573 574/574 565/565
f 573/573 565/565 564/564
f 574/574 575/575 566/566
f 574/574 566/566 565/565
f 575/575 576/576 567/567
f 575/575 567/567 566/566
f 576/576 577/577 568/568
f 576/576 568/568 567/567
f 577/577 480/480 482/482
f 577/577 482/482 568/568
f 578/578 579/579 570/570
f 578/578 570/570 569/569
f 580/580 581/581 572/572
f 580/580 572/572 571/571
f 581/581 582/582 573/573
f 581/581 573/573 572/572
f 582/582 583/583 574/574
f 582/582 574/574 573/573
f 583/583 584/584 575/575
f 583/583 575/575 574/574
f 584/584 585/585 576/576
f 584/584 576/576 575/575
f 585/585 586/586 577/577
f 585/585 577/577 576/576
f 586/586 477/477 480/480
f 586/586 480/480 577/577
f 453/453 587/587 588/588
f 453/453 588/588 455/455
f 589/589 590/590 591/591
f 589/589 591/591 592/592
f 590/590 593/593 594/594
f 590/590 594/594 591/591
f 593/593 595/595 596/596
f 593/593 596/596 594/594
f 595/595 597/597 598/598
f 595/595 598/598 596/596
f 597/597 599/599 600/600
f 597/597 600/600 598/598
f 599/599 601/601 602/602
f 599/599 602/602 600/600
f 601/601 474/474 476/476
f 601/601 476/476 602/602
f 451/451 603/603 587/587
f 451/451 587/587 453/453
f 604/604 605/605 590/590
f 604/604 590/590 589/589
f 605/605 606/606 593/593
f 605/605 593/593 590/590
f 606/606 607/607 595/595
f 606/606 595/595 593/593
f 607/607 608/608 597/597
f 607/607 597/597 595/595
f 608/608 609/609 599/599
f 608/608 599/599 597/597
f 609/609 610/610 601/601
f 609/609 601/601 599/599
f 610/610 472/472 474/474
f 610/610 474/474 601/601
f 449/449 611/611 603/603
f 449/449 603/603 451/451
f 612/612 613/613 605/605
f 612/612 605/605 604/604
f 613/613 614/614 606/606
f 613/613 606/606 605/605
f 614/614 615/615 607/607
f 614/614 607/607 606/606
f 615/615 616/616 608/608
f 615/615 608/608 607/607
f 616/616 617/617 609/609
f 616/616 609/609 608/608
f 617/617 618/618 610/610
f 617/617 610/610 609/609
f 618/618 470/470 472/472
f 618/618 472/472 610/610
f 448/448 619/619 611/611
f 448/448 611/611 449/449
f 620/620 621/621 613/613
f 620/620 613/613 612/612
f 621/621 622/622 614/614
f 621/621 614/614 613/613
f 622/622 623/623 615/615
f 622/622 615/615 614/614
f 623/623 624/624 616/616
f 623/623 616/616 615/615
f 624/624 625/625 617/617
f 624/624 617/617 616/616
f 625/625 626/626 618/618
f 625/625 618/618 617/617
f 626/626 467/467 470/470
f 626/626 470/470 618/618
f 443/443 627/627 628/628
f 443/443 628/628 445/445
f 629/629 630/630 631/631
f 629/629 631/631 632/632
f 630/630 633/633 634/634
f 630/630 634/634 631/631
f 633/633 635/635 636/636
f 633/633 636/636 634/634
f 635/635 637/637 638/638
f 635/635 638/638 636/636
f 637/637 639/639 640/640
f 637/637 640/640 638/638
f 639/639 641/641 642/642
f 639/639 642/642 640/640
f 641/641 464/464 466/466
f 641/641 466/466 642/642
f 441/441 643/643 627/627
f 441/441 627/627 443/443
f 644/644 645/645 630/630
f 644/644 630/630 629/629
f 645/645 646/646 633/633
f 645/645 633/633 630/630
f 646/646 647/647 635/635
f 646/646 635/635 633/633
f 647/647 648/648 637/637
f 647/647 637/637 635/635
f 648/648 649/649 639/639
f 648/648 639/639 637/637
f 649/649 650/650 641/641
f 649/649 641/641 639/639
f 650/650 462/462 464/464
f 650/650 464/464 641/641
f 439/439 651/651 643/643
f 439/439 643/643 441/441
f 652/652 653/653 645/645
f 652/652 645/645 644/644
f 653/653 654/654 646/646
f 653/653 646/646 645/645
f 654/654 655/655 647/647
f 654/654 647/647 646/646
f 655/655 656/656 648/648
f 655/655 648/648 647/647
f 656/656 657/657 649/649
f 656/656 649/649 648/648
f 657/657 658/658 650/650
f 657/657 650/650 649/649
f 658/658 460/460 462/462
f 658/658 462/462 650/650
f 438/438 659/659 651/651
f 438/438 651/651 439/439
f 660/660 661/661 653/653
f 660/660 653/653 652/652
f 661/661 662/662 654/654
f 661/661 654/654 653/653
f 662/662 663/663 655/655
f 662/662 655/655 654/654
f 663/663 664/664 656/656
f 663/663 656/656 655/655
f 664/664 665/665 657/657
f 664/664 657/657 656/656
f 665/665 666/666 658/658
f 665/665 658/658 657/657
f 666/666 457/457 460/460
f 666/666 460/460 658/658
f 667/667 668/668 669/669
f 667/667 669/669 670/670
f 671/671 672/672 673/673
f 671/671 673/673 674/674
f 672/672 675/675 676/676
f 672/672 676/676 673/673
f 675/675 677/677 678/678
f 675/675 678/678 676/676
f 677/677 679/679 680/680
f 677/677 680/680 678/678
f 679/679 681/681 682/682
f 679/679 682/682 680/680
f 681/681 683/683 684/684
f 681/681 684/684 682/682
f 683/683 134/134 136/136
f 683/683 136/136 684/684
f 685/685 686/686 668/668
f 685/685 668/668 667/667
f 687/687 688/688 672/672
f 687/687 672/672 671/671
f 688/688 689/689 675/675
f 688/688 675/675 672/672
f 689/689 690/690 677/677
f 689/689 677/677 675/675
f 690/690 691/691 679/679
f 690/690 679/679 677/677
f 691/691 692/692 681/681
f 691/691 681/681 679/679
f 692/692 693/693 683/683
f 692/692 683/683 681/681
f 693/693 132/132 134/134
f 693/693 134/134 683/683
f 694/694 695/695 686/686
f 694/694 686/686 685/685
f 696/696 697/697 688/688
f 696/696 688/688 687/687
f 697/697 698/698 689/689
f 697/697 689/689 688/688
f 698/698 699/699 690/690
f 698/698 690/690 689/689
f 699/699 700/700 691/691
f 699/699 691/691 690/690
f 700/700 701/701 692/692
f 700/700 692/692 691/691
f 701/701 702/702 693/693
f 701/701 693/693 692/692
f 702/702 130/130 132/132
f 702/702 132/132 693/693
f 703/703 704/704 695/695
f 703/703 695/695 694/694
f 705/705 706/706 697/697
f 705/705 697/697 696/696
f 706/706 707/707 698/698
f 706/706 698/698 697/697
f 707/707 708/708 699/699
f 707/707 699/699 698/698
f 708/708 709/709 700/700
f 708/708 700/700 699/699
f 709/709 710/710 701/701
f 709/709 701/701 700/700
f 710/710 711/711 702/702
f 710/710 702/702 701/701
f 711/711 128/128 130/130
f 711/711 130/130 702/702
f 712/712 713/713 704/704
f 712/712 704/704 703/703
f 714/714 715/715 706/706
f 714/714 706/706 705/705
f 715/715 716/716 707/707
f 715/715 707/707 706/706
f 716/716 717/717 708/708
f 716/716 708/708 707/707
f 717/717 718/718 709/709
f 717/717 709/709 708/708
f 718/718 719/719 710/710
f 718/718 710/710 709/709
f 719/719 720/720 711/711
f 719/719 711/711 710/710
f 720/720 126/126 128/128
f 720/720 128/128 711/711
f 721/721 722/722 713/713
f 721/721 713/713 712/712
f 723/723 724/724 715/715
f 723/723 715/715 714/714
f 724/724 725/725 716/716
f 724/724 716/716 715/715
f 725/725 726/726 717/717
f 725/725 717/717 716/716
f 726/726 727/727 718/718
f 726/726 718/718 717/717
f 727/727 728/728 719/719
f 727/727 719/719 718/718
f 728/728 729/729 720/720
f 728/728 720/720 719/719
f 729/729 123/123 126/126
f 729/729 126/126 720/720
f 730/730 731/731 732/732
f 730/730 732/732 733/733
f 734/734 735/735 736/736
f 734/734 736/736 737/737
f 735/735 738/738 739/739
f 735/735 739/739 736/736
f 738/738 740/740 741/741
f 738/738 741/741 739/739
f 740/740 742/742 743/743
f 740/740 743/743 741/741
f 742/742 744/744 745/745
f 742/742 745/745 743/743
f 744/744 746/746 747/747
f 744/744 747/747 745/745
f 746/746 119/119 122/122
f 746/746 122/122 747/747
f 748/748 749/749 750/750
f 748/748 750/750 751/751
f 752/752 753/753 754/754
f 752/752 754/754 755/755
f 753/753 756/756 757/757
f 753/753 757/757 754/754
f 756/756 758/758 759/759
f 756/756 759/759 757/757
f 758/758 760/760 761/761
f 758/758 761/761 759/759
f 760/760 762/762 763/763
f 760/760 763/763 761/761
f 762/762 764/764 765/765
f 762/762 765/765 763/763
f 764/764 116/116 118/118
f 764/764 118/118 765/765
f 766/766 767/767 749/749
f 766/766 749/749 748/748
f 768/768 769/769 753/753
f 768/768 753/753 752/752
f 769/769 770/770 756/756
f 769/769 756/756 753/753
f 770/770 771/771 758/758
f 770/770 758/758 756/756
f 771/771 772/772 760/760
f 771/771 760/760 758/758
f 772/772 773/773 762/762
f 772/772 762/762 760/760
f 773/773 774/774 764/764
f 773/773 764/764 762/762
f 774/774 113/113 116/116
f 774/774 116/116 764/764
f 775/775 776/776 777/777
f 775/775 777/777 778/778
f 779/779 780/780 781/781
f 779/779 781/781 782/782
f 780/780 783/783 784/784
f 780/780 784/784 781/781
f 783/783 785/785 786/786
f 783/783 786/786 784/784
f 785/785 787/787 788/788
f 785/785 788/788 786/786
f 787/787 789/789 790/790
f 787/787 790/790 788/788
f 789/789 791/791 792/792
f 789/789 792/792 790/790
f 791/791 109/109 112/112
f 791/791 112/112 792/792
f 793/793 794/794 795/795
f 793/793 795/795 796/796
f 797/797 798/798 799/799
f 797/797 799/799 800/800
f 798/798 801/801 802/802
f 798/798 802/802 799/799
f 801/801 803/803 804/804
f 801/801 804/804 802/802
f 803/803 805/805 806/806
f 803/803 806/806 804/804
f 805/805 807/807 808/808
f 805/805 808/808 806/806
f 807/807 809/809 810/810
f 807/807 810/810 808/808
f 809/809 105/105 108/108
f 809/809 108/108 810/810
f 811/811 812/812 813/813
f 811/811 813/813 814/814
f 815/815 816/816 817/817
f 815/815 817/817 818/818
f 816/816 819/819 820/820
f 816/816 820/820 817/817
f 819/819 821/821 822/822
f 819/819 822/822 820/820
f 821/821 823/823 824/824
f 821/821 824/824 822/822
f 823/823 825/825 826/826
f 823/823 826/826 824/824
f 825/825 827/827 828/828
f 825/825 828/828 826/826
f 827/827 102/102 104/104
f 827/827 104/104 828/828
f 829/829 830/830 812/812
f 829/829 812/812 811/811
f 831/831 832/832 816/816
f 831/831 816/816 815/815
f 832/832 833/833 819/819
f 832/832 819/819 816/816
f 833/833 834/834 821/821
f 833/833 821/821 819/819
f 834/834 835/835 823/823
f 834/834 823/823 821/821
f 835/835 836/836 825/825
f 835/835 825/825 823/823
f 836/836 837/837 827/827
f 836/836 827/827 825/825
f 837/837 99/99 102/102
f 837/837 102/102 827/827
f 838/838 839/839 840/840
f 838/838 840/840 841/841
f 842/842 843/843 844/844
f 842/842 844/844 845/845
f 843/843 846/846 847/847
f 843/843 847/847 844/844
f 846/846 848/848 849/849
f 846/846 849/849 847/847
f 848/848 850/850 851/851
f 848/848 851/851 849/849
f 850/850 852/852 853/853
f 850/850 853/853 851/851
f 852/852 854/854 855/855
f 852/852 855/855 853/853
f 854/854 95/95 98/98
f 854/854 98/98 855/855
f 856/856 857/857 858/858
f 856/856 858/858 859/859
f 860/860 861/861 862/862
f 860/860 862/862 863/863
f 861/861 864/864 865/865
f 861/861 865/865 862/862
f 864/864 866/866 867/867
f 864/864 867/867 865/865
f 866/866 868/868 869/869
f 866/866 869/869 867/867
f 868/868 870/870 871/871
f 868/868 871/871 869/869
f 870/870 872/872 873/873
f 870/870 873/873 871/871
f 872/872 92/92 94/94
f 872/872 94/94 873/873
f 874/874 875/875 857/857
f 874/874 857/857 856/856
f 876/876 877/877 861/861
f 876/876 861/861 860/860
f 877/877 878/878 864/864
f 877/877 864/864 861/861
f 878/878 879/879 866/866
f 878/878 866/866 864/864
f 879/879 880/880 868/868
f 879/879 868/868 866/866
f 880/880 881/881 870/870
f 880/880 870/870 868/868
f 881/881 882/882 872/872
f 881/881 872/872 870/870
f 882/882 90/90 92/92
f 882/882 92/92 872/872
f 883/883 884/884 875/875
f 883/883 875/875 874/874
f 885/885 886/886 877/877
f 885/885 877/877 876/876
f 886/886 887/887 878/878
f 886/886 878/878 877/877
f 887/887 888/888 879/879
f 887/887 879/879 878/878
f 888/888 889/889 880/880
f 888/888 880/880 879/879
f 889/889 890/890 881/881
f 889/889 881/881 880/880
f 890/890 891/891 882/882
f 890/890 882/882 881/881
f 891/891 88/88 90/90
f 891/891 90/90 882/882
f 892/892 893/893 884/884
f 892/892 884/884 883/883
f 894/894 895/895 886/886
f 894/894 886/886 885/885
f 895/895 896/896 887/887
f 895/895 887/887 886/886
f 896/896 897/897 888/888
f 896/896 888/888 887/887
f 897/897 898/898 889/889
f 897/897 889/889 888/888
f 898/898 899/899 890/890
f 898/898 890/890 889/889
f 899/899 900/900 891/891
f 899/899 891/891 890/890
f 900/900 86/86 88/88
f 900/900 88/88 891/891
f 901/901 902/902 893/893
f 901/901 893/893 892/892
f 903/903 904/904 895/895
f 903/903 895/895 894/894
f 904/904 905/905 896/896
f 904/904 896/896 895/895
f 905/905 906/906 897/897
f 905/905 897/897 896/896
f 906/906 907/907 898/898
f 906/906 898/898 897/897
f 907/907 908/908 899/899
f 907/907 899/899 898/898
f 908/908 909/909 900/900
f 908/908 900/900 899/899
f 909/909 84/84 86/86
f 909/909 86/86 900/900
f 910/910 911/911 902/902
f 910/910 902/902 901/901
f 912/912 913/913 904/904
f 912/912 904/904 903/903
f 913/913 914/914 905/905
f 913/913 905/905 904/904
f 914/914 915/915 906/906
f 914/914 906/906 905/905
f 915/915 916/916 907/907
f 915/915 907/907 906/906
f 916/916 917/917 908/908
f 916/916 908/908 907/907
f 917/917 918/918 909/909
f 917/917 909/909 908/908
f 918/918 81/81 84/84
f 918/918 84/84 909/909
f 919/919 920/920 921/921
f 919/919 921/921 922/922
f 923/923 924/924 925/925
f 923/923 925/925 926/926
f 924/924 927/927 928/928
f 924/924 928/928 925/925
f 927/927 929/929 930/930
f 927/927 930/930 928/928
f 929/929 931/931 932/932
f 929/929 932/932 930/930
f 931/931 933/933 934/934
f 931/931 934/934 932/932
f 933/933 935/935 936/936
f 933/933 936/936 934/934
f 935/935 13/13 16/16
f 935/935 16/16 936/936
f 18/18 937/937 938/938
f 18/18 938/938 19/19
f 939/939 940/940 941/941
f 939/939 941/941 942/942
f 940/940 943/943 944/944
f 940/940 944/944 941/941
f 943/943 945/945 946/946
f 943/943 946/946 944/944
f 945/945 947/947 948/948
f 945/945 948/948 946/946
f 947/947 949/949 950/950
f 947/947 950/950 948/948
f 949/949 951/951 952/952
f 949/949 952/952 950/950
f 951/951 9/9 12/12
f 951/951 12/12 952/952
f 953/953 954/954 955/955
f 953/953 955/955 956/956
f 957/957 958/958 959/959
f 957/957 959/959 960/960
f 958/958 961/961 962/962
f 958/958 962/962 959/959
f 961/961 963/963 964/964
f 961/961 964/964 962/962
f 963/963 965/965 966/966
f 963/963 966/966 964/964
f 965/965 967/967 968/968
f 965/965 968/968 966/966
f 967/967 969/969 970/970
f 967/967 970/970 968/968
f 969/969 5/5 8/8
f 969/969 8/8 970/970
f 971/971 972/972 973/973
f 971/971 973/973 974/974
f 975/975 976/976 977/977
f 975/975 977/977 978/978
f 976/976 979/979 980/980
f 976/976 980/980 977/977
f 979/979 981/981 982/982
f 979/979 982/982 980/980
f 981/981 983/983 984/984
f 981/981 984/984 982/982
f 983/983 985/985 986/986
f 983/983 986/986 984/984
f 985/985 987/987 988/988
f 985/985 988/988 986/986
f 987/987 1/1 4/4
f 987/987 4/4 988/988
f 989/989 990/990 1/1
f 989/989 1/1 987/987
f 991/991 989/989 987/987
f 991/991 987/987 985/985
f 992/992 991/991 985/985
f 992/992 985/985 983/983
f 993/993 992/992 983/983
f 993/993 983/983 981/981
f 994/994 993/993 981/981
f 994/994 981/981 979/979
f 995/995 994/994 979/979
f 995/995 979/979 976/976
f 996/996 995/995 976/976
f 996/996 976/976 975/975
f 997/997 998/998 972/972
f 997/997 972/972 971/971
f 970/970 8/8 999/999
f 970/970 999/999 1000/1000
f 968/968 970/970 1000/1000
f 968/968 1000/1000 1001/1001
f 966/966 968/968 1001/1001
f 966/966 1001/1001 1002/1002
f 964/964 966/966 1002/1002
f 964/964 1002/1002 1003/1003
f 962/962 964/964 1003/1003
f 962/962 1003/1003 1004/1004
f 959/959 962/962 1004/1004
f 959/959 1004/1004 1005/1005
f 960/960 959/959 1005/1005
f 960/960 1005/1005 1006/1006
f 956/956 955/955 1007/1007
f 956/956 1007/1007 1008/1008
f 8/8 7/7 1009/1009
f 8/8 1009/1009 999/999
f 1010/1010 956/956 1008/1008
f 1010/1010 1008/1008 1011/1011
f 1012/1012 1013/1013 1014/1014
f 1012/1012 1014/1014 1015/1015
f 1016/1016 1017/1017 1018/1018
f 1016/1016 1018/1018 1019/1019
f 1017/1017 1020/1020 1021/1021
f 1017/1017 1021/1021 1018/1018
f 1020/1020 1022/1022 1023/1023
f 1020/1020 1023/1023 1021/1021
f 1022/1022 1024/1024 1025/1025
f 1022/1022 1025/1025 1023/1023
f 1024/1024 1026/1026 1027/1027
f 1024/1024 1027/1027 1025/1025
f 1026/1026 1028/1028 1029/1029
f 1026/1026 1029/1029 1027/1027
f 1030/1030 1031/1031 1032/1032
f 1030/1030 1032/1032 1033/1033
f 1034/1034 1035/1035 1036/1036
f 1034/1034 1036/1036 1037/1037
f 1035/1035 1038/1038 1039/1039
f 1035/1035 1039/1039 1036/1036
f 1040/1040 1041/1041 1042/1042
f 1040/1040 1042/1042 1043/1043
f 1044/1044 1045/1045 1046/1046
f 1044/1044 1046/1046 1047/1047
f 1048/1048 1049/1049 1050/1050
f 1048/1048 1050/1050 1051/1051
f 1049/1049 1052/1052 1053/1053
f 1049/1049 1053/1053 1050/1050
f 1054/1054 1055/1055 1056/1056
f 1054/1054 1056/1056 1057/1057
f 1058/1058 1059/1059 1060/1060
f 1058/1058 1060/1060 1061/1061
f 1059/1059 1062/1062 1063/1063
f 1059/1059 1063/1063 1060/1060
f 1062/1062 1064/1064 1065/1065
f 1062/1062 1065/1065 1063/1063
f 1064/1064 1066/1066 1067/1067
f 1064/1064 1067/1067 1065/1065
f 1066/1066 1068/1068 1069/1069
f 1066/1066 1069/1069 1067/1067
f 1068/1068 1070/1070 1071/1071
f 1068/1068 1071/1071 1069/1069
f 990/990 1072/1072 2/2
f 990/990 2/2 1/1
f 496/496 495/495 1072/1072
f 496/496 1072/1072 990/990
f 500/500 499/499 998/998
f 500/500 998/998 997/997
f 504/504 503/503 995/995
f 504/504 995/995 996/996
f 503/503 506/506 994/994
f 503/503 994/994 995/995
f 506/506 508/508 993/993
f 506/506 993/993 994/994
f 508/508 510/510 992/992
f 508/508 992/992 993/993
f 510/510 512/512 991/991
f 510/510 991/991 992/992
f 512/512 514/514 989/989
f 512/512 989/989 991/991
f 514/514 496/496 990/990
f 514/514 990/990 989/989
f 1000/1000 999/999 457/457
f 1000/1000 457/457 666/666
f 1001/1001 1000/1000 666/666
f 1001/1001 666/666 665/665
f 1002/1002 1001/1001 665/665
f 1002/1002 665/665 664/664
f 1003/1003 1002/1002 664/664
f 1003/1003 664/664 663/663
f 1004/1004 1003/1003 663/663
f 1004/1004 663/663 662/662
f 1005/1005 1004/1004 662/662
f 1005/1005 662/662 661/661
f 1006/1006 1005/1005 661/661
f 1006/1006 661/661 660/660
f 1008/1008 1007/1007 659/659
f 1008/1008 659/659 438/438
f 999/999 1009/1009 458/458
f 999/999 458/458 457/457
f 1011/1011 1008/1008 438/438
f 1011/1011 438/438 437/437
f 1015/1015 1014/1014 418/418
f 1015/1015 418/418 417/417
f 1019/1019 1018/1018 397/397
f 1019/1019 397/397 407/407
f 1018/1018 1021/1021 387/387
f 1018/1018 387/387 397/397
f 1021/1021 1023/1023 377/377
f 1021/1021 377/377 387/387
f 1023/1023 1025/1025 367/367
f 1023/1023 367/367 377/377
f 1025/1025 1027/1027 347/347
f 1025/1025 347/347 367/367
f 1027/1027 1029/1029 348/348
f 1027/1027 348/348 347/347
f 1033/1033 1032/1032 328/328
f 1033/1033 328/328 327/327
f 1037/1037 1036/1036 297/297
f 1037/1037 297/297 317/317
f 1036/1036 1039/1039 298/298
f 1036/1036 298/298 297/297
f 1043/1043 1042/1042 278/278
f 1043/1043 278/278 277/277
f 1047/1047 1046/1046 258/258
f 1047/1047 258/258 257/257
f 1051/1051 1050/1050 227/227
f 1051/1051 227/227 247/247
f 1050/1050 1053/1053 228/228
f 1050/1050 228/228 227/227
f 1057/1057 1056/1056 208/208
f 1057/1057 208/208 207/207
f 1061/1061 1060/1060 187/187
f 1061/1061 187/187 197/197
f 1060/1060 1063/1063 177/177
f 1060/1060 177/177 187/187
f 1063/1063 1065/1065 167/167
f 1063/1063 167/167 177/177
f 1065/1065 1067/1067 157/157
f 1065/1065 157/157 167/167
f 1067/1067 1069/1069 137/137
f 1067/1067 137/137 157/157
f 1069/1069 1071/1071 138/138
f 1069/1069 138/138 137/137
f 1073/1073 1074/1074 1075/1075
f 1073/1073 1075/1075 1076/1076
f 1077/1077 1015/1015 417/417
f 1077/1077 417/417 1078/1078
f 1079/1079 1080/1080 1074/1074
f 1079/1079 1074/1074 1073/1073
f 1081/1081 1012/1012 1015/1015
f 1081/1081 1015/1015 1077/1077
f 1082/1082 1083/1083 13/13
f 1082/1082 13/13 935/935
f 1084/1084 1082/1082 935/935
f 1084/1084 935/935 933/933
f 1085/1085 1084/1084 933/933
f 1085/1085 933/933 931/931
f 1086/1086 1085/1085 931/931
f 1086/1086 931/931 929/929
f 1087/1087 1086/1086 929/929
f 1087/1087 929/929 927/927
f 1088/1088 1087/1087 927/927
f 1088/1088 927/927 924/924
f 1089/1089 1088/1088 924/924
f 1089/1089 924/924 923/923
f 1090/1090 1091/1091 920/920
f 1090/1090 920/920 919/919
f 988/988 4/4 1092/1092
f 988/988 1092/1092 1093/1093
f 986/986 988/988 1093/1093
f 986/986 1093/1093 1094/1094
f 984/984 986/986 1094/1094
f 984/984 1094/1094 1095/1095
f 982/982 984/984 1095/1095
f 982/982 1095/1095 1096/1096
f 980/980 982/982 1096/1096
f 980/980 1096/1096 1097/1097
f 977/977 980/980 1097/1097
f 977/977 1097/1097 1098/1098
f 978/978 977/977 1098/1098
f 978/978 1098/1098 1099/1099
f 974/974 973/973 1100/1100
f 974/974 1100/1100 1101/1101
f 1102/1102 434/434 436/436
f 1102/1102 436/436 1103/1103
f 1104/1104 432/432 434/434
f 1104/1104 434/434 1102/1102
f 1105/1105 430/430 432/432
f 1105/1105 432/432 1104/1104
f 1106/1106 427/427 430/430
f 1106/1106 430/430 1105/1105
f 1107/1107 424/424 426/426
f 1107/1107 426/426 1108/1108
f 1109/1109 422/422 424/424
f 1109/1109 424/424 1107/1107
f 1110/1110 420/420 422/422
f 1110/1110 422/422 1109/1109
f 1078/1078 417/417 420/420
f 1078/1078 420/420 1110/1110
f 1111/1111 1112/1112 1113/1113
f 1111/1111 1113/1113 1114/1114
f 1115/1115 1116/1116 1112/1112
f 1115/1115 1112/1112 1111/1111
f 1117/1117 1118/1118 1116/1116
f 1117/1117 1116/1116 1115/1115
f 1119/1119 1120/1120 1118/1118
f 1119/1119 1118/1118 1117/1117
f 1121/1121 1122/1122 1123/1123
f 1121/1121 1123/1123 1124/1124
f 1125/1125 1126/1126 1122/1122
f 1125/1125 1122/1122 1121/1121
f 1127/1127 1128/1128 1126/1126
f 1127/1127 1126/1126 1125/1125
f 1076/1076 1075/1075 1128/1128
f 1076/1076 1128/1128 1127/1127
f 4/4 3/3 1129/1129
f 4/4 1129/1129 1092/1092
f 1130/1130 1131/1131 1132/1132
f 1130/1130 1132/1132 1133/1133
f 1134/1134 21/21 24/24
f 1134/1134 24/24 1135/1135
f 1083/1083 1136/1136 14/14
f 1083/1083 14/14 13/13
f 973/973 978/978 1099/1099
f 973/973 1099/1099 1100/1100
f 1091/1091 1089/1089 923/923
f 1091/1091 923/923 920/920
f 1007/1007 1006/1006 660/660
f 1007/1007 660/660 659/659
f 499/499 504/504 996/996
f 499/499 996/996 998/998
f 955/955 960/960 1006/1006
f 955/955 1006/1006 1007/1007
f 998/998 996/996 975/975
f 998/998 975/975 972/972
f 972/972 975/975 978/978
f 972/972 978/978 973/973
f 954/954 957/957 960/960
f 954/954 960/960 955/955
f 937/937 939/939 942/942
f 937/937 942/942 938/938
f 920/920 923/923 926/926
f 920/920 926/926 921/921
f 911/911 912/912 903/903
f 911/911 903/903 902/902
f 902/902 903/903 894/894
f 902/902 894/894 893/893
f 893/893 894/894 885/885
f 893/893 885/885 884/884
f 884/884 885/885 876/876
f 884/884 876/876 875/875
f 875/875 876/876 860/860
f 875/875 860/860 857/857
f 857/857 860/860 863/863
f 857/857 863/863 858/858
f 839/839 842/842 845/845
f 839/839 845/845 840/840
f 830/830 831/831 815/815
f 830/830 815/815 812/812
f 812/812 815/815 818/818
f 812/812 818/818 813/813
f 794/794 797/797 800/800
f 794/794 800/800 795/795
f 776/776 779/779 782/782
f 776/776 782/782 777/777
f 767/767 768/768 752/752
f 767/767 752/752 749/749
f 749/749 752/752 755/755
f 749/749 755/755 750/750
f 731/731 734/734 737/737
f 731/731 737/737 732/732
f 722/722 723/723 714/714
f 722/722 714/714 713/713
f 713/713 714/714 705/705
f 713/713 705/705 704/704
f 704/704 705/705 696/696
f 704/704 696/696 695/695
f 695/695 696/696 687/687
f 695/695 687/687 686/686
f 686/686 687/687 671/671
f 686/686 671/671 668/668
f 668/668 671/671 674/674
f 668/668 674/674 669/669
f 659/659 660/660 652/652
f 659/659 652/652 651/651
f 651/651 652/652 644/644
f 651/651 644/644 643/643
f 643/643 644/644 629/629
f 643/643 629/629 627/627
f 627/627 629/629 632/632
f 627/627 632/632 628/628
f 619/619 620/620 612/612
f 619/619 612/612 611/611
f 611/611 612/612 604/604
f 611/611 604/604 603/603
f 603/603 604/604 589/589
f 603/603 589/589 587/587
f 587/587 589/589 592/592
f 587/587 592/592 588/588
f 579/579 580/580 571/571
f 579/579 571/571 570/570
f 570/570 571/571 562/562
f 570/570 562/562 561/561
f 561/561 562/562 546/546
f 561/561 546/546 543/543
f 543/543 546/546 549/549
f 543/543 549/549 544/544
f 534/534 535/535 526/526
f 534/534 526/526 525/525
f 525/525 526/526 517/517
f 525/525 517/517 516/516
f 516/516 517/517 501/501
f 516/516 501/501 498/498
f 498/498 501/501 504/504
f 498/498 504/504 499/499
f 1137/1137 1138/1138 1139/1139
f 1137/1137 1139/1139 1140/1140
f 1141/1141 1142/1142 1143/1143
f 1141/1141 1143/1143 1144/1144
f 1145/1145 1146/1146 1147/1147
f 1145/1145 1147/1147 1148/1148
f 1149/1149 1150/1150 1151/1151
f 1149/1149 1151/1151 1152/1152
f 1153/1153 1154/1154 1146/1146
f 1153/1153 1146/1146 1145/1145
f 1155/1155 1156/1156 1150/1150
f 1155/1155 1150/1150 1149/1149
f 1157/1157 1158/1158 1159/1159
f 1157/1157 1159/1159 1160/1160
f 1161/1161 1157/1157 1160/1160
f 1161/1161 1160/1160 1162/1162
f 1163/1163 1161/1161 1162/1162
f 1163/1163 1162/1162 1164/1164
f 1165/1165 1163/1163 1164/1164
f 1165/1165 1164/1164 1166/1166
f 1167/1167 1165/1165 1166/1166
f 1167/1167 1166/1166 1168/1168
f 1169/1169 1167/1167 1168/1168
f 1169/1169 1168/1168 1170/1170
f 1142/1142 1169/1169 1170/1170
f 1142/1142 1170/1170 1143/1143
f 1171/1171 1141/1141 1144/1144
f 1171/1171 1144/1144 1172/1172
f 1173/1173 1174/1174 1175/1175
f 1173/1173 1175/1175 1176/1176
f 1177/1177 1173/1173 1176/1176
f 1177/1177 1176/1176 1178/1178
f 1179/1179 1177/1177 1178/1178
f 1179/1179 1178/1178 1180/1180
f 1181/1181 1179/1179 1180/1180
f 1181/1181 1180/1180 1182/1182
f 1183/1183 1181/1181 1182/1182
f 1183/1183 1182/1182 1184/1184
f 1185/1185 1183/1183 1184/1184
f 1185/1185 1184/1184 1186/1186
f 1138/1138 1185/1185 1186/1186
f 1138/1138 1186/1186 1139/1139
f 1187/1187 1137/1137 1140/1140
f 1187/1187 1140/1140 1188/1188
f 1189/1189 1190/1190 1191/1191
f 1189/1189 1191/1191 1192/1192
f 1193/1193 1194/1194 1190/1190
f 1193/1193 1190/1190 1189/1189
f 1195/1195 1196/1196 1194/1194
f 1195/1195 1194/1194 1193/1193
f 1197/1197 1198/1198 1196/1196
f 1197/1197 1196/1196 1195/1195
f 1199/1199 1200/1200 1201/1201
f 1199/1199 1201/1201 1202/1202
f 1203/1203 1204/1204 1200/1200
f 1203/1203 1200/1200 1199/1199
f 1205/1205 1206/1206 1204/1204
f 1205/1205 1204/1204 1203/1203
f 1152/1152 1151/1151 1206/1206
f 1152/1152 1206/1206 1205/1205
f 1207/1207 1208/1208 1209/1209
f 1207/1207 1209/1209 1210/1210
f 1211/1211 1212/1212 1208/1208
f 1211/1211 1208/1208 1207/1207
f 1213/1213 1214/1214 1212/1212
f 1213/1213 1212/1212 1211/1211
f 1215/1215 1216/1216 1214/1214
f 1215/1215 1214/1214 1213/1213
f 1217/1217 1218/1218 1219/1219
f 1217/1217 1219/1219 1220/1220
f 1221/1221 1222/1222 1218/1218
f 1221/1221 1218/1218 1217/1217
f 1223/1223 1224/1224 1222/1222
f 1223/1223 1222/1222 1221/1221
f 1148/1148 1147/1147 1224/1224
f 1148/1148 1224/1224 1223/1223
f 1174/1174 1225/1225 1226/1226
f 1174/1174 1226/1226 1175/1175
f 1158/1158 1227/1227 1228/1228
f 1158/1158 1228/1228 1159/1159
f 1229/1229 1230/1230 1231/1231
f 1229/1229 1231/1231 1232/1232
f 1233/1233 1234/1234 1235/1235
f 1233/1233 1235/1235 1236/1236
f 64/64 1229/1229 1232/1232
f 64/64 1232/1232 65/65
f 122/122 121/121 1225/1225
f 122/122 1225/1225 1174/1174
f 208/208 1148/1148 1223/1223
f 208/208 1223/1223 209/209
f 209/209 1223/1223 1221/1221
f 209/209 1221/1221 211/211
f 211/211 1221/1221 1217/1217
f 211/211 1217/1217 213/213
f 213/213 1217/1217 1220/1220
f 213/213 1220/1220 215/215
f 218/218 1215/1215 1213/1213
f 218/218 1213/1213 219/219
f 219/219 1213/1213 1211/1211
f 219/219 1211/1211 221/221
f 221/221 1211/1211 1207/1207
f 221/221 1207/1207 223/223
f 223/223 1207/1207 1210/1210
f 223/223 1210/1210 225/225
f 733/733 732/732 1137/1137
f 733/733 1137/1137 1187/1187
f 737/737 736/736 1185/1185
f 737/737 1185/1185 1138/1138
f 736/736 739/739 1183/1183
f 736/736 1183/1183 1185/1185
f 739/739 741/741 1181/1181
f 739/739 1181/1181 1183/1183
f 741/741 743/743 1179/1179
f 741/741 1179/1179 1181/1181
f 743/743 745/745 1177/1177
f 743/743 1177/1177 1179/1179
f 745/745 747/747 1173/1173
f 745/745 1173/1173 1177/1177
f 747/747 122/122 1174/1174
f 747/747 1174/1174 1173/1173
f 1055/1055 1153/1153 1145/1145
f 1055/1055 1145/1145 1056/1056
f 1056/1056 1145/1145 1148/1148
f 1056/1056 1148/1148 208/208
f 732/732 737/737 1138/1138
f 732/732 1138/1138 1137/1137
f 1144/1144 1143/1143 842/842
f 1144/1144 842/842 839/839
f 1150/1150 1033/1033 327/327
f 1150/1150 327/327 1151/1151
f 1156/1156 1030/1030 1033/1033
f 1156/1156 1033/1033 1150/1150
f 1160/1160 1159/1159 95/95
f 1160/1160 95/95 854/854
f 1162/1162 1160/1160 854/854
f 1162/1162 854/854 852/852
f 1164/1164 1162/1162 852/852
f 1164/1164 852/852 850/850
f 1166/1166 1164/1164 850/850
f 1166/1166 850/850 848/848
f 1168/1168 1166/1166 848/848
f 1168/1168 848/848 846/846
f 1170/1170 1168/1168 846/846
f 1170/1170 846/846 843/843
f 1143/1143 1170/1170 843/843
f 1143/1143 843/843 842/842
f 1172/1172 1144/1144 839/839
f 1172/1172 839/839 838/838
f 1190/1190 344/344 346/346
f 1190/1190 346/346 1191/1191
f 1194/1194 342/342 344/344
f 1194/1194 344/344 1190/1190
f 1196/1196 340/340 342/342
f 1196/1196 342/342 1194/1194
f 1198/1198 337/337 340/340
f 1198/1198 340/340 1196/1196
f 1200/1200 334/334 336/336
f 1200/1200 336/336 1201/1201
f 1204/1204 332/332 334/334
f 1204/1204 334/334 1200/1200
f 1206/1206 330/330 332/332
f 1206/1206 332/332 1204/1204
f 1151/1151 327/327 330/330
f 1151/1151 330/330 1206/1206
f 1159/1159 1228/1228 96/96
f 1159/1159 96/96 95/95
f 1234/1234 39/39 42/42
f 1234/1234 42/42 1235/1235
f 37/37 1233/1233 1236/1236
f 37/37 1236/1236 38/38
f 94/94 93/93 1227/1227
f 94/94 1227/1227 1158/1158
f 348/348 1152/1152 1205/1205
f 348/348 1205/1205 349/349
f 349/349 1205/1205 1203/1203
f 349/349 1203/1203 351/351
f 351/351 1203/1203 1199/1199
f 351/351 1199/1199 353/353
f 353/353 1199/1199 1202/1202
f 353/353 1202/1202 355/355
f 358/358 1197/1197 1195/1195
f 358/358 1195/1195 359/359
f 359/359 1195/1195 1193/1193
f 359/359 1193/1193 361/361
f 361/361 1193/1193 1189/1189
f 361/361 1189/1189 363/363
f 363/363 1189/1189 1192/1192
f 363/363 1192/1192 365/365
f 859/859 858/858 1141/1141
f 859/859 1141/1141 1171/1171
f 863/863 862/862 1169/1169
f 863/863 1169/1169 1142/1142
f 862/862 865/865 1167/1167
f 862/862 1167/1167 1169/1169
f 865/865 867/867 1165/1165
f 865/865 1165/1165 1167/1167
f 867/867 869/869 1163/1163
f 867/867 1163/1163 1165/1165
f 869/869 871/871 1161/1161
f 869/869 1161/1161 1163/1163
f 871/871 873/873 1157/1157
f 871/871 1157/1157 1161/1161
f 873/873 94/94 1158/1158
f 873/873 1158/1158 1157/1157
f 1028/1028 1155/1155 1149/1149
f 1028/1028 1149/1149 1029/1029
f 1029/1029 1149/1149 1152/1152
f 1029/1029 1152/1152 348/348
f 858/858 863/863 1142/1142
f 858/858 1142/1142 1141/1141
f 1140/1140 1139/1139 723/723
f 1140/1140 723/723 722/722
f 1146/1146 1061/1061 197/197
f 1146/1146 197/197 1147/1147
f 1154/1154 1058/1058 1061/1061
f 1154/1154 1061/1061 1146/1146
f 1176/1176 1175/1175 123/123
f 1176/1176 123/123 729/729
f 1178/1178 1176/1176 729/729
f 1178/1178 729/729 728/728
f 1180/1180 1178/1178 728/728
f 1180/1180 728/728 727/727
f 1182/1182 1180/1180 727/727
f 1182/1182 727/727 726/726
f 1184/1184 1182/1182 726/726
f 1184/1184 726/726 725/725
f 1186/1186 1184/1184 725/725
f 1186/1186 725/725 724/724
f 1139/1139 1186/1186 724/724
f 1139/1139 724/724 723/723
f 1188/1188 1140/1140 722/722
f 1188/1188 722/722 721/721
f 1208/1208 205/205 206/206
f 1208/1208 206/206 1209/1209
f 1212/1212 204/204 205/205
f 1212/1212 205/205 1208/1208
f 1214/1214 203/203 204/204
f 1214/1214 204/204 1212/1212
f 1216/1216 202/202 203/203
f 1216/1216 203/203 1214/1214
f 1218/1218 200/200 201/201
f 1218/1218 201/201 1219/1219
f 1222/1222 199/199 200/200
f 1222/1222 200/200 1218/1218
f 1224/1224 198/198 199/199
f 1224/1224 199/199 1222/1222
f 1147/1147 197/197 198/198
f 1147/1147 198/198 1224/1224
f 1175/1175 1226/1226 124/124
f 1175/1175 124/124 123/123
f 1230/1230 67/67 70/70
f 1230/1230 70/70 1231/1231
f 750/750 755/755 734/734
f 750/750 734/734 731/731
f 840/840 845/845 831/831
f 840/840 831/831 830/830
f 1053/1053 1057/1057 207/207
f 1053/1053 207/207 228/228
f 1032/1032 1037/1037 317/317
f 1032/1032 317/317 328/328
f 1052/1052 1054/1054 1057/1057
f 1052/1052 1057/1057 1053/1053
f 1031/1031 1034/1034 1037/1037
f 1031/1031 1037/1037 1032/1032
f 855/855 98/98 99/99
f 855/855 99/99 837/837
f 853/853 855/855 837/837
f 853/853 837/837 836/836
f 851/851 853/853 836/836
f 851/851 836/836 835/835
f 849/849 851/851 835/835
f 849/849 835/835 834/834
f 847/847 849/849 834/834
f 847/847 834/834 833/833
f 844/844 847/847 833/833
f 844/844 833/833 832/832
f 845/845 844/844 832/832
f 845/845 832/832 831/831
f 841/841 840/840 830/830
f 841/841 830/830 829/829
f 765/765 118/118 119/119
f 765/765 119/119 746/746
f 763/763 765/765 746/746
f 763/763 746/746 744/744
f 761/761 763/763 744/744
f 761/761 744/744 742/742
f 759/759 761/761 742/742
f 759/759 742/742 740/740
f 757/757 759/759 740/740
f 757/757 740/740 738/738
f 754/754 757/757 738/738
f 754/754 738/738 735/735
f 755/755 754/754 735/735
f 755/755 735/735 734/734
f 751/751 750/750 731/731
f 751/751 731/731 730/730
f 343/343 325/325 326/326
f 343/343 326/326 345/345
f 341/341 324/324 325/325
f 341/341 325/325 343/343
f 339/339 323/323 324/324
f 339/339 324/324 341/341
f 338/338 322/322 323/323
f 338/338 323/323 339/339
f 333/333 320/320 321/321
f 333/333 321/321 335/335
f 331/331 319/319 320/320
f 331/331 320/320 333/333
f 329/329 318/318 319/319
f 329/329 319/319 331/331
f 328/328 317/317 318/318
f 328/328 318/318 329/329
f 243/243 224/224 226/226
f 243/243 226/226 245/245
f 241/241 222/222 224/224
f 241/241 224/224 243/243
f 239/239 220/220 222/222
f 239/239 222/222 241/241
f 238/238 217/217 220/220
f 238/238 220/220 239/239
f 233/233 214/214 216/216
f 233/233 216/216 235/235
f 231/231 212/212 214/214
f 231/231 214/214 233/233
f 229/229 210/210 212/212
f 229/229 212/212 231/231
f 228/228 207/207 210/210
f 228/228 210/210 229/229
f 118/118 117/117 120/120
f 118/118 120/120 119/119
f 98/98 97/97 100/100
f 98/98 100/100 99/99
f 61/61 63/63 66/66
f 61/61 66/66 62/62
f 40/40 43/43 46/46
f 40/40 46/46 41/41
f 1237/1237 1238/1238 912/912
f 1237/1237 912/912 911/911
f 669/669 674/674 1239/1239
f 669/669 1239/1239 1240/1240
f 1241/1241 1019/1019 407/407
f 1241/1241 407/407 1242/1242
f 1071/1071 1243/1243 1244/1244
f 1071/1071 1244/1244 138/138
f 1245/1245 1016/1016 1019/1019
f 1245/1245 1019/1019 1241/1241
f 1070/1070 1246/1246 1243/1243
f 1070/1070 1243/1243 1071/1071
f 684/684 136/136 1247/1247
f 684/684 1247/1247 1248/1248
f 682/682 684/684 1248/1248
f 682/682 1248/1248 1249/1249
f 680/680 682/682 1249/1249
f 680/680 1249/1249 1250/1250
f 678/678 680/680 1250/1250
f 678/678 1250/1250 1251/1251
f 676/676 678/678 1251/1251
f 676/676 1251/1251 1252/1252
f 673/673 676/676 1252/1252
f 673/673 1252/1252 1253/1253
f 674/674 673/673 1253/1253
f 674/674 1253/1253 1239/1239
f 670/670 669/669 1240/1240
f 670/670 1240/1240 1254/1254
f 1255/1255 1256/1256 81/81
f 1255/1255 81/81 918/918
f 1257/1257 1255/1255 918/918
f 1257/1257 918/918 917/917
f 1258/1258 1257/1257 917/917
f 1258/1258 917/917 916/916
f 1259/1259 1258/1258 916/916
f 1259/1259 916/916 915/915
f 1260/1260 1259/1259 915/915
f 1260/1260 915/915 914/914
f 1261/1261 1260/1260 914/914
f 1261/1261 914/914 913/913
f 1238/1238 1261/1261 913/913
f 1238/1238 913/913 912/912
f 1262/1262 1237/1237 911/911
f 1262/1262 911/911 910/910
f 153/153 1263/1263 1264/1264
f 153/153 1264/1264 155/155
f 151/151 1265/1265 1263/1263
f 151/151 1263/1263 153/153
f 149/149 1266/1266 1265/1265
f 149/149 1265/1265 151/151
f 148/148 1267/1267 1266/1266
f 148/148 1266/1266 149/149
f 143/143 1268/1268 1269/1269
f 143/143 1269/1269 145/145
f 141/141 1270/1270 1268/1268
f 141/141 1268/1268 143/143
f 139/139 1271/1271 1270/1270
f 139/139 1270/1270 141/141
f 138/138 1244/1244 1271/1271
f 138/138 1271/1271 139/139
f 1272/1272 415/415 416/416
f 1272/1272 416/416 1273/1273
f 1274/1274 414/414 415/415
f 1274/1274 415/415 1272/1272
f 1275/1275 413/413 414/414
f 1275/1275 414/414 1274/1274
f 1276/1276 412/412 413/413
f 1276/1276 413/413 1275/1275
f 1277/1277 410/410 411/411
f 1277/1277 411/411 1278/1278
f 1279/1279 409/409 410/410
f 1279/1279 410/410 1277/1277
f 1280/1280 408/408 409/409
f 1280/1280 409/409 1279/1279
f 1242/1242 407/407 408/408
f 1242/1242 408/408 1280/1280
f 1256/1256 1281/1281 82/82
f 1256/1256 82/82 81/81
f 1282/1282 25/25 28/28
f 1282/1282 28/28 1283/1283
f 79/79 1284/1284 1285/1285
f 79/79 1285/1285 80/80
f 136/136 135/135 1286/1286
f 136/136 1286/1286 1247/1247
f 10/10 1287/1287 1288/1288
f 10/10 1288/1288 11/11
f 12/12 11/11 1289/1289
f 12/12 1289/1289 1290/1290
f 458/458 1291/1291 1292/1292
f 458/458 1292/1292 459/459
f 459/459 1292/1292 1293/1293
f 459/459 1293/1293 461/461
f 461/461 1293/1293 1294/1294
f 461/461 1294/1294 463/463
f 463/463 1294/1294 1295/1295
f 463/463 1295/1295 465/465
f 468/468 1296/1296 1297/1297
f 468/468 1297/1297 469/469
f 469/469 1297/1297 1298/1298
f 469/469 1298/1298 471/471
f 471/471 1298/1298 1299/1299
f 471/471 1299/1299 473/473
f 473/473 1299/1299 1300/1300
f 473/473 1300/1300 475/475
f 19/19 938/938 1301/1301
f 19/19 1301/1301 1302/1302
f 942/942 941/941 1303/1303
f 942/942 1303/1303 1304/1304
f 941/941 944/944 1305/1305
f 941/941 1305/1305 1303/1303
f 944/944 946/946 1306/1306
f 944/944 1306/1306 1305/1305
f 946/946 948/948 1307/1307
f 946/946 1307/1307 1306/1306
f 948/948 950/950 1308/1308
f 948/948 1308/1308 1307/1307
f 950/950 952/952 1309/1309
f 950/950 1309/1309 1308/1308
f 952/952 12/12 1290/1290
f 952/952 1290/1290 1309/1309
f 7/7 1310/1310 1311/1311
f 7/7 1311/1311 1009/1009
f 1009/1009 1311/1311 1291/1291
f 1009/1009 1291/1291 458/458
f 938/938 942/942 1304/1304
f 938/938 1304/1304 1301/1301
f 1312/1312 1313/1313 957/957
f 1312/1312 957/957 954/954
f 1314/1314 1011/1011 437/437
f 1314/1314 437/437 1315/1315
f 1316/1316 1010/1010 1011/1011
f 1316/1316 1011/1011 1314/1314
f 1317/1317 1318/1318 5/5
f 1317/1317 5/5 969/969
f 1319/1319 1317/1317 969/969
f 1319/1319 969/969 967/967
f 1320/1320 1319/1319 967/967
f 1320/1320 967/967 965/965
f 1321/1321 1320/1320 965/965
f 1321/1321 965/965 963/963
f 1322/1322 1321/1321 963/963
f 1322/1322 963/963 961/961
f 1323/1323 1322/1322 961/961
f 1323/1323 961/961 958/958
f 1313/1313 1323/1323 958/958
f 1313/1313 958/958 957/957
f 1324/1324 1312/1312 954/954
f 1324/1324 954/954 953/953
f 1325/1325 454/454 456/456
f 1325/1325 456/456 1326/1326
f 1327/1327 452/452 454/454
f 1327/1327 454/454 1325/1325
f 1328/1328 450/450 452/452
f 1328/1328 452/452 1327/1327
f 1329/1329 447/447 450/450
f 1329/1329 450/450 1328/1328
f 1330/1330 444/444 446/446
f 1330/1330 446/446 1331/1331
f 1332/1332 442/442 444/444
f 1332/1332 444/444 1330/1330
f 1333/1333 440/440 442/442
f 1333/1333 442/442 1332/1332
f 1315/1315 437/437 440/440
f 1315/1315 440/440 1333/1333
f 1334/1334 17/17 20/20
f 1334/1334 20/20 1335/1335
f 1318/1318 1336/1336 6/6
f 1318/1318 6/6 5/5
f 1100/1100 1099/1099 779/779
f 1100/1100 779/779 776/776
f 795/795 800/800 1089/1089
f 795/795 1089/1089 1091/1091
f 108/108 107/107 1136/1136
f 108/108 1136/1136 1083/1083
f 50/50 1134/1134 1135/1135
f 50/50 1135/1135 51/51
f 278/278 1078/1078 1110/1110
f 278/278 1110/1110 279/279
f 279/279 1110/1110 1109/1109
f 279/279 1109/1109 281/281
f 281/281 1109/1109 1107/1107
f 281/281 1107/1107 283/283
f 283/283 1107/1107 1108/1108
f 283/283 1108/1108 285/285
f 288/288 1106/1106 1105/1105
f 288/288 1105/1105 289/289
f 289/289 1105/1105 1104/1104
f 289/289 1104/1104 291/291
f 291/291 1104/1104 1102/1102
f 291/291 1102/1102 293/293
f 293/293 1102/1102 1103/1103
f 293/293 1103/1103 295/295
f 796/796 795/795 1091/1091
f 796/796 1091/1091 1090/1090
f 800/800 799/799 1088/1088
f 800/800 1088/1088 1089/1089
f 799/799 802/802 1087/1087
f 799/799 1087/1087 1088/1088
f 802/802 804/804 1086/1086
f 802/802 1086/1086 1087/1087
f 804/804 806/806 1085/1085
f 804/804 1085/1085 1086/1086
f 806/806 808/808 1084/1084
f 806/806 1084/1084 1085/1085
f 808/808 810/810 1082/1082
f 808/808 1082/1082 1084/1084
f 810/810 108/108 1083/1083
f 810/810 1083/1083 1082/1082
f 1041/1041 1081/1081 1077/1077
f 1041/1041 1077/1077 1042/1042
f 1042/1042 1077/1077 1078/1078
f 1042/1042 1078/1078 278/278
f 1074/1074 1047/1047 257/257
f 1074/1074 257/257 1075/1075
f 1080/1080 1044/1044 1047/1047
f 1080/1080 1047/1047 1074/1074
f 1093/1093 1092/1092 109/109
f 1093/1093 109/109 791/791
f 1094/1094 1093/1093 791/791
f 1094/1094 791/791 789/789
f 1095/1095 1094/1094 789/789
f 1095/1095 789/789 787/787
f 1096/1096 1095/1095 787/787
f 1096/1096 787/787 785/785
f 1097/1097 1096/1096 785/785
f 1097/1097 785/785 783/783
f 1098/1098 1097/1097 783/783
f 1098/1098 783/783 780/780
f 1099/1099 1098/1098 780/780
f 1099/1099 780/780 779/779
f 1101/1101 1100/1100 776/776
f 1101/1101 776/776 775/775
f 1112/1112 274/274 276/276
f 1112/1112 276/276 1113/1113
f 1116/1116 272/272 274/274
f 1116/1116 274/274 1112/1112
f 1118/1118 270/270 272/272
f 1118/1118 272/272 1116/1116
f 1120/1120 267/267 270/270
f 1120/1120 270/270 1118/1118
f 1122/1122 264/264 266/266
f 1122/1122 266/266 1123/1123
f 1126/1126 262/262 264/264
f 1126/1126 264/264 1122/1122
f 1128/1128 260/260 262/262
f 1128/1128 262/262 1126/1126
f 1075/1075 257/257 260/260
f 1075/1075 260/260 1128/1128
f 1092/1092 1129/1129 110/110
f 1092/1092 110/110 109/109
f 1131/1131 53/53 56/56
f 1131/1131 56/56 1132/1132
f 1247/1247 1286/1286 1336/1336
f 1247/1247 1336/1336 1318/1318
f 1284/1284 1334/1334 1335/1335
f 1284/1284 1335/1335 1285/1285
f 1244/1244 1315/1315 1333/1333
f 1244/1244 1333/1333 1271/1271
f 1271/1271 1333/1333 1332/1332
f 1271/1271 1332/1332 1270/1270
f 1270/1270 1332/1332 1330/1330
f 1270/1270 1330/1330 1268/1268
f 1268/1268 1330/1330 1331/1331
f 1268/1268 1331/1331 1269/1269
f 1267/1267 1329/1329 1328/1328
f 1267/1267 1328/1328 1266/1266
f 1266/1266 1328/1328 1327/1327
f 1266/1266 1327/1327 1265/1265
f 1265/1265 1327/1327 1325/1325
f 1265/1265 1325/1325 1263/1263
f 1263/1263 1325/1325 1326/1326
f 1263/1263 1326/1326 1264/1264
f 1254/1254 1240/1240 1312/1312
f 1254/1254 1312/1312 1324/1324
f 1239/1239 1253/1253 1323/1323
f 1239/1239 1323/1323 1313/1313
f 1253/1253 1252/1252 1322/1322
f 1253/1253 1322/1322 1323/1323
f 1252/1252 1251/1251 1321/1321
f 1252/1252 1321/1321 1322/1322
f 1251/1251 1250/1250 1320/1320
f 1251/1251 1320/1320 1321/1321
f 1250/1250 1249/1249 1319/1319
f 1250/1250 1319/1319 1320/1320
f 1249/1249 1248/1248 1317/1317
f 1249/1249 1317/1317 1319/1319
f 1248/1248 1247/1247 1318/1318
f 1248/1248 1318/1318 1317/1317
f 1246/1246 1316/1316 1314/1314
f 1246/1246 1314/1314 1243/1243
f 1243/1243 1314/1314 1315/1315
f 1243/1243 1315/1315 1244/1244
f 1240/1240 1239/1239 1313/1313
f 1240/1240 1313/1313 1312/1312
f 1287/1287 1282/1282 1283/1283
f 1287/1287 1283/1283 1288/1288
f 1290/1290 1289/1289 1281/1281
f 1290/1290 1281/1281 1256/1256
f 1291/1291 1242/1242 1280/1280
f 1291/1291 1280/1280 1292/1292
f 1292/1292 1280/1280 1279/1279
f 1292/1292 1279/1279 1293/1293
f 1293/1293 1279/1279 1277/1277
f 1293/1293 1277/1277 1294/1294
f 1294/1294 1277/1277 1278/1278
f 1294/1294 1278/1278 1295/1295
f 1296/1296 1276/1276 1275/1275
f 1296/1296 1275/1275 1297/1297
f 1297/1297 1275/1275 1274/1274
f 1297/1297 1274/1274 1298/1298
f 1298/1298 1274/1274 1272/1272
f 1298/1298 1272/1272 1299/1299
f 1299/1299 1272/1272 1273/1273
f 1299/1299 1273/1273 1300/1300
f 1302/1302 1301/1301 1237/1237
f 1302/1302 1237/1237 1262/1262
f 1304/1304 1303/1303 1261/1261
f 1304/1304 1261/1261 1238/1238
f 1303/1303 1305/1305 1260/1260
f 1303/1303 1260/1260 1261/1261
f 1305/1305 1306/1306 1259/1259
f 1305/1305 1259/1259 1260/1260
f 1306/1306 1307/1307 1258/1258
f 1306/1306 1258/1258 1259/1259
f 1307/1307 1308/1308 1257/1257
f 1307/1307 1257/1257 1258/1258
f 1308/1308 1309/1309 1255/1255
f 1308/1308 1255/1255 1257/1257
f 1309/1309 1290/1290 1256/1256
f 1309/1309 1256/1256 1255/1255
f 1310/1310 1245/1245 1241/1241
f 1310/1310 1241/1241 1311/1311
f 1311/1311 1241/1241 1242/1242
f 1311/1311 1242/1242 1291/1291
f 1301/1301 1304/1304 1238/1238
f 1301/1301 1238/1238 1237/1237
f 1295/1295 1278/1278 1276/1276
f 1295/1295 1276/1276 1296/1296
f 1269/1269 1331/1331 1329/1329
f 1269/1269 1329/1329 1267/1267
f 1123/1123 266/266 267/267
f 1123/1123 267/267 1120/1120
f 285/285 1108/1108 1106/1106
f 285/285 1106/1106 288/288
f 1331/1331 446/446 447/447
f 1331/1331 447/447 1329/1329
f 465/465 1295/1295 1296/1296
f 465/465 1296/1296 468/468
f 1278/1278 411/411 412/412
f 1278/1278 412/412 1276/1276
f 145/145 1269/1269 1267/1267
f 145/145 1267/1267 148/148
f 235/235 216/216 217/217
f 235/235 217/217 238/238
f 335/335 321/321 322/322
f 335/335 322/322 338/338
f 1219/1219 201/201 202/202
f 1219/1219 202/202 1216/1216
f 355/355 1202/1202 1197/1197
f 355/355 1197/1197 358/358
f 1201/1201 336/336 337/337
f 1201/1201 337/337 1198/1198
f 215/215 1220/1220 1215/1215
f 215/215 1215/1215 218/218
f 1220/1220 1219/1219 1216/1216
f 1220/1220 1216/1216 1215/1215
f 1202/1202 1201/1201 1198/1198
f 1202/1202 1198/1198 1197/1197
f 544/544 549/549 535/535
f 544/544 535/535 534/534
f 628/628 632/632 620/620
f 628/628 620/620 619/619
f 1124/1124 1123/1123 1120/1120
f 1124/1124 1120/1120 1119/1119
f 1108/1108 426/426 427/427
f 1108/1108 427/427 1106/1106
f 642/642 466/466 467/467
f 642/642 467/467 626/626
f 640/640 642/642 626/626
f 640/640 626/626 625/625
f 638/638 640/640 625/625
f 638/638 625/625 624/624
f 636/636 638/638 624/624
f 636/636 624/624 623/623
f 634/634 636/636 623/623
f 634/634 623/623 622/622
f 631/631 634/634 622/622
f 631/631 622/622 621/621
f 632/632 631/631 621/621
f 632/632 621/621 620/620
f 445/445 628/628 619/619
f 445/445 619/619 448/448
f 559/559 486/486 487/487
f 559/559 487/487 541/541
f 557/557 559/559 541/541
f 557/557 541/541 540/540
f 555/555 557/557 540/540
f 555/555 540/540 539/539
f 553/553 555/555 539/539
f 553/553 539/539 538/538
f 551/551 553/553 538/538
f 551/551 538/538 537/537
f 548/548 551/551 537/537
f 548/548 537/537 536/536
f 549/549 548/548 536/536
f 549/549 536/536 535/535
f 545/545 544/544 534/534
f 545/545 534/534 533/533
f 486/486 485/485 488/488
f 486/486 488/488 487/487
f 466/466 465/465 468/468
f 466/466 468/468 467/467
f 446/446 445/445 448/448
f 446/446 448/448 447/447
f 426/426 425/425 428/428
f 426/426 428/428 427/427
f 411/411 401/401 402/402
f 411/411 402/402 412/412
f 401/401 391/391 392/392
f 401/401 392/392 402/402
f 391/391 381/381 382/382
f 391/391 382/382 392/392
f 381/381 371/371 372/372
f 381/381 372/372 382/382
f 371/371 356/356 357/357
f 371/371 357/357 372/372
f 356/356 355/355 358/358
f 356/356 358/358 357/357
f 336/336 335/335 338/338
f 336/336 338/338 337/337
f 321/321 306/306 307/307
f 321/321 307/307 322/322
f 306/306 305/305 308/308
f 306/306 308/308 307/307
f 286/286 285/285 288/288
f 286/286 288/288 287/287
f 266/266 265/265 268/268
f 266/266 268/268 267/267
f 251/251 236/236 237/237
f 251/251 237/237 252/252
f 236/236 235/235 238/238
f 236/236 238/238 237/237
f 216/216 215/215 218/218
f 216/216 218/218 217/217
f 201/201 191/191 192/192
f 201/201 192/192 202/202
f 191/191 181/181 182/182
f 191/191 182/182 192/192
f 181/181 171/171 172/172
f 181/181 172/172 182/182
f 171/171 161/161 162/162
f 171/171 162/162 172/172
f 161/161 146/146 147/147
f 161/161 147/147 162/162
f 146/146 145/145 148/148
f 146/146 148/148 147/147
f 1300/1300 1273/1273 1282/1282
f 1300/1300 1282/1282 1287/1287
f 1264/1264 1326/1326 1334/1334
f 1264/1264 1334/1334 1284/1284
f 1113/1113 276/276 53/53
f 1113/1113 53/53 1131/1131
f 295/295 1103/1103 1134/1134
f 295/295 1134/1134 50/50
f 1326/1326 456/456 17/17
f 1326/1326 17/17 1334/1334
f 475/475 1300/1300 1287/1287
f 475/475 1287/1287 10/10
f 155/155 1264/1264 1284/1284
f 155/155 1284/1284 79/79
f 1273/1273 416/416 25/25
f 1273/1273 25/25 1282/1282
f 345/345 326/326 43/43
f 345/345 43/43 40/40
f 245/245 226/226 63/63
f 245/245 63/63 61/61
f 1209/1209 206/206 67/67
f 1209/1209 67/67 1230/1230
f 365/365 1192/1192 1233/1233
f 365/365 1233/1233 37/37
f 1191/1191 346/346 39/39
f 1191/1191 39/39 1234/1234
f 225/225 1210/1210 1229/1229
f 225/225 1229/1229 64/64
f 1192/1192 1191/1191 1234/1234
f 1192/1192 1234/1234 1233/1233
f 1210/1210 1209/1209 1230/1230
f 1210/1210 1230/1230 1229/1229
f 1337/1337 1338/1338 580/580
f 1337/1337 580/580 579/579
f 588/588 592/592 939/939
f 588/588 939/939 937/937
f 1103/1103 436/436 21/21
f 1103/1103 21/21 1134/1134
f 1114/1114 1113/1113 1131/1131
f 1114/1114 1131/1131 1130/1130
f 602/602 476/476 9/9
f 602/602 9/9 951/951
f 600/600 602/602 951/951
f 600/600 951/951 949/949
f 598/598 600/600 949/949
f 598/598 949/949 947/947
f 596/596 598/598 947/947
f 596/596 947/947 945/945
f 594/594 596/596 945/945
f 594/594 945/945 943/943
f 591/591 594/594 943/943
f 591/591 943/943 940/940
f 592/592 591/591 940/940
f 592/592 940/940 939/939
f 455/455 588/588 937/937
f 455/455 937/937 18/18
f 1339/1339 1340/1340 477/477
f 1339/1339 477/477 586/586
f 1341/1341 1339/1339 586/586
f 1341/1341 586/586 585/585
f 1342/1342 1341/1341 585/585
f 1342/1342 585/585 584/584
f 1343/1343 1342/1342 584/584
f 1343/1343 584/584 583/583
f 1344/1344 1343/1343 583/583
f 1344/1344 583/583 582/582
f 1345/1345 1344/1344 582/582
f 1345/1345 582/582 581/581
f 1338/1338 1345/1345 581/581
f 1338/1338 581/581 580/580
f 1346/1346 1337/1337 579/579
f 1346/1346 579/579 578/578
f 1340/1340 1347/1347 478/478
f 1340/1340 478/478 477/477
f 156/156 155/155 79/79
f 156/156 79/79 77/77
f 166/166 156/156 77/77
f 166/166 77/77 75/75
f 176/176 166/166 75/75
f 176/176 75/75 73/73
f 186/186 176/176 73/73
f 186/186 73/73 71/71
f 196/196 186/186 71/71
f 196/196 71/71 68/68
f 206/206 196/196 68/68
f 206/206 68/68 67/67
f 226/226 225/225 64/64
f 226/226 64/64 63/63
f 246/246 245/245 61/61
f 246/246 61/61 58/58
f 256/256 246/246 58/58
f 256/256 58/58 57/57
f 276/276 275/275 54/54
f 276/276 54/54 53/53
f 296/296 295/295 50/50
f 296/296 50/50 49/49
f 316/316 315/315 47/47
f 316/316 47/47 44/44
f 326/326 316/316 44/44
f 326/326 44/44 43/43
f 346/346 345/345 40/40
f 346/346 40/40 39/39
f 366/366 365/365 37/37
f 366/366 37/37 35/35
f 376/376 366/366 35/35
f 376/376 35/35 33/33
f 386/386 376/376 33/33
f 386/386 33/33 31/31
f 396/396 386/386 31/31
f 396/396 31/31 29/29
f 406/406 396/396 29/29
f 406/406 29/29 26/26
f 416/416 406/406 26/26
f 416/416 26/26 25/25
f 436/436 435/435 22/22
f 436/436 22/22 21/21
f 456/456 455/455 18/18
f 456/456 18/18 17/17
f 476/476 475/475 10/10
f 476/476 10/10 9/9
f 1348/1348 296/296 49/49
f 1348/1348 49/49 1349/1349
f 275/275 1350/1350 1351/1351
f 275/275 1351/1351 54/54
f 265/265 1352/1352 1353/1353
f 265/265 1353/1353 268/268
f 1354/1354 286/286 287/287
f 1354/1354 287/287 1355/1355
f 777/777 782/782 1356/1356
f 777/777 1356/1356 1357/1357
f 1358/1358 1359/1359 797/797
f 1358/1358 797/797 794/794
f 1046/1046 1360/1360 1361/1361
f 1046/1046 1361/1361 258/258
f 1362/1362 1043/1043 277/277
f 1362/1362 277/277 1363/1363
f 1045/1045 1364/1364 1360/1360
f 1045/1045 1360/1360 1046/1046
f 1365/1365 1040/1040 1043/1043
f 1365/1365 1043/1043 1362/1362
f 1366/1366 1367/1367 105/105
f 1366/1366 105/105 809/809
f 1368/1368 1366/1366 809/809
f 1368/1368 809/809 807/807
f 1369/1369 1368/1368 807/807
f 1369/1369 807/807 805/805
f 1370/1370 1369/1369 805/805
f 1370/1370 805/805 803/803
f 1371/1371 1370/1370 803/803
f 1371/1371 803/803 801/801
f 1372/1372 1371/1371 801/801
f 1372/1372 801/801 798/798
f 1359/1359 1372/1372 798/798
f 1359/1359 798/798 797/797
f 1373/1373 1358/1358 794/794
f 1373/1373 794/794 793/793
f 792/792 112/112 1374/1374
f 792/792 1374/1374 1375/1375
f 790/790 792/792 1375/1375
f 790/790 1375/1375 1376/1376
f 788/788 790/790 1376/1376
f 788/788 1376/1376 1377/1377
f 786/786 788/788 1377/1377
f 786/786 1377/1377 1378/1378
f 784/784 786/786 1378/1378
f 784/784 1378/1378 1379/1379
f 781/781 784/784 1379/1379
f 781/781 1379/1379 1380/1380
f 782/782 781/781 1380/1380
f 782/782 1380/1380 1356/1356
f 778/778 777/777 1357/1357
f 778/778 1357/1357 1381/1381
f 1382/1382 294/294 296/296
f 1382/1382 296/296 1348/1348
f 1383/1383 292/292 294/294
f 1383/1383 294/294 1382/1382
f 1384/1384 290/290 292/292
f 1384/1384 292/292 1383/1383
f 1355/1355 287/287 290/290
f 1355/1355 290/290 1384/1384
f 1385/1385 284/284 286/286
f 1385/1385 286/286 1354/1354
f 1386/1386 282/282 284/284
f 1386/1386 284/284 1385/1385
f 1387/1387 280/280 282/282
f 1387/1387 282/282 1386/1386
f 1363/1363 277/277 280/280
f 1363/1363 280/280 1387/1387
f 273/273 1388/1388 1350/1350
f 273/273 1350/1350 275/275
f 271/271 1389/1389 1388/1388
f 271/271 1388/1388 273/273
f 269/269 1390/1390 1389/1389
f 269/269 1389/1389 271/271
f 268/268 1353/1353 1390/1390
f 268/268 1390/1390 269/269
f 263/263 1391/1391 1352/1352
f 263/263 1352/1352 265/265
f 261/261 1392/1392 1391/1391
f 261/261 1391/1391 263/263
f 259/259 1393/1393 1392/1392
f 259/259 1392/1392 261/261
f 258/258 1361/1361 1393/1393
f 258/258 1393/1393 259/259
f 112/112 111/111 1394/1394
f 112/112 1394/1394 1374/1374
f 1367/1367 1395/1395 106/106
f 1367/1367 106/106 105/105
f 54/54 1351/1351 1396/1396
f 54/54 1396/1396 55/55
f 1349/1349 49/49 52/52
f 1349/1349 52/52 1397/1397
f 47/47 1349/1349 1397/1397
f 47/47 1397/1397 48/48
f 104/104 103/103 1395/1395
f 104/104 1395/1395 1367/1367
f 298/298 1363/1363 1387/1387
f 298/298 1387/1387 299/299
f 299/299 1387/1387 1386/1386
f 299/299 1386/1386 301/301
f 301/301 1386/1386 1385/1385
f 301/301 1385/1385 303/303
f 303/303 1385/1385 1354/1354
f 303/303 1354/1354 305/305
f 308/308 1355/1355 1384/1384
f 308/308 1384/1384 309/309
f 309/309 1384/1384 1383/1383
f 309/309 1383/1383 311/311
f 311/311 1383/1383 1382/1382
f 311/311 1382/1382 313/313
f 313/313 1382/1382 1348/1348
f 313/313 1348/1348 315/315
f 814/814 813/813 1358/1358
f 814/814 1358/1358 1373/1373
f 818/818 817/817 1372/1372
f 818/818 1372/1372 1359/1359
f 817/817 820/820 1371/1371
f 817/817 1371/1371 1372/1372
f 820/820 822/822 1370/1370
f 820/820 1370/1370 1371/1371
f 822/822 824/824 1369/1369
f 822/822 1369/1369 1370/1370
f 824/824 826/826 1368/1368
f 824/824 1368/1368 1369/1369
f 826/826 828/828 1366/1366
f 826/826 1366/1366 1368/1368
f 828/828 104/104 1367/1367
f 828/828 1367/1367 1366/1366
f 1038/1038 1365/1365 1362/1362
f 1038/1038 1362/1362 1039/1039
f 1039/1039 1362/1362 1363/1363
f 1039/1039 1363/1363 298/298
f 813/813 818/818 1359/1359
f 813/813 1359/1359 1358/1358
f 305/305 1354/1354 1355/1355
f 305/305 1355/1355 308/308
f 315/315 1348/1348 1349/1349
f 315/315 1349/1349 47/47
f 1350/1350 256/256 57/57
f 1350/1350 57/57 1351/1351
f 1352/1352 251/251 252/252
f 1352/1352 252/252 1353/1353
f 1357/1357 1356/1356 768/768
f 1357/1357 768/768 767/767
f 1360/1360 1051/1051 247/247
f 1360/1360 247/247 1361/1361
f 1364/1364 1048/1048 1051/1051
f 1364/1364 1051/1051 1360/1360
f 1375/1375 1374/1374 113/113
f 1375/1375 113/113 774/774
f 1376/1376 1375/1375 774/774
f 1376/1376 774/774 773/773
f 1377/1377 1376/1376 773/773
f 1377/1377 773/773 772/772
f 1378/1378 1377/1377 772/772
f 1378/1378 772/772 771/771
f 1379/1379 1378/1378 771/771
f 1379/1379 771/771 770/770
f 1380/1380 1379/1379 770/770
f 1380/1380 770/770 769/769
f 1356/1356 1380/1380 769/769
f 1356/1356 769/769 768/768
f 1381/1381 1357/1357 767/767
f 1381/1381 767/767 766/766
f 1388/1388 255/255 256/256
f 1388/1388 256/256 1350/1350
f 1389/1389 254/254 255/255
f 1389/1389 255/255 1388/1388
f 1390/1390 253/253 254/254
f 1390/1390 254/254 1389/1389
f 1353/1353 252/252 253/253
f 1353/1353 253/253 1390/1390
f 1391/1391 250/250 251/251
f 1391/1391 251/251 1352/1352
f 1392/1392 249/249 250/250
f 1392/1392 250/250 1391/1391
f 1393/1393 248/248 249/249
f 1393/1393 249/249 1392/1392
f 1361/1361 247/247 248/248
f 1361/1361 248/248 1393/1393
f 1374/1374 1394/1394 114/114
f 1374/1374 114/114 113/113
f 1351/1351 57/57 60/60
f 1351/1351 60/60 1396/1396

