# https://github.com/mikedh/trimesh
mtllib material.mtl
usemtl Beanie
v 0.01712792 0.10290579 -0.10434214
v 0.01438467 0.10086953 -0.10612801
v 0.01466240 0.10063126 -0.10620487
v 0.01499067 0.10043158 -0.10625101
v 0.01535742 0.10027144 -0.10627148
v 0.01576510 0.10015302 -0.10626377
v 0.01622255 0.10007831 -0.10622387
v 0.01676276 0.10005587 -0.10614063
v 0.01736172 0.10007903 -0.10603073
v 0.01792536 0.10016411 -0.10591271
v 0.01653198 0.10547994 -0.10357058
v 0.01597070 0.10536691 -0.10369115
v 0.01541269 0.10527859 -0.10382956
v 0.01489249 0.10515149 -0.10398808
v 0.01451925 0.10498285 -0.10413385
v 0.01422531 0.10474092 -0.10431057
v 0.01397345 0.10446562 -0.10448945
v 0.01377224 0.10415826 -0.10467020
v 0.01363228 0.10381722 -0.10484749
v 0.01355083 0.10345677 -0.10501917
v 0.01351904 0.10309229 -0.10518500
v 0.01352588 0.10273425 -0.10534639
v 0.01357200 0.10238690 -0.10550225
v 0.01366293 0.10205636 -0.10564554
v 0.01379405 0.10174732 -0.10576648
v 0.01396727 0.10143481 -0.10589711
v 0.01416021 0.10113997 -0.10602092
v 0.02070901 0.10163654 -0.10489139
v 0.02084335 0.10194337 -0.10472501
v 0.02050675 0.10134863 -0.10505278
v 0.02024872 0.10108455 -0.10520896
v 0.01993113 0.10084555 -0.10535887
v 0.01954410 0.10063040 -0.10550243
v 0.01905206 0.10043626 -0.10564344
v 0.01848453 0.10026547 -0.10578702
v 0.01709880 0.10555449 -0.10344610
v 0.01766277 0.10565236 -0.10334090
v 0.01821432 0.10570353 -0.10326659
v 0.01864700 0.10566893 -0.10323726
v 0.01904681 0.10554293 -0.10326283
v 0.01942144 0.10537183 -0.10330565
v 0.01976311 0.10515475 -0.10336849
v 0.02006101 0.10488646 -0.10345062
v 0.02031224 0.10458133 -0.10355005
v 0.02051955 0.10425660 -0.10366392
v 0.02068978 0.10392578 -0.10378986
v 0.02082062 0.10359248 -0.10392730
v 0.02090255 0.10326039 -0.10407250
v 0.02093401 0.10293440 -0.10421544
v 0.02093442 0.10259319 -0.10438363
v 0.02090962 0.10226214 -0.10455475
v 0.00515787 0.15104494 -0.12833987
v 0.00924657 0.15229721 -0.12701315
v 0.00958060 0.15325885 -0.12931897
v 0.00556656 0.15203299 -0.13073353
v 0.00177615 0.15031420 -0.13238008
v 0.00135257 0.14934061 -0.12990083
v -0.00201676 0.14705791 -0.13176644
v -0.00159162 0.14804559 -0.13427306
v -0.00485295 0.14416690 -0.13390966
v -0.00439820 0.14518312 -0.13640896
v -0.00664306 0.14181121 -0.13876009
v -0.00714417 0.14077579 -0.13629187
v -0.00812556 0.13792782 -0.14121584
v -0.00865001 0.13687446 -0.13878224
v -0.00891090 0.13350619 -0.14379779
v -0.00943169 0.13242498 -0.14137001
v -0.00970695 0.12761516 -0.14406854
v -0.00917193 0.12870401 -0.14648629
v -0.00893890 0.12377363 -0.14924347
v -0.00949258 0.12268226 -0.14683703
v -0.00819515 0.11885928 -0.15193538
v -0.00878714 0.11775555 -0.14955214
v -0.00709127 0.11406168 -0.15448459
v -0.00766536 0.11293903 -0.15212003
v -0.00568943 0.10945002 -0.15691604
v -0.00622269 0.10831573 -0.15456860
v -0.00447446 0.10391476 -0.15686503
v -0.00393755 0.10507162 -0.15920299
v -0.00193589 0.10088739 -0.16136367
v -0.00244328 0.09973758 -0.15901147
v 0.00025439 0.09690105 -0.16346546
v -0.00019813 0.09578543 -0.16108557
v 0.00270097 0.09318449 -0.16541636
v 0.00230291 0.09210424 -0.16301744
v 0.00520287 0.09029981 -0.16687112
v 0.00473656 0.08932629 -0.16442474
v 0.00861906 0.08788308 -0.16820826
v 0.00823889 0.08667024 -0.16545308
v 0.01329437 0.08532399 -0.16893308
v 0.01298016 0.08429645 -0.16646908
v 0.01756547 0.08374830 -0.16942028
v 0.01723316 0.08274291 -0.16691583
v 0.02210184 0.08301894 -0.16934207
v 0.02179856 0.08194214 -0.16690994
v 0.02688737 0.08286993 -0.16890691
v 0.02656975 0.08178073 -0.16648218
v 0.03141530 0.08314434 -0.16815666
v 0.03107948 0.08204104 -0.16571964
v 0.03409295 0.08353645 -0.16759092
v 0.03374701 0.08242761 -0.16514872
v 0.00471849 0.14977037 -0.12543604
v 0.00882398 0.15098477 -0.12414360
v 0.00086604 0.14810078 -0.12700340
v -0.00246869 0.14580688 -0.12882505
v -0.00531562 0.14289347 -0.13096135
v -0.00761056 0.13948544 -0.13333337
v -0.00921419 0.13557373 -0.13588249
v -0.01002807 0.13111323 -0.13848588
v -0.01030031 0.12629960 -0.14117660
v -0.01010070 0.12136778 -0.14394316
v -0.00946917 0.11643916 -0.14668779
v -0.00841527 0.11159701 -0.14930855
v -0.00694893 0.10695371 -0.15177781
v -0.00506093 0.10257581 -0.15403805
v -0.00298754 0.09841190 -0.15616097
v -0.00069578 0.09449308 -0.15819493
v 0.00188466 0.09087194 -0.16006250
v 0.00429828 0.08821657 -0.16123948
v 0.00815402 0.08535492 -0.16236301
v 0.01270325 0.08316312 -0.16331137
v 0.01685769 0.08149504 -0.16383499
v 0.02139784 0.08062769 -0.16384617
v 0.02615323 0.08042152 -0.16341310
v 0.03064887 0.08066688 -0.16265121
v 0.03330975 0.08105187 -0.16208380
v 0.00452965 0.14888223 -0.12376080
v 0.00862807 0.15000586 -0.12248974
v 0.00461451 0.14814378 -0.12322438
v 0.00867903 0.14923210 -0.12197308
v 0.00067701 0.14724384 -0.12532477
v 0.00079721 0.14652715 -0.12477232
v -0.00265014 0.14495627 -0.12713728
v -0.00250023 0.14425957 -0.12657022
v -0.00550401 0.14204452 -0.12927280
v -0.00533149 0.14137131 -0.12868984
v -0.00782381 0.13863735 -0.13164195
v -0.00763711 0.13799109 -0.13104278
v -0.00947852 0.13473251 -0.13419950
v -0.00930548 0.13412322 -0.13358189
v -0.01034428 0.13028532 -0.13680225
v -0.01016991 0.12971420 -0.13616333
v -0.01062699 0.12548194 -0.13948095
v -0.01045340 0.12495489 -0.13881836
v -0.01042043 0.12056164 -0.14223310
v -0.01023974 0.12007694 -0.14154372
v -0.00979048 0.11564060 -0.14498176
v -0.00962219 0.11520077 -0.14426852
v -0.00877618 0.11080065 -0.14762656
v -0.00861879 0.11040589 -0.14689618
v -0.00730620 0.10615796 -0.15010702
v -0.00716228 0.10580593 -0.14935978
v -0.00537093 0.10179815 -0.15235367
v -0.00524159 0.10148816 -0.15158923
v -0.00325437 0.09766333 -0.15444913
v -0.00311804 0.09740152 -0.15365637
v -0.00095620 0.09375756 -0.15645803
v -0.00083620 0.09353062 -0.15564486
v 0.00164611 0.09015709 -0.15828854
v 0.00176082 0.08996558 -0.15745548
v 0.00419140 0.08750762 -0.15940326
v 0.00438440 0.08729061 -0.15855845
v 0.00831294 0.08450670 -0.16068940
v 0.00857808 0.08423869 -0.15988583
v 0.01254094 0.08255202 -0.16138671
v 0.01254441 0.08239553 -0.16046659
v 0.01661740 0.08074977 -0.16194449
v 0.01658447 0.08059942 -0.16102887
v 0.02114862 0.07987281 -0.16192081
v 0.02107940 0.07972415 -0.16099194
v 0.02589024 0.07962782 -0.16147685
v 0.02577977 0.07946141 -0.16054437
v 0.03037360 0.07986313 -0.16072789
v 0.03022480 0.07968831 -0.15980774
v 0.03302698 0.08024701 -0.16016605
v 0.03285815 0.08006844 -0.15925219
v 0.00495878 0.08590371 -0.15418367
v 0.00406995 0.08528487 -0.14876532
v 0.00105714 0.08819976 -0.14750441
v 0.00183639 0.08890105 -0.15276930
v 0.00849336 0.08345635 -0.15511271
v 0.00752384 0.08291578 -0.14961175
v 0.01184396 0.08071087 -0.15578803
v 0.01122721 0.08089727 -0.15020179
v 0.01607540 0.07950289 -0.15603366
v 0.01509841 0.07907793 -0.15049517
v 0.02046983 0.07856268 -0.15595450
v 0.01944928 0.07806928 -0.15035159
v 0.02507118 0.07821529 -0.15549208
v 0.02400663 0.07750314 -0.14985294
v 0.02941492 0.07839575 -0.15479043
v 0.02832812 0.07763748 -0.14914412
v 0.03199037 0.07875914 -0.15425547
v 0.03089221 0.07798777 -0.14860995
v 0.00860447 0.14615081 -0.11860630
v 0.00467956 0.14510051 -0.11982838
v 0.00450076 0.14232535 -0.11603365
v 0.00834624 0.14334322 -0.11482631
v 0.00096530 0.14353974 -0.12134896
v 0.00083294 0.14081933 -0.11753850
v -0.00230936 0.14135132 -0.12314979
v -0.00244235 0.13870220 -0.11932669
v -0.00499864 0.13854969 -0.12516686
v -0.00513808 0.13598299 -0.12129501
v -0.00722819 0.13526149 -0.12742271
v -0.00735751 0.13278482 -0.12345297
v -0.00888547 0.13150293 -0.12984934
v -0.00900078 0.12912889 -0.12573680
v -0.00977057 0.12723509 -0.13233158
v -0.00996851 0.12499525 -0.12812297
v -0.01003885 0.12262428 -0.13487295
v -0.01031250 0.12054705 -0.13054083
v -0.00982931 0.11790392 -0.13746294
v -0.01017879 0.11600821 -0.13297987
v -0.00924332 0.11320542 -0.14006332
v -0.00965481 0.11150966 -0.13543729
v -0.00826811 0.10860669 -0.14260098
v -0.00874353 0.10711978 -0.13786146
v -0.00686170 0.10419339 -0.14498904
v -0.00740017 0.10290118 -0.14014472
v -0.00504620 0.10002609 -0.14716455
v -0.00566744 0.09890056 -0.14222796
v -0.00293662 0.09608600 -0.14915233
v -0.00365723 0.09509982 -0.14413488
v -0.00070910 0.09234495 -0.15105267
v -0.00143693 0.09151345 -0.14591595
v 0.00317183 0.08517545 -0.14223318
v 0.00037249 0.08795914 -0.14115152
v 0.00640665 0.08278861 -0.14299855
v 0.01001141 0.08083076 -0.14350348
v 0.01394901 0.07933215 -0.14369549
v 0.01814729 0.07822101 -0.14350728
v 0.02261458 0.07775866 -0.14301202
v 0.02686138 0.07779115 -0.14229778
v 0.02938039 0.07813239 -0.14176999
v 0.00455298 0.13853066 -0.11201184
v 0.00827071 0.13949318 -0.11085071
v 0.00099052 0.13710954 -0.11345238
v -0.00222573 0.13511014 -0.11515606
v -0.00494130 0.13253623 -0.11704279
v -0.00714053 0.12950606 -0.11905333
v -0.00880851 0.12604352 -0.12117638
v -0.00984515 0.12213852 -0.12338544
v -0.01028283 0.11795605 -0.12561807
v -0.01024410 0.11370469 -0.12785275
v -0.00981806 0.10950766 -0.13009377
v -0.00900984 0.10542490 -0.13230836
v -0.00777648 0.10150713 -0.13439499
v -0.00615445 0.09778752 -0.13629515
v -0.00427164 0.09424358 -0.13804825
v -0.00214977 0.09098189 -0.13971888
v 0.00285159 0.08601211 -0.13539427
v 0.00020863 0.08862761 -0.13454824
v 0.00586765 0.08381918 -0.13604569
v 0.00923235 0.08202492 -0.13646238
v 0.01293171 0.08064009 -0.13660852
v 0.01688291 0.07967080 -0.13629955
v 0.02109251 0.07940186 -0.13573058
v 0.02509518 0.07958487 -0.13504754
v 0.02760256 0.07974671 -0.13482687
v 0.00520775 0.13358652 -0.10874923
v 0.00867992 0.13446006 -0.10769952
v 0.00187504 0.13230519 -0.11003700
v -0.00114696 0.13050559 -0.11155073
v -0.00374133 0.12818759 -0.11323937
v -0.00589038 0.12545744 -0.11505713
v -0.00753969 0.12233644 -0.11696543
v -0.00859993 0.11882303 -0.11893019
v -0.00910527 0.11506835 -0.12091449
v -0.00915724 0.11126093 -0.12289527
v -0.00884477 0.10751287 -0.12486588
v -0.00816865 0.10387454 -0.12678861
v -0.00709169 0.10039661 -0.12858865
v -0.00564575 0.09710443 -0.13022644
v -0.00397985 0.09420451 -0.13182397
v -0.00213192 0.09141678 -0.13333114
v 0.00290376 0.08738292 -0.12834601
v 0.00060544 0.08958093 -0.12773396
v 0.00561240 0.08568932 -0.12881941
v 0.00861087 0.08436578 -0.12905186
v 0.01196471 0.08317797 -0.12909362
v 0.01563220 0.08235680 -0.12875624
v 0.01962643 0.08184557 -0.12831742
v 0.02347467 0.08158389 -0.12832029
v 0.02585582 0.08165260 -0.12822633
v 0.00629412 0.12751958 -0.10599678
v 0.00943988 0.12847243 -0.10498413
v 0.00329105 0.12644708 -0.10711835
v 0.00062352 0.12518993 -0.10851535
v -0.00181784 0.12322598 -0.10987928
v -0.00388153 0.12091235 -0.11135517
v -0.00545916 0.11823972 -0.11298017
v -0.00649520 0.11523103 -0.11466826
v -0.00703313 0.11201546 -0.11637257
v -0.00715871 0.10875300 -0.11806568
v -0.00694958 0.10553874 -0.11973225
v -0.00641344 0.10242321 -0.12135024
v -0.00550982 0.09945438 -0.12285000
v -0.00427883 0.09674155 -0.12423095
v -0.00282460 0.09426743 -0.12554358
v -0.00120561 0.09195424 -0.12681689
v 0.00437927 0.08981043 -0.12154086
v 0.00262163 0.09130560 -0.12106672
v 0.00653583 0.08864295 -0.12179245
v 0.00895611 0.08771215 -0.12185808
v 0.01181475 0.08674381 -0.12174168
v 0.01496642 0.08605365 -0.12141766
v 0.01830793 0.08564331 -0.12119973
v 0.02155100 0.08546494 -0.12113557
v 0.00807001 0.12104384 -0.10410809
v 0.01071833 0.12177538 -0.10328999
v 0.00556035 0.12025797 -0.10506809
v 0.00330852 0.11929920 -0.10619856
v 0.00131387 0.11781841 -0.10743220
v -0.00044094 0.11595351 -0.10865040
v -0.00185595 0.11389204 -0.10984345
v -0.00285207 0.11166002 -0.11095445
v -0.00336835 0.10915330 -0.11223743
v -0.00352157 0.10658609 -0.11357926
v -0.00339911 0.10407066 -0.11493121
v -0.00300376 0.10162816 -0.11624541
v -0.00229721 0.09929929 -0.11745361
v -0.00130052 0.09708245 -0.11850733
v -0.00011210 0.09504160 -0.11949683
v 0.00116467 0.09308303 -0.12034865
v 0.00770493 0.09357547 -0.11494700
v 0.00637939 0.09468140 -0.11462711
v 0.00926878 0.09265507 -0.11509025
v 0.01101123 0.09193441 -0.11509296
v 0.01293581 0.09142322 -0.11494800
v 0.01508074 0.09102749 -0.11486822
v 0.01741341 0.09075356 -0.11482942
v 0.01965684 0.09078709 -0.11448303
v 0.01348577 0.12245972 -0.10253667
v 0.01253404 0.11540349 -0.10276236
v 0.01450590 0.11584891 -0.10217797
v 0.01070805 0.11493021 -0.10336129
v 0.00892877 0.11424668 -0.10404209
v 0.00732400 0.11341399 -0.10481152
v 0.00594806 0.11246761 -0.10566275
v 0.00475021 0.11119282 -0.10655119
v 0.00379294 0.10976952 -0.10746590
v 0.00315194 0.10814544 -0.10838474
v 0.00273624 0.10649588 -0.10920705
v 0.00252813 0.10485763 -0.10995586
v 0.00251538 0.10322335 -0.11071915
v 0.00269830 0.10161787 -0.11148253
v 0.00310625 0.10006847 -0.11220990
v 0.00372612 0.09859785 -0.11288138
v 0.00449001 0.09720639 -0.11351102
v 0.00535364 0.09589608 -0.11411391
v 0.01160093 0.09735863 -0.10952963
v 0.01091282 0.09791372 -0.10936714
v 0.01240784 0.09692518 -0.10959156
v 0.01333713 0.09656231 -0.10960083
v 0.01439792 0.09626263 -0.10957340
v 0.01557216 0.09607679 -0.10946905
v 0.01684195 0.09600813 -0.10929349
v 0.01812517 0.09604639 -0.10907591
v 0.01331990 0.10928729 -0.10341971
v 0.01443678 0.10960031 -0.10303921
v 0.01229539 0.10888056 -0.10383336
v 0.01142426 0.10835328 -0.10427544
v 0.01065935 0.10773007 -0.10472896
v 0.01000200 0.10702123 -0.10519744
v 0.00947078 0.10623780 -0.10566405
v 0.00909182 0.10537878 -0.10610799
v 0.00886802 0.10446576 -0.10654398
v 0.00877349 0.10353586 -0.10697019
v 0.00878359 0.10261608 -0.10739220
v 0.00889675 0.10171793 -0.10780311
v 0.00912849 0.10085665 -0.10818229
v 0.00947194 0.10004311 -0.10852097
v 0.00989080 0.09927902 -0.10883122
v 0.01036125 0.09856338 -0.10912148
v -0.00454439 0.14044854 -0.12902964
v -0.00462990 0.13985448 -0.12805794
v -0.00189178 0.14266662 -0.12599756
v -0.00179419 0.14326093 -0.12696106
v 0.02574681 0.08021169 -0.16014151
v 0.02560889 0.07956088 -0.15895567
v 0.02102952 0.07984788 -0.15940323
v 0.02115471 0.08047553 -0.16058551
v -0.00871211 0.11498767 -0.14424434
v -0.00879476 0.11440469 -0.14319435
v -0.00939062 0.11914133 -0.14055641
v -0.00930807 0.11973243 -0.14159156
v 0.00237538 0.09044762 -0.15713020
v 0.00233056 0.08989204 -0.15605233
v -0.00023598 0.09339314 -0.15426016
v -0.00015833 0.09391789 -0.15534912
v 0.00140704 0.14546937 -0.12521283
v 0.00131758 0.14487257 -0.12424205
v 0.01661720 0.08071129 -0.15947922
v 0.01657856 0.08077771 -0.16085633
v -0.00961792 0.12388653 -0.13791372
v -0.00951618 0.12447608 -0.13893147
v -0.00246107 0.09714653 -0.15232527
v -0.00238390 0.09768230 -0.15339931
v 0.00511947 0.14704022 -0.12370684
v 0.00502725 0.14644248 -0.12273434
v 0.01238205 0.08174594 -0.15931412
v 0.01246019 0.08239559 -0.16045038
v -0.00933911 0.12851076 -0.13533240
v -0.00923597 0.12910227 -0.13633654
v -0.00454016 0.10111007 -0.15031476
v -0.00445188 0.10165474 -0.15137984
v 0.00897769 0.14749532 -0.12151125
v 0.00907846 0.14809443 -0.12248308
v 0.00853099 0.08358157 -0.15876356
v 0.00855326 0.08424588 -0.15985850
v -0.00850096 0.13280016 -0.13281946
v -0.00839617 0.13339360 -0.13381362
v -0.00640159 0.10529950 -0.14814461
v -0.00632183 0.10585240 -0.14920687
v 0.00453805 0.08678722 -0.15738629
v 0.00450973 0.08746075 -0.15840162
v -0.00686843 0.13656555 -0.13034741
v -0.00677259 0.13715869 -0.13132968
v 0.03008006 0.08042566 -0.15941807
v 0.03265486 0.08079538 -0.15887291
v 0.03251011 0.08013638 -0.15770223
v 0.02993467 0.07976779 -0.15824365
v -0.00773740 0.11032479 -0.14680413
v -0.00781645 0.10975686 -0.14574708
v 0.02572875 0.07971737 -0.16005554
v 0.03011353 0.07993583 -0.15932878
v 0.03004515 0.08023812 -0.15912318
v 0.02571171 0.08002569 -0.15984439
v -0.00817385 0.11023964 -0.14659105
v -0.00780740 0.11020265 -0.14651891
v -0.00878365 0.11486776 -0.14395743
v -0.00916070 0.11495998 -0.14399927
v -0.00492790 0.14073410 -0.12862843
v -0.00460569 0.14035010 -0.12874800
v -0.00185225 0.14316398 -0.12667877
v -0.00214076 0.14358064 -0.12653691
v 0.02112975 0.08029629 -0.16028956
v 0.02109604 0.07998608 -0.16050147
v -0.00049855 0.09362243 -0.15522988
v 0.00206164 0.09011297 -0.15702233
v 0.00232110 0.09030774 -0.15685137
v -0.00021585 0.09378144 -0.15506866
v -0.00937961 0.11961682 -0.14130440
v -0.00976487 0.11976270 -0.14131449
v 0.00135340 0.14537328 -0.12492946
v 0.00110347 0.14581520 -0.12476669
v 0.01664999 0.08084667 -0.16054374
v 0.01670496 0.08108444 -0.16060928
v -0.00959252 0.12436639 -0.13864512
v -0.00997820 0.12456606 -0.13862639
v -0.00244522 0.09755075 -0.15311875
v -0.00275222 0.09743675 -0.15326358
v 0.00486253 0.14740633 -0.12324167
v 0.00506878 0.14694574 -0.12342169
v 0.01259291 0.08234699 -0.15982925
v 0.01265075 0.08273488 -0.16014002
v -0.00931193 0.12899811 -0.13605223
v -0.00969523 0.12925156 -0.13600654
v -0.00452049 0.10152540 -0.15109901
v -0.00484996 0.10145968 -0.15122273
v 0.00886683 0.14848001 -0.12200396
v 0.00902964 0.14800267 -0.12219668
v 0.00872033 0.08414984 -0.15927770
v 0.00885546 0.08456243 -0.15958546
v -0.00847178 0.13329266 -0.13352966
v -0.00884374 0.13359429 -0.13345812
v -0.00639016 0.10572695 -0.14892289
v -0.00674085 0.10571106 -0.14902195
v 0.00459309 0.08729753 -0.15799958
v 0.00481593 0.08764403 -0.15816817
v -0.00683832 0.13705864 -0.13104747
v -0.00719209 0.13740391 -0.13095125
v 0.03271540 0.08031027 -0.15878024
v 0.03262213 0.08060771 -0.15857861
v 0.01379478 0.15416471 -0.12822433
v 0.01344458 0.15322141 -0.12589086
v 0.01303933 0.15193827 -0.12304308
v 0.01284996 0.15094319 -0.12140927
v 0.01288127 0.15012875 -0.12092974
v 0.01266708 0.14703209 -0.11757278
v 0.01232058 0.14420209 -0.11381136
v 0.01211093 0.14031288 -0.10987046
v 0.01228939 0.13521587 -0.10679306
v 0.01272803 0.12915347 -0.10417188
v 0.02364195 0.08553897 -0.12102073
v 0.02125529 0.09095048 -0.11418246
v 0.01922826 0.09617805 -0.10885674
v 0.01561231 0.10988258 -0.10270891
v 0.01318249 0.14898224 -0.12143861
v 0.01307259 0.14837821 -0.12047009
v 0.01300874 0.14939211 -0.12095251
v 0.01313481 0.14889406 -0.12115157
v -0.00522187 0.10999901 -0.15773765
v -0.00489012 0.11029773 -0.15814914
v -0.00317279 0.10598310 -0.16036360
v -0.00349452 0.10566456 -0.16000572
v 0.02698101 0.08367861 -0.16959431
v 0.02702099 0.08414214 -0.16957654
v 0.03142844 0.08441457 -0.16884361
v 0.03146059 0.08395625 -0.16885776
v -0.00764906 0.11931604 -0.15277331
v -0.00841724 0.12414768 -0.15020716
v -0.00788300 0.12423530 -0.15059904
v -0.00728131 0.11956520 -0.15326334
v -0.00844105 0.13379739 -0.14472853
v -0.00762992 0.13816712 -0.14220653
v -0.00730239 0.13833698 -0.14288121
v -0.00812246 0.13395353 -0.14533296
v 0.01353349 0.08610448 -0.16964495
v 0.01374049 0.08654608 -0.16979830
v 0.01802823 0.08494809 -0.17026625
v 0.01784585 0.08449753 -0.17014380
v 0.00590111 0.15206069 -0.13178602
v 0.00986642 0.15325266 -0.13035319
v 0.01010136 0.15302333 -0.13094226
v 0.00615143 0.15212740 -0.13250309
v -0.00120404 0.14813990 -0.13528957
v -0.00078689 0.14799764 -0.13578398
v -0.00365813 0.14551091 -0.13814296
v -0.00396545 0.14533542 -0.13742781
v 0.00306592 0.09388406 -0.16616059
v 0.00336284 0.09427103 -0.16639222
v 0.00588841 0.09148058 -0.16805086
v 0.00560690 0.09106110 -0.16774632
v -0.00121064 0.10186753 -0.16247742
v -0.00151939 0.10152228 -0.16215041
v 0.03403559 0.08479686 -0.16829175
v 0.03411199 0.08434600 -0.16829827
v -0.00663685 0.11454994 -0.15532180
v -0.00631532 0.11483448 -0.15580362
v 0.00250226 0.15019788 -0.13392967
v 0.00213397 0.15037849 -0.13340692
v 0.02235115 0.08428215 -0.17002382
v 0.02224371 0.08382610 -0.17003273
v -0.00869218 0.12904671 -0.14740590
v -0.00835714 0.12920754 -0.14793456
v -0.00618142 0.14200139 -0.13972101
v -0.00569096 0.14192960 -0.14016609
v 0.00887121 0.08874960 -0.16901554
v 0.00911996 0.08916051 -0.16923298
v 0.00095060 0.09793391 -0.16450675
v 0.00064627 0.09757048 -0.16422988
v 0.01401703 0.15416460 -0.12924702
v 0.01418552 0.15392065 -0.12984307
v 0.00017329 0.14757568 -0.13641882
v -0.00258159 0.14518457 -0.13875101
v 0.01449083 0.15326636 -0.13073144
v 0.01049345 0.15271777 -0.13196168
v 0.00400039 0.09458257 -0.16605991
v 0.00645618 0.09183222 -0.16765509
v 0.00675719 0.15148466 -0.13329822
v -0.00237338 0.10617246 -0.16020175
v -0.00045824 0.10208834 -0.16222838
v 0.03132877 0.08515706 -0.16847398
v 0.03383850 0.08552020 -0.16793816
v -0.00637715 0.11962811 -0.15336610
v -0.00544918 0.11492761 -0.15580963
v 0.00328807 0.14965974 -0.13464187
v 0.01831731 0.08551029 -0.16982804
v 0.02253452 0.08496851 -0.16966253
v -0.00709843 0.13387797 -0.14572419
v -0.00741886 0.12916277 -0.14820881
v -0.00467958 0.14196346 -0.14092455
v 0.00966364 0.08949171 -0.16881525
v 0.00165202 0.09820554 -0.16421785
v -0.00405824 0.11044062 -0.15805402
v 0.02707167 0.08488774 -0.16920078
v -0.00706762 0.12433692 -0.15100262
v -0.00615209 0.13816571 -0.14325157
v 0.01413441 0.08700173 -0.16938390
v 0.02224103 0.15388614 -0.12462879
v 0.02255035 0.15485783 -0.12704387
v 0.01814318 0.15468314 -0.12745727
v 0.01779804 0.15371934 -0.12515538
v 0.02701111 0.15451094 -0.12689795
v 0.02667476 0.15355186 -0.12439974
v 0.03103536 0.15255468 -0.12458626
v 0.03137491 0.15352916 -0.12710996
v 0.03523705 0.15083329 -0.12519754
v 0.03554269 0.15182562 -0.12772187
v 0.03922194 0.14848689 -0.12621927
v 0.03946778 0.14947984 -0.12874255
v 0.04273212 0.14542093 -0.12762310
v 0.04293676 0.14642041 -0.13013394
v 0.04582770 0.14161473 -0.12936503
v 0.04602633 0.14264218 -0.13186273
v 0.04864382 0.13731921 -0.13139212
v 0.04882198 0.13835144 -0.13388657
v 0.05110488 0.13276002 -0.13367258
v 0.05126296 0.13378643 -0.13616448
v 0.05311981 0.12805086 -0.13610304
v 0.05323163 0.12907577 -0.13859076
v 0.05468276 0.12330798 -0.13857533
v 0.05479978 0.12434971 -0.14102668
v 0.05586149 0.11864055 -0.14108100
v 0.05599992 0.11971087 -0.14351348
v 0.05664692 0.11407977 -0.14358687
v 0.05677212 0.11516722 -0.14601468
v 0.05721729 0.11072449 -0.14851286
v 0.05705893 0.10963325 -0.14608500
v 0.05718789 0.10532877 -0.14861854
v 0.05741517 0.10640689 -0.15104735
v 0.05695524 0.10119313 -0.15114441
v 0.05724806 0.10225589 -0.15356602
v 0.05628932 0.09790067 -0.15322679
v 0.05657328 0.09884755 -0.15571566
v 0.05492223 0.09558743 -0.15815363
v 0.05451212 0.09436567 -0.15540037
v 0.05198491 0.09175959 -0.16052739
v 0.05157650 0.09071497 -0.15808401
v 0.04857731 0.08795596 -0.16010708
v 0.04899221 0.08897436 -0.16259217
v 0.04489327 0.08578297 -0.16189274
v 0.04528189 0.08687388 -0.16430635
v 0.04066341 0.08412455 -0.16342037
v 0.04103313 0.08522248 -0.16583384
v 0.03674767 0.08403109 -0.16699817
v 0.03639309 0.08292482 -0.16456539
v 0.01740792 0.15241232 -0.12227878
v 0.02183984 0.15261780 -0.12171656
v 0.02630594 0.15233168 -0.12147679
v 0.03062243 0.15130999 -0.12163606
v 0.03483792 0.14957116 -0.12223811
v 0.03882668 0.14720829 -0.12324515
v 0.04244787 0.14416541 -0.12465915
v 0.04558106 0.14036125 -0.12640501
v 0.04839262 0.13606064 -0.12842593
v 0.05086527 0.13150689 -0.13069871
v 0.05295633 0.12682095 -0.13312623
v 0.05460701 0.12207798 -0.13561727
v 0.05577994 0.11738585 -0.13815025
v 0.05642330 0.11280089 -0.14068081
v 0.05678536 0.10835264 -0.14317575
v 0.05684765 0.10406280 -0.14569386
v 0.05650203 0.09995500 -0.14819746
v 0.05572209 0.09676861 -0.15006789
v 0.05374314 0.09293694 -0.15246273
v 0.05088903 0.08951340 -0.15501564
v 0.04804062 0.08668074 -0.15706163
v 0.04440597 0.08445397 -0.15884785
v 0.04020192 0.08275787 -0.16036109
v 0.03594853 0.08154819 -0.16149985
v 0.01721093 0.15143327 -0.12062518
v 0.02160003 0.15172111 -0.12005232
v 0.01719765 0.15064881 -0.12012247
v 0.02153865 0.15095832 -0.11954766
v 0.02605526 0.15146447 -0.11981154
v 0.02595027 0.15071033 -0.11930801
v 0.03035958 0.15044593 -0.11996605
v 0.03021692 0.14970063 -0.11946259
v 0.03458023 0.14871054 -0.12056450
v 0.03440441 0.14797947 -0.12005728
v 0.03858894 0.14635590 -0.12155888
v 0.03838603 0.14564482 -0.12104432
v 0.04225539 0.14333598 -0.12296042
v 0.04204533 0.14266294 -0.12242601
v 0.04542884 0.13956056 -0.12468572
v 0.04519722 0.13892195 -0.12413502
v 0.04824138 0.13527214 -0.12669215
v 0.04798722 0.13467395 -0.12612248
v 0.05069866 0.13072628 -0.12895544
v 0.05041447 0.13016426 -0.12836705
v 0.05279036 0.12604835 -0.13138652
v 0.05249328 0.12553108 -0.13077436
v 0.05448417 0.12132123 -0.13388358
v 0.05417561 0.12084895 -0.13325438
v 0.05565829 0.11662924 -0.13642824
v 0.05534128 0.11620061 -0.13578119
v 0.05624990 0.11204587 -0.13896670
v 0.05592545 0.11166043 -0.13830086
v 0.05655467 0.10760992 -0.14145592
v 0.05619790 0.10726600 -0.14077026
v 0.05659728 0.10332893 -0.14395473
v 0.05623549 0.10302261 -0.14324572
v 0.05621151 0.09923160 -0.14643446
v 0.05583533 0.09895738 -0.14570858
v 0.05529111 0.09600571 -0.14830162
v 0.05485152 0.09568408 -0.14759500
v 0.05319219 0.09196987 -0.15093508
v 0.05272030 0.09157778 -0.15029696
v 0.05044155 0.08885641 -0.15315197
v 0.05011297 0.08864262 -0.15230509
v 0.04771436 0.08592121 -0.15518872
v 0.04741865 0.08572699 -0.15433029
v 0.04407606 0.08368574 -0.15693993
v 0.04380611 0.08350361 -0.15605462
v 0.03989118 0.08195622 -0.15843522
v 0.03966084 0.08177003 -0.15752887
v 0.03565671 0.08074168 -0.15958012
v 0.03546693 0.08056006 -0.15866889
v 0.05301607 0.09389416 -0.14374075
v 0.05420555 0.09761064 -0.14139196
v 0.05296491 0.09683303 -0.13622697
v 0.05178707 0.09322904 -0.13838882
v 0.05109964 0.09053029 -0.14585524
v 0.04988613 0.08995982 -0.14041416
v 0.04934993 0.08695516 -0.14768096
v 0.04755989 0.08694003 -0.14230241
v 0.04490763 0.08403437 -0.14401323
v 0.04617977 0.08451081 -0.14949346
v 0.04142118 0.08172353 -0.14557850
v 0.04265594 0.08225281 -0.15113534
v 0.03746963 0.07974151 -0.14692727
v 0.03861343 0.08046713 -0.15254935
v 0.03342309 0.07848488 -0.14803750
v 0.03453550 0.07924733 -0.15367793
v 0.01685436 0.14752296 -0.11681417
v 0.01641743 0.14468558 -0.11307293
v 0.02053032 0.14499119 -0.11255130
v 0.02105162 0.14782336 -0.11627168
v 0.02476163 0.14479868 -0.11233999
v 0.02534621 0.14759434 -0.11605226
v 0.02895872 0.14392418 -0.11250482
v 0.02956993 0.14665301 -0.11622418
v 0.03291611 0.14231153 -0.11302786
v 0.03356696 0.14496346 -0.11678876
v 0.03741539 0.14268598 -0.11772412
v 0.03668840 0.14011005 -0.11388435
v 0.04098584 0.13979678 -0.11901503
v 0.04015732 0.13730415 -0.11505744
v 0.04407174 0.13618930 -0.12063456
v 0.04323397 0.13384297 -0.11656487
v 0.04675673 0.13206966 -0.12253436
v 0.04588390 0.12989273 -0.11833235
v 0.04908403 0.12770157 -0.12466433
v 0.04815926 0.12571021 -0.12030625
v 0.05108476 0.12323842 -0.12695742
v 0.05009369 0.12144615 -0.12245720
v 0.05164773 0.11716304 -0.12474162
v 0.05269427 0.11874494 -0.12935710
v 0.05271989 0.11289947 -0.12708392
v 0.05381478 0.11428411 -0.13180731
v 0.05330857 0.10870852 -0.12941572
v 0.05442117 0.10991551 -0.13424584
v 0.05462825 0.10565882 -0.13664760
v 0.05352535 0.10460957 -0.13171235
v 0.05463664 0.10155142 -0.13902539
v 0.05344394 0.10063997 -0.13399344
v 0.05106064 0.09638850 -0.13014036
v 0.04995005 0.09295509 -0.13207193
v 0.04821289 0.08974140 -0.13391458
v 0.04592033 0.08680254 -0.13570376
v 0.04307243 0.08417565 -0.13736673
v 0.03972709 0.08180979 -0.13881909
v 0.03582664 0.07995596 -0.14014194
v 0.03187265 0.07862454 -0.14120916
v 0.01606619 0.14078966 -0.10915720
v 0.02003388 0.14110530 -0.10864873
v 0.02412224 0.14095635 -0.10842701
v 0.02819793 0.14016958 -0.10854652
v 0.03209445 0.13869528 -0.10899682
v 0.03573776 0.13663680 -0.10973812
v 0.03910311 0.13401138 -0.11076772
v 0.04209673 0.13077670 -0.11210126
v 0.04467019 0.12709504 -0.11367979
v 0.04685576 0.12320087 -0.11544821
v 0.04869372 0.11923848 -0.11738234
v 0.05015667 0.11526448 -0.11945461
v 0.05115091 0.11130695 -0.12159319
v 0.05167392 0.10740494 -0.12373243
v 0.05185870 0.10357854 -0.12585436
v 0.05171699 0.09994009 -0.12801667
v 0.04832555 0.09662933 -0.12409514
v 0.04720198 0.09338770 -0.12575928
v 0.04554795 0.09041823 -0.12742590
v 0.04337571 0.08770315 -0.12904549
v 0.04067901 0.08525465 -0.13058055
v 0.03745318 0.08309168 -0.13183070
v 0.03368522 0.08149614 -0.13299507
v 0.02990087 0.08038413 -0.13400358
v 0.01599746 0.13567719 -0.10610997
v 0.01968141 0.13599380 -0.10560508
v 0.02346700 0.13589611 -0.10534629
v 0.02723688 0.13522593 -0.10538443
v 0.03086981 0.13394342 -0.10572012
v 0.03429917 0.13214106 -0.10632604
v 0.03745594 0.12981941 -0.10719030
v 0.04024994 0.12694718 -0.10831793
v 0.04264888 0.12367557 -0.10967132
v 0.04467253 0.12021330 -0.11120115
v 0.04635999 0.11669384 -0.11287299
v 0.04768112 0.11316244 -0.11465534
v 0.04855802 0.10965126 -0.11649886
v 0.04899430 0.10619142 -0.11835620
v 0.04910357 0.10303258 -0.12029187
v 0.04898494 0.09991765 -0.12222617
v 0.04493437 0.09695284 -0.11810354
v 0.04388374 0.09419784 -0.11944311
v 0.04226780 0.09178527 -0.12085618
v 0.04019049 0.08961787 -0.12219154
v 0.03768822 0.08745609 -0.12350545
v 0.03464927 0.08551959 -0.12462499
v 0.03119238 0.08376917 -0.12580477
v 0.02796373 0.08233078 -0.12734449
v 0.01609821 0.12958003 -0.10353777
v 0.01951112 0.12971796 -0.10312569
v 0.02288117 0.12970524 -0.10286264
v 0.02613091 0.12943192 -0.10297399
v 0.02939132 0.12841617 -0.10309921
v 0.03248012 0.12695938 -0.10345568
v 0.03532193 0.12502184 -0.10412068
v 0.03782709 0.12260211 -0.10503951
v 0.03997406 0.11983316 -0.10616060
v 0.04177612 0.11689136 -0.10743497
v 0.04326444 0.11388978 -0.10882361
v 0.04442113 0.11087738 -0.11030674
v 0.04516832 0.10788240 -0.11184038
v 0.04550650 0.10502110 -0.11341531
v 0.04555102 0.10231244 -0.11503412
v 0.04538804 0.09970283 -0.11669448
v 0.03997018 0.09751681 -0.11295288
v 0.03911168 0.09558657 -0.11399539
v 0.03771847 0.09382893 -0.11501830
v 0.03594984 0.09220164 -0.11599406
v 0.03374195 0.09039048 -0.11697814
v 0.03111185 0.08873854 -0.11791001
v 0.02827424 0.08730056 -0.11903455
v 0.02551151 0.08612341 -0.12027530
v 0.01638512 0.12271800 -0.10205895
v 0.01922266 0.12289890 -0.10168544
v 0.02201436 0.12299459 -0.10149370
v 0.02470622 0.12285778 -0.10155006
v 0.02737996 0.12215327 -0.10176945
v 0.02995988 0.12100923 -0.10204591
v 0.03229799 0.11957191 -0.10242359
v 0.03429517 0.11783775 -0.10288435
v 0.03603387 0.11570608 -0.10367748
v 0.03750258 0.11340864 -0.10466695
v 0.03872206 0.11107576 -0.10578067
v 0.03966884 0.10872497 -0.10697506
v 0.04026974 0.10637853 -0.10820622
v 0.04052382 0.10403816 -0.10942124
v 0.04053244 0.10180100 -0.11066696
v 0.04038392 0.09960538 -0.11182842
v 0.03308808 0.09912347 -0.10882500
v 0.03241870 0.09768563 -0.10957816
v 0.03141539 0.09633820 -0.11027904
v 0.03013973 0.09511554 -0.11093737
v 0.02858280 0.09402528 -0.11154870
v 0.02682647 0.09298071 -0.11231656
v 0.02488692 0.09199635 -0.11320588
v 0.02280406 0.09131027 -0.11379937
v 0.01657909 0.11607627 -0.10188336
v 0.01854134 0.11623289 -0.10165941
v 0.02056022 0.11618102 -0.10151514
v 0.02251049 0.11593953 -0.10151228
v 0.02433174 0.11552473 -0.10166885
v 0.02611637 0.11474601 -0.10190942
v 0.02775050 0.11375370 -0.10226120
v 0.02917621 0.11247333 -0.10273105
v 0.03037688 0.11109257 -0.10320220
v 0.03136565 0.10965342 -0.10369103
v 0.03219089 0.10815858 -0.10427232
v 0.03283885 0.10663046 -0.10493469
v 0.03326120 0.10508353 -0.10565898
v 0.03345419 0.10354195 -0.10642323
v 0.03348179 0.10202811 -0.10721289
v 0.03338763 0.10055843 -0.10802378
v 0.02605958 0.10043260 -0.10607653
v 0.02570477 0.09970407 -0.10646559
v 0.02516891 0.09904734 -0.10681919
v 0.02448426 0.09841597 -0.10717919
v 0.02365227 0.09780151 -0.10756300
v 0.02265618 0.09725464 -0.10793011
v 0.02151270 0.09678463 -0.10827887
v 0.02030754 0.09640901 -0.10860190
v 0.01684599 0.11000120 -0.10251546
v 0.01805928 0.11007564 -0.10238982
v 0.01923538 0.11003475 -0.10232538
v 0.02032810 0.10983398 -0.10234082
v 0.02136366 0.10951013 -0.10240325
v 0.02233909 0.10907276 -0.10251704
v 0.02322799 0.10852545 -0.10267519
v 0.02399945 0.10785776 -0.10286920
v 0.02465085 0.10709033 -0.10311509
v 0.02519226 0.10626620 -0.10340315
v 0.02563877 0.10541900 -0.10373035
v 0.02598541 0.10455971 -0.10409058
v 0.02620576 0.10369655 -0.10447224
v 0.02629880 0.10284136 -0.10486533
v 0.02630013 0.10200786 -0.10526630
v 0.02623399 0.10120296 -0.10567312
v 0.03414984 0.14688346 -0.12062338
v 0.03007624 0.14856113 -0.12003733
v 0.02995465 0.14796293 -0.11907916
v 0.03401448 0.14628113 -0.11966253
v 0.03928779 0.08246213 -0.15720148
v 0.04335464 0.08417029 -0.15576188
v 0.04317614 0.08353395 -0.15459119
v 0.03913359 0.08180986 -0.15601800
v 0.05176613 0.12504569 -0.13110583
v 0.04973850 0.12955239 -0.12876414
v 0.04957401 0.12894761 -0.12774676
v 0.05159324 0.12444768 -0.13007544
v 0.05502556 0.09920516 -0.14568913
v 0.05541257 0.10316161 -0.14327507
v 0.05520128 0.10260993 -0.14221857
v 0.05480060 0.09861243 -0.14466122
v 0.02593078 0.14954793 -0.11988527
v 0.02580003 0.14894422 -0.11892341
v 0.04729267 0.08588100 -0.15419065
v 0.04673042 0.08571772 -0.15292143
v 0.04737443 0.13393730 -0.12657229
v 0.04723303 0.13334116 -0.12556314
v 0.05537518 0.10728710 -0.14085178
v 0.05517321 0.10673024 -0.13980493
v 0.02164055 0.14978773 -0.12011769
v 0.02151177 0.14918398 -0.11915319
v 0.05016894 0.08866063 -0.15226244
v 0.04998005 0.08798719 -0.15114442
v 0.04465274 0.13806415 -0.12462940
v 0.04451864 0.13746749 -0.12363197
v 0.05510955 0.11155997 -0.13844027
v 0.05492358 0.11099863 -0.13739676
v 0.01741207 0.14948041 -0.12067269
v 0.01729135 0.14887800 -0.11970520
v 0.05273885 0.09159889 -0.15023997
v 0.05251752 0.09090978 -0.14920802
v 0.04158212 0.14170510 -0.12295595
v 0.04145408 0.14110784 -0.12196686
v 0.05454171 0.11597431 -0.13598456
v 0.05435206 0.11540308 -0.13494621
v 0.05462489 0.09579303 -0.14751242
v 0.05440233 0.09507858 -0.14656333
v 0.03801548 0.14460702 -0.12159953
v 0.03788445 0.14400797 -0.12062485
v 0.03520581 0.08127808 -0.15830450
v 0.03505731 0.08061913 -0.15713039
v 0.05340488 0.12049306 -0.13352122
v 0.05322137 0.11990773 -0.13248685
v 0.03942672 0.08199509 -0.15708005
v 0.03926109 0.08227897 -0.15690107
v 0.03517469 0.08109115 -0.15800879
v 0.03529249 0.08079707 -0.15820364
v 0.05372075 0.12053306 -0.13314473
v 0.05206176 0.12514178 -0.13069911
v 0.05174884 0.12493479 -0.13080715
v 0.05338763 0.12037972 -0.13322457
v 0.03422939 0.14724599 -0.12012155
v 0.03010415 0.14894314 -0.11953186
v 0.03004209 0.14846811 -0.11974982
v 0.03411921 0.14679012 -0.12033508
v 0.04351248 0.08371406 -0.15563156
v 0.04331005 0.08398772 -0.15546961
v 0.05574950 0.10298073 -0.14300784
v 0.05539124 0.10303176 -0.14298654
v 0.05500202 0.09906129 -0.14541141
v 0.05535613 0.09897775 -0.14544322
v 0.05001030 0.12970382 -0.12832878
v 0.04971978 0.12944556 -0.12846551
v 0.02590470 0.14993990 -0.11937885
v 0.02589213 0.14945428 -0.11959859
v 0.04708858 0.08590624 -0.15393061
v 0.04699200 0.08611954 -0.15403243
v 0.04762092 0.13414514 -0.12611329
v 0.04735834 0.13383764 -0.12627284
v 0.05571334 0.10715985 -0.14056217
v 0.05535532 0.10716199 -0.14056252
v 0.02156037 0.15018328 -0.11961414
v 0.02159815 0.14969465 -0.11983075
v 0.04983777 0.08854876 -0.15173368
v 0.04978920 0.08891720 -0.15206932
v 0.04486844 0.13832573 -0.12415282
v 0.04463543 0.13796977 -0.12433238
v 0.05544905 0.11148754 -0.13812289
v 0.05509510 0.11143965 -0.13814769
v 0.01728122 0.14987943 -0.12017601
v 0.01736671 0.14938929 -0.12038560
v 0.05238280 0.09141211 -0.14979122
v 0.05225866 0.09177609 -0.15015857
v 0.04176155 0.14201000 -0.12246419
v 0.04156364 0.14161364 -0.12265955
v 0.05487136 0.11595744 -0.13563696
v 0.05452455 0.11585736 -0.13568944
v 0.05444161 0.09558576 -0.14717097
v 0.05421038 0.09586238 -0.14743333
v 0.03814769 0.14494390 -0.12110116
v 0.03798893 0.14451336 -0.12130870
v 0.05575896 0.12013938 -0.14449199
v 0.05653142 0.11564867 -0.14696482
v 0.05630074 0.11587545 -0.14744201
v 0.05555439 0.12034928 -0.14501515
v 0.04098018 0.08600680 -0.16655306
v 0.03674087 0.08483435 -0.16771063
v 0.03662113 0.08527810 -0.16771547
v 0.04079504 0.08643282 -0.16658417
v 0.05295918 0.12939364 -0.13960863
v 0.05276938 0.12955284 -0.14021270
v 0.05075884 0.13398945 -0.13785891
v 0.05108685 0.13404614 -0.13727906
v 0.04590856 0.14283442 -0.13292095
v 0.04582884 0.14292612 -0.13361187
v 0.04277742 0.14667404 -0.13199020
v 0.04283877 0.14655779 -0.13122990
v 0.05182562 0.09247123 -0.16132598
v 0.04881165 0.08964724 -0.16341668
v 0.04856507 0.09002677 -0.16363228
v 0.05156856 0.09284069 -0.16157883
v 0.02268042 0.15485159 -0.12814115
v 0.02273179 0.15488517 -0.12890104
v 0.01842583 0.15440777 -0.12913377
v 0.01831855 0.15465827 -0.12851790
v 0.03143005 0.15356502 -0.12820183
v 0.03553513 0.15190454 -0.12886312
v 0.03549421 0.15203547 -0.12962361
v 0.03130841 0.15333585 -0.12881137
v 0.05701736 0.10285816 -0.15443971
v 0.05634583 0.09949532 -0.15671699
v 0.05610194 0.09982817 -0.15714217
v 0.05674182 0.10314901 -0.15479418
v 0.05698025 0.11125168 -0.14944132
v 0.05674028 0.11150316 -0.14988884
v 0.05459176 0.12473612 -0.14203180
v 0.05441619 0.12493466 -0.14261308
v 0.02709915 0.15453019 -0.12798425
v 0.02704642 0.15428015 -0.12859791
v 0.04518927 0.08764204 -0.16504788
v 0.04495166 0.08804052 -0.16511402
v 0.04867643 0.13858736 -0.13494293
v 0.04855437 0.13866649 -0.13557364
v 0.03939957 0.14958236 -0.12981905
v 0.03918660 0.14938815 -0.13041891
v 0.05476657 0.09637659 -0.15904039
v 0.05450691 0.09671171 -0.15937293
v 0.05718122 0.10697156 -0.15194684
v 0.05691229 0.10724169 -0.15235005
v 0.03492110 0.15141957 -0.13060784
v 0.03087546 0.15267990 -0.12975036
v 0.01859651 0.15406525 -0.13020122
v 0.05533594 0.09996006 -0.15703720
v 0.05595418 0.10322287 -0.15477295
v 0.02273476 0.15414167 -0.12982705
v 0.05592320 0.11146515 -0.14997948
v 0.05548839 0.11579613 -0.14763132
v 0.03632774 0.08598842 -0.16738797
v 0.05365760 0.12475731 -0.14296696
v 0.05200318 0.12933620 -0.14068600
v 0.02682692 0.15357452 -0.12952810
v 0.04443617 0.08861096 -0.16490432
v 0.04796427 0.09044047 -0.16338754
v 0.04787206 0.13835276 -0.13619961
v 0.04512944 0.14256430 -0.13437736
v 0.03860810 0.14915999 -0.13152222
v 0.05377214 0.09682292 -0.15923550
v 0.05611625 0.10726348 -0.15238509
v 0.05474540 0.12021885 -0.14528074
v 0.04036904 0.08709919 -0.16631195
v 0.05018929 0.13386039 -0.13856294
v 0.04198898 0.14616360 -0.13280150
v 0.05092703 0.09311904 -0.16139194
vt 0.49803901 0.46742213
vt 0.48550600 0.47433400
vt 0.48624900 0.47528398
vt 0.48726600 0.47606802
vt 0.48839799 0.47672212
vt 0.48975599 0.47725612
vt 0.49122000 0.47764897
vt 0.49318400 0.47786212
vt 0.49566001 0.47794503
vt 0.49799600 0.47796911
vt 0.49789700 0.45977801
vt 0.49578401 0.45983392
vt 0.49365899 0.45986801
vt 0.49157101 0.46003097
vt 0.49028599 0.46035308
vt 0.48892301 0.46086597
vt 0.48787501 0.46153700
vt 0.48689109 0.46236998
vt 0.48626500 0.46339011
vt 0.48580500 0.46454102
vt 0.48533201 0.46576399
vt 0.48502699 0.46700001
vt 0.48505399 0.46827400
vt 0.48518601 0.46955800
vt 0.48497400 0.47081602
vt 0.48504299 0.47204298
vt 0.48528799 0.47324312
vt 0.50942701 0.47525698
vt 0.51014000 0.47430497
vt 0.50849903 0.47605801
vt 0.50742608 0.47671402
vt 0.50614601 0.47724003
vt 0.50465101 0.47762507
vt 0.50274003 0.47784197
vt 0.50020200 0.47793698
vt 0.50000101 0.45982099
vt 0.50214100 0.45984888
vt 0.50420499 0.46000111
vt 0.50550002 0.46031803
vt 0.50686800 0.46083200
vt 0.50795698 0.46150100
vt 0.50898689 0.46233898
vt 0.50961602 0.46337211
vt 0.51006001 0.46453899
vt 0.51048899 0.46579099
vt 0.51070398 0.46707308
vt 0.51061797 0.46838099
vt 0.51053101 0.46966898
vt 0.51078701 0.47090602
vt 0.51062101 0.47208500
vt 0.51048201 0.47323900
vt 0.40427399 0.09619302
vt 0.45108500 0.08650202
vt 0.44644800 0.05847490
vt 0.39583999 0.06746602
vt 0.34605500 0.08411902
vt 0.36020800 0.11211503
vt 0.31798899 0.13390797
vt 0.29939401 0.10825402
vt 0.27865699 0.16248190
vt 0.25621000 0.13979399
vt 0.21741401 0.17896312
vt 0.24239400 0.19788003
vt 0.18530101 0.22406912
vt 0.21202400 0.23913503
vt 0.15920299 0.27626312
vt 0.18699400 0.28711098
vt 0.16772000 0.34077889
vt 0.13981999 0.33389199
vt 0.12671401 0.39280891
vt 0.15419000 0.39610702
vt 0.11890100 0.45141989
vt 0.14604300 0.45175803
vt 0.11720800 0.50995696
vt 0.14404300 0.50753999
vt 0.12108600 0.56661904
vt 0.14723000 0.56169999
vt 0.15536299 0.61317199
vt 0.12996000 0.62034202
vt 0.14247900 0.67253196
vt 0.16737001 0.66260302
vt 0.15954299 0.72377300
vt 0.18359099 0.71049201
vt 0.18222000 0.77201599
vt 0.20448101 0.75560498
vt 0.21023101 0.81560397
vt 0.23061100 0.79657197
vt 0.24341400 0.85440600
vt 0.26166400 0.83268797
vt 0.28135401 0.88789701
vt 0.29655400 0.86370802
vt 0.32362601 0.91501999
vt 0.33542499 0.88915300
vt 0.36957601 0.93548399
vt 0.37816700 0.90897501
vt 0.41850501 0.95038402
vt 0.42414001 0.92360300
vt 0.46980000 0.95895201
vt 0.47286499 0.93082297
vt 0.49794900 0.96031398
vt 0.49794900 0.93186897
vt 0.41427600 0.12864798
vt 0.45585799 0.12049198
vt 0.37404299 0.14226902
vt 0.33751601 0.16157889
vt 0.30231601 0.18710202
vt 0.27004999 0.21837598
vt 0.24110100 0.25576800
vt 0.21775900 0.29962713
vt 0.19932801 0.34886700
vt 0.18584999 0.40037102
vt 0.17767400 0.45237303
vt 0.17611501 0.50498998
vt 0.17776801 0.55595601
vt 0.18468200 0.60462296
vt 0.19619600 0.65102696
vt 0.21122500 0.69534302
vt 0.23014601 0.73687196
vt 0.25405800 0.77455997
vt 0.28253001 0.80754799
vt 0.31414601 0.83564502
vt 0.34926099 0.85900700
vt 0.38832399 0.87730700
vt 0.43063900 0.89038402
vt 0.47540000 0.89635998
vt 0.49794900 0.89691299
vt 0.41912299 0.14430201
vt 0.45811400 0.13749403
vt 0.42114100 0.15175200
vt 0.45911700 0.14538997
vt 0.38109601 0.15671301
vt 0.38381511 0.16380000
vt 0.34671500 0.17489100
vt 0.34999299 0.18165100
vt 0.31339201 0.19915003
vt 0.31730700 0.20548201
vt 0.28268799 0.22871608
vt 0.28716299 0.23447788
vt 0.25497699 0.26409799
vt 0.25979999 0.26924998
vt 0.23276800 0.30559492
vt 0.23796600 0.30980891
vt 0.21500900 0.35278302
vt 0.22064300 0.35606599
vt 0.20156799 0.40238488
vt 0.20755400 0.40467387
vt 0.19321600 0.45240092
vt 0.19947800 0.45393699
vt 0.19193700 0.50358796
vt 0.19808701 0.50422502
vt 0.19255000 0.55282801
vt 0.19884899 0.55256200
vt 0.19916300 0.60006601
vt 0.20533501 0.59896302
vt 0.21043000 0.64491796
vt 0.21653301 0.64292401
vt 0.22480500 0.68758601
vt 0.23061600 0.68470299
vt 0.24273200 0.72738200
vt 0.24817200 0.72373402
vt 0.26558599 0.76332098
vt 0.27063900 0.75896901
vt 0.29288501 0.79471701
vt 0.29738101 0.78966904
vt 0.32301500 0.82139397
vt 0.32688200 0.81576699
vt 0.35636199 0.84358299
vt 0.35949701 0.83756101
vt 0.39359301 0.86090702
vt 0.39584699 0.85450000
vt 0.43409199 0.87294000
vt 0.43551400 0.86618298
vt 0.47686899 0.87861300
vt 0.47718599 0.87169397
vt 0.49794900 0.87926602
vt 0.49794900 0.87215900
vt 0.30776200 0.72115004
vt 0.32834399 0.68569201
vt 0.31172901 0.65930796
vt 0.28826901 0.69139397
vt 0.33057600 0.74705499
vt 0.34809199 0.70922303
vt 0.35560599 0.76885200
vt 0.36998600 0.72951102
vt 0.38293999 0.78652900
vt 0.39459699 0.74624896
vt 0.41334999 0.80005699
vt 0.42216700 0.75902301
vt 0.44647801 0.80917400
vt 0.45194700 0.76751304
vt 0.48066700 0.81389099
vt 0.48255000 0.77180600
vt 0.49794900 0.81424701
vt 0.49794900 0.77216899
vt 0.46597099 0.20014501
vt 0.43484700 0.20549297
vt 0.44290900 0.23841000
vt 0.47003499 0.23400998
vt 0.40407500 0.21526212
vt 0.41581199 0.24675399
vt 0.37488201 0.22968602
vt 0.39010999 0.25936002
vt 0.34815001 0.24900311
vt 0.36687699 0.27633202
vt 0.32276100 0.27300107
vt 0.34518000 0.29727203
vt 0.29970101 0.30203390
vt 0.32590601 0.32249790
vt 0.28042501 0.33639002
vt 0.30901301 0.35262603
vt 0.26488000 0.37541002
vt 0.29590601 0.38616389
vt 0.25347701 0.41665500
vt 0.28612000 0.42143488
vt 0.24636699 0.45934302
vt 0.27934101 0.45761901
vt 0.24398500 0.50188196
vt 0.27656499 0.49431199
vt 0.24488001 0.54390401
vt 0.27656701 0.53054899
vt 0.24989200 0.58412898
vt 0.28064901 0.56551397
vt 0.25962499 0.62213004
vt 0.28833801 0.59873903
vt 0.27248001 0.65811199
vt 0.29867601 0.63015300
vt 0.35091799 0.64741999
vt 0.33736601 0.62512302
vt 0.36726001 0.66751003
vt 0.38570699 0.68552399
vt 0.40687901 0.70097196
vt 0.43090799 0.71332300
vt 0.45719901 0.72194898
vt 0.48419201 0.72698104
vt 0.49794900 0.72749901
vt 0.45072401 0.27320403
vt 0.47398099 0.26978201
vt 0.42750099 0.28008503
vt 0.40547800 0.29084200
vt 0.38526601 0.30572802
vt 0.36746901 0.32394302
vt 0.35158601 0.34541792
vt 0.33781201 0.37089002
vt 0.32716101 0.39903998
vt 0.31961599 0.42849702
vt 0.31433100 0.45827198
vt 0.31141499 0.48810798
vt 0.31123799 0.51774502
vt 0.31419200 0.54641700
vt 0.31968600 0.57400900
vt 0.32736200 0.60045004
vt 0.37073600 0.61286604
vt 0.35989201 0.59395504
vt 0.38421801 0.62996900
vt 0.39979100 0.64513803
vt 0.41796499 0.65813303
vt 0.43873999 0.66851300
vt 0.46179599 0.67587501
vt 0.48552901 0.67997897
vt 0.49794799 0.68040502
vt 0.45720100 0.30639988
vt 0.47717500 0.30369198
vt 0.43738100 0.31215489
vt 0.41864899 0.32129103
vt 0.40187201 0.33394700
vt 0.38680109 0.34949893
vt 0.37362999 0.36774802
vt 0.36268699 0.38888389
vt 0.35394299 0.41210699
vt 0.34762999 0.43609703
vt 0.34338599 0.45998001
vt 0.34085399 0.48368102
vt 0.34068400 0.50689900
vt 0.34266600 0.52951503
vt 0.34678000 0.55163598
vt 0.35234800 0.57329202
vt 0.39041600 0.58090299
vt 0.38193899 0.56577200
vt 0.40138999 0.59462702
vt 0.41438100 0.60673702
vt 0.42971000 0.61689401
vt 0.44726101 0.62478602
vt 0.46687800 0.63012099
vt 0.48705301 0.63284802
vt 0.49794599 0.63295996
vt 0.46374100 0.33967787
vt 0.48040301 0.33771801
vt 0.44718400 0.34404600
vt 0.43159500 0.35126501
vt 0.41743699 0.36135203
vt 0.40485799 0.37377399
vt 0.39410600 0.38843489
vt 0.38539401 0.40527302
vt 0.37867400 0.42368603
vt 0.37366101 0.44266599
vt 0.37012500 0.46155202
vt 0.36802000 0.48004699
vt 0.36768100 0.49800903
vt 0.36913800 0.51539701
vt 0.37222999 0.53253001
vt 0.37628600 0.54942900
vt 0.41343799 0.55109900
vt 0.40675601 0.54025304
vt 0.42216799 0.56081402
vt 0.43249401 0.56941402
vt 0.44451499 0.57662201
vt 0.45822299 0.58227599
vt 0.47352400 0.58610404
vt 0.48912001 0.58833003
vt 0.47110000 0.37344402
vt 0.48420200 0.37231803
vt 0.45806399 0.37640703
vt 0.44572401 0.38157088
vt 0.43439701 0.38896698
vt 0.42427501 0.39804602
vt 0.41565299 0.40879101
vt 0.40877399 0.42114598
vt 0.40373999 0.43477601
vt 0.40003899 0.44897002
vt 0.39740500 0.46327603
vt 0.39579400 0.47731608
vt 0.39553601 0.49082398
vt 0.39684099 0.50370401
vt 0.39924899 0.51617801
vt 0.40238100 0.52850199
vt 0.44303501 0.52014691
vt 0.43888599 0.51358604
vt 0.44839299 0.52586603
vt 0.45483601 0.53079998
vt 0.46236199 0.53464299
vt 0.47111699 0.53762299
vt 0.48100001 0.53936499
vt 0.49120399 0.54010600
vt 0.49794701 0.37155998
vt 0.48776600 0.40264487
vt 0.49792099 0.40262789
vt 0.47869799 0.40343392
vt 0.46978700 0.40531200
vt 0.46136200 0.40872902
vt 0.45378500 0.41364402
vt 0.44709799 0.41969800
vt 0.44145301 0.42640388
vt 0.43721500 0.43478298
vt 0.43421999 0.44375801
vt 0.43230399 0.45309103
vt 0.43118101 0.46256900
vt 0.43065900 0.47205311
vt 0.43093801 0.48122400
vt 0.43211201 0.48998201
vt 0.43394700 0.49829900
vt 0.43611699 0.50614297
vt 0.46650800 0.49522698
vt 0.46412000 0.49179602
vt 0.46950501 0.49814701
vt 0.47305200 0.50057197
vt 0.47716001 0.50244904
vt 0.48192000 0.50381899
vt 0.48724899 0.50464296
vt 0.49289101 0.50501096
vt 0.48627901 0.43369102
vt 0.49200499 0.43311298
vt 0.48109099 0.43494302
vt 0.47665110 0.43689787
vt 0.47241911 0.43957299
vt 0.46874300 0.44273388
vt 0.46557999 0.44643092
vt 0.46324900 0.45069402
vt 0.46161300 0.45534098
vt 0.46037501 0.46013999
vt 0.45960301 0.46492797
vt 0.45938399 0.46977007
vt 0.45954299 0.47454202
vt 0.46008399 0.47920001
vt 0.46108001 0.48364699
vt 0.46240500 0.48787498
vt 0.32561699 0.22168899
vt 0.33100501 0.22972709
vt 0.36154300 0.20768112
vt 0.35709000 0.19892001
vt 0.43874899 0.85115701
vt 0.44118601 0.83974898
vt 0.40490401 0.82956398
vt 0.40100399 0.84046000
vt 0.21236099 0.45827389
vt 0.22128300 0.46033901
vt 0.22838300 0.41433698
vt 0.21987399 0.41116601
vt 0.25960901 0.71589804
vt 0.26811600 0.71067297
vt 0.25123900 0.67460901
vt 0.24260800 0.67861801
vt 0.38960499 0.18180388
vt 0.39302701 0.19110388
vt 0.37165901 0.81454301
vt 0.36647701 0.82460797
vt 0.24057400 0.36917299
vt 0.23264401 0.36478800
vt 0.23747399 0.63584304
vt 0.22887500 0.63867497
vt 0.42515501 0.17020601
vt 0.42749399 0.17975098
vt 0.34164801 0.79500198
vt 0.33533800 0.80388200
vt 0.25705701 0.32647192
vt 0.24948999 0.32084489
vt 0.22671200 0.59503102
vt 0.21793300 0.59679103
vt 0.46225601 0.17358798
vt 0.46107700 0.16395497
vt 0.31421199 0.77122998
vt 0.30700099 0.77883601
vt 0.27758601 0.28866512
vt 0.27046499 0.28226501
vt 0.22086200 0.55191696
vt 0.21180899 0.55257201
vt 0.28927401 0.74308896
vt 0.28127801 0.74949700
vt 0.30295700 0.25666201
vt 0.29663399 0.24940199
vt 0.47776899 0.85592198
vt 0.49794900 0.85655701
vt 0.49794900 0.84525901
vt 0.47877601 0.84470797
vt 0.21073300 0.50609803
vt 0.21950500 0.50680304
vt 0.43670100 0.86120802
vt 0.47741711 0.86644602
vt 0.47750500 0.86252099
vt 0.43754900 0.85765600
vt 0.20242099 0.50516599
vt 0.20575900 0.50600100
vt 0.20738700 0.45729798
vt 0.20395100 0.45567298
vt 0.32035500 0.21231312
vt 0.32233301 0.21701610
vt 0.35435301 0.19377798
vt 0.35265800 0.18881202
vt 0.39900801 0.84634900
vt 0.39764100 0.84988403
vt 0.23454200 0.68234599
vt 0.25179899 0.72081304
vt 0.25469700 0.71852398
vt 0.23759000 0.68049097
vt 0.21490800 0.40980792
vt 0.21177800 0.40762597
vt 0.38764799 0.17628598
vt 0.38615701 0.17115200
vt 0.36186200 0.83306199
vt 0.36364800 0.82975799
vt 0.22772700 0.36291999
vt 0.22493599 0.36000103
vt 0.22393100 0.64008999
vt 0.22074699 0.64131701
vt 0.42289701 0.15930998
vt 0.42408299 0.16452098
vt 0.32981709 0.81148100
vt 0.33191201 0.80847096
vt 0.24468100 0.31839198
vt 0.24198900 0.31471097
vt 0.21290199 0.59769499
vt 0.20951700 0.59822404
vt 0.46001300 0.15308398
vt 0.46056700 0.15834397
vt 0.30066499 0.78576398
vt 0.30304700 0.78298098
vt 0.26609799 0.27896208
vt 0.26347601 0.27483100
vt 0.20682301 0.55287600
vt 0.20320500 0.55273998
vt 0.27411500 0.75555700
vt 0.27678299 0.75300503
vt 0.29289311 0.24526697
vt 0.29052201 0.24079299
vt 0.49794900 0.86706603
vt 0.49794900 0.86272597
vt 0.49794900 0.05501199
vt 0.49794900 0.08443588
vt 0.49794900 0.11792213
vt 0.49794999 0.13481301
vt 0.49794999 0.14308798
vt 0.49795100 0.19803602
vt 0.49795201 0.23212701
vt 0.49795201 0.26818299
vt 0.49794400 0.30231392
vt 0.49795601 0.33666998
vt 0.49793699 0.58845198
vt 0.49791101 0.53999001
vt 0.49789101 0.50497401
vt 0.49792099 0.43271703
vt 0.49794999 0.16149789
vt 0.49795100 0.17137700
vt 0.49794999 0.15008903
vt 0.49794999 0.15582299
vt 0.11271100 0.56752002
vt 0.10861400 0.56827903
vt 0.11753200 0.62226701
vt 0.12143900 0.62144399
vt 0.41663101 0.96010900
vt 0.41635799 0.96371698
vt 0.46775699 0.97305000
vt 0.46831200 0.96935803
vt 0.11031600 0.45135701
vt 0.11805700 0.39253092
vt 0.11353500 0.39273000
vt 0.10585500 0.45160788
vt 0.14955799 0.27432013
vt 0.17559500 0.22037798
vt 0.17000100 0.21836108
vt 0.14416701 0.27350903
vt 0.27483800 0.89625299
vt 0.27287501 0.89996302
vt 0.31771299 0.92837501
vt 0.31883001 0.92448801
vt 0.39229801 0.05621988
vt 0.44493300 0.04648989
vt 0.44428000 0.03978097
vt 0.39059001 0.04975998
vt 0.29236501 0.09911197
vt 0.28855699 0.09364402
vt 0.24278399 0.12774312
vt 0.24763700 0.13229388
vt 0.17303900 0.77557099
vt 0.16923900 0.77728498
vt 0.19806600 0.82305896
vt 0.20145400 0.82062399
vt 0.12957899 0.67505896
vt 0.13354300 0.67414600
vt 0.49794900 0.97537899
vt 0.49794900 0.97109300
vt 0.10873100 0.51031101
vt 0.10434200 0.51087201
vt 0.33818799 0.06767988
vt 0.34088501 0.07378203
vt 0.36598700 0.94900101
vt 0.36645311 0.94525898
vt 0.13067301 0.33305401
vt 0.12572700 0.33294702
vt 0.20808700 0.17336309
vt 0.20267700 0.16997302
vt 0.23549400 0.86116397
vt 0.23272900 0.86434001
vt 0.14633700 0.72739697
vt 0.15032201 0.72619498
vt 0.49794900 0.04395199
vt 0.49794799 0.03727198
vt 0.28146499 0.07663089
vt 0.23161100 0.11309308
vt 0.49794900 0.02024788
vt 0.44235799 0.02422702
vt 0.16158700 0.78146201
vt 0.19169800 0.82890797
vt 0.38717800 0.03311199
vt 0.10974800 0.62442499
vt 0.12155000 0.67743701
vt 0.46651700 0.98299301
vt 0.49794900 0.98610198
vt 0.09673700 0.45238602
vt 0.09559201 0.51233101
vt 0.33339000 0.05078602
vt 0.31547800 0.93704098
vt 0.36498800 0.95820302
vt 0.13135700 0.27067900
vt 0.11503200 0.33244193
vt 0.18962801 0.15809798
vt 0.22811000 0.87145001
vt 0.13818300 0.73033297
vt 0.10011000 0.57035500
vt 0.41592500 0.97322798
vt 0.10427200 0.39307600
vt 0.15613800 0.21151203
vt 0.26964101 0.90775502
vt 0.59162402 0.09619302
vt 0.60005802 0.06746697
vt 0.54944998 0.05847490
vt 0.54481298 0.08650303
vt 0.64984298 0.08412099
vt 0.63568902 0.11211789
vt 0.67790699 0.13391602
vt 0.69650209 0.10825711
vt 0.71724898 0.16248989
vt 0.73968899 0.13979203
vt 0.75352311 0.19782698
vt 0.77849400 0.17893100
vt 0.78388298 0.23903602
vt 0.81058502 0.22409898
vt 0.80887699 0.28718299
vt 0.83661199 0.27642298
vt 0.82814801 0.34079701
vt 0.85595900 0.33406103
vt 0.84171611 0.39641702
vt 0.86912912 0.39297891
vt 0.84989512 0.45181602
vt 0.87697601 0.45139498
vt 0.85184699 0.50766701
vt 0.87860000 0.50990498
vt 0.84872413 0.56186801
vt 0.87477601 0.56667399
vt 0.84051311 0.61330599
vt 0.86596203 0.62037897
vt 0.85341609 0.67254102
vt 0.82850897 0.66263199
vt 0.81230688 0.71049100
vt 0.83635402 0.72377503
vt 0.79141802 0.75560600
vt 0.81367803 0.77201802
vt 0.76528692 0.79657298
vt 0.78566688 0.81560498
vt 0.75248301 0.85440701
vt 0.73423302 0.83268899
vt 0.71454298 0.88789797
vt 0.69934398 0.86370802
vt 0.66047299 0.88915300
vt 0.67227292 0.91502100
vt 0.61773002 0.90897602
vt 0.62632102 0.93548501
vt 0.57175601 0.92360300
vt 0.57739198 0.95038497
vt 0.52609688 0.95895201
vt 0.52303201 0.93082297
vt 0.54004002 0.12049198
vt 0.58162200 0.12864900
vt 0.62185502 0.14227188
vt 0.65837997 0.16158789
vt 0.69358212 0.18710798
vt 0.72586501 0.21836609
vt 0.75480199 0.25567102
vt 0.77822697 0.29950202
vt 0.79680687 0.34888887
vt 0.81015903 0.40046889
vt 0.81804103 0.45277202
vt 0.82021701 0.50500703
vt 0.81799197 0.55641901
vt 0.81115597 0.60478801
vt 0.79969692 0.65104300
vt 0.78467089 0.69534302
vt 0.76575202 0.73687398
vt 0.74184000 0.77456200
vt 0.71336800 0.80754799
vt 0.68175203 0.83564502
vt 0.64663798 0.85900700
vt 0.60757399 0.87730700
vt 0.56525701 0.89038402
vt 0.52049702 0.89635998
vt 0.53778499 0.13749498
vt 0.57677388 0.14430302
vt 0.53678203 0.14539099
vt 0.57475698 0.15175301
vt 0.61480099 0.15671498
vt 0.61208302 0.16380388
vt 0.64918399 0.17489398
vt 0.64590597 0.18164903
vt 0.68250501 0.19916099
vt 0.67859209 0.20548803
vt 0.71321601 0.22874099
vt 0.70871401 0.23448801
vt 0.74099100 0.26411700
vt 0.73606300 0.26915503
vt 0.76317197 0.30556703
vt 0.75797200 0.30992001
vt 0.78107393 0.35277092
vt 0.77551800 0.35624892
vt 0.79443789 0.40247393
vt 0.78837693 0.40488201
vt 0.80237693 0.45274299
vt 0.79605788 0.45416600
vt 0.80436403 0.50354499
vt 0.79816699 0.50407004
vt 0.80319297 0.55341697
vt 0.79692888 0.55311400
vt 0.79668289 0.60019803
vt 0.79049200 0.59910601
vt 0.78545898 0.64492899
vt 0.77935302 0.64294499
vt 0.77109200 0.68759000
vt 0.76528102 0.68470901
vt 0.75316608 0.72738504
vt 0.74772608 0.72373599
vt 0.73031199 0.76332200
vt 0.72525889 0.75897002
vt 0.70301199 0.79471803
vt 0.69851607 0.78966904
vt 0.67288399 0.82139397
vt 0.66901702 0.81576699
vt 0.63953698 0.84358299
vt 0.63640100 0.83756101
vt 0.60230398 0.86090702
vt 0.60005099 0.85450000
vt 0.56180400 0.87294000
vt 0.56038201 0.86618298
vt 0.51902801 0.87861401
vt 0.51871097 0.87169397
vt 0.68812698 0.72117299
vt 0.70761299 0.69146597
vt 0.68415397 0.65945601
vt 0.66753298 0.68576097
vt 0.66531903 0.74705899
vt 0.64779812 0.70924103
vt 0.64029199 0.76885301
vt 0.62590998 0.72951400
vt 0.60130000 0.74624896
vt 0.61295801 0.78652900
vt 0.57372999 0.75902301
vt 0.58254802 0.80005699
vt 0.54395097 0.76751304
vt 0.54942012 0.80917400
vt 0.51334798 0.77180600
vt 0.51523101 0.81389099
vt 0.52993488 0.20014697
vt 0.52586901 0.23401612
vt 0.55299097 0.23842198
vt 0.56105399 0.20550197
vt 0.58008403 0.24676400
vt 0.59182411 0.21527302
vt 0.60582411 0.25934303
vt 0.62101400 0.22967601
vt 0.62908000 0.27630198
vt 0.64779699 0.24899501
vt 0.67319912 0.27301413
vt 0.65078700 0.29740500
vt 0.69622111 0.30202788
vt 0.66997898 0.32269001
vt 0.71548498 0.33650792
vt 0.68680501 0.35283691
vt 0.73106599 0.37555099
vt 0.69992912 0.38638598
vt 0.74246597 0.41698700
vt 0.70962900 0.42171103
vt 0.74961603 0.45932299
vt 0.71645898 0.45783502
vt 0.71942598 0.49445498
vt 0.75201601 0.50216997
vt 0.71937692 0.53055096
vt 0.75119501 0.54398799
vt 0.71515000 0.56557596
vt 0.74597692 0.58422303
vt 0.73625100 0.62227297
vt 0.70754611 0.59887499
vt 0.72341102 0.65824401
vt 0.69724011 0.63033700
vt 0.65850812 0.62533402
vt 0.64495212 0.64752501
vt 0.62862498 0.66754001
vt 0.61018902 0.68552804
vt 0.58901900 0.70097196
vt 0.56498998 0.71332300
vt 0.53869897 0.72194898
vt 0.51170599 0.72698104
vt 0.52191198 0.26978397
vt 0.54518402 0.27322412
vt 0.56837797 0.28011900
vt 0.59041113 0.29084402
vt 0.61071402 0.30567688
vt 0.62857801 0.32390600
vt 0.64443898 0.34550792
vt 0.65809798 0.37105203
vt 0.66878599 0.39936602
vt 0.67637599 0.42863703
vt 0.68160897 0.45841402
vt 0.68458098 0.48813897
vt 0.68468398 0.51777601
vt 0.68170398 0.54651499
vt 0.67623901 0.57420397
vt 0.66854799 0.60070699
vt 0.63598198 0.59413898
vt 0.62514198 0.61294997
vt 0.61167097 0.62999296
vt 0.59610498 0.64514089
vt 0.57793200 0.65813398
vt 0.55715698 0.66851300
vt 0.53410101 0.67587501
vt 0.51036799 0.67997897
vt 0.51873398 0.30369198
vt 0.53868598 0.30640388
vt 0.55853212 0.31218702
vt 0.57721901 0.32133901
vt 0.59403002 0.33397901
vt 0.60916609 0.34951597
vt 0.62239999 0.36776412
vt 0.63332212 0.38890600
vt 0.64200199 0.41219902
vt 0.64832711 0.43620002
vt 0.65256011 0.46012402
vt 0.65505803 0.48384500
vt 0.65520400 0.50712299
vt 0.65322512 0.52979302
vt 0.64911610 0.55193996
vt 0.64353698 0.57356286
vt 0.61395103 0.56584597
vt 0.60547400 0.58093399
vt 0.59450412 0.59463501
vt 0.58151299 0.60673904
vt 0.56618398 0.61689496
vt 0.54863203 0.62478602
vt 0.52901500 0.63012201
vt 0.50884002 0.63284802
vt 0.51549798 0.33771712
vt 0.53216988 0.33967698
vt 0.54871303 0.34404898
vt 0.56431901 0.35128689
vt 0.57844698 0.36139202
vt 0.59107000 0.37383699
vt 0.60182607 0.38853103
vt 0.61057401 0.40539700
vt 0.61727899 0.42383999
vt 0.62225002 0.44286603
vt 0.62575603 0.46177101
vt 0.62785912 0.48028398
vt 0.62821299 0.49825197
vt 0.62676299 0.51561904
vt 0.62366998 0.53271103
vt 0.61960697 0.54955697
vt 0.58913797 0.54026496
vt 0.58245301 0.55110502
vt 0.57372212 0.56081700
vt 0.56339198 0.56941599
vt 0.55136800 0.57662296
vt 0.53765500 0.58227700
vt 0.52235103 0.58610499
vt 0.50675499 0.58833003
vt 0.51170200 0.37231499
vt 0.52480900 0.37344003
vt 0.53783900 0.37640488
vt 0.55018401 0.38157088
vt 0.56150901 0.38897097
vt 0.57163101 0.39805400
vt 0.58028388 0.40881902
vt 0.58715111 0.42120397
vt 0.59221101 0.43486297
vt 0.59589899 0.44907200
vt 0.59849697 0.46337497
vt 0.60008800 0.47740197
vt 0.60034502 0.49088901
vt 0.59905303 0.50375104
vt 0.59664899 0.51620996
vt 0.59351408 0.52852297
vt 0.55699098 0.51359296
vt 0.55283701 0.52015400
vt 0.54747099 0.52587104
vt 0.54101801 0.53080404
vt 0.53348100 0.53464496
vt 0.52471602 0.53762501
vt 0.51482701 0.53936601
vt 0.50461602 0.54010600
vt 0.50810498 0.40263790
vt 0.51716512 0.40341997
vt 0.52610803 0.40529501
vt 0.53454101 0.40871698
vt 0.54212999 0.41363502
vt 0.54878497 0.41968799
vt 0.55445802 0.42638803
vt 0.55869699 0.43477100
vt 0.56172001 0.44377011
vt 0.56366497 0.45313501
vt 0.56475300 0.46262598
vt 0.56524998 0.47210997
vt 0.56492102 0.48126000
vt 0.56373000 0.48999500
vt 0.56191802 0.49830401
vt 0.55976301 0.50614899
vt 0.53168392 0.49181199
vt 0.52928889 0.49523401
vt 0.52625692 0.49814701
vt 0.52271599 0.50057101
vt 0.51859999 0.50244796
vt 0.51387000 0.50381696
vt 0.50852811 0.50464100
vt 0.50291502 0.50500900
vt 0.50376111 0.43309307
vt 0.50958502 0.43366402
vt 0.51471502 0.43490303
vt 0.51922399 0.43686497
vt 0.52337998 0.43954802
vt 0.52712113 0.44270498
vt 0.53031689 0.44636798
vt 0.53269392 0.45063001
vt 0.53435498 0.45528603
vt 0.53554302 0.46015900
vt 0.53633988 0.46502411
vt 0.53650200 0.46987802
vt 0.53628790 0.47463900
vt 0.53569102 0.47926211
vt 0.53468388 0.48368102
vt 0.53340101 0.48790002
vt 0.67029101 0.22168499
vt 0.63880903 0.19892502
vt 0.63435698 0.20768398
vt 0.66490299 0.22971398
vt 0.55714798 0.85115701
vt 0.59489298 0.84046000
vt 0.59099400 0.82956398
vt 0.55471098 0.83974999
vt 0.78325689 0.45829499
vt 0.77604997 0.41158003
vt 0.76749700 0.41461003
vt 0.77435601 0.46039099
vt 0.73628598 0.71590400
vt 0.75328100 0.67864501
vt 0.74464798 0.67466700
vt 0.72777599 0.71069199
vt 0.60629302 0.18180889
vt 0.60287100 0.19111198
vt 0.62942213 0.82460797
vt 0.62423998 0.81454402
vt 0.76335299 0.36503202
vt 0.75540000 0.36941600
vt 0.76699889 0.63876796
vt 0.75840801 0.63596201
vt 0.57074201 0.17020798
vt 0.56840599 0.17975312
vt 0.66056210 0.80388200
vt 0.65425098 0.79500103
vt 0.74645698 0.32104897
vt 0.73884797 0.32653588
vt 0.77791101 0.59701598
vt 0.76910800 0.59524101
vt 0.53482300 0.16395497
vt 0.53364402 0.17358899
vt 0.68889612 0.77883697
vt 0.68168598 0.77123100
vt 0.72548097 0.28232598
vt 0.71829200 0.28869098
vt 0.78404403 0.55285001
vt 0.77496302 0.55213702
vt 0.71461999 0.74949801
vt 0.70662302 0.74309200
vt 0.69929302 0.24937600
vt 0.69297200 0.25665700
vt 0.51812911 0.85592198
vt 0.51712209 0.84470797
vt 0.78554398 0.50610697
vt 0.77683687 0.50683099
vt 0.55919498 0.86120802
vt 0.55834699 0.85765600
vt 0.51839298 0.86252099
vt 0.51848102 0.86644602
vt 0.79395503 0.50495201
vt 0.79161489 0.45596302
vt 0.78813601 0.45740700
vt 0.79060793 0.50580704
vt 0.67554611 0.21230900
vt 0.64324212 0.18881398
vt 0.64154512 0.19378102
vt 0.67356998 0.21700913
vt 0.59825611 0.84988403
vt 0.59688997 0.84634799
vt 0.76135200 0.68235499
vt 0.75830102 0.68050396
vt 0.74120098 0.71852601
vt 0.74409902 0.72081500
vt 0.78413200 0.40785998
vt 0.78096688 0.41003799
vt 0.60974002 0.17115700
vt 0.60824901 0.17629099
vt 0.63403702 0.83306301
vt 0.63225102 0.82975900
vt 0.77111202 0.36016297
vt 0.76831901 0.36318898
vt 0.77513689 0.64135599
vt 0.77194691 0.64015299
vt 0.57300001 0.15931201
vt 0.57181501 0.16452199
vt 0.66608202 0.81147999
vt 0.66398698 0.80847096
vt 0.75393403 0.31484789
vt 0.75122100 0.31848389
vt 0.78631198 0.59840298
vt 0.78294390 0.59790200
vt 0.53588599 0.15308499
vt 0.53533202 0.15834397
vt 0.69523197 0.78576499
vt 0.69285011 0.78298098
vt 0.73249400 0.27489299
vt 0.72976297 0.27891898
vt 0.79256803 0.55323398
vt 0.78897291 0.55328798
vt 0.72178388 0.75555801
vt 0.71911502 0.75300503
vt 0.70539302 0.24080598
vt 0.70301002 0.24521798
vt 0.88320500 0.56750500
vt 0.87445801 0.62144697
vt 0.87835902 0.62225497
vt 0.88731003 0.56826103
vt 0.57926601 0.96010900
vt 0.52758503 0.96935803
vt 0.52814102 0.97304899
vt 0.57953799 0.96371800
vt 0.88556099 0.45133102
vt 0.89001101 0.45159388
vt 0.88236701 0.39268392
vt 0.87782609 0.39256102
vt 0.84634000 0.27438402
vt 0.85176098 0.27347499
vt 0.82588601 0.21838212
vt 0.82029599 0.22041798
vt 0.72105998 0.89625299
vt 0.67706811 0.92448902
vt 0.67818499 0.92837596
vt 0.72302198 0.89996302
vt 0.60360003 0.05622089
vt 0.60530800 0.04976100
vt 0.55161703 0.03978097
vt 0.55096501 0.04648989
vt 0.70353299 0.09911197
vt 0.74825799 0.13229388
vt 0.75311112 0.12774801
vt 0.70734102 0.09364200
vt 0.82285899 0.77557302
vt 0.79444402 0.82062501
vt 0.79783100 0.82306004
vt 0.82665902 0.77728599
vt 0.86235702 0.67415100
vt 0.86631900 0.67506397
vt 0.88720697 0.51029897
vt 0.89165401 0.51088399
vt 0.65501302 0.07378298
vt 0.65771008 0.06768101
vt 0.62944400 0.94525999
vt 0.62990999 0.94900203
vt 0.86522698 0.33312100
vt 0.87022698 0.33293891
vt 0.78780597 0.17337799
vt 0.79320687 0.17000002
vt 0.76040298 0.86116499
vt 0.76316798 0.86434001
vt 0.84557498 0.72619998
vt 0.84956211 0.72740102
vt 0.76428401 0.11309308
vt 0.71442997 0.07663298
vt 0.55354011 0.02422702
vt 0.80419999 0.82890898
vt 0.83431208 0.78146303
vt 0.60872108 0.03311300
vt 0.87435001 0.67743802
vt 0.88615203 0.62442499
vt 0.52938002 0.98299199
vt 0.90030599 0.51233101
vt 0.89916098 0.45238602
vt 0.66250801 0.05078793
vt 0.63090903 0.95820498
vt 0.68042111 0.93704200
vt 0.88086498 0.33244288
vt 0.86454111 0.27068001
vt 0.80626798 0.15809703
vt 0.76778698 0.87145001
vt 0.85771608 0.73033404
vt 0.89578801 0.57035500
vt 0.57997203 0.97322798
vt 0.89162397 0.39307499
vt 0.83976012 0.21151102
vt 0.72625691 0.90775502
f 1/1 2/2 3/3
f 1/1 3/3 4/4
f 1/1 4/4 5/5
f 1/1 5/5 6/6
f 1/1 6/6 7/7
f 1/1 7/7 8/8
f 1/1 8/8 9/9
f 1/1 9/9 10/10
f 1/1 11/11 12/12
f 1/1 12/12 13/13
f 1/1 13/13 14/14
f 1/1 14/14 15/15
f 1/1 15/15 16/16
f 1/1 16/16 17/17
f 1/1 17/17 18/18
f 1/1 18/18 19/19
f 1/1 19/19 20/20
f 1/1 20/20 21/21
f 1/1 21/21 22/22
f 1/1 22/22 23/23
f 1/1 23/23 24/24
f 1/1 24/24 25/25
f 1/1 25/25 26/26
f 1/1 26/26 27/27
f 1/1 27/27 2/2
f 1/1 28/28 29/29
f 1/1 30/30 28/28
f 1/1 31/31 30/30
f 1/1 32/32 31/31
f 1/1 33/33 32/32
f 1/1 34/34 33/33
f 1/1 35/35 34/34
f 1/1 10/10 35/35
f 1/1 36/36 11/11
f 1/1 37/37 36/36
f 1/1 38/38 37/37
f 1/1 39/39 38/38
f 1/1 40/40 39/39
f 1/1 41/41 40/40
f 1/1 42/42 41/41
f 1/1 43/43 42/42
f 1/1 44/44 43/43
f 1/1 45/45 44/44
f 1/1 46/46 45/45
f 1/1 47/47 46/46
f 1/1 48/48 47/47
f 1/1 49/49 48/48
f 1/1 50/50 49/49
f 1/1 51/51 50/50
f 1/1 29/29 51/51
f 52/52 53/53 54/54
f 52/52 54/54 55/55
f 56/56 57/57 52/52
f 56/56 52/52 55/55
f 58/58 57/57 56/56
f 58/58 56/56 59/59
f 60/60 58/58 59/59
f 60/60 59/59 61/61
f 60/60 61/61 62/62
f 60/60 62/62 63/63
f 63/63 62/62 64/64
f 63/63 64/64 65/65
f 65/65 64/64 66/66
f 65/65 66/66 67/67
f 68/68 67/67 66/66
f 68/68 66/66 69/69
f 69/69 70/70 71/71
f 69/69 71/71 68/68
f 71/71 70/70 72/72
f 71/71 72/72 73/73
f 73/73 72/72 74/74
f 73/73 74/74 75/75
f 75/75 74/74 76/76
f 75/75 76/76 77/77
f 78/78 77/77 76/76
f 78/78 76/76 79/79
f 80/80 81/81 78/78
f 80/80 78/78 79/79
f 80/80 82/82 83/83
f 80/80 83/83 81/81
f 82/82 84/84 85/85
f 82/82 85/85 83/83
f 84/84 86/86 87/87
f 84/84 87/87 85/85
f 88/88 89/89 87/87
f 88/88 87/87 86/86
f 90/90 91/91 89/89
f 90/90 89/89 88/88
f 90/90 92/92 93/93
f 90/90 93/93 91/91
f 92/92 94/94 95/95
f 92/92 95/95 93/93
f 94/94 96/96 97/97
f 94/94 97/97 95/95
f 98/98 99/99 97/97
f 98/98 97/97 96/96
f 100/100 101/101 99/99
f 100/100 99/99 98/98
f 53/53 52/52 102/102
f 53/53 102/102 103/103
f 102/102 52/52 57/57
f 102/102 57/57 104/104
f 58/58 105/105 104/104
f 58/58 104/104 57/57
f 106/106 105/105 58/58
f 106/106 58/58 60/60
f 107/107 106/106 60/60
f 107/107 60/60 63/63
f 63/63 65/65 108/108
f 63/63 108/108 107/107
f 109/109 108/108 65/65
f 109/109 65/65 67/67
f 110/110 109/109 67/67
f 110/110 67/67 68/68
f 71/71 111/111 110/110
f 71/71 110/110 68/68
f 111/111 71/71 73/73
f 111/111 73/73 112/112
f 112/112 73/73 75/75
f 112/112 75/75 113/113
f 113/113 75/75 77/77
f 113/113 77/77 114/114
f 115/115 114/114 77/77
f 115/115 77/77 78/78
f 81/81 116/116 115/115
f 81/81 115/115 78/78
f 83/83 117/117 116/116
f 83/83 116/116 81/81
f 85/85 118/118 117/117
f 85/85 117/117 83/83
f 87/87 119/119 118/118
f 87/87 118/118 85/85
f 89/89 120/120 119/119
f 89/89 119/119 87/87
f 91/91 121/121 120/120
f 91/91 120/120 89/89
f 93/93 122/122 121/121
f 93/93 121/121 91/91
f 95/95 123/123 122/122
f 95/95 122/122 93/93
f 97/97 124/124 123/123
f 97/97 123/123 95/95
f 99/99 125/125 124/124
f 99/99 124/124 97/97
f 99/99 101/101 126/126
f 99/99 126/126 125/125
f 103/103 102/102 127/127
f 103/103 127/127 128/128
f 128/128 127/127 129/129
f 128/128 129/129 130/130
f 102/102 104/104 131/131
f 102/102 131/131 127/127
f 127/127 131/131 132/132
f 127/127 132/132 129/129
f 104/104 105/105 133/133
f 104/104 133/133 131/131
f 133/133 134/134 132/132
f 133/133 132/132 131/131
f 133/133 105/105 106/106
f 133/133 106/106 135/135
f 133/133 135/135 136/136
f 133/133 136/136 134/134
f 107/107 137/137 135/135
f 107/107 135/135 106/106
f 135/135 137/137 138/138
f 135/135 138/138 136/136
f 107/107 108/108 139/139
f 107/107 139/139 137/137
f 137/137 139/139 140/140
f 137/137 140/140 138/138
f 108/108 109/109 141/141
f 108/108 141/141 139/139
f 139/139 141/141 142/142
f 139/139 142/142 140/140
f 110/110 143/143 141/141
f 110/110 141/141 109/109
f 141/141 143/143 144/144
f 141/141 144/144 142/142
f 111/111 145/145 143/143
f 111/111 143/143 110/110
f 145/145 146/146 144/144
f 145/145 144/144 143/143
f 111/111 112/112 147/147
f 111/111 147/147 145/145
f 147/147 148/148 146/146
f 147/147 146/146 145/145
f 147/147 112/112 113/113
f 147/147 113/113 149/149
f 147/147 149/149 150/150
f 147/147 150/150 148/148
f 149/149 113/113 114/114
f 149/149 114/114 151/151
f 149/149 151/151 152/152
f 149/149 152/152 150/150
f 114/114 115/115 153/153
f 114/114 153/153 151/151
f 151/151 153/153 154/154
f 151/151 154/154 152/152
f 116/116 155/155 153/153
f 116/116 153/153 115/115
f 155/155 156/156 154/154
f 155/155 154/154 153/153
f 117/117 157/157 155/155
f 117/117 155/155 116/116
f 157/157 158/158 156/156
f 157/157 156/156 155/155
f 118/118 159/159 157/157
f 118/118 157/157 117/117
f 159/159 160/160 158/158
f 159/159 158/158 157/157
f 119/119 161/161 159/159
f 119/119 159/159 118/118
f 161/161 162/162 160/160
f 161/161 160/160 159/159
f 120/120 163/163 161/161
f 120/120 161/161 119/119
f 163/163 164/164 162/162
f 163/163 162/162 161/161
f 165/165 163/163 120/120
f 165/165 120/120 121/121
f 163/163 165/165 166/166
f 163/163 166/166 164/164
f 122/122 167/167 165/165
f 122/122 165/165 121/121
f 165/165 167/167 168/168
f 165/165 168/168 166/166
f 123/123 169/169 167/167
f 123/123 167/167 122/122
f 169/169 170/170 168/168
f 169/169 168/168 167/167
f 124/124 171/171 169/169
f 124/124 169/169 123/123
f 171/171 172/172 170/170
f 171/171 170/170 169/169
f 124/124 125/125 173/173
f 124/124 173/173 171/171
f 171/171 173/173 174/174
f 171/171 174/174 172/172
f 125/125 126/126 175/175
f 125/125 175/175 173/173
f 175/175 176/176 174/174
f 175/175 174/174 173/173
f 177/177 178/178 179/179
f 177/177 179/179 180/180
f 181/181 182/182 178/178
f 181/181 178/178 177/177
f 183/183 184/184 182/182
f 183/183 182/182 181/181
f 183/183 185/185 186/186
f 183/183 186/186 184/184
f 185/185 187/187 188/188
f 185/185 188/188 186/186
f 187/187 189/189 190/190
f 187/187 190/190 188/188
f 189/189 191/191 192/192
f 189/189 192/192 190/190
f 191/191 193/193 194/194
f 191/191 194/194 192/192
f 195/195 196/196 197/197
f 195/195 197/197 198/198
f 196/196 199/199 200/200
f 196/196 200/200 197/197
f 199/199 201/201 202/202
f 199/199 202/202 200/200
f 201/201 203/203 204/204
f 201/201 204/204 202/202
f 205/205 206/206 204/204
f 205/205 204/204 203/203
f 207/207 208/208 206/206
f 207/207 206/206 205/205
f 209/209 210/210 208/208
f 209/209 208/208 207/207
f 211/211 212/212 210/210
f 211/211 210/210 209/209
f 213/213 214/214 212/212
f 213/213 212/212 211/211
f 215/215 216/216 214/214
f 215/215 214/214 213/213
f 215/215 217/217 218/218
f 215/215 218/218 216/216
f 217/217 219/219 220/220
f 217/217 220/220 218/218
f 219/219 221/221 222/222
f 219/219 222/222 220/220
f 223/223 224/224 222/222
f 223/223 222/222 221/221
f 225/225 226/226 224/224
f 225/225 224/224 223/223
f 180/180 179/179 226/226
f 180/180 226/226 225/225
f 178/178 227/227 228/228
f 178/178 228/228 179/179
f 182/182 229/229 227/227
f 182/182 227/227 178/178
f 184/184 230/230 229/229
f 184/184 229/229 182/182
f 186/186 231/231 230/230
f 186/186 230/230 184/184
f 188/188 232/232 231/231
f 188/188 231/231 186/186
f 188/188 190/190 233/233
f 188/188 233/233 232/232
f 190/190 192/192 234/234
f 190/190 234/234 233/233
f 192/192 194/194 235/235
f 192/192 235/235 234/234
f 198/198 197/197 236/236
f 198/198 236/236 237/237
f 197/197 200/200 238/238
f 197/197 238/238 236/236
f 200/200 202/202 239/239
f 200/200 239/239 238/238
f 239/239 202/202 204/204
f 239/239 204/204 240/240
f 206/206 241/241 240/240
f 206/206 240/240 204/204
f 208/208 242/242 241/241
f 208/208 241/241 206/206
f 210/210 243/243 242/242
f 210/210 242/242 208/208
f 212/212 244/244 243/243
f 212/212 243/243 210/210
f 214/214 245/245 244/244
f 214/214 244/244 212/212
f 216/216 246/246 245/245
f 216/216 245/245 214/214
f 218/218 247/247 246/246
f 218/218 246/246 216/216
f 220/220 248/248 247/247
f 220/220 247/247 218/218
f 222/222 249/249 248/248
f 222/222 248/248 220/220
f 224/224 250/250 249/249
f 224/224 249/249 222/222
f 226/226 251/251 250/250
f 226/226 250/250 224/224
f 179/179 228/228 251/251
f 179/179 251/251 226/226
f 227/227 252/252 253/253
f 227/227 253/253 228/228
f 229/229 254/254 252/252
f 229/229 252/252 227/227
f 230/230 255/255 254/254
f 230/230 254/254 229/229
f 231/231 256/256 255/255
f 231/231 255/255 230/230
f 232/232 257/257 256/256
f 232/232 256/256 231/231
f 233/233 258/258 257/257
f 233/233 257/257 232/232
f 234/234 259/259 258/258
f 234/234 258/258 233/233
f 235/235 260/260 259/259
f 235/235 259/259 234/234
f 236/236 261/261 262/262
f 236/236 262/262 237/237
f 238/238 263/263 261/261
f 238/238 261/261 236/236
f 239/239 264/264 263/263
f 239/239 263/263 238/238
f 239/239 240/240 265/265
f 239/239 265/265 264/264
f 240/240 241/241 266/266
f 240/240 266/266 265/265
f 242/242 267/267 266/266
f 242/242 266/266 241/241
f 243/243 268/268 267/267
f 243/243 267/267 242/242
f 244/244 269/269 268/268
f 244/244 268/268 243/243
f 245/245 270/270 269/269
f 245/245 269/269 244/244
f 246/246 271/271 270/270
f 246/246 270/270 245/245
f 247/247 272/272 271/271
f 247/247 271/271 246/246
f 248/248 273/273 272/272
f 248/248 272/272 247/247
f 249/249 274/274 273/273
f 249/249 273/273 248/248
f 250/250 275/275 274/274
f 250/250 274/274 249/249
f 251/251 276/276 275/275
f 251/251 275/275 250/250
f 251/251 228/228 253/253
f 251/251 253/253 276/276
f 252/252 277/277 278/278
f 252/252 278/278 253/253
f 254/254 279/279 277/277
f 254/254 277/277 252/252
f 255/255 280/280 279/279
f 255/255 279/279 254/254
f 256/256 281/281 280/280
f 256/256 280/280 255/255
f 257/257 282/282 281/281
f 257/257 281/281 256/256
f 258/258 283/283 282/282
f 258/258 282/282 257/257
f 259/259 284/284 283/283
f 259/259 283/283 258/258
f 260/260 285/285 284/284
f 260/260 284/284 259/259
f 261/261 286/286 287/287
f 261/261 287/287 262/262
f 263/263 288/288 286/286
f 263/263 286/286 261/261
f 263/263 264/264 289/289
f 263/263 289/289 288/288
f 264/264 265/265 290/290
f 264/264 290/290 289/289
f 265/265 266/266 291/291
f 265/265 291/291 290/290
f 266/266 267/267 292/292
f 266/266 292/292 291/291
f 268/268 293/293 292/292
f 268/268 292/292 267/267
f 269/269 294/294 293/293
f 269/269 293/293 268/268
f 270/270 295/295 294/294
f 270/270 294/294 269/269
f 271/271 296/296 295/295
f 271/271 295/295 270/270
f 272/272 297/297 296/296
f 272/272 296/296 271/271
f 273/273 298/298 297/297
f 273/273 297/297 272/272
f 274/274 299/299 298/298
f 274/274 298/298 273/273
f 275/275 300/300 299/299
f 275/275 299/299 274/274
f 276/276 301/301 300/300
f 276/276 300/300 275/275
f 253/253 278/278 301/301
f 253/253 301/301 276/276
f 277/277 302/302 303/303
f 277/277 303/303 278/278
f 279/279 304/304 302/302
f 279/279 302/302 277/277
f 280/280 305/305 304/304
f 280/280 304/304 279/279
f 281/281 306/306 305/305
f 281/281 305/305 280/280
f 282/282 307/307 306/306
f 282/282 306/306 281/281
f 283/283 308/308 307/307
f 283/283 307/307 282/282
f 284/284 309/309 308/308
f 284/284 308/308 283/283
f 287/287 286/286 310/310
f 287/287 310/310 311/311
f 286/286 288/288 312/312
f 286/286 312/312 310/310
f 288/288 289/289 313/313
f 288/288 313/313 312/312
f 289/289 290/290 314/314
f 289/289 314/314 313/313
f 290/290 291/291 315/315
f 290/290 315/315 314/314
f 291/291 292/292 316/316
f 291/291 316/316 315/315
f 292/292 293/293 317/317
f 292/292 317/317 316/316
f 294/294 318/318 317/317
f 294/294 317/317 293/293
f 295/295 319/319 318/318
f 295/295 318/318 294/294
f 296/296 320/320 319/319
f 296/296 319/319 295/295
f 297/297 321/321 320/320
f 297/297 320/320 296/296
f 298/298 322/322 321/321
f 298/298 321/321 297/297
f 299/299 323/323 322/322
f 299/299 322/322 298/298
f 300/300 324/324 323/323
f 300/300 323/323 299/299
f 301/301 325/325 324/324
f 301/301 324/324 300/300
f 278/278 303/303 325/325
f 278/278 325/325 301/301
f 302/302 326/326 327/327
f 302/302 327/327 303/303
f 304/304 328/328 326/326
f 304/304 326/326 302/302
f 305/305 329/329 328/328
f 305/305 328/328 304/304
f 306/306 330/330 329/329
f 306/306 329/329 305/305
f 307/307 331/331 330/330
f 307/307 330/330 306/306
f 308/308 332/332 331/331
f 308/308 331/331 307/307
f 309/309 333/333 332/332
f 309/309 332/332 308/308
f 334/334 311/311 335/335
f 334/334 335/335 336/336
f 311/311 310/310 337/337
f 311/311 337/337 335/335
f 310/310 312/312 338/338
f 310/310 338/338 337/337
f 312/312 313/313 339/339
f 312/312 339/339 338/338
f 313/313 314/314 340/340
f 313/313 340/340 339/339
f 314/314 315/315 341/341
f 314/314 341/341 340/340
f 315/315 316/316 342/342
f 315/315 342/342 341/341
f 316/316 317/317 343/343
f 316/316 343/343 342/342
f 317/317 318/318 344/344
f 317/317 344/344 343/343
f 318/318 319/319 345/345
f 318/318 345/345 344/344
f 319/319 320/320 346/346
f 319/319 346/346 345/345
f 320/320 321/321 347/347
f 320/320 347/347 346/346
f 321/321 322/322 348/348
f 321/321 348/348 347/347
f 322/322 323/323 349/349
f 322/322 349/349 348/348
f 323/323 324/324 350/350
f 323/323 350/350 349/349
f 324/324 325/325 351/351
f 324/324 351/351 350/350
f 325/325 303/303 327/327
f 325/325 327/327 351/351
f 327/327 326/326 352/352
f 327/327 352/352 353/353
f 326/326 328/328 354/354
f 326/326 354/354 352/352
f 328/328 329/329 355/355
f 328/328 355/355 354/354
f 329/329 330/330 356/356
f 329/329 356/356 355/355
f 330/330 331/331 357/357
f 330/330 357/357 356/356
f 331/331 332/332 358/358
f 331/331 358/358 357/357
f 332/332 333/333 359/359
f 332/332 359/359 358/358
f 337/337 360/360 361/361
f 337/337 361/361 335/335
f 338/338 362/362 360/360
f 338/338 360/360 337/337
f 339/339 363/363 362/362
f 339/339 362/362 338/338
f 340/340 364/364 363/363
f 340/340 363/363 339/339
f 341/341 365/365 364/364
f 341/341 364/364 340/340
f 342/342 366/366 365/365
f 342/342 365/365 341/341
f 343/343 367/367 366/366
f 343/343 366/366 342/342
f 344/344 368/368 367/367
f 344/344 367/367 343/343
f 345/345 369/369 368/368
f 345/345 368/368 344/344
f 346/346 370/370 369/369
f 346/346 369/369 345/345
f 347/347 371/371 370/370
f 347/347 370/370 346/346
f 348/348 372/372 371/371
f 348/348 371/371 347/347
f 348/348 349/349 373/373
f 348/348 373/373 372/372
f 349/349 350/350 374/374
f 349/349 374/374 373/373
f 350/350 351/351 375/375
f 350/350 375/375 374/374
f 351/351 327/327 353/353
f 351/351 353/353 375/375
f 353/353 352/352 3/3
f 353/353 3/3 2/2
f 352/352 354/354 4/4
f 352/352 4/4 3/3
f 354/354 355/355 5/5
f 354/354 5/5 4/4
f 355/355 356/356 6/6
f 355/355 6/6 5/5
f 356/356 357/357 7/7
f 356/356 7/7 6/6
f 358/358 8/8 7/7
f 358/358 7/7 357/357
f 359/359 9/9 8/8
f 359/359 8/8 358/358
f 361/361 360/360 13/13
f 361/361 13/13 12/12
f 360/360 362/362 14/14
f 360/360 14/14 13/13
f 362/362 363/363 15/15
f 362/362 15/15 14/14
f 363/363 364/364 16/16
f 363/363 16/16 15/15
f 364/364 365/365 17/17
f 364/364 17/17 16/16
f 365/365 366/366 18/18
f 365/365 18/18 17/17
f 367/367 19/19 18/18
f 367/367 18/18 366/366
f 368/368 20/20 19/19
f 368/368 19/19 367/367
f 369/369 21/21 20/20
f 369/369 20/20 368/368
f 370/370 22/22 21/21
f 370/370 21/21 369/369
f 371/371 23/23 22/22
f 371/371 22/22 370/370
f 372/372 24/24 23/23
f 372/372 23/23 371/371
f 373/373 25/25 24/24
f 373/373 24/24 372/372
f 374/374 26/26 25/25
f 374/374 25/25 373/373
f 375/375 27/27 26/26
f 375/375 26/26 374/374
f 353/353 2/2 27/27
f 353/353 27/27 375/375
f 376/376 377/377 378/378
f 376/376 378/378 379/379
f 380/380 381/381 382/382
f 380/380 382/382 383/383
f 384/384 385/385 386/386
f 384/384 386/386 387/387
f 388/388 389/389 390/390
f 388/388 390/390 391/391
f 392/392 379/379 378/378
f 392/392 378/378 393/393
f 383/383 382/382 394/394
f 383/383 394/394 395/395
f 387/387 386/386 396/396
f 387/387 396/396 397/397
f 391/391 390/390 398/398
f 391/391 398/398 399/399
f 400/400 392/392 393/393
f 400/400 393/393 401/401
f 395/395 394/394 402/402
f 395/395 402/402 403/403
f 397/397 396/396 404/404
f 397/397 404/404 405/405
f 399/399 398/398 406/406
f 399/399 406/406 407/407
f 400/400 401/401 408/408
f 400/400 408/408 409/409
f 403/403 402/402 410/410
f 403/403 410/410 411/411
f 405/405 404/404 412/412
f 405/405 412/412 413/413
f 407/407 406/406 414/414
f 407/407 414/414 415/415
f 411/411 410/410 416/416
f 411/411 416/416 417/417
f 413/413 412/412 418/418
f 413/413 418/418 419/419
f 420/420 421/421 422/422
f 420/420 422/422 423/423
f 424/424 415/415 414/414
f 424/424 414/414 425/425
f 419/419 418/418 377/377
f 419/419 377/377 376/376
f 380/380 420/420 423/423
f 380/380 423/423 381/381
f 417/417 416/416 389/389
f 417/417 389/389 388/388
f 384/384 424/424 425/425
f 384/384 425/425 385/385
f 177/177 180/180 389/389
f 177/177 389/389 416/416
f 181/181 177/177 416/416
f 181/181 416/416 410/410
f 183/183 181/181 410/410
f 183/183 410/410 402/402
f 394/394 185/185 183/183
f 394/394 183/183 402/402
f 187/187 185/185 394/394
f 187/187 394/394 382/382
f 189/189 187/187 382/382
f 189/189 382/382 381/381
f 191/191 189/189 381/381
f 191/191 381/381 423/423
f 191/191 423/423 422/422
f 191/191 422/422 193/193
f 401/401 196/196 195/195
f 401/401 195/195 408/408
f 196/196 401/401 393/393
f 196/196 393/393 199/199
f 199/199 393/393 378/378
f 199/199 378/378 201/201
f 377/377 203/203 201/201
f 377/377 201/201 378/378
f 205/205 203/203 377/377
f 205/205 377/377 418/418
f 207/207 205/205 418/418
f 207/207 418/418 412/412
f 404/404 209/209 207/207
f 404/404 207/207 412/412
f 396/396 211/211 209/209
f 396/396 209/209 404/404
f 386/386 213/213 211/211
f 386/386 211/211 396/396
f 385/385 215/215 213/213
f 385/385 213/213 386/386
f 385/385 425/425 217/217
f 385/385 217/217 215/215
f 425/425 414/414 219/219
f 425/425 219/219 217/217
f 414/414 406/406 221/221
f 414/414 221/221 219/219
f 398/398 223/223 221/221
f 398/398 221/221 406/406
f 390/390 225/225 223/223
f 390/390 223/223 398/398
f 389/389 180/180 225/225
f 389/389 225/225 390/390
f 426/426 427/427 428/428
f 426/426 428/428 429/429
f 430/430 431/431 432/432
f 430/430 432/432 433/433
f 434/434 435/435 436/436
f 434/434 436/436 437/437
f 426/426 429/429 438/438
f 426/426 438/438 439/439
f 440/440 441/441 442/442
f 440/440 442/442 443/443
f 433/433 432/432 444/444
f 433/433 444/444 445/445
f 437/437 436/436 446/446
f 437/437 446/446 447/447
f 448/448 439/439 438/438
f 448/448 438/438 449/449
f 445/445 444/444 450/450
f 445/445 450/450 451/451
f 440/440 443/443 452/452
f 440/440 452/452 453/453
f 454/454 447/447 446/446
f 454/454 446/446 455/455
f 456/456 448/448 449/449
f 456/456 449/449 457/457
f 451/451 450/450 458/458
f 451/451 458/458 459/459
f 453/453 452/452 460/460
f 453/453 460/460 461/461
f 462/462 454/454 455/455
f 462/462 455/455 463/463
f 464/464 456/456 457/457
f 464/464 457/457 465/465
f 459/459 458/458 466/466
f 459/459 466/466 467/467
f 461/461 460/460 468/468
f 461/461 468/468 469/469
f 470/470 464/464 465/465
f 470/470 465/465 471/471
f 467/467 466/466 472/472
f 467/467 472/472 473/473
f 427/427 474/474 475/475
f 427/427 475/475 428/428
f 469/469 468/468 431/431
f 469/469 431/431 430/430
f 441/441 470/470 471/471
f 441/441 471/471 442/442
f 473/473 472/472 435/435
f 473/473 435/435 434/434
f 417/417 388/388 442/442
f 417/417 442/442 471/471
f 160/160 162/162 470/470
f 160/160 470/470 441/441
f 465/465 411/411 417/417
f 465/465 417/417 471/471
f 162/162 164/164 464/464
f 162/162 464/464 470/470
f 457/457 403/403 411/411
f 457/457 411/411 465/465
f 164/164 166/166 456/456
f 164/164 456/456 464/464
f 395/395 403/403 457/457
f 395/395 457/457 449/449
f 166/166 168/168 448/448
f 166/166 448/448 456/456
f 383/383 395/395 449/449
f 383/383 449/449 438/438
f 168/168 170/170 439/439
f 168/168 439/439 448/448
f 380/380 383/383 438/438
f 380/380 438/438 429/429
f 170/170 172/172 426/426
f 170/170 426/426 439/439
f 380/380 429/429 428/428
f 380/380 428/428 420/420
f 172/172 174/174 427/427
f 172/172 427/427 426/426
f 420/420 428/428 475/475
f 420/420 475/475 421/421
f 174/174 176/176 474/474
f 174/174 474/474 427/427
f 400/400 409/409 463/463
f 400/400 463/463 455/455
f 130/130 129/129 454/454
f 130/130 454/454 462/462
f 400/400 455/455 446/446
f 400/400 446/446 392/392
f 132/132 447/447 454/454
f 132/132 454/454 129/129
f 392/392 446/446 436/436
f 392/392 436/436 379/379
f 134/134 437/437 447/447
f 134/134 447/447 132/132
f 379/379 436/436 435/435
f 379/379 435/435 376/376
f 136/136 434/434 437/437
f 136/136 437/437 134/134
f 419/419 376/376 435/435
f 419/419 435/435 472/472
f 138/138 473/473 434/434
f 138/138 434/434 136/136
f 413/413 419/419 472/472
f 413/413 472/472 466/466
f 140/140 467/467 473/473
f 140/140 473/473 138/138
f 405/405 413/413 466/466
f 405/405 466/466 458/458
f 142/142 459/459 467/467
f 142/142 467/467 140/140
f 397/397 405/405 458/458
f 397/397 458/458 450/450
f 142/142 144/144 451/451
f 142/142 451/451 459/459
f 387/387 397/397 450/450
f 387/387 450/450 444/444
f 144/144 146/146 445/445
f 144/144 445/445 451/451
f 384/384 387/387 444/444
f 384/384 444/444 432/432
f 146/146 148/148 433/433
f 146/146 433/433 445/445
f 384/384 432/432 431/431
f 384/384 431/431 424/424
f 148/148 150/150 430/430
f 148/148 430/430 433/433
f 424/424 431/431 468/468
f 424/424 468/468 415/415
f 150/150 152/152 469/469
f 150/150 469/469 430/430
f 415/415 468/468 460/460
f 415/415 460/460 407/407
f 152/152 154/154 461/461
f 152/152 461/461 469/469
f 399/399 407/407 460/460
f 399/399 460/460 452/452
f 154/154 156/156 453/453
f 154/154 453/453 461/461
f 391/391 399/399 452/452
f 391/391 452/452 443/443
f 156/156 158/158 440/440
f 156/156 440/440 453/453
f 388/388 391/391 443/443
f 388/388 443/443 442/442
f 158/158 160/160 441/441
f 158/158 441/441 440/440
f 476/476 54/54 53/53
f 476/476 53/53 477/477
f 103/103 478/478 477/477
f 103/103 477/477 53/53
f 128/128 479/479 478/478
f 128/128 478/478 103/103
f 479/479 128/128 130/130
f 479/479 130/130 480/480
f 481/481 195/195 198/198
f 481/481 198/198 482/482
f 482/482 198/198 237/237
f 482/482 237/237 483/483
f 483/483 237/237 262/262
f 483/483 262/262 484/484
f 484/484 262/262 287/287
f 484/484 287/287 485/485
f 285/285 486/486 309/309
f 285/285 309/309 284/284
f 486/486 487/487 333/333
f 486/486 333/333 309/309
f 333/333 487/487 488/488
f 333/333 488/488 359/359
f 359/359 488/488 10/10
f 359/359 10/10 9/9
f 489/489 361/361 12/12
f 489/489 12/12 11/11
f 490/490 409/409 408/408
f 490/490 408/408 491/491
f 408/408 195/195 481/481
f 408/408 481/481 491/491
f 492/492 462/462 463/463
f 492/492 463/463 493/493
f 490/490 493/493 463/463
f 490/490 463/463 409/409
f 130/130 462/462 492/492
f 130/130 492/492 480/480
f 335/335 361/361 489/489
f 335/335 489/489 336/336
f 287/287 311/311 334/334
f 287/287 334/334 485/485
f 494/494 495/495 496/496
f 494/494 496/496 497/497
f 498/498 499/499 500/500
f 498/498 500/500 501/501
f 502/502 503/503 504/504
f 502/502 504/504 505/505
f 506/506 507/507 508/508
f 506/506 508/508 509/509
f 510/510 511/511 512/512
f 510/510 512/512 513/513
f 514/514 515/515 516/516
f 514/514 516/516 517/517
f 518/518 519/519 520/520
f 518/518 520/520 521/521
f 522/522 523/523 524/524
f 522/522 524/524 525/525
f 497/497 496/496 526/526
f 497/497 526/526 527/527
f 501/501 500/500 528/528
f 501/501 528/528 529/529
f 530/530 502/502 505/505
f 530/530 505/505 531/531
f 514/514 517/517 532/532
f 514/514 532/532 533/533
f 513/513 512/512 534/534
f 513/513 534/534 535/535
f 536/536 506/506 509/509
f 536/536 509/509 537/537
f 538/538 521/521 520/520
f 538/538 520/520 539/539
f 540/540 525/525 524/524
f 540/540 524/524 541/541
f 527/527 526/526 542/542
f 527/527 542/542 543/543
f 530/530 531/531 495/495
f 530/530 495/495 494/494
f 535/535 534/534 499/499
f 535/535 499/499 498/498
f 503/503 536/536 537/537
f 503/503 537/537 504/504
f 507/507 538/538 539/539
f 507/507 539/539 508/508
f 533/533 532/532 519/519
f 533/533 519/519 518/518
f 510/510 540/540 541/541
f 510/510 541/541 511/511
f 515/515 544/544 545/545
f 515/515 545/545 516/516
f 543/543 542/542 523/523
f 543/543 523/523 522/522
f 54/54 515/515 514/514
f 54/54 514/514 55/55
f 55/55 514/514 533/533
f 55/55 533/533 56/56
f 59/59 56/56 533/533
f 59/59 533/533 518/518
f 59/59 518/518 521/521
f 59/59 521/521 61/61
f 61/61 521/521 538/538
f 61/61 538/538 62/62
f 64/64 62/62 538/538
f 64/64 538/538 507/507
f 66/66 64/64 507/507
f 66/66 507/507 506/506
f 69/69 66/66 506/506
f 69/69 506/506 536/536
f 70/70 69/69 536/536
f 70/70 536/536 503/503
f 72/72 70/70 503/503
f 72/72 503/503 502/502
f 74/74 72/72 502/502
f 74/74 502/502 530/530
f 76/76 74/74 530/530
f 76/76 530/530 494/494
f 79/79 76/76 494/494
f 79/79 494/494 497/497
f 80/80 79/79 497/497
f 80/80 497/497 527/527
f 82/82 80/80 527/527
f 82/82 527/527 543/543
f 84/84 82/82 543/543
f 84/84 543/543 522/522
f 86/86 84/84 522/522
f 86/86 522/522 525/525
f 88/88 86/86 525/525
f 88/88 525/525 540/540
f 90/90 88/88 540/540
f 90/90 540/540 510/510
f 92/92 90/90 510/510
f 92/92 510/510 513/513
f 94/94 92/92 513/513
f 94/94 513/513 535/535
f 94/94 535/535 498/498
f 94/94 498/498 96/96
f 98/98 96/96 498/498
f 98/98 498/498 501/501
f 100/100 98/98 501/501
f 100/100 501/501 529/529
f 54/54 476/476 544/544
f 54/54 544/544 515/515
f 520/520 519/519 546/546
f 520/520 546/546 547/547
f 545/545 548/548 549/549
f 545/545 549/549 516/516
f 523/523 550/550 551/551
f 523/523 551/551 524/524
f 517/517 516/516 549/549
f 517/517 549/549 552/552
f 496/496 553/553 554/554
f 496/496 554/554 526/526
f 500/500 555/555 556/556
f 500/500 556/556 528/528
f 531/531 505/505 557/557
f 531/531 557/557 558/558
f 532/532 517/517 552/552
f 532/532 552/552 559/559
f 534/534 512/512 560/560
f 534/534 560/560 561/561
f 509/509 562/562 563/563
f 509/509 563/563 537/537
f 520/520 547/547 564/564
f 520/520 564/564 539/539
f 524/524 551/551 565/565
f 524/524 565/565 541/541
f 526/526 554/554 566/566
f 526/526 566/566 542/542
f 531/531 558/558 567/567
f 531/531 567/567 495/495
f 499/499 534/534 561/561
f 499/499 561/561 568/568
f 537/537 563/563 569/569
f 537/537 569/569 504/504
f 539/539 564/564 570/570
f 539/539 570/570 508/508
f 519/519 532/532 559/559
f 519/519 559/559 546/546
f 511/511 541/541 565/565
f 511/511 565/565 571/571
f 542/542 566/566 550/550
f 542/542 550/550 523/523
f 495/495 567/567 553/553
f 495/495 553/553 496/496
f 500/500 499/499 568/568
f 500/500 568/568 555/555
f 505/505 504/504 569/569
f 505/505 569/569 557/557
f 508/508 570/570 562/562
f 508/508 562/562 509/509
f 512/512 511/511 571/571
f 512/512 571/571 560/560
f 572/572 573/573 574/574
f 572/572 574/574 575/575
f 576/576 573/573 572/572
f 576/576 572/572 577/577
f 578/578 579/579 576/576
f 578/578 576/576 577/577
f 580/580 581/581 579/579
f 580/580 579/579 578/578
f 580/580 582/582 583/583
f 580/580 583/583 581/581
f 582/582 584/584 585/585
f 582/582 585/585 583/583
f 584/584 586/586 587/587
f 584/584 587/587 585/585
f 588/588 589/589 587/587
f 588/588 587/587 586/586
f 589/589 588/588 590/590
f 589/589 590/590 591/591
f 590/590 592/592 593/593
f 590/590 593/593 591/591
f 592/592 594/594 595/595
f 592/592 595/595 593/593
f 594/594 596/596 597/597
f 594/594 597/597 595/595
f 598/598 599/599 597/597
f 598/598 597/597 596/596
f 600/600 599/599 598/598
f 600/600 598/598 601/601
f 600/600 601/601 602/602
f 600/600 602/602 603/603
f 603/603 602/602 604/604
f 603/603 604/604 605/605
f 605/605 604/604 606/606
f 605/605 606/606 607/607
f 608/608 607/607 606/606
f 608/608 606/606 609/609
f 610/610 608/608 609/609
f 610/610 609/609 611/611
f 610/610 611/611 612/612
f 610/610 612/612 613/613
f 613/613 612/612 614/614
f 613/613 614/614 615/615
f 615/615 614/614 616/616
f 615/615 616/616 617/617
f 618/618 617/617 616/616
f 618/618 616/616 619/619
f 100/100 618/618 619/619
f 100/100 619/619 101/101
f 575/575 620/620 621/621
f 575/575 621/621 572/572
f 621/621 622/622 577/577
f 621/621 577/577 572/572
f 578/578 577/577 622/622
f 578/578 622/622 623/623
f 624/624 580/580 578/578
f 624/624 578/578 623/623
f 625/625 582/582 580/580
f 625/625 580/580 624/624
f 582/582 625/625 626/626
f 582/582 626/626 584/584
f 627/627 586/586 584/584
f 627/627 584/584 626/626
f 628/628 588/588 586/586
f 628/628 586/586 627/627
f 590/590 588/588 628/628
f 590/590 628/628 629/629
f 629/629 630/630 592/592
f 629/629 592/592 590/590
f 630/630 631/631 594/594
f 630/630 594/594 592/592
f 631/631 632/632 596/596
f 631/631 596/596 594/594
f 633/633 598/598 596/596
f 633/633 596/596 632/632
f 601/601 598/598 633/633
f 601/601 633/633 634/634
f 602/602 601/601 634/634
f 602/602 634/634 635/635
f 604/604 602/602 635/635
f 604/604 635/635 636/636
f 606/606 604/604 636/636
f 606/606 636/636 637/637
f 609/609 606/606 637/637
f 609/609 637/637 638/638
f 611/611 609/609 638/638
f 611/611 638/638 639/639
f 612/612 611/611 639/639
f 612/612 639/639 640/640
f 614/614 612/612 640/640
f 614/614 640/640 641/641
f 616/616 614/614 641/641
f 616/616 641/641 642/642
f 619/619 616/616 642/642
f 619/619 642/642 643/643
f 619/619 643/643 126/126
f 619/619 126/126 101/101
f 620/620 644/644 645/645
f 620/620 645/645 621/621
f 644/644 646/646 647/647
f 644/644 647/647 645/645
f 621/621 645/645 648/648
f 621/621 648/648 622/622
f 645/645 647/647 649/649
f 645/645 649/649 648/648
f 622/622 648/648 650/650
f 622/622 650/650 623/623
f 650/650 648/648 649/649
f 650/650 649/649 651/651
f 650/650 652/652 624/624
f 650/650 624/624 623/623
f 650/650 651/651 653/653
f 650/650 653/653 652/652
f 625/625 624/624 652/652
f 625/625 652/652 654/654
f 652/652 653/653 655/655
f 652/652 655/655 654/654
f 625/625 654/654 656/656
f 625/625 656/656 626/626
f 654/654 655/655 657/657
f 654/654 657/657 656/656
f 626/626 656/656 658/658
f 626/626 658/658 627/627
f 656/656 657/657 659/659
f 656/656 659/659 658/658
f 628/628 627/627 658/658
f 628/628 658/658 660/660
f 658/658 659/659 661/661
f 658/658 661/661 660/660
f 629/629 628/628 660/660
f 629/629 660/660 662/662
f 662/662 660/660 661/661
f 662/662 661/661 663/663
f 629/629 662/662 664/664
f 629/629 664/664 630/630
f 664/664 662/662 663/663
f 664/664 663/663 665/665
f 664/664 666/666 631/631
f 664/664 631/631 630/630
f 664/664 665/665 667/667
f 664/664 667/667 666/666
f 666/666 668/668 632/632
f 666/666 632/632 631/631
f 666/666 667/667 669/669
f 666/666 669/669 668/668
f 632/632 668/668 670/670
f 632/632 670/670 633/633
f 668/668 669/669 671/671
f 668/668 671/671 670/670
f 634/634 633/633 670/670
f 634/634 670/670 672/672
f 672/672 670/670 671/671
f 672/672 671/671 673/673
f 635/635 634/634 672/672
f 635/635 672/672 674/674
f 674/674 672/672 673/673
f 674/674 673/673 675/675
f 636/636 635/635 674/674
f 636/636 674/674 676/676
f 676/676 674/674 675/675
f 676/676 675/675 677/677
f 637/637 636/636 676/676
f 637/637 676/676 678/678
f 678/678 676/676 677/677
f 678/678 677/677 679/679
f 638/638 637/637 678/678
f 638/638 678/678 680/680
f 680/680 678/678 679/679
f 680/680 679/679 681/681
f 682/682 639/639 638/638
f 682/682 638/638 680/680
f 680/680 681/681 683/683
f 680/680 683/683 682/682
f 640/640 639/639 682/682
f 640/640 682/682 684/684
f 682/682 683/683 685/685
f 682/682 685/685 684/684
f 641/641 640/640 684/684
f 641/641 684/684 686/686
f 686/686 684/684 685/685
f 686/686 685/685 687/687
f 642/642 641/641 686/686
f 642/642 686/686 688/688
f 688/688 686/686 687/687
f 688/688 687/687 689/689
f 642/642 688/688 690/690
f 642/642 690/690 643/643
f 688/688 689/689 691/691
f 688/688 691/691 690/690
f 643/643 690/690 175/175
f 643/643 175/175 126/126
f 175/175 690/690 691/691
f 175/175 691/691 176/176
f 692/692 693/693 694/694
f 692/692 694/694 695/695
f 696/696 692/692 695/695
f 696/696 695/695 697/697
f 698/698 696/696 697/697
f 698/698 697/697 699/699
f 698/698 699/699 700/700
f 698/698 700/700 701/701
f 701/701 700/700 702/702
f 701/701 702/702 703/703
f 703/703 702/702 704/704
f 703/703 704/704 705/705
f 705/705 704/704 706/706
f 705/705 706/706 707/707
f 707/707 706/706 194/194
f 707/707 194/194 193/193
f 708/708 709/709 710/710
f 708/708 710/710 711/711
f 711/711 710/710 712/712
f 711/711 712/712 713/713
f 713/713 712/712 714/714
f 713/713 714/714 715/715
f 715/715 714/714 716/716
f 715/715 716/716 717/717
f 718/718 717/717 716/716
f 718/718 716/716 719/719
f 720/720 718/718 719/719
f 720/720 719/719 721/721
f 722/722 720/720 721/721
f 722/722 721/721 723/723
f 724/724 722/722 723/723
f 724/724 723/723 725/725
f 726/726 724/724 725/725
f 726/726 725/725 727/727
f 728/728 726/726 727/727
f 728/728 727/727 729/729
f 728/728 729/729 730/730
f 728/728 730/730 731/731
f 731/731 730/730 732/732
f 731/731 732/732 733/733
f 733/733 732/732 734/734
f 733/733 734/734 735/735
f 736/736 735/735 734/734
f 736/736 734/734 737/737
f 738/738 736/736 737/737
f 738/738 737/737 739/739
f 693/693 738/738 739/739
f 693/693 739/739 694/694
f 695/695 694/694 740/740
f 695/695 740/740 741/741
f 697/697 695/695 741/741
f 697/697 741/741 742/742
f 699/699 697/697 742/742
f 699/699 742/742 743/743
f 700/700 699/699 743/743
f 700/700 743/743 744/744
f 702/702 700/700 744/744
f 702/702 744/744 745/745
f 702/702 745/745 746/746
f 702/702 746/746 704/704
f 704/704 746/746 747/747
f 704/704 747/747 706/706
f 706/706 747/747 235/235
f 706/706 235/235 194/194
f 709/709 748/748 749/749
f 709/709 749/749 710/710
f 710/710 749/749 750/750
f 710/710 750/750 712/712
f 712/712 750/750 751/751
f 712/712 751/751 714/714
f 751/751 752/752 716/716
f 751/751 716/716 714/714
f 719/719 716/716 752/752
f 719/719 752/752 753/753
f 721/721 719/719 753/753
f 721/721 753/753 754/754
f 723/723 721/721 754/754
f 723/723 754/754 755/755
f 725/725 723/723 755/755
f 725/725 755/755 756/756
f 727/727 725/725 756/756
f 727/727 756/756 757/757
f 729/729 727/727 757/757
f 729/729 757/757 758/758
f 730/730 729/729 758/758
f 730/730 758/758 759/759
f 732/732 730/730 759/759
f 732/732 759/759 760/760
f 734/734 732/732 760/760
f 734/734 760/760 761/761
f 737/737 734/734 761/761
f 737/737 761/761 762/762
f 739/739 737/737 762/762
f 739/739 762/762 763/763
f 694/694 739/739 763/763
f 694/694 763/763 740/740
f 741/741 740/740 764/764
f 741/741 764/764 765/765
f 742/742 741/741 765/765
f 742/742 765/765 766/766
f 743/743 742/742 766/766
f 743/743 766/766 767/767
f 744/744 743/743 767/767
f 744/744 767/767 768/768
f 745/745 744/744 768/768
f 745/745 768/768 769/769
f 746/746 745/745 769/769
f 746/746 769/769 770/770
f 747/747 746/746 770/770
f 747/747 770/770 771/771
f 235/235 747/747 771/771
f 235/235 771/771 260/260
f 749/749 748/748 772/772
f 749/749 772/772 773/773
f 750/750 749/749 773/773
f 750/750 773/773 774/774
f 751/751 750/750 774/774
f 751/751 774/774 775/775
f 751/751 775/775 776/776
f 751/751 776/776 752/752
f 752/752 776/776 777/777
f 752/752 777/777 753/753
f 754/754 753/753 777/777
f 754/754 777/777 778/778
f 755/755 754/754 778/778
f 755/755 778/778 779/779
f 756/756 755/755 779/779
f 756/756 779/779 780/780
f 757/757 756/756 780/780
f 757/757 780/780 781/781
f 758/758 757/757 781/781
f 758/758 781/781 782/782
f 759/759 758/758 782/782
f 759/759 782/782 783/783
f 760/760 759/759 783/783
f 760/760 783/783 784/784
f 761/761 760/760 784/784
f 761/761 784/784 785/785
f 762/762 761/761 785/785
f 762/762 785/785 786/786
f 763/763 762/762 786/786
f 763/763 786/786 787/787
f 763/763 787/787 764/764
f 763/763 764/764 740/740
f 765/765 764/764 788/788
f 765/765 788/788 789/789
f 766/766 765/765 789/789
f 766/766 789/789 790/790
f 767/767 766/766 790/790
f 767/767 790/790 791/791
f 768/768 767/767 791/791
f 768/768 791/791 792/792
f 769/769 768/768 792/792
f 769/769 792/792 793/793
f 770/770 769/769 793/793
f 770/770 793/793 794/794
f 771/771 770/770 794/794
f 771/771 794/794 795/795
f 260/260 771/771 795/795
f 260/260 795/795 285/285
f 773/773 772/772 796/796
f 773/773 796/796 797/797
f 774/774 773/773 797/797
f 774/774 797/797 798/798
f 774/774 798/798 799/799
f 774/774 799/799 775/775
f 775/775 799/799 800/800
f 775/775 800/800 776/776
f 776/776 800/800 801/801
f 776/776 801/801 777/777
f 777/777 801/801 802/802
f 777/777 802/802 778/778
f 779/779 778/778 802/802
f 779/779 802/802 803/803
f 780/780 779/779 803/803
f 780/780 803/803 804/804
f 781/781 780/780 804/804
f 781/781 804/804 805/805
f 782/782 781/781 805/805
f 782/782 805/805 806/806
f 783/783 782/782 806/806
f 783/783 806/806 807/807
f 784/784 783/783 807/807
f 784/784 807/807 808/808
f 785/785 784/784 808/808
f 785/785 808/808 809/809
f 786/786 785/785 809/809
f 786/786 809/809 810/810
f 787/787 786/786 810/810
f 787/787 810/810 811/811
f 764/764 787/787 811/811
f 764/764 811/811 788/788
f 789/789 788/788 812/812
f 789/789 812/812 813/813
f 790/790 789/789 813/813
f 790/790 813/813 814/814
f 791/791 790/790 814/814
f 791/791 814/814 815/815
f 792/792 791/791 815/815
f 792/792 815/815 816/816
f 793/793 792/792 816/816
f 793/793 816/816 817/817
f 794/794 793/793 817/817
f 794/794 817/817 818/818
f 795/795 794/794 818/818
f 795/795 818/818 819/819
f 796/796 820/820 821/821
f 796/796 821/821 797/797
f 797/797 821/821 822/822
f 797/797 822/822 798/798
f 798/798 822/822 823/823
f 798/798 823/823 799/799
f 799/799 823/823 824/824
f 799/799 824/824 800/800
f 800/800 824/824 825/825
f 800/800 825/825 801/801
f 801/801 825/825 826/826
f 801/801 826/826 802/802
f 802/802 826/826 827/827
f 802/802 827/827 803/803
f 804/804 803/803 827/827
f 804/804 827/827 828/828
f 805/805 804/804 828/828
f 805/805 828/828 829/829
f 806/806 805/805 829/829
f 806/806 829/829 830/830
f 807/807 806/806 830/830
f 807/807 830/830 831/831
f 808/808 807/807 831/831
f 808/808 831/831 832/832
f 809/809 808/808 832/832
f 809/809 832/832 833/833
f 810/810 809/809 833/833
f 810/810 833/833 834/834
f 811/811 810/810 834/834
f 811/811 834/834 835/835
f 788/788 811/811 835/835
f 788/788 835/835 812/812
f 813/813 812/812 836/836
f 813/813 836/836 837/837
f 814/814 813/813 837/837
f 814/814 837/837 838/838
f 815/815 814/814 838/838
f 815/815 838/838 839/839
f 816/816 815/815 839/839
f 816/816 839/839 840/840
f 817/817 816/816 840/840
f 817/817 840/840 841/841
f 818/818 817/817 841/841
f 818/818 841/841 842/842
f 819/819 818/818 842/842
f 819/819 842/842 843/843
f 334/334 336/336 844/844
f 334/334 844/844 820/820
f 820/820 844/844 845/845
f 820/820 845/845 821/821
f 821/821 845/845 846/846
f 821/821 846/846 822/822
f 822/822 846/846 847/847
f 822/822 847/847 823/823
f 823/823 847/847 848/848
f 823/823 848/848 824/824
f 824/824 848/848 849/849
f 824/824 849/849 825/825
f 825/825 849/849 850/850
f 825/825 850/850 826/826
f 826/826 850/850 851/851
f 826/826 851/851 827/827
f 827/827 851/851 852/852
f 827/827 852/852 828/828
f 828/828 852/852 853/853
f 828/828 853/853 829/829
f 829/829 853/853 854/854
f 829/829 854/854 830/830
f 830/830 854/854 855/855
f 830/830 855/855 831/831
f 831/831 855/855 856/856
f 831/831 856/856 832/832
f 832/832 856/856 857/857
f 832/832 857/857 833/833
f 833/833 857/857 858/858
f 833/833 858/858 834/834
f 834/834 858/858 859/859
f 834/834 859/859 835/835
f 835/835 859/859 836/836
f 835/835 836/836 812/812
f 836/836 860/860 861/861
f 836/836 861/861 837/837
f 837/837 861/861 862/862
f 837/837 862/862 838/838
f 838/838 862/862 863/863
f 838/838 863/863 839/839
f 839/839 863/863 864/864
f 839/839 864/864 840/840
f 840/840 864/864 865/865
f 840/840 865/865 841/841
f 841/841 865/865 866/866
f 841/841 866/866 842/842
f 842/842 866/866 867/867
f 842/842 867/867 843/843
f 845/845 844/844 868/868
f 845/845 868/868 869/869
f 846/846 845/845 869/869
f 846/846 869/869 870/870
f 847/847 846/846 870/870
f 847/847 870/870 871/871
f 848/848 847/847 871/871
f 848/848 871/871 872/872
f 849/849 848/848 872/872
f 849/849 872/872 873/873
f 850/850 849/849 873/873
f 850/850 873/873 874/874
f 851/851 850/850 874/874
f 851/851 874/874 875/875
f 852/852 851/851 875/875
f 852/852 875/875 876/876
f 853/853 852/852 876/876
f 853/853 876/876 877/877
f 854/854 853/853 877/877
f 854/854 877/877 878/878
f 855/855 854/854 878/878
f 855/855 878/878 879/879
f 856/856 855/855 879/879
f 856/856 879/879 880/880
f 856/856 880/880 881/881
f 856/856 881/881 857/857
f 857/857 881/881 882/882
f 857/857 882/882 858/858
f 858/858 882/882 883/883
f 858/858 883/883 859/859
f 859/859 883/883 860/860
f 859/859 860/860 836/836
f 860/860 29/29 28/28
f 860/860 28/28 861/861
f 861/861 28/28 30/30
f 861/861 30/30 862/862
f 862/862 30/30 31/31
f 862/862 31/31 863/863
f 863/863 31/31 32/32
f 863/863 32/32 864/864
f 864/864 32/32 33/33
f 864/864 33/33 865/865
f 866/866 865/865 33/33
f 866/866 33/33 34/34
f 867/867 866/866 34/34
f 867/867 34/34 35/35
f 868/868 36/36 37/37
f 868/868 37/37 869/869
f 869/869 37/37 38/38
f 869/869 38/38 870/870
f 870/870 38/38 39/39
f 870/870 39/39 871/871
f 871/871 39/39 40/40
f 871/871 40/40 872/872
f 872/872 40/40 41/41
f 872/872 41/41 873/873
f 873/873 41/41 42/42
f 873/873 42/42 874/874
f 875/875 874/874 42/42
f 875/875 42/42 43/43
f 876/876 875/875 43/43
f 876/876 43/43 44/44
f 877/877 876/876 44/44
f 877/877 44/44 45/45
f 878/878 877/877 45/45
f 878/878 45/45 46/46
f 879/879 878/878 46/46
f 879/879 46/46 47/47
f 880/880 879/879 47/47
f 880/880 47/47 48/48
f 881/881 880/880 48/48
f 881/881 48/48 49/49
f 882/882 881/881 49/49
f 882/882 49/49 50/50
f 883/883 882/882 50/50
f 883/883 50/50 51/51
f 860/860 883/883 51/51
f 860/860 51/51 29/29
f 884/884 885/885 886/886
f 884/884 886/886 887/887
f 888/888 889/889 890/890
f 888/888 890/890 891/891
f 892/892 893/893 894/894
f 892/892 894/894 895/895
f 896/896 897/897 898/898
f 896/896 898/898 899/899
f 900/900 901/901 886/886
f 900/900 886/886 885/885
f 889/889 902/902 903/903
f 889/889 903/903 890/890
f 893/893 904/904 905/905
f 893/893 905/905 894/894
f 897/897 906/906 907/907
f 897/897 907/907 898/898
f 908/908 909/909 901/901
f 908/908 901/901 900/900
f 902/902 910/910 911/911
f 902/902 911/911 903/903
f 904/904 912/912 913/913
f 904/904 913/913 905/905
f 906/906 914/914 915/915
f 906/906 915/915 907/907
f 908/908 916/916 917/917
f 908/908 917/917 909/909
f 910/910 918/918 919/919
f 910/910 919/919 911/911
f 912/912 920/920 921/921
f 912/912 921/921 913/913
f 914/914 922/922 923/923
f 914/914 923/923 915/915
f 918/918 924/924 925/925
f 918/918 925/925 919/919
f 920/920 926/926 927/927
f 920/920 927/927 921/921
f 928/928 929/929 422/422
f 928/928 422/422 421/421
f 930/930 931/931 923/923
f 930/930 923/923 922/922
f 926/926 884/884 887/887
f 926/926 887/887 927/927
f 888/888 891/891 929/929
f 888/888 929/929 928/928
f 924/924 896/896 899/899
f 924/924 899/899 925/925
f 892/892 895/895 931/931
f 892/892 931/931 930/930
f 692/692 925/925 899/899
f 692/692 899/899 693/693
f 696/696 919/919 925/925
f 696/696 925/925 692/692
f 698/698 911/911 919/919
f 698/698 919/919 696/696
f 903/903 911/911 698/698
f 903/903 698/698 701/701
f 703/703 890/890 903/903
f 703/703 903/903 701/701
f 705/705 891/891 890/890
f 705/705 890/890 703/703
f 707/707 929/929 891/891
f 707/707 891/891 705/705
f 707/707 193/193 422/422
f 707/707 422/422 929/929
f 909/909 917/917 708/708
f 909/909 708/708 711/711
f 711/711 713/713 901/901
f 711/711 901/901 909/909
f 713/713 715/715 886/886
f 713/713 886/886 901/901
f 887/887 886/886 715/715
f 887/887 715/715 717/717
f 718/718 927/927 887/887
f 718/718 887/887 717/717
f 720/720 921/921 927/927
f 720/720 927/927 718/718
f 913/913 921/921 720/720
f 913/913 720/720 722/722
f 905/905 913/913 722/722
f 905/905 722/722 724/724
f 894/894 905/905 724/724
f 894/894 724/724 726/726
f 895/895 894/894 726/726
f 895/895 726/726 728/728
f 895/895 728/728 731/731
f 895/895 731/731 931/931
f 931/931 731/731 733/733
f 931/931 733/733 923/923
f 923/923 733/733 735/735
f 923/923 735/735 915/915
f 907/907 915/915 735/735
f 907/907 735/735 736/736
f 898/898 907/907 736/736
f 898/898 736/736 738/738
f 899/899 898/898 738/738
f 899/899 738/738 693/693
f 932/932 933/933 934/934
f 932/932 934/934 935/935
f 936/936 937/937 938/938
f 936/936 938/938 939/939
f 940/940 941/941 942/942
f 940/940 942/942 943/943
f 932/932 944/944 945/945
f 932/932 945/945 933/933
f 946/946 947/947 948/948
f 946/946 948/948 949/949
f 937/937 950/950 951/951
f 937/937 951/951 938/938
f 941/941 952/952 953/953
f 941/941 953/953 942/942
f 954/954 955/955 945/945
f 954/954 945/945 944/944
f 950/950 956/956 957/957
f 950/950 957/957 951/951
f 946/946 958/958 959/959
f 946/946 959/959 947/947
f 960/960 961/961 953/953
f 960/960 953/953 952/952
f 962/962 963/963 955/955
f 962/962 955/955 954/954
f 956/956 964/964 965/965
f 956/956 965/965 957/957
f 958/958 966/966 967/967
f 958/958 967/967 959/959
f 968/968 969/969 961/961
f 968/968 961/961 960/960
f 970/970 971/971 963/963
f 970/970 963/963 962/962
f 964/964 972/972 973/973
f 964/964 973/973 965/965
f 966/966 974/974 975/975
f 966/966 975/975 967/967
f 976/976 977/977 971/971
f 976/976 971/971 970/970
f 972/972 978/978 979/979
f 972/972 979/979 973/973
f 935/935 934/934 475/475
f 935/935 475/475 474/474
f 974/974 936/936 939/939
f 974/974 939/939 975/975
f 949/949 948/948 977/977
f 949/949 977/977 976/976
f 978/978 940/940 943/943
f 978/978 943/943 979/979
f 924/924 977/977 948/948
f 924/924 948/948 896/896
f 677/677 949/949 976/976
f 677/677 976/976 679/679
f 971/971 977/977 924/924
f 971/971 924/924 918/918
f 679/679 976/976 970/970
f 679/679 970/970 681/681
f 963/963 971/971 918/918
f 963/963 918/918 910/910
f 681/681 970/970 962/962
f 681/681 962/962 683/683
f 902/902 955/955 963/963
f 902/902 963/963 910/910
f 683/683 962/962 954/954
f 683/683 954/954 685/685
f 889/889 945/945 955/955
f 889/889 955/955 902/902
f 685/685 954/954 944/944
f 685/685 944/944 687/687
f 888/888 933/933 945/945
f 888/888 945/945 889/889
f 687/687 944/944 932/932
f 687/687 932/932 689/689
f 888/888 928/928 934/934
f 888/888 934/934 933/933
f 689/689 932/932 935/935
f 689/689 935/935 691/691
f 928/928 421/421 475/475
f 928/928 475/475 934/934
f 691/691 935/935 474/474
f 691/691 474/474 176/176
f 908/908 961/961 969/969
f 908/908 969/969 916/916
f 646/646 968/968 960/960
f 646/646 960/960 647/647
f 908/908 900/900 953/953
f 908/908 953/953 961/961
f 649/649 647/647 960/960
f 649/649 960/960 952/952
f 900/900 885/885 942/942
f 900/900 942/942 953/953
f 651/651 649/649 952/952
f 651/651 952/952 941/941
f 885/885 884/884 943/943
f 885/885 943/943 942/942
f 653/653 651/651 941/941
f 653/653 941/941 940/940
f 926/926 979/979 943/943
f 926/926 943/943 884/884
f 655/655 653/653 940/940
f 655/655 940/940 978/978
f 920/920 973/973 979/979
f 920/920 979/979 926/926
f 657/657 655/655 978/978
f 657/657 978/978 972/972
f 912/912 965/965 973/973
f 912/912 973/973 920/920
f 659/659 657/657 972/972
f 659/659 972/972 964/964
f 904/904 957/957 965/965
f 904/904 965/965 912/912
f 659/659 964/964 956/956
f 659/659 956/956 661/661
f 893/893 951/951 957/957
f 893/893 957/957 904/904
f 661/661 956/956 950/950
f 661/661 950/950 663/663
f 892/892 938/938 951/951
f 892/892 951/951 893/893
f 663/663 950/950 937/937
f 663/663 937/937 665/665
f 892/892 930/930 939/939
f 892/892 939/939 938/938
f 665/665 937/937 936/936
f 665/665 936/936 667/667
f 930/930 922/922 975/975
f 930/930 975/975 939/939
f 667/667 936/936 974/974
f 667/667 974/974 669/669
f 922/922 914/914 967/967
f 922/922 967/967 975/975
f 669/669 974/974 966/966
f 669/669 966/966 671/671
f 906/906 959/959 967/967
f 906/906 967/967 914/914
f 671/671 966/966 958/958
f 671/671 958/958 673/673
f 897/897 947/947 959/959
f 897/897 959/959 906/906
f 673/673 958/958 946/946
f 673/673 946/946 675/675
f 896/896 948/948 947/947
f 896/896 947/947 897/897
f 675/675 946/946 949/949
f 675/675 949/949 677/677
f 476/476 477/477 575/575
f 476/476 575/575 574/574
f 620/620 575/575 477/477
f 620/620 477/477 478/478
f 644/644 620/620 478/478
f 644/644 478/478 479/479
f 479/479 480/480 646/646
f 479/479 646/646 644/644
f 481/481 482/482 709/709
f 481/481 709/709 708/708
f 482/482 483/483 748/748
f 482/482 748/748 709/709
f 483/483 484/484 772/772
f 483/483 772/772 748/748
f 484/484 485/485 796/796
f 484/484 796/796 772/772
f 285/285 795/795 819/819
f 285/285 819/819 486/486
f 486/486 819/819 843/843
f 486/486 843/843 487/487
f 843/843 867/867 488/488
f 843/843 488/488 487/487
f 867/867 35/35 10/10
f 867/867 10/10 488/488
f 489/489 11/11 36/36
f 489/489 36/36 868/868
f 490/490 491/491 917/917
f 490/490 917/917 916/916
f 917/917 491/491 481/481
f 917/917 481/481 708/708
f 492/492 493/493 969/969
f 492/492 969/969 968/968
f 490/490 916/916 969/969
f 490/490 969/969 493/493
f 646/646 480/480 492/492
f 646/646 492/492 968/968
f 844/844 336/336 489/489
f 844/844 489/489 868/868
f 796/796 485/485 334/334
f 796/796 334/334 820/820
f 980/980 981/981 982/982
f 980/980 982/982 983/983
f 984/984 985/985 986/986
f 984/984 986/986 987/987
f 988/988 989/989 990/990
f 988/988 990/990 991/991
f 992/992 993/993 994/994
f 992/992 994/994 995/995
f 996/996 997/997 998/998
f 996/996 998/998 999/999
f 1000/1000 1001/1001 1002/1002
f 1000/1000 1002/1002 1003/1003
f 1004/1004 1005/1005 1006/1006
f 1004/1004 1006/1006 1007/1007
f 1008/1008 1009/1009 1010/1010
f 1008/1008 1010/1010 1011/1011
f 981/981 1012/1012 1013/1013
f 981/981 1013/1013 982/982
f 985/985 529/529 528/528
f 985/985 528/528 986/986
f 1014/1014 1015/1015 989/989
f 1014/1014 989/989 988/988
f 1000/1000 1016/1016 1017/1017
f 1000/1000 1017/1017 1001/1001
f 997/997 1018/1018 1019/1019
f 997/997 1019/1019 998/998
f 1020/1020 1021/1021 993/993
f 1020/1020 993/993 992/992
f 1022/1022 1023/1023 1006/1006
f 1022/1022 1006/1006 1005/1005
f 1024/1024 1025/1025 1010/1010
f 1024/1024 1010/1010 1009/1009
f 1012/1012 1026/1026 1027/1027
f 1012/1012 1027/1027 1013/1013
f 1014/1014 980/980 983/983
f 1014/1014 983/983 1015/1015
f 1018/1018 984/984 987/987
f 1018/1018 987/987 1019/1019
f 991/991 990/990 1021/1021
f 991/991 1021/1021 1020/1020
f 995/995 994/994 1023/1023
f 995/995 1023/1023 1022/1022
f 1016/1016 1004/1004 1007/1007
f 1016/1016 1007/1007 1017/1017
f 996/996 999/999 1025/1025
f 996/996 1025/1025 1024/1024
f 1003/1003 1002/1002 545/545
f 1003/1003 545/545 544/544
f 1026/1026 1008/1008 1011/1011
f 1026/1026 1011/1011 1027/1027
f 574/574 573/573 1000/1000
f 574/574 1000/1000 1003/1003
f 573/573 576/576 1016/1016
f 573/573 1016/1016 1000/1000
f 579/579 1004/1004 1016/1016
f 579/579 1016/1016 576/576
f 579/579 581/581 1005/1005
f 579/579 1005/1005 1004/1004
f 581/581 583/583 1022/1022
f 581/581 1022/1022 1005/1005
f 585/585 995/995 1022/1022
f 585/585 1022/1022 583/583
f 587/587 992/992 995/995
f 587/587 995/995 585/585
f 589/589 1020/1020 992/992
f 589/589 992/992 587/587
f 591/591 991/991 1020/1020
f 591/591 1020/1020 589/589
f 593/593 988/988 991/991
f 593/593 991/991 591/591
f 595/595 1014/1014 988/988
f 595/595 988/988 593/593
f 597/597 980/980 1014/1014
f 597/597 1014/1014 595/595
f 599/599 981/981 980/980
f 599/599 980/980 597/597
f 600/600 1012/1012 981/981
f 600/600 981/981 599/599
f 603/603 1026/1026 1012/1012
f 603/603 1012/1012 600/600
f 605/605 1008/1008 1026/1026
f 605/605 1026/1026 603/603
f 607/607 1009/1009 1008/1008
f 607/607 1008/1008 605/605
f 608/608 1024/1024 1009/1009
f 608/608 1009/1009 607/607
f 610/610 996/996 1024/1024
f 610/610 1024/1024 608/608
f 613/613 997/997 996/996
f 613/613 996/996 610/610
f 615/615 1018/1018 997/997
f 615/615 997/997 613/613
f 615/615 617/617 984/984
f 615/615 984/984 1018/1018
f 618/618 985/985 984/984
f 618/618 984/984 617/617
f 100/100 529/529 985/985
f 100/100 985/985 618/618
f 574/574 1003/1003 544/544
f 574/574 544/544 476/476
f 1006/1006 1028/1028 1029/1029
f 1006/1006 1029/1029 1007/1007
f 545/545 1002/1002 1030/1030
f 545/545 1030/1030 548/548
f 1011/1011 1010/1010 1031/1031
f 1011/1011 1031/1031 1032/1032
f 1001/1001 1033/1033 1030/1030
f 1001/1001 1030/1030 1002/1002
f 982/982 1013/1013 1034/1034
f 982/982 1034/1034 1035/1035
f 986/986 528/528 556/556
f 986/986 556/556 1036/1036
f 1015/1015 1037/1037 1038/1038
f 1015/1015 1038/1038 989/989
f 1017/1017 1039/1039 1033/1033
f 1017/1017 1033/1033 1001/1001
f 1019/1019 1040/1040 1041/1041
f 1019/1019 1041/1041 998/998
f 993/993 1021/1021 1042/1042
f 993/993 1042/1042 1043/1043
f 1006/1006 1023/1023 1044/1044
f 1006/1006 1044/1044 1028/1028
f 1010/1010 1025/1025 1045/1045
f 1010/1010 1045/1045 1031/1031
f 1013/1013 1027/1027 1046/1046
f 1013/1013 1046/1046 1034/1034
f 1015/1015 983/983 1047/1047
f 1015/1015 1047/1047 1037/1037
f 987/987 1048/1048 1040/1040
f 987/987 1040/1040 1019/1019
f 1021/1021 990/990 1049/1049
f 1021/1021 1049/1049 1042/1042
f 1023/1023 994/994 1050/1050
f 1023/1023 1050/1050 1044/1044
f 1007/1007 1029/1029 1039/1039
f 1007/1007 1039/1039 1017/1017
f 999/999 1051/1051 1045/1045
f 999/999 1045/1045 1025/1025
f 1027/1027 1011/1011 1032/1032
f 1027/1027 1032/1032 1046/1046
f 983/983 982/982 1035/1035
f 983/983 1035/1035 1047/1047
f 986/986 1036/1036 1048/1048
f 986/986 1048/1048 987/987
f 989/989 1038/1038 1049/1049
f 989/989 1049/1049 990/990
f 994/994 993/993 1043/1043
f 994/994 1043/1043 1050/1050
f 998/998 1041/1041 1051/1051
f 998/998 1051/1051 999/999

