# https://github.com/mikedh/trimesh
mtllib material.mtl
usemtl Std_Skin_Head
v 0.02361868 -0.39589162 0.27480951
v 0.02365077 -0.39547630 0.27448650
v 0.02399070 -0.39587748 0.27445558
v 0.02378824 -0.39653426 0.27499692
v 0.02230758 -0.39832735 0.27404348
v 0.02157825 -0.39828071 0.27327999
v 0.02169208 -0.39800812 0.27391355
v 0.02222987 -0.39820316 0.27441593
v 0.02305086 -0.39786520 0.27445790
v 0.02325157 -0.39763431 0.27485413
v 0.02365377 -0.39720810 0.27473885
v 0.02334399 -0.39766796 0.27411352
v 0.02309330 -0.39552958 0.27447338
v 0.02315426 -0.39629203 0.27500060
v 0.02178904 -0.39847689 0.27298013
v 0.02161733 -0.39817054 0.27174531
v 0.02131361 -0.39772516 0.27218036
v 0.02304714 -0.39784919 0.27274231
v 0.02230806 -0.39827433 0.27222386
v 0.02232136 -0.39842437 0.27338432
v 0.02287201 -0.39809021 0.27387206
v 0.02272992 -0.39800410 0.27476321
v 0.02272167 -0.39812702 0.27423307
v 0.02267435 -0.39580276 0.27433787
v 0.02266652 -0.39680830 0.27502562
v 0.02138207 -0.39700330 0.27284985
v 0.02196626 -0.39627199 0.27367379
v 0.02212459 -0.39746972 0.27470578
v 0.02236580 -0.39773517 0.27486214
v 0.02355136 -0.39722191 0.27317831
v 0.02274373 -0.39757128 0.27505736
v 0.02343049 -0.39708349 0.27531128
v 0.02396746 -0.39650751 0.27403655
v 0.02825766 -0.37826872 0.27076801
v 0.02797961 -0.37819610 0.27029065
v 0.02768942 -0.37807963 0.27033347
v 0.02794840 -0.37825296 0.27075344
v 0.02410911 -0.38530789 0.26378992
v 0.02373695 -0.38613266 0.26449866
v 0.02156414 -0.38746259 0.26341678
v 0.02184934 -0.38672644 0.26261552
v 0.02662906 -0.38021927 0.26956293
v 0.02638678 -0.37922807 0.26999722
v 0.02538475 -0.38086691 0.26901119
v 0.02566205 -0.38195397 0.26851151
v 0.02792542 -0.38091950 0.26867142
v 0.02731438 -0.38043106 0.26822942
v 0.02789461 -0.37914925 0.26933751
v 0.02855338 -0.37952881 0.26972910
v 0.02630334 -0.37733684 0.27118657
v 0.02716066 -0.37701609 0.27161997
v 0.02723207 -0.37735049 0.27107387
v 0.02640156 -0.37770180 0.27013074
v 0.02162954 -0.38210689 0.26609143
v 0.02018436 -0.38298047 0.26509793
v 0.01974770 -0.38180796 0.26657699
v 0.02099851 -0.38102595 0.26718736
v 0.02197680 -0.38557936 0.26211336
v 0.01907614 -0.38631759 0.26122611
v 0.01872921 -0.38447848 0.26140004
v 0.02197206 -0.38423608 0.26205709
v 0.02237030 -0.38335386 0.26514106
v 0.02082874 -0.38430974 0.26399854
v 0.01744377 -0.38240426 0.26574327
v 0.01855957 -0.38220731 0.26607774
v 0.01908358 -0.38339043 0.26438362
v 0.01806490 -0.38366680 0.26385076
v 0.02395543 -0.37905147 0.26867754
v 0.02522091 -0.37822748 0.26939681
v 0.02564951 -0.37880332 0.26861923
v 0.02445074 -0.37973035 0.26779572
v 0.02313902 -0.38089666 0.26699588
v 0.02531906 -0.38069763 0.26703345
v 0.02398434 -0.38203943 0.26615574
v 0.01965768 -0.38479818 0.26314818
v 0.02641779 -0.37956432 0.26809444
v 0.02814300 -0.37912897 0.27023378
v 0.02767002 -0.38046709 0.26890788
v 0.02784117 -0.38018575 0.26892285
v 0.02838418 -0.37904193 0.27025855
v 0.02311582 -0.38479913 0.26471579
v 0.02151980 -0.38589032 0.26365426
v 0.01709492 -0.38217660 0.26721771
v 0.01822176 -0.38180147 0.26755097
v 0.02474486 -0.38427357 0.26674105
v 0.02417124 -0.38365360 0.26767422
v 0.02229859 -0.38503389 0.26693672
v 0.02314635 -0.38614579 0.26550727
v 0.01934247 -0.38129731 0.26791090
v 0.02577686 -0.38360234 0.26529209
v 0.02552302 -0.38418748 0.26571286
v 0.02046651 -0.38804707 0.26313121
v 0.02020770 -0.38640747 0.26272274
v 0.02203250 -0.38729641 0.26398440
v 0.02370163 -0.37875355 0.26966154
v 0.02506056 -0.37789887 0.27041723
v 0.02738322 -0.38077907 0.26881332
v 0.02689530 -0.38067807 0.26913322
v 0.02601971 -0.38245981 0.26788807
v 0.02672061 -0.38240447 0.26717680
v 0.01918485 -0.38953044 0.26316522
v 0.01911283 -0.38818814 0.26245666
v 0.02062393 -0.38932921 0.26368838
v 0.01914073 -0.38751902 0.26184867
v 0.02694051 -0.38198415 0.26708863
v 0.02717973 -0.38163429 0.26707527
v 0.02482320 -0.38332091 0.26583105
v 0.02782220 -0.37918776 0.27023915
v 0.02864229 -0.37822353 0.27084997
v 0.02863056 -0.37881563 0.27030413
v 0.02899522 -0.37818060 0.27093164
v 0.01855565 -0.38505221 0.26262857
v 0.02748558 -0.37904460 0.27032306
v 0.02718555 -0.37860066 0.27059950
v 0.02711258 -0.37777195 0.27097530
v 0.02714748 -0.37771207 0.27103466
v 0.02766576 -0.37673098 0.27170643
v 0.02671094 -0.37810342 0.26957373
v 0.02427020 -0.38416689 0.26333505
v 0.02587640 -0.38290107 0.26510480
v 0.02769068 -0.37802350 0.27096439
v 0.02742532 -0.37778447 0.27053558
v 0.02386469 -0.38234416 0.26814385
v 0.02207184 -0.38336791 0.26721022
v 0.02715668 -0.37857613 0.26923097
v 0.02698963 -0.38248603 0.26729773
v 0.02735441 -0.38298663 0.26778915
v 0.02586141 -0.38499536 0.26652596
v 0.02550466 -0.38434032 0.26601186
v 0.02887566 -0.37949916 0.27005013
v 0.02827147 -0.38110850 0.26910149
v 0.02368331 -0.38588753 0.26495958
v 0.02213642 -0.37969355 0.26895328
v 0.02249513 -0.37997111 0.26797141
v 0.02444108 -0.38314755 0.26324663
v 0.02814896 -0.37973559 0.26896624
v 0.01890752 -0.38660022 0.26218988
v 0.02625779 -0.38180640 0.26688401
v 0.02855549 -0.37821950 0.27051205
v 0.01830467 -0.38699450 0.26529524
v 0.01878308 -0.38790546 0.26379052
v 0.02109377 -0.38740944 0.26446715
v 0.02031691 -0.38625198 0.26611426
v 0.02227734 -0.38851843 0.26456948
v 0.01786975 -0.38491022 0.26570163
v 0.02003231 -0.38425797 0.26635639
v 0.02609204 -0.38217068 0.26500104
v 0.02734145 -0.38105011 0.26712494
v 0.02893741 -0.37823078 0.27070637
v 0.01903093 -0.38806349 0.26277088
v 0.02401112 -0.38682875 0.26541887
v 0.03988708 -0.40044620 0.30155986
v 0.04057423 -0.39797321 0.30185734
v 0.04085293 -0.39892581 0.29935764
v 0.04001990 -0.40084679 0.29910665
v 0.04050095 -0.40136490 0.30047342
v 0.04073279 -0.40146491 0.30079313
v 0.03954380 -0.40309028 0.30062746
v 0.03943067 -0.40314727 0.30022103
v 0.04121217 -0.39892221 0.29975181
v 0.04037870 -0.40121225 0.29956399
v 0.02896829 -0.39927366 0.29427784
v 0.02567594 -0.39987018 0.29540107
v 0.02676631 -0.40117353 0.29438976
v 0.02954185 -0.40064541 0.29400975
v 0.02596349 -0.40256073 0.29546015
v 0.02614012 -0.40207090 0.29541495
v 0.02739764 -0.40308303 0.29592258
v 0.02737982 -0.40378017 0.29605207
v 0.03601861 -0.40539298 0.29862774
v 0.03622777 -0.40565813 0.29912726
v 0.03287543 -0.40659342 0.29839754
v 0.03272543 -0.40613653 0.29773417
v 0.04047155 -0.40133885 0.29995051
v 0.04129461 -0.39888299 0.30007170
v 0.04141558 -0.39883483 0.30051739
v 0.02983095 -0.40534104 0.29693511
v 0.03009775 -0.40598871 0.29745808
v 0.02725420 -0.40413142 0.29636100
v 0.03919176 -0.39865802 0.29687963
v 0.03889266 -0.39697219 0.29770107
v 0.03797548 -0.39706556 0.29655205
v 0.03832583 -0.39883600 0.29602656
v 0.04105336 -0.39760882 0.29906866
v 0.04053790 -0.39830937 0.29888511
v 0.03966969 -0.39789429 0.29665923
v 0.04373582 -0.39962265 0.30224958
v 0.04181464 -0.39885170 0.30123252
v 0.04232357 -0.39813903 0.30162671
v 0.04445967 -0.39807473 0.30329815
v 0.02574374 -0.40282784 0.29570741
v 0.02473602 -0.40217949 0.29480671
v 0.02531361 -0.40203934 0.29472302
v 0.04145836 -0.39815370 0.30059735
v 0.04167050 -0.39816088 0.30115499
v 0.02495698 -0.40558649 0.29626646
v 0.02511669 -0.40390367 0.29642542
v 0.02704151 -0.40524363 0.29737281
v 0.02736805 -0.40678948 0.29736168
v 0.03935611 -0.40276981 0.29935095
v 0.03911634 -0.40228507 0.29890470
v 0.04018655 -0.39671581 0.30098912
v 0.03571498 -0.40480711 0.29811361
v 0.03252506 -0.40536323 0.29744328
v 0.03227457 -0.40606108 0.29934629
v 0.03556256 -0.40489475 0.30011434
v 0.03417908 -0.39975609 0.29390715
v 0.03588318 -0.39939005 0.29448199
v 0.03540264 -0.39770435 0.29476873
v 0.03371630 -0.39816280 0.29419938
v 0.04141759 -0.39777258 0.30045685
v 0.02715901 -0.40453778 0.29688132
v 0.02533222 -0.40334627 0.29624547
v 0.02548467 -0.40159016 0.29461970
v 0.02288469 -0.40087217 0.29603829
v 0.02292588 -0.40126412 0.29645899
v 0.02563275 -0.40172127 0.29479700
v 0.03046340 -0.40681853 0.29874762
v 0.03028385 -0.40646785 0.29820744
v 0.03288281 -0.40679355 0.29911381
v 0.03297397 -0.40695110 0.29953041
v 0.03073685 -0.39890262 0.29393274
v 0.03149605 -0.40027496 0.29379650
v 0.03798450 -0.40595606 0.30047533
v 0.03674031 -0.40565278 0.30020831
v 0.04062399 -0.40403056 0.30089354
v 0.02982847 -0.40451273 0.29655503
v 0.03909721 -0.40205739 0.30142562
v 0.03093646 -0.40769679 0.29876928
v 0.03383219 -0.40755549 0.29966413
v 0.04212663 -0.40248744 0.30120935
v 0.03937648 -0.40298695 0.29976070
v 0.02509475 -0.40164020 0.29413458
v 0.02909336 -0.40500143 0.29847461
v 0.02621228 -0.40326390 0.29754323
v 0.02416054 -0.40190980 0.29708215
v 0.02669159 -0.40104449 0.29379667
v 0.02949482 -0.40040471 0.29327015
v 0.04828858 -0.39011509 0.34019127
v 0.04822064 -0.39594767 0.34244347
v 0.04881107 -0.39661054 0.33627200
v 0.04892393 -0.39142423 0.33481241
v 0.04939651 -0.39873480 0.31377837
v 0.04974691 -0.39893905 0.31683021
v 0.04867124 -0.40451752 0.31579986
v 0.04837122 -0.40356800 0.31256497
v 0.02224694 -0.43052760 0.31144249
v 0.02873844 -0.42907730 0.31458573
v 0.02878749 -0.43045898 0.31726378
v 0.02205087 -0.43189126 0.31412693
v 0.02804078 -0.42245623 0.30380451
v 0.02210537 -0.42301122 0.30057390
v 0.02412781 -0.42110318 0.29999106
v 0.02846860 -0.42085374 0.30237175
v 0.03481703 -0.41950156 0.30561506
v 0.02860577 -0.41898465 0.30106899
v 0.03396616 -0.41786505 0.30323473
v 0.02005175 -0.41410548 0.29417524
v 0.02006281 -0.41672307 0.29516822
v 0.01698374 -0.41678985 0.29415413
v 0.01671949 -0.41406737 0.29329015
v 0.04742021 -0.39381880 0.34951321
v 0.04689559 -0.40083265 0.35193480
v 0.04782891 -0.40243573 0.34379538
v 0.02500767 -0.41928728 0.29900107
v 0.02534840 -0.41740026 0.29782574
v 0.02855364 -0.41719526 0.29968242
v 0.02012422 -0.41912669 0.29647129
v 0.02041550 -0.42120717 0.29826280
v 0.01711698 -0.42166491 0.29727513
v 0.01709120 -0.41923752 0.29553326
v 0.02373176 -0.39697571 0.27270480
v 0.02313341 -0.39777114 0.27213395
v 0.02147402 -0.39806775 0.27129584
v 0.02147852 -0.39806886 0.27078183
v 0.02106818 -0.39738783 0.27093957
v 0.02120442 -0.39737261 0.27153939
v 0.04563174 -0.41624459 0.33292538
v 0.04417256 -0.41743966 0.34263314
v 0.04281069 -0.42101708 0.33598117
v 0.04321338 -0.42072759 0.32931225
v 0.03183765 -0.41679780 0.30127750
v 0.04882427 -0.40539992 0.31936244
v 0.04650589 -0.41173403 0.31706072
v 0.04627299 -0.41034208 0.31337454
v 0.02258859 -0.41918099 0.29749452
v 0.02275724 -0.41714930 0.29633692
v 0.02289464 -0.41488285 0.29540016
v 0.02553754 -0.41534077 0.29703901
v 0.04991864 -0.39894803 0.31997430
v 0.02893417 -0.41539660 0.29876843
v 0.01579966 -0.43275488 0.31183204
v 0.01612665 -0.43147789 0.30934785
v 0.02328828 -0.39928315 0.27160328
v 0.02393398 -0.39987221 0.27227247
v 0.02310671 -0.40087907 0.27142844
v 0.02245995 -0.40019225 0.27088895
v 0.04728823 -0.38092621 0.34231878
v 0.04747239 -0.38749548 0.34625751
v 0.04811799 -0.38422688 0.33727345
v 0.02441293 -0.43449634 0.34461517
v 0.02732319 -0.43447281 0.33307322
v 0.03398987 -0.43050932 0.33729014
v 0.03009355 -0.43021077 0.34928460
v 0.04887391 -0.39832284 0.31094625
v 0.04794570 -0.40251553 0.30984075
v 0.03548519 -0.42876829 0.32517631
v 0.02864374 -0.43191258 0.32072019
v 0.03781299 -0.42704612 0.33339637
v 0.04061942 -0.42411236 0.33530871
v 0.04020522 -0.42392490 0.34098164
v 0.02070654 -0.39752037 0.27030856
v 0.02114725 -0.39832736 0.27015883
v 0.02868097 -0.42769865 0.31180185
v 0.03571715 -0.42529698 0.31601279
v 0.03571950 -0.42664687 0.31887745
v 0.04130106 -0.39761058 0.29979488
v 0.03434092 -0.39928061 0.29340167
v 0.03618311 -0.39882759 0.29404076
v 0.02169742 -0.43361237 0.31753058
v 0.04763048 -0.40921860 0.33536551
v 0.04668777 -0.40983087 0.34398892
v 0.03166774 -0.39995532 0.29313834
v 0.02229819 -0.42049656 0.29862895
v 0.04878325 -0.40610097 0.32337261
v 0.04675048 -0.41291933 0.32126356
v 0.04769713 -0.40080966 0.30777583
v 0.04827178 -0.39798673 0.30837145
v 0.02355754 -0.39785626 0.27208929
v 0.02416764 -0.39817904 0.27236977
v 0.02237865 -0.39850693 0.27106938
v 0.04598033 -0.40879270 0.31021997
v 0.04547388 -0.40741959 0.30772347
v 0.03512296 -0.42095405 0.30778443
v 0.02238623 -0.39825857 0.27145049
v 0.03247693 -0.41537716 0.30071514
v 0.04612057 -0.39012174 0.35611831
v 0.04639352 -0.38338541 0.35176052
v 0.04445120 -0.37721272 0.35632704
v 0.04378641 -0.38398015 0.36249565
v 0.04386802 -0.41377839 0.31127601
v 0.04337181 -0.41197169 0.30818543
v 0.01340390 -0.43828180 0.32709358
v 0.01540200 -0.43428363 0.31483131
v 0.02003616 -0.43700640 0.32948119
v 0.01642879 -0.43009958 0.30690193
v 0.02229455 -0.42915432 0.30882302
v 0.03557856 -0.42774870 0.32157687
v 0.02175068 -0.39922868 0.27039736
v 0.04234715 -0.36390887 0.34889022
v 0.04372699 -0.36801228 0.34887828
v 0.04396067 -0.36561347 0.34398070
v 0.04262253 -0.36307831 0.34659215
v 0.04052842 -0.41415259 0.30623474
v 0.04134447 -0.41602593 0.30934394
v 0.03807900 -0.41795834 0.30727445
v 0.03637046 -0.41584465 0.30375100
v 0.04847843 -0.40250015 0.33679864
v 0.04646895 -0.41466823 0.32607811
v 0.04860553 -0.40623132 0.32905160
v 0.03865248 -0.39812379 0.29560582
v 0.01087456 -0.43946744 0.33965235
v 0.01761935 -0.43788420 0.34173596
v 0.04617689 -0.37768935 0.34739878
v 0.04000900 -0.42431619 0.32575902
v 0.03791566 -0.42597801 0.32376568
v 0.03855725 -0.42482720 0.32168480
v 0.04103662 -0.42304578 0.32431223
v 0.04566523 -0.37142013 0.34336070
v 0.04500449 -0.37436316 0.35079641
v 0.04408349 -0.41531098 0.31485632
v 0.04517936 -0.36772330 0.34082934
v 0.02416778 -0.39700425 0.27280514
v 0.02486737 -0.39713487 0.27306890
v 0.04146861 -0.42151701 0.32079088
v 0.03874564 -0.42343178 0.31843143
v 0.04988669 -0.39883207 0.32350608
v 0.03820007 -0.42636043 0.32746313
v 0.04187467 -0.41649499 0.35375003
v 0.04524580 -0.40918145 0.35361661
v 0.03669147 -0.42353826 0.35286281
v 0.04889222 -0.38643180 0.33274160
v 0.02462578 -0.39861112 0.27295095
v 0.02543227 -0.39742990 0.27359183
v 0.04154496 -0.41771141 0.31267532
v 0.03852010 -0.41963405 0.31022335
v 0.02397986 -0.40240004 0.28528034
v 0.02283635 -0.40338528 0.28534877
v 0.02320616 -0.40268459 0.28364322
v 0.02420817 -0.40170492 0.28367660
v 0.02627334 -0.39602756 0.27426014
v 0.02563659 -0.39595277 0.27373814
v 0.02564144 -0.39468976 0.27384899
v 0.02649260 -0.39440442 0.27438001
v 0.02406728 -0.39541883 0.27410985
v 0.02410848 -0.39611972 0.27361500
v 0.04603925 -0.35766485 0.30255367
v 0.04748559 -0.36166043 0.30336328
v 0.04768116 -0.36226812 0.29988536
v 0.04605611 -0.35819026 0.29880031
v 0.04520812 -0.35639769 0.30910955
v 0.04637378 -0.35994047 0.30966272
v 0.04692710 -0.36079174 0.30650559
v 0.04570613 -0.35705791 0.30582713
v 0.02223652 -0.36399282 0.26053951
v 0.02278761 -0.36247007 0.26202224
v 0.02551948 -0.36454782 0.26175346
v 0.02374380 -0.36604304 0.25981920
v 0.03136842 -0.39372578 0.28022369
v 0.02895469 -0.39604799 0.28106443
v 0.02823232 -0.39459234 0.27906002
v 0.03060996 -0.39206225 0.27828227
v 0.02848562 -0.42629168 0.30944232
v 0.03530547 -0.42405940 0.31322964
v 0.04140068 -0.37782644 0.27475089
v 0.04174877 -0.37485098 0.27369647
v 0.04447479 -0.37461512 0.27696015
v 0.04370476 -0.37878575 0.27797855
v 0.04101084 -0.37252541 0.27240004
v 0.03875759 -0.37067479 0.27080563
v 0.04183502 -0.36902535 0.27323280
v 0.04388515 -0.37144766 0.27553834
v 0.02201906 -0.42464345 0.30251007
v 0.01694687 -0.42542689 0.30094314
v 0.01707286 -0.42376928 0.29909306
v 0.01495854 -0.36130621 0.26103199
v 0.01770000 -0.36115187 0.26159885
v 0.01845306 -0.36433934 0.25905133
v 0.01613185 -0.36483195 0.25832984
v 0.02270172 -0.39534029 0.27385522
v 0.02203862 -0.39563363 0.27325066
v 0.03513379 -0.42216802 0.30982636
v 0.02841571 -0.42370343 0.30569210
v 0.04939520 -0.37218033 0.31377803
v 0.04880708 -0.37180217 0.31786252
v 0.05019925 -0.37770396 0.31519052
v 0.05038669 -0.37737965 0.31173036
v 0.02891418 -0.39753501 0.28321232
v 0.03173953 -0.39523728 0.28234243
v 0.03196414 -0.39639400 0.28430638
v 0.02890406 -0.39866562 0.28510124
v 0.04571445 -0.35812073 0.31382792
v 0.04508013 -0.35633737 0.31799099
v 0.04594106 -0.35976144 0.31943460
v 0.04676647 -0.36204215 0.31465840
v 0.04215436 -0.38308576 0.27937927
v 0.04004965 -0.38170020 0.27617054
v 0.02481638 -0.39594763 0.27337575
v 0.02481210 -0.39508662 0.27366380
v 0.02222522 -0.42770258 0.30649968
v 0.03816937 -0.38473079 0.27698716
v 0.03992150 -0.38684174 0.28031816
v 0.02212529 -0.42620036 0.30449010
v 0.01682429 -0.42707822 0.30276961
v 0.01665757 -0.42859041 0.30469382
v 0.03442374 -0.39299775 0.28158674
v 0.03375025 -0.39136647 0.27938277
v 0.02265583 -0.39478233 0.27306723
v 0.02359720 -0.39458007 0.27348368
v 0.02321896 -0.39516657 0.27414182
v 0.02846103 -0.42500417 0.30749470
v 0.02422158 -0.39466770 0.27356501
v 0.02367160 -0.39516519 0.27416177
v 0.02146262 -0.39525543 0.27219448
v 0.03281921 -0.42410587 0.31026037
v 0.02445872 -0.39981503 0.27959364
v 0.02477319 -0.39940405 0.27865151
v 0.02515596 -0.39862465 0.27905699
v 0.02491141 -0.39884468 0.28002239
v 0.04899962 -0.40170986 0.33231660
v 0.02611812 -0.39703650 0.27932725
v 0.02632586 -0.39723808 0.28006541
v 0.04750081 -0.36404422 0.31019491
v 0.04754072 -0.36284061 0.30672050
v 0.03602045 -0.38862614 0.27844554
v 0.03718477 -0.39036214 0.28097454
v 0.04878450 -0.36592126 0.30398411
v 0.04888128 -0.36833055 0.31019258
v 0.04967335 -0.37003609 0.30426200
v 0.02431396 -0.39383468 0.27344853
v 0.02504071 -0.39406502 0.27374562
v 0.04735773 -0.36871238 0.32607122
v 0.04876969 -0.37452808 0.32300666
v 0.04876684 -0.37280347 0.32028819
v 0.04708914 -0.36607183 0.32353473
v 0.04162706 -0.41952088 0.31657541
v 0.04433834 -0.41684630 0.31897593
v 0.04412908 -0.41877655 0.32347987
v 0.04992880 -0.37312912 0.30938279
v 0.04781367 -0.36645099 0.31503620
v 0.04665568 -0.36342416 0.32129296
v 0.03806152 -0.36683428 0.27155077
v 0.03559635 -0.36898523 0.26990057
v 0.02646832 -0.39861702 0.28183743
v 0.04458413 -0.35475518 0.31336017
v 0.02043665 -0.39637715 0.27076600
v 0.02086111 -0.39631587 0.27151876
v 0.01940873 -0.36773776 0.25711384
v 0.01711232 -0.36832491 0.25650441
v 0.04392265 -0.35303587 0.31767193
v 0.03272558 -0.38952662 0.27726692
v 0.02321420 -0.39400003 0.27261682
v 0.02204772 -0.39418362 0.27152865
v 0.02248864 -0.39292129 0.27060619
v 0.02384339 -0.39277897 0.27209486
v 0.04930976 -0.39694807 0.33148336
v 0.02510914 -0.39280199 0.27400177
v 0.04961892 -0.39838779 0.32755462
v 0.02580626 -0.39350529 0.27434566
v 0.02614908 -0.40073141 0.28530079
v 0.02618909 -0.40004343 0.28374908
v 0.02094472 -0.39452390 0.27059699
v 0.02065144 -0.39538458 0.27097240
v 0.05036457 -0.37402378 0.30399264
v 0.02061247 -0.36398263 0.25992499
v 0.02170380 -0.36702209 0.25835585
v 0.02608660 -0.39706836 0.27894192
v 0.02529227 -0.39877493 0.27845763
v 0.03829647 -0.42173813 0.31376902
v 0.02432154 -0.39117369 0.27128622
v 0.02569215 -0.39113955 0.27343042
v 0.04924054 -0.36719411 0.29724392
v 0.04833980 -0.36431647 0.30016925
v 0.04807803 -0.36372512 0.30362792
v 0.02286964 -0.39158660 0.26948498
v 0.02037529 -0.36155591 0.26201921
v 0.03459021 -0.38690859 0.27620908
v 0.03618446 -0.38317530 0.27444969
v 0.02119889 -0.39321849 0.26953094
v 0.04988703 -0.39287595 0.32620684
v 0.05018960 -0.39341348 0.32263807
v 0.05027962 -0.38853632 0.32181183
v 0.04987804 -0.38814808 0.32535508
v 0.04981276 -0.39322958 0.31254676
v 0.05033811 -0.39190860 0.31523311
v 0.05009674 -0.39489489 0.31635518
v 0.04965277 -0.39560512 0.31342668
v 0.02284544 -0.39033992 0.26810808
v 0.02490543 -0.38901037 0.27011197
v 0.04945221 -0.39217312 0.33022511
v 0.04945703 -0.38772024 0.32880902
v 0.04935954 -0.38449423 0.32801346
v 0.04962302 -0.38364174 0.32555290
v 0.04906904 -0.37998205 0.32742836
v 0.04893240 -0.38241572 0.33041517
v 0.05051100 -0.37756507 0.29748326
v 0.04969978 -0.38208133 0.29603650
v 0.04890360 -0.38110365 0.29184690
v 0.05000493 -0.37490547 0.29306477
v 0.05046066 -0.39017832 0.31829105
v 0.05023909 -0.39417007 0.31938210
v 0.04830528 -0.38646896 0.29506511
v 0.04941460 -0.38633274 0.29946151
v 0.04786191 -0.38944648 0.29835641
v 0.04619850 -0.38999368 0.29418293
v 0.04618449 -0.39167281 0.29832297
v 0.04417086 -0.39247078 0.29464304
v 0.05051900 -0.37458634 0.29952842
v 0.05077200 -0.37808202 0.30255910
v 0.04999607 -0.39027995 0.30998334
v 0.05004689 -0.38966484 0.30895168
v 0.05077498 -0.38700621 0.31123925
v 0.05067409 -0.38782064 0.31256046
v 0.04748163 -0.37190031 0.32966481
v 0.04878918 -0.37645687 0.32527315
v 0.05064673 -0.37782378 0.30775405
v 0.02770969 -0.38350483 0.26935243
v 0.02837405 -0.38370030 0.27040408
v 0.02675210 -0.38632828 0.27038678
v 0.02601274 -0.38578335 0.26860994
v 0.05050227 -0.38238140 0.30086525
v 0.04287989 -0.39383096 0.29539555
v 0.04059440 -0.39474343 0.29310886
v 0.04157326 -0.39363786 0.29184814
v 0.04907965 -0.39598446 0.31079064
v 0.04331167 -0.39094122 0.29003631
v 0.04494325 -0.39305854 0.29847822
v 0.04716233 -0.39273046 0.30330554
v 0.04646029 -0.39277270 0.30145761
v 0.04769309 -0.39125383 0.30182295
v 0.04839561 -0.39116761 0.30427007
v 0.04697627 -0.38618429 0.29111256
v 0.04798081 -0.39395441 0.30742309
v 0.04782045 -0.39329641 0.30634723
v 0.04894561 -0.39198716 0.30795256
v 0.04896601 -0.39280403 0.30908185
v 0.05070198 -0.38600866 0.30720136
v 0.05077913 -0.38639156 0.30990115
v 0.04996767 -0.38931517 0.30779488
v 0.04967356 -0.38899502 0.30547970
v 0.04681800 -0.37375404 0.33753622
v 0.04572078 -0.36750380 0.33731602
v 0.01913272 -0.39027298 0.26397349
v 0.02058768 -0.39029745 0.26452483
v 0.05008495 -0.38287172 0.32135968
v 0.05060241 -0.38680032 0.31703461
v 0.05067746 -0.38460680 0.31556710
v 0.05015477 -0.38035858 0.31893040
v 0.02853576 -0.38107800 0.26956222
v 0.02751371 -0.38326688 0.26849677
v 0.02245763 -0.38936945 0.26527647
v 0.02419424 -0.38759133 0.26620059
v 0.02809372 -0.38669856 0.27230147
v 0.02946001 -0.38406559 0.27173521
v 0.05056522 -0.38925658 0.31382852
v 0.04988591 -0.39132432 0.31123934
v 0.02421155 -0.38804041 0.26763665
v 0.02255775 -0.38969242 0.26649851
v 0.04616360 -0.36610741 0.33178028
v 0.02129110 -0.39637759 0.27248003
v 0.02662009 -0.38914643 0.27284861
v 0.03842466 -0.39514396 0.29022949
v 0.03887525 -0.39412114 0.28835615
v 0.05030681 -0.38607700 0.30372035
v 0.05091535 -0.38228813 0.30575007
v 0.05088378 -0.38209783 0.30940684
v 0.03518319 -0.39665393 0.28957860
v 0.03791410 -0.39581597 0.29150784
v 0.03499156 -0.39699147 0.29066566
v 0.02641643 -0.40077419 0.29009721
v 0.02928890 -0.39929170 0.29005645
v 0.02940092 -0.39931005 0.29098304
v 0.02689945 -0.40048618 0.29078732
v 0.05075695 -0.38247093 0.31242248
v 0.05012690 -0.37181785 0.29832381
v 0.04904273 -0.39418138 0.31017467
v 0.04812855 -0.39491058 0.30813596
v 0.02598752 -0.38539543 0.26727959
v 0.04902760 -0.38894211 0.30228177
v 0.05074872 -0.38336872 0.31405195
v 0.04825493 -0.39626953 0.30848831
v 0.04767157 -0.39303786 0.30547370
v 0.04886870 -0.39165549 0.30705484
v 0.05019666 -0.37878748 0.31708869
v 0.04874453 -0.39139707 0.30614643
v 0.04795274 -0.37906304 0.33380963
v 0.04753121 -0.39283537 0.30466471
v 0.04814036 -0.37724998 0.33075032
v 0.02924606 -0.37938908 0.27038201
v 0.02940790 -0.37808219 0.27086049
v 0.02679159 -0.39619707 0.27504036
v 0.02709118 -0.39650182 0.27615358
v 0.02596219 -0.39825279 0.27530779
v 0.02574360 -0.39780148 0.27432627
v 0.04416303 -0.39664852 0.30338832
v 0.04341064 -0.39663768 0.30259676
v 0.04587894 -0.39494895 0.30441711
v 0.04610636 -0.39544950 0.30521278
v 0.04610549 -0.39361318 0.30262845
v 0.04534360 -0.39373212 0.30115360
v 0.02629684 -0.39243890 0.27511508
v 0.02655390 -0.39324941 0.27532378
v 0.02689808 -0.39135243 0.27488653
v 0.02470147 -0.39981820 0.27795779
v 0.03045279 -0.38747000 0.27474485
v 0.03185531 -0.38505454 0.27364069
v 0.03294085 -0.38558750 0.27447495
v 0.03147972 -0.38803078 0.27561440
v 0.03028871 -0.37777752 0.27062338
v 0.02934564 -0.37803062 0.27091548
v 0.02924860 -0.37847034 0.27018578
v 0.02991163 -0.37787592 0.26991756
v 0.02805921 -0.38931204 0.27442375
v 0.02629769 -0.39710440 0.27836988
v 0.02553246 -0.39879162 0.27762608
v 0.03479109 -0.39731278 0.29146151
v 0.03745949 -0.39631961 0.29245147
v 0.03700326 -0.39671987 0.29292877
v 0.03454638 -0.39764327 0.29199641
v 0.03437701 -0.39822123 0.29263191
v 0.03173559 -0.39921424 0.29250726
v 0.03180346 -0.39863528 0.29175965
v 0.04292455 -0.39579670 0.30091958
v 0.04212099 -0.39592933 0.29940953
v 0.04296822 -0.39490222 0.29914759
v 0.04429432 -0.39466138 0.30123598
v 0.02860441 -0.37911109 0.26888476
v 0.02913582 -0.37811255 0.26866398
v 0.03072312 -0.38454647 0.27276764
v 0.02939659 -0.38697166 0.27362956
v 0.04036819 -0.39635109 0.29671819
v 0.03897992 -0.39670710 0.29510961
v 0.03933916 -0.39588949 0.29456168
v 0.04113937 -0.39535752 0.29652381
v 0.03543149 -0.37978051 0.27187957
v 0.03451073 -0.38230368 0.27301778
v 0.03357476 -0.38206947 0.27241837
v 0.03413538 -0.37958815 0.27131040
v 0.04489828 -0.39453006 0.30216740
v 0.04543823 -0.39459272 0.30309490
v 0.04324462 -0.39633436 0.30219924
v 0.04294748 -0.39602286 0.30138553
v 0.02764556 -0.38006801 0.26713253
v 0.02806710 -0.37856226 0.26709771
v 0.02419582 -0.40322023 0.29553163
v 0.02369411 -0.40261882 0.29470827
v 0.02627439 -0.38117138 0.26523191
v 0.02912916 -0.38953560 0.27549759
v 0.03002866 -0.39034306 0.27660331
v 0.01773644 -0.40641283 0.28275511
v 0.01988874 -0.40573887 0.28291545
v 0.01956334 -0.40622964 0.28478983
v 0.01741259 -0.40675674 0.28451419
v 0.02504574 -0.40713651 0.29585240
v 0.02383939 -0.40648566 0.29507463
v 0.02374647 -0.40496785 0.29560172
v 0.02255054 -0.40565587 0.29356178
v 0.02291830 -0.40443017 0.29460567
v 0.02874130 -0.40979159 0.29705250
v 0.02907086 -0.41170653 0.29734984
v 0.02544995 -0.41117294 0.29576473
v 0.02521525 -0.40926542 0.29556918
v 0.02923391 -0.39938250 0.28925241
v 0.03196065 -0.39811428 0.28927652
v 0.03187274 -0.39820472 0.29019203
v 0.04691696 -0.39415994 0.30525653
v 0.04675176 -0.39387248 0.30437779
v 0.01846138 -0.38346130 0.26186122
v 0.02204634 -0.38297668 0.26247849
v 0.02454108 -0.38193999 0.26360471
v 0.04708555 -0.39475878 0.30619988
v 0.04721093 -0.39548418 0.30662263
v 0.02817004 -0.39265218 0.27738061
v 0.02761583 -0.39169327 0.27627282
v 0.04627688 -0.39593983 0.30551751
v 0.04469663 -0.39687443 0.30385758
v 0.02704807 -0.39441248 0.27544991
v 0.02493082 -0.39908113 0.27367624
v 0.02439384 -0.40041280 0.27302778
v 0.03659042 -0.39744925 0.29342741
v 0.02672241 -0.39585526 0.27834167
v 0.02678187 -0.39559341 0.27850877
v 0.02387653 -0.40122456 0.28159519
v 0.02466552 -0.40028611 0.28174806
v 0.02694424 -0.39290804 0.27652397
v 0.02684437 -0.39381381 0.27665098
v 0.03495078 -0.34096751 0.30040127
v 0.03776742 -0.34420774 0.30082889
v 0.03665696 -0.34474670 0.29569867
v 0.03321210 -0.34133607 0.29453247
v 0.02195690 -0.40466093 0.29167314
v 0.02238286 -0.40378240 0.29277962
v 0.04394413 -0.39403570 0.29889786
v 0.02717943 -0.39479384 0.27671193
v 0.03187315 -0.39837332 0.29105565
v 0.02800941 -0.40833994 0.29720459
v 0.02501751 -0.39954592 0.27462500
v 0.02460074 -0.40090611 0.27392424
v 0.03072599 -0.37704661 0.26966910
v 0.02990718 -0.37670698 0.26845747
v 0.04656977 -0.39371159 0.30378147
v 0.03052043 -0.37814276 0.27065160
v 0.04569400 -0.39474147 0.30376258
v 0.03989373 -0.39539757 0.29409325
v 0.04190085 -0.39471196 0.29610246
v 0.03195407 -0.38168251 0.27168093
v 0.02481328 -0.39998622 0.27699398
v 0.04725529 -0.39640009 0.30665458
v 0.02725388 -0.39390697 0.27764392
v 0.02708214 -0.39512889 0.27863320
v 0.04331104 -0.39649997 0.30240581
v 0.02659430 -0.40087408 0.28943400
v 0.01649846 -0.41038360 0.29149607
v 0.01996412 -0.41030600 0.29283818
v 0.04625289 -0.39686023 0.30532745
v 0.04484425 -0.39734382 0.30383340
v 0.01932365 -0.40656533 0.28623474
v 0.01719269 -0.40702473 0.28573527
v 0.02290215 -0.41244484 0.29485104
v 0.02141656 -0.40776598 0.29244187
v 0.02316394 -0.41001253 0.29465725
v 0.03160298 -0.40879379 0.29855413
v 0.03221806 -0.40981167 0.29858419
v 0.02125709 -0.39102348 0.26692452
v 0.02137885 -0.39198818 0.26825835
v 0.01990865 -0.39202923 0.26773209
v 0.01995062 -0.39120366 0.26657632
v 0.02194009 -0.40422834 0.28523440
v 0.02102867 -0.40517162 0.28506972
v 0.02138698 -0.40443849 0.28313522
v 0.02237636 -0.40338741 0.28322067
v 0.02219728 -0.40330204 0.28083893
v 0.02316524 -0.40198055 0.28108812
v 0.02097455 -0.40548612 0.28693703
v 0.02918362 -0.41350728 0.29796477
v 0.03274654 -0.41338362 0.29971103
v 0.02040598 -0.39866775 0.26958944
v 0.02003125 -0.39769766 0.26976234
v 0.02368707 -0.40165115 0.27227866
v 0.02406846 -0.40239657 0.27330063
v 0.02265412 -0.40391152 0.27255335
v 0.02225373 -0.40293095 0.27137825
v 0.01986120 -0.40254905 0.27001225
v 0.02168229 -0.40185412 0.27051206
v 0.01989622 -0.40370675 0.27072826
v 0.01975589 -0.39462462 0.26996365
v 0.01986704 -0.39324223 0.26895457
v 0.02083861 -0.39977504 0.26970236
v 0.01960994 -0.40010786 0.26928647
v 0.01941476 -0.39891955 0.26927621
v 0.02109674 -0.39051526 0.26570709
v 0.01971738 -0.39652269 0.27015460
v 0.02354426 -0.40828127 0.29468001
v 0.03922107 -0.40845992 0.30138487
v 0.03960921 -0.41012907 0.30237154
v 0.03621656 -0.41095576 0.30065268
v 0.03572579 -0.40927583 0.29989643
v 0.02217088 -0.40654474 0.29279589
v 0.02154841 -0.40555960 0.29088091
v 0.04622988 -0.39784842 0.30498420
v 0.04726226 -0.39763255 0.30642118
v 0.04682085 -0.40037357 0.30566285
v 0.04552442 -0.40011824 0.30397221
v 0.01963764 -0.39554995 0.27029888
v 0.02057795 -0.40498569 0.28037435
v 0.02121813 -0.40474614 0.27772896
v 0.02277910 -0.40289235 0.27847075
v 0.03640127 -0.41312479 0.30178042
v 0.01891309 -0.39079302 0.26538096
v 0.01903732 -0.39054318 0.26461596
v 0.01975202 -0.39049618 0.26482118
v 0.01989219 -0.39067959 0.26550515
v 0.04481232 -0.40659836 0.30548017
v 0.04359627 -0.35224321 0.31253545
v 0.04308732 -0.35121276 0.31522422
v 0.04235633 -0.34983337 0.31748435
v 0.04292089 -0.35075864 0.31903244
v 0.04261238 -0.34903394 0.32095057
v 0.04424942 -0.34837861 0.32136555
v 0.04363547 -0.35054429 0.31999997
v 0.01875648 -0.39125877 0.26645510
v 0.01872603 -0.39569779 0.27000628
v 0.01862328 -0.39471509 0.26973531
v 0.02390338 -0.40104750 0.27888504
v 0.03270665 -0.41139753 0.29888552
v 0.01857722 -0.39324524 0.26881313
v 0.02563363 -0.41327741 0.29629900
v 0.03871324 -0.40700185 0.30079551
v 0.03501010 -0.40816652 0.29971164
v 0.01891706 -0.39668155 0.26986573
v 0.02073357 -0.40652393 0.29027362
v 0.01919752 -0.39788520 0.26949725
v 0.02190556 -0.40448103 0.28750224
v 0.04090831 -0.34803788 0.32347942
v 0.04293250 -0.34781741 0.32323458
v 0.04261238 -0.34903394 0.32095057
v 0.04150485 -0.34872001 0.31975707
v 0.03994540 -0.41206356 0.30391164
v 0.01862835 -0.39201073 0.26761886
v 0.01976409 -0.40135261 0.26953729
v 0.02122170 -0.40095549 0.26999196
v 0.04150485 -0.34872001 0.31975707
v 0.04345955 -0.40386277 0.30249545
v 0.04417189 -0.40529831 0.30374703
v 0.04203967 -0.40715570 0.30271664
v 0.04158119 -0.40549837 0.30175458
v 0.01661212 -0.40814467 0.28929975
v 0.01905079 -0.40763749 0.28984097
v 0.01827116 -0.40599879 0.27996594
v 0.04239999 -0.40874352 0.30414283
v 0.04288653 -0.41023853 0.30582758
v 0.04603385 -0.35867608 0.29496823
v 0.04380525 -0.35474608 0.29344565
v 0.04393892 -0.35409783 0.29765898
v 0.01886116 -0.40565100 0.27698085
v 0.02266387 -0.40375923 0.28756059
v 0.01984893 -0.40478080 0.27176369
v 0.02915456 -0.37164543 0.26588575
v 0.02693209 -0.37295884 0.26381707
v 0.02762561 -0.37023551 0.26260223
v 0.02978407 -0.36893746 0.26528627
v 0.02247381 -0.40392416 0.28995306
v 0.02314259 -0.40291202 0.29078426
v 0.01786720 -0.38028374 0.26216617
v 0.01766586 -0.37823752 0.26152841
v 0.02012000 -0.37716908 0.26188416
v 0.02074941 -0.37869173 0.26265604
v 0.03277963 -0.37572114 0.26969218
v 0.03195658 -0.37720039 0.27020079
v 0.03176945 -0.37521186 0.26913978
v 0.01695109 -0.40739226 0.28712936
v 0.01912696 -0.40692548 0.28782110
v 0.02164275 -0.40480816 0.28936384
v 0.02058767 -0.37383692 0.25835007
v 0.01787156 -0.37445518 0.25769039
v 0.01768382 -0.37181509 0.25654074
v 0.02005938 -0.37114709 0.25710305
v 0.04248987 -0.34976250 0.30872908
v 0.04391394 -0.35288286 0.30847239
v 0.04408501 -0.35329083 0.30504810
v 0.04222429 -0.34959673 0.30496230
v 0.02722330 -0.36728913 0.26205608
v 0.03013776 -0.36506937 0.26617535
v 0.03051101 -0.37508106 0.26824426
v 0.03095209 -0.37335929 0.26804636
v 0.03266125 -0.37363945 0.26900419
v 0.02549759 -0.37163250 0.26045423
v 0.02495053 -0.36893004 0.25975950
v 0.01815742 -0.38207217 0.26220810
v 0.02223546 -0.38067790 0.26297489
v 0.02255183 -0.37578425 0.26203549
v 0.02312928 -0.37648750 0.26322193
v 0.02255361 -0.37018455 0.25810062
v 0.02311722 -0.37270298 0.25922182
v 0.02667425 -0.37944200 0.26552239
v 0.04237766 -0.34971767 0.31409039
v 0.04256170 -0.34995513 0.31199162
v 0.04108906 -0.35160703 0.29137787
v 0.04145586 -0.35036474 0.29655516
v 0.02495990 -0.40144189 0.29259754
v 0.02661434 -0.40079099 0.29301418
v 0.03794926 -0.37528410 0.27100050
v 0.03738947 -0.37385009 0.27029015
v 0.03392780 -0.36522484 0.26984985
v 0.03211744 -0.36825061 0.26793892
v 0.03763697 -0.38040919 0.27343099
v 0.03830713 -0.37752492 0.27217568
v 0.03395328 -0.37580423 0.26980845
v 0.03501210 -0.37502709 0.26979696
v 0.03568872 -0.37605178 0.27024056
v 0.03422900 -0.37643103 0.27008922
v 0.03395800 -0.37431124 0.26945580
v 0.02762058 -0.37561117 0.26582487
v 0.02912948 -0.37515060 0.26702593
v 0.02875041 -0.37721770 0.26706790
v 0.02731285 -0.37735239 0.26568699
v 0.02640428 -0.37630341 0.26494842
v 0.02571654 -0.37780611 0.26457738
v 0.02385648 -0.40275742 0.28783317
v 0.02937804 -0.39946848 0.29186008
v 0.02942019 -0.39983796 0.29257566
v 0.02434574 -0.37474800 0.26232846
v 0.02523527 -0.37473147 0.26359801
v 0.02671997 -0.40056093 0.29202437
v 0.02534769 -0.40118528 0.29094059
v 0.02505577 -0.40141179 0.29044960
v 0.04560792 -0.35878339 0.32089566
v 0.04615787 -0.36184485 0.32295285
v 0.02081319 -0.40580365 0.28857616
v 0.04181839 -0.34973154 0.30121566
v 0.02497664 -0.38014405 0.26407899
v 0.02052302 -0.37566025 0.25996389
v 0.02299658 -0.37456665 0.26059332
v 0.01781750 -0.37638388 0.25941397
v 0.03438039 -0.37766542 0.27057026
v 0.03586388 -0.37752855 0.27090679
v 0.02519028 -0.37351032 0.26164798
v 0.04385096 -0.35269248 0.31871436
v 0.03913621 -0.34592786 0.32077219
v 0.04060844 -0.34714889 0.31760008
v 0.03239461 -0.37943890 0.27087847
v 0.02438269 -0.40189505 0.29203378
v 0.04485704 -0.35566862 0.31923400
v 0.03139749 -0.37111323 0.26786883
v 0.04060844 -0.34714889 0.31760008
v 0.04159902 -0.34836357 0.31510298
v 0.04635117 -0.36320576 0.32451519
v 0.04602395 -0.36308860 0.32741514
v 0.01164202 -0.35028921 0.26786381
v 0.01136424 -0.34858889 0.26783826
v 0.01489413 -0.34768635 0.26900092
v 0.01539261 -0.34984720 0.26878522
v 0.01281311 -0.35433259 0.26556919
v 0.01654090 -0.35430904 0.26612496
v 0.04839565 -0.36980809 0.28494486
v 0.04708723 -0.36564561 0.28333177
v 0.04812332 -0.36430437 0.28990228
v 0.04927580 -0.36883991 0.29121284
v 0.02288968 -0.40296036 0.29384268
v 0.02396295 -0.40223018 0.29154378
v 0.02332058 -0.40350439 0.29504026
v 0.02744947 -0.37428977 0.26547371
v 0.02918694 -0.37357564 0.26678324
v 0.03313332 -0.36125357 0.27111239
v 0.02730246 -0.36198724 0.26496399
v 0.02891684 -0.35816038 0.26949464
v 0.02655368 -0.40104920 0.28867615
v 0.02486228 -0.40178004 0.28978165
v 0.02580341 -0.37555496 0.26463957
v 0.03004047 -0.37986871 0.27044880
v 0.02951778 -0.38121958 0.27043620
v 0.02891813 -0.38108084 0.26990881
v 0.02975570 -0.37956496 0.27042051
v 0.03243968 -0.37799436 0.27046958
v 0.02423793 -0.37759912 0.26382410
v 0.04468030 -0.36222458 0.28103857
v 0.04095954 -0.35918726 0.27875831
v 0.04338624 -0.35685654 0.28644620
v 0.04597772 -0.36029819 0.28837925
v 0.02345824 -0.35966195 0.26475669
v 0.02425297 -0.35534051 0.26841028
v 0.02623499 -0.40121321 0.28712372
v 0.03205180 -0.39782967 0.28809185
v 0.02915258 -0.39938809 0.28837351
v 0.02897977 -0.39925932 0.28694955
v 0.03197947 -0.39736754 0.28637804
v 0.04672214 -0.37486431 0.28073560
v 0.04566416 -0.37965746 0.28184938
v 0.03091492 -0.37936756 0.27065113
v 0.03578549 -0.37257697 0.26964107
v 0.03382459 -0.37158817 0.26916277
v 0.02029445 -0.35437471 0.26729952
v 0.01954078 -0.34956000 0.27058256
v 0.03952827 -0.35330069 0.28443391
v 0.04807290 -0.36281389 0.29616615
v 0.03654214 -0.35653232 0.27701664
v 0.02464175 -0.34974771 0.27305742
v 0.03059308 -0.35316009 0.27524582
v 0.04752452 -0.38042804 0.28659694
v 0.04871466 -0.37493543 0.28608875
v 0.03488953 -0.39435054 0.28365774
v 0.03047371 -0.38123754 0.27097224
v 0.01390073 -0.35779319 0.26321125
v 0.01714647 -0.35775296 0.26378081
v 0.03278304 -0.34831751 0.28243206
v 0.03807083 -0.39181380 0.28331935
v 0.04122841 -0.38828174 0.28313812
v 0.02514014 -0.34410122 0.27852518
v 0.02035196 -0.35816213 0.26443783
v 0.04397644 -0.38422667 0.28268263
v 0.04469773 -0.36737574 0.27723685
v 0.04644828 -0.37067076 0.27948239
v 0.03867988 -0.39314421 0.28571925
v 0.04237624 -0.38972448 0.28627423
v 0.03036593 -0.34180232 0.28818454
v 0.03523660 -0.34607969 0.28962051
v 0.03511753 -0.39546834 0.28595442
v 0.04143970 -0.36470855 0.27459603
v 0.04559332 -0.38523839 0.28663090
v 0.01886715 -0.34619106 0.27159415
v 0.03684439 -0.36240200 0.27280517
v 0.03947778 -0.34779805 0.32826972
v 0.03739470 -0.34465614 0.32510529
v 0.03550945 -0.34274348 0.33006163
v 0.03933564 -0.34713122 0.33402032
v 0.04831987 -0.36524312 0.33944981
v 0.04819665 -0.36340548 0.33953321
v 0.04838264 -0.36362937 0.34268808
v 0.04874410 -0.36585701 0.34340701
v 0.02415059 -0.40145964 0.27651843
v 0.02330544 -0.40318710 0.27631927
v 0.02694047 -0.39460346 0.27775324
v 0.02448282 -0.40133509 0.27514627
v 0.02384026 -0.40294307 0.27468106
v 0.02497731 -0.39987498 0.27580726
v 0.02583313 -0.39855141 0.27647727
v 0.04098276 -0.34725092 0.31265913
v 0.03992179 -0.34572501 0.30896485
v 0.03802198 -0.34306297 0.31037242
v 0.03935733 -0.34509561 0.31449728
v 0.04907674 -0.34428517 0.34133846
v 0.04843319 -0.34327054 0.33667005
v 0.04822507 -0.34218271 0.33695855
v 0.04894294 -0.34349251 0.34197731
v 0.02248090 -0.40451662 0.27401566
v -0.00888712 -0.32546564 0.34337173
v -0.00946910 -0.32658632 0.34690469
v -0.00538181 -0.32618801 0.34785723
v -0.00378272 -0.32508760 0.34438642
v 0.01965368 -0.40543303 0.27316727
v 0.02677877 -0.39685035 0.27739657
v 0.02685262 -0.39539766 0.27775310
v 0.04725339 -0.34527789 0.33196243
v 0.04746956 -0.34777472 0.33235945
v 0.04714186 -0.34887468 0.32980878
v 0.04714904 -0.34652311 0.32888816
v 0.03995177 -0.37480403 0.37044498
v 0.04067591 -0.36661330 0.36036278
v 0.04765667 -0.34404939 0.33661960
v 0.04801587 -0.34667884 0.33594550
v 0.03526982 -0.39617058 0.28810810
v 0.04567970 -0.36546030 0.34326574
v 0.04718729 -0.36703557 0.34365945
v 0.04687029 -0.36457091 0.34867681
v 0.04550707 -0.36303639 0.34714270
v 0.04880493 -0.36147473 0.34705827
v 0.04908108 -0.36388943 0.34849608
v 0.04505939 -0.36555702 0.33982498
v 0.04725495 -0.36664783 0.33972490
v 0.04546724 -0.34851454 0.33307708
v 0.04604465 -0.34777248 0.33616612
v 0.01935993 -0.40568308 0.27470957
v 0.02197341 -0.40475538 0.27562789
v 0.03657083 -0.34146523 0.30596560
v 0.03871112 -0.34443316 0.30522441
v 0.03807888 -0.34323841 0.31706560
v 0.03866243 -0.34421589 0.31579315
v 0.03745383 -0.34197823 0.31133602
v 0.03700770 -0.34078831 0.31217854
v 0.04775628 -0.36165060 0.34750021
v 0.04654180 -0.36247526 0.34293450
v 0.04507786 -0.34973532 0.33072594
v 0.04592313 -0.34209132 0.33062288
v 0.04689921 -0.34162242 0.33727983
v 0.04719679 -0.34256853 0.33084400
v -0.00244320 -0.32730737 0.35254271
v -0.00376552 -0.32988989 0.36237155
v 0.00304015 -0.33033557 0.36339388
v 0.00499527 -0.32819765 0.35515295
v 0.04179049 -0.35685086 0.32845320
v 0.04109578 -0.35605098 0.32879806
v 0.04180427 -0.35616206 0.32964954
v 0.04239920 -0.35664806 0.32950202
v 0.04841958 -0.34700853 0.33964122
v 0.04807584 -0.34503668 0.34086855
v -0.00996549 -0.32734741 0.34977861
v 0.02042576 -0.33267981 0.35203972
v 0.02055644 -0.33493489 0.36040397
v 0.02962270 -0.34069937 0.35294807
v 0.02904027 -0.33789054 0.34525587
v 0.04652620 -0.36141857 0.34017251
v 0.04614968 -0.34821904 0.33915835
v 0.04508470 -0.34931281 0.33638097
v 0.04403372 -0.34926403 0.33377487
v 0.04518762 -0.34962725 0.33883502
v 0.04787135 -0.34284984 0.34250747
v 0.03919836 -0.34530565 0.31741370
v 0.03935733 -0.34509561 0.31449728
v 0.03641903 -0.34762043 0.34557432
v 0.03834678 -0.34897602 0.34408524
v 0.03809462 -0.34718037 0.33958526
v 0.03586820 -0.34481526 0.33828238
v 0.04512576 -0.35141609 0.33603286
v 0.04413807 -0.35151458 0.33351095
v 0.04349071 -0.35004367 0.33141087
v 0.04338551 -0.35191050 0.33162742
v 0.01192042 -0.32993488 0.35591859
v 0.01106339 -0.33176843 0.36379640
v 0.04761574 -0.34381430 0.33110990
v 0.03462567 -0.33373518 0.31773481
v 0.03431675 -0.33742717 0.32477548
v 0.03668384 -0.34073079 0.32038204
v 0.03607471 -0.33748651 0.31416278
v 0.04861048 -0.35955403 0.35241460
v 0.04847392 -0.35629556 0.35300791
v 0.04598046 -0.35663021 0.35313286
v 0.04623412 -0.36023204 0.35215419
v 0.04436465 -0.34499250 0.32292340
v 0.04459724 -0.34726465 0.32041249
v 0.04424942 -0.34837861 0.32136555
v 0.04415664 -0.34648469 0.32341827
v 0.00215544 -0.32561233 0.34592450
v 0.01295738 -0.32836202 0.34933161
v 0.01965124 -0.33015590 0.34396291
v 0.04692004 -0.34348939 0.32723910
v 0.04561995 -0.34300452 0.32668021
v 0.00636234 -0.32401109 0.33998992
v 0.01047275 -0.31908168 0.33705664
v 0.00057836 -0.31837693 0.33754145
v -0.00140717 -0.32351099 0.33964875
v 0.04261372 -0.35532929 0.33018974
v 0.04165264 -0.35511004 0.32911448
v 0.04422211 -0.35231295 0.31971442
v 0.04457189 -0.34990240 0.31957278
v 0.04592514 -0.34945297 0.31908960
v 0.04549387 -0.35191133 0.31982893
v 0.04552836 -0.35526188 0.33012531
v 0.04420550 -0.35572311 0.32943327
v 0.04460264 -0.35636780 0.33045297
v 0.04547224 -0.35697139 0.33160487
v 0.04350654 -0.34614866 0.33003567
v 0.04133269 -0.34745956 0.32946851
v 0.04131235 -0.34651806 0.33445518
v 0.04346385 -0.34556221 0.33500644
v 0.04517936 -0.36772330 0.34082934
v 0.04477132 -0.36571291 0.34078046
v 0.04440647 -0.36406141 0.34245546
v 0.04396067 -0.36561347 0.34398070
v 0.04291284 -0.35193043 0.34732174
v 0.04477027 -0.35150357 0.34824446
v 0.04477681 -0.34770310 0.34513851
v 0.04285793 -0.34830604 0.34455412
v 0.04293250 -0.34781741 0.32323458
v 0.04311548 -0.34674780 0.32645936
v 0.04410382 -0.34510357 0.32664667
v 0.04369161 -0.35623265 0.33007825
v 0.04572078 -0.36750380 0.33731602
v 0.04830749 -0.34519846 0.34693010
v 0.04847743 -0.35045682 0.35112419
v 0.04923252 -0.35106278 0.34883717
v 0.04915592 -0.34591883 0.34594739
v 0.04692808 -0.36526896 0.33635675
v 0.04077951 -0.34673207 0.33976219
v 0.04298274 -0.34609285 0.34020174
v 0.04471940 -0.35601800 0.34973364
v 0.04489080 -0.35923126 0.34952293
v 0.04318174 -0.35661384 0.32855964
v 0.04471978 -0.34260191 0.33052391
v 0.04566609 -0.34254319 0.33668098
v 0.04551594 -0.35649464 0.32357814
v 0.04517100 -0.35425318 0.32137106
v 0.04597873 -0.35338046 0.32240687
v 0.04599806 -0.35532167 0.32462753
v 0.04778233 -0.36350522 0.33649615
v 0.04099019 -0.35609247 0.32765462
v 0.04100429 -0.35565723 0.32734275
v 0.04714164 -0.34969995 0.32238507
v 0.04709106 -0.34768026 0.32356323
v 0.04705776 -0.34910078 0.32517605
v 0.04700309 -0.35063884 0.32423931
v 0.04398479 -0.36206145 0.34574419
v 0.04694595 -0.34493700 0.32404794
v 0.04564144 -0.34450702 0.32308399
v 0.04439512 -0.34346772 0.32651711
v 0.04451671 -0.34421184 0.33040361
v 0.04590478 -0.34659872 0.32031459
v 0.04334525 -0.35413629 0.33133125
v 0.04262486 -0.35402591 0.32951359
v 0.04636839 -0.36145180 0.34380221
v 0.04703795 -0.36095106 0.34727063
v 0.04261238 -0.34903394 0.32095057
v 0.02854177 -0.33512666 0.33699597
v 0.04467663 -0.35362649 0.33336526
v 0.01632024 -0.32672954 0.33952349
v 0.00905158 -0.32682672 0.34721174
v 0.04911012 -0.35863779 0.35029643
v 0.04901780 -0.35602235 0.35109156
v 0.04611752 -0.34387883 0.34177877
v 0.04471592 -0.35503924 0.32047241
v 0.04540325 -0.35775830 0.32236010
v 0.04616360 -0.36610741 0.33178028
v 0.04622362 -0.36205251 0.33243868
v 0.04516637 -0.34393645 0.33596911
v 0.04865949 -0.35829394 0.34939123
v 0.04262253 -0.36307831 0.34659215
v 0.04575950 -0.36008023 0.32462638
v 0.04577194 -0.35855389 0.32594632
v 0.04588244 -0.35997201 0.32874186
v 0.04602395 -0.36308860 0.32741514
v 0.04496282 -0.34518528 0.34080735
v 0.03657580 -0.33923665 0.31327587
v 0.03738378 -0.34199265 0.31872306
v 0.04715553 -0.34486122 0.32795162
v -0.00816452 -0.32416442 0.33904447
v 0.04581420 -0.35081457 0.35101073
v 0.04602560 -0.34616774 0.34670888
v 0.04920394 -0.34643514 0.34526501
v 0.04827211 -0.34700708 0.34418470
v 0.04633455 -0.35661010 0.32702771
v 0.04734305 -0.35833246 0.34940212
v 0.04677630 -0.35992846 0.34663431
v 0.04687125 -0.35791722 0.34727197
v 0.04080854 -0.34878760 0.34421689
v 0.02804189 -0.33165848 0.33179808
v 0.04633525 -0.35784245 0.32911508
v 0.04651988 -0.35647804 0.32971299
v 0.04609193 -0.35787547 0.33145264
v 0.04618585 -0.35910825 0.33105214
v 0.04363547 -0.35054429 0.31999997
v 0.04311060 -0.35580425 0.34836477
v 0.04090831 -0.34803788 0.32347942
v 0.04170000 -0.34768977 0.32571551
v 0.02101769 -0.32215724 0.33358691
v 0.03000384 -0.32804716 0.32484046
v 0.04714718 -0.35539135 0.34681006
v 0.04727484 -0.35550013 0.34950795
v 0.04504186 -0.35377104 0.33570297
v 0.04686640 -0.35114300 0.32216682
v 0.04649163 -0.35252717 0.32388846
v 0.04650888 -0.35150697 0.32092396
v 0.04805117 -0.35214380 0.34437883
v 0.04770405 -0.35093481 0.34749467
v 0.04885738 -0.35110739 0.34820275
v 0.04650768 -0.36064658 0.33385583
v 0.03848507 -0.34439172 0.31865521
v 0.03773679 -0.34353797 0.32077321
v -0.00846589 -0.31871461 0.33626349
v 0.04698720 -0.34616017 0.32539775
v 0.04706371 -0.34773658 0.32664806
v 0.04276194 -0.35426133 0.32567400
v 0.04419549 -0.35197427 0.32581332
v 0.04364537 -0.35131161 0.32909397
v 0.04320795 -0.35253324 0.32945712
v 0.04417513 -0.35136684 0.33980776
v 0.04387981 -0.35162075 0.33863034
v 0.04503420 -0.35032033 0.34066317
v 0.04745348 -0.36185384 0.33703429
v 0.04610678 -0.35913495 0.33503006
v 0.04650682 -0.35464041 0.32799552
v 0.04476002 -0.35402653 0.32826338
v 0.04469636 -0.35614224 0.33118763
v 0.04536747 -0.35637679 0.33233991
v 0.04580942 -0.35402441 0.32559113
v 0.04526563 -0.35558572 0.34059031
v 0.04698791 -0.35510015 0.34070152
v 0.04673855 -0.35687239 0.34076360
v 0.04610717 -0.35718729 0.33935221
v 0.04846415 -0.35583868 0.35008104
v 0.04676053 -0.35539320 0.34376397
v 0.04618431 -0.35750284 0.34390354
v 0.04413397 -0.35253961 0.34026161
v 0.04364627 -0.35397811 0.33934629
v 0.04547312 -0.35717466 0.33503892
v 0.04513335 -0.35080023 0.32862403
v 0.04612023 -0.35144595 0.32638638
v 0.04503516 -0.35544679 0.33263005
v 0.04420338 -0.35559735 0.33116402
v 0.04225463 -0.35651136 0.32720329
v 0.04160222 -0.35660027 0.32759004
v 0.04377475 -0.35809798 0.33831078
v 0.04507038 -0.35577803 0.33541812
v 0.04351743 -0.35617827 0.33879170
v 0.04617978 -0.35987017 0.34366953
v 0.04626668 -0.35948009 0.34136407
v 0.04700717 -0.34945537 0.32051355
v 0.04695696 -0.34698957 0.32167055
v -0.00582623 -0.34680073 0.38871706
v 0.00255063 -0.34689475 0.38902127
v 0.00248147 -0.33913413 0.38074419
v -0.00542126 -0.33870839 0.37959740
v 0.04845572 -0.34836536 0.34219266
v 0.04640645 -0.34933752 0.34109698
v 0.02096525 -0.34352455 0.37566696
v 0.02093571 -0.33839786 0.36846926
v 0.01057130 -0.33501695 0.37189069
v 0.01057430 -0.34022264 0.37959699
v 0.03144072 -0.35001159 0.36608498
v 0.03075445 -0.34488596 0.35952220
v 0.04489700 -0.35394706 0.34139706
v 0.04509132 -0.35180814 0.34156058
v 0.04642264 -0.36092740 0.33827659
v 0.04462508 -0.35974534 0.33806356
v 0.04657275 -0.35917433 0.33950865
v 0.04118159 -0.35505785 0.32656095
v 0.04692231 -0.35005695 0.32806294
v 0.04666022 -0.35347351 0.34135881
v 0.04740427 -0.35383824 0.34316780
v 0.04667148 -0.35139759 0.34191142
v 0.00264257 -0.33362392 0.37186247
v -0.00481226 -0.33344151 0.37065885
v 0.04353486 -0.35557910 0.32756100
v 0.04693746 -0.35047072 0.32653951
v -0.01402660 -0.33940913 0.37772115
v -0.01468820 -0.34784299 0.38722296
v -0.00530966 -0.35810041 0.39552706
v 0.00366070 -0.35758490 0.39560652
v 0.00614159 -0.35981903 0.30046868
v 0.00498568 -0.35357482 0.30097873
v 0.00792035 -0.35321733 0.30137803
v 0.00952778 -0.36010875 0.30074785
v 0.00964565 -0.35931476 0.29562156
v 0.00861267 -0.35824673 0.29453099
v 0.00815212 -0.35773875 0.29531422
v 0.00872414 -0.35829819 0.29650683
v 0.02976456 -0.37058892 0.27911787
v 0.03015947 -0.37158787 0.27981049
v 0.02759485 -0.36642045 0.29010019
v 0.02757411 -0.36485751 0.28554825
v 0.00242911 -0.33334897 0.29730206
v 0.00460031 -0.33313092 0.29774646
v 0.00617918 -0.34328739 0.29941629
v 0.00380217 -0.34368284 0.29889283
v 0.00993235 -0.33437692 0.29810949
v 0.01173967 -0.34264374 0.29933965
v 0.00880980 -0.34294148 0.29982113
v 0.00749918 -0.33310886 0.29823226
v 0.00904571 -0.36019534 0.29863648
v 0.00653483 -0.36022865 0.29897906
v 0.01411240 -0.34330617 0.29717659
v 0.01925448 -0.35204161 0.29712237
v 0.01594109 -0.35199898 0.30014614
v 0.01695238 -0.36646739 0.29841609
v 0.02074036 -0.36045205 0.29880171
v 0.02607814 -0.36904835 0.29145757
v 0.02052390 -0.37340352 0.29109104
v 0.01194911 -0.36122688 0.27482349
v 0.02019593 -0.36247845 0.27630318
v 0.01492633 -0.35291226 0.28558838
v 0.00873768 -0.35343539 0.28364107
v 0.02380607 -0.35842134 0.29531344
v 0.02465178 -0.35905264 0.29082164
v 0.01649788 -0.38478879 0.27189182
v 0.01845178 -0.38431118 0.27244531
v 0.01834680 -0.38302223 0.26899737
v 0.01697704 -0.38346706 0.26867511
v 0.01122185 -0.33479525 0.29639881
v 0.00657099 -0.35917243 0.29767485
v 0.00884804 -0.35938483 0.29747993
v 0.00670261 -0.35810081 0.29656667
v 0.01175545 -0.33676360 0.29443567
v 0.01035183 -0.33819504 0.29172228
v 0.01586882 -0.34836895 0.29043133
v 0.01567423 -0.34574424 0.29434607
v 0.00852734 -0.35918777 0.29387867
v 0.00922794 -0.36064165 0.29453844
v 0.02842007 -0.37672304 0.28126864
v 0.02316502 -0.38141036 0.27936810
v 0.02140769 -0.38245612 0.27155034
v 0.02323009 -0.38128149 0.27302229
v 0.02270388 -0.38077517 0.27024033
v 0.02099717 -0.38178140 0.26971658
v 0.02101173 -0.35033019 0.38274830
v 0.03200442 -0.35704113 0.37346446
v 0.01091038 -0.36304455 0.29964684
v 0.01016676 -0.36184389 0.29784397
v 0.02630334 -0.37733684 0.27118657
v 0.02506056 -0.37789887 0.27041723
v 0.02582593 -0.37800232 0.27154344
v 0.02689497 -0.37690632 0.27221873
v 0.01934247 -0.38129731 0.26791090
v 0.01822176 -0.38180147 0.26755097
v 0.01965920 -0.38248436 0.26934605
v 0.02370163 -0.37875355 0.26966154
v 0.02442493 -0.37941649 0.27097444
v 0.02044890 -0.38338125 0.27239667
v 0.01502466 -0.37058788 0.26783226
v 0.02050636 -0.37096954 0.26883573
v 0.02374837 -0.37329056 0.26833652
v 0.02665185 -0.37166923 0.27089022
v 0.01161496 -0.35278153 0.30080056
v 0.00959318 -0.36381431 0.29731275
v 0.01146100 -0.36728810 0.29831027
v 0.00778539 -0.36114853 0.29391578
v 0.00756155 -0.35923316 0.29348304
v 0.02077173 -0.35323117 0.29337364
v 0.01992738 -0.35308740 0.29062786
v 0.02192629 -0.35619171 0.28699200
v 0.00979775 -0.36059889 0.29658778
v 0.00843931 -0.36914078 0.29702415
v 0.01501247 -0.37532140 0.29053166
v 0.01118541 -0.37612686 0.28972339
v 0.02213642 -0.37969355 0.26895328
v 0.02602104 -0.37954685 0.27391117
v 0.02774625 -0.37744622 0.27373673
v 0.03248919 -0.36598667 0.38084760
v 0.01797260 -0.38210387 0.27966038
v 0.00810913 -0.33993793 0.29040581
v 0.00522965 -0.34025495 0.28969795
v 0.01709492 -0.38217660 0.26721771
v 0.01395162 -0.36295517 0.30016870
v 0.00936896 -0.36213275 0.29567975
v 0.00779765 -0.36284976 0.29506850
v -0.01428962 -0.35898237 0.39390940
v 0.02797709 -0.37601284 0.27276302
v 0.02798122 -0.37639076 0.27333993
v 0.02992179 -0.37436076 0.27522444
v 0.00771505 -0.36484205 0.29688017
v 0.02497693 -0.36288111 0.28128695
v 0.02832108 -0.37012369 0.27581506
v 0.01410888 -0.35971760 0.30140366
v 0.01476496 -0.38281643 0.27837228
v 0.01055937 -0.34750203 0.38709151
v 0.01240852 -0.35748935 0.39343830
v 0.02244716 -0.35974536 0.38866879
v 0.00722454 -0.35815476 0.29421095
v 0.00692557 -0.35766766 0.29521602
v 0.02716066 -0.37701609 0.27161997
v 0.02530616 -0.37763875 0.26785263
v 0.02612319 -0.37787159 0.26881240
v 0.02751534 -0.37613747 0.27016143
v 0.02328735 -0.37808998 0.26648604
v 0.02901070 -0.37476532 0.27255449
v 0.03011292 -0.37397350 0.27505908
v 0.02866072 -0.37572703 0.27273890
v 0.02015396 -0.37854521 0.26531993
v 0.01719399 -0.37974955 0.26485232
v 0.02766576 -0.37673098 0.27170643
v 0.02679240 -0.37808709 0.27007443
v 0.02571161 -0.37944511 0.26884090
v 0.02430395 -0.38064783 0.26780748
v 0.02240689 -0.38157658 0.26682194
v 0.02000740 -0.38194856 0.26597408
v 0.02774772 -0.37679354 0.27144594
v 0.01754385 -0.38252525 0.26537607
v 0.02386469 -0.38234416 0.26814385
v 0.02207184 -0.38336791 0.26721022
v 0.02003231 -0.38425797 0.26635639
v 0.01786975 -0.38491022 0.26570163
v 0.02538475 -0.38086691 0.26901119
v 0.02638678 -0.37922807 0.26999722
v 0.02711258 -0.37777195 0.27097530
v 0.04030247 -0.35705151 0.34823362
v 0.03937772 -0.35296856 0.34748472
v 0.03776641 -0.35180782 0.34934786
v 0.03931348 -0.35779954 0.35214608
v 0.04333370 -0.35871382 0.34809709
v 0.04030247 -0.35705151 0.34823362
v 0.04120462 -0.35246484 0.34696659
v 0.04182072 -0.35664519 0.34765076
v 0.02050869 -0.38057618 0.26841132
v 0.02050869 -0.38057618 0.26841132
v -0.01182411 -0.33089264 0.36105911
v -0.01290030 -0.33421450 0.36855802
v 0.00781607 -0.33614205 0.29158099
v 0.00461547 -0.33751732 0.29042925
v 0.01066015 -0.33557156 0.29250322
v 0.04457189 -0.34990240 0.31957278
v 0.04422211 -0.35231295 0.31971442
v 0.03947778 -0.34779805 0.32826972
v 0.03933564 -0.34713122 0.33402032
v 0.03809462 -0.34718037 0.33958526
v 0.03834678 -0.34897602 0.34408524
v 0.03937772 -0.35296856 0.34748472
v 0.03695317 -0.38901280 0.29537223
v 0.03797548 -0.39706556 0.29655205
v 0.03889266 -0.39697219 0.29770107
v 0.03907059 -0.39302923 0.29769668
v 0.03073685 -0.39890262 0.29393274
v 0.03371630 -0.39816280 0.29419938
v 0.03193940 -0.38829641 0.29382020
v 0.02913229 -0.38940872 0.29358866
v 0.04057423 -0.39797321 0.30185734
v 0.03988708 -0.40044620 0.30155986
v 0.04111721 -0.40145427 0.30885817
v 0.04187141 -0.39706963 0.30654403
v 0.03842460 -0.40494270 0.31099518
v 0.04057798 -0.40196850 0.30535020
v 0.03822756 -0.40525874 0.30523882
v 0.02597331 -0.39065210 0.29420139
v 0.02896829 -0.39927366 0.29427784
v 0.02262456 -0.39337343 0.29556403
v 0.02567594 -0.39987018 0.29540107
v 0.01922269 -0.39837165 0.29785774
v 0.02288469 -0.40087217 0.29603829
v 0.01974676 -0.40398362 0.30345106
v 0.02298793 -0.40720828 0.30637384
v 0.02621228 -0.40326390 0.29754323
v 0.02416054 -0.40190980 0.29708215
v 0.03394700 -0.38818067 0.29417059
v 0.03540264 -0.39770435 0.29476873
v 0.01830249 -0.40170233 0.30094797
v 0.02292588 -0.40126412 0.29645899
v 0.02288469 -0.40087217 0.29603829
v 0.01922269 -0.39837165 0.29785774
v 0.02531070 -0.40047975 0.31823053
v 0.03244531 -0.39936309 0.31877585
v 0.02968354 -0.40894409 0.30977712
v 0.03406111 -0.38218352 0.30040034
v 0.03953577 -0.38594322 0.30468688
v 0.02739469 -0.38188892 0.30224421
v 0.02830028 -0.38096755 0.30191390
v 0.03635491 -0.39764261 0.31548317
v 0.03897945 -0.39599669 0.31346725
v 0.02270813 -0.38342164 0.30328161
v 0.01909915 -0.38626311 0.30404033
v 0.01645414 -0.39119523 0.30671454
v 0.02008881 -0.40025971 0.31482056
v 0.01761424 -0.39852790 0.31256920
v 0.02994107 -0.38105212 0.30133188
v 0.01612417 -0.39574133 0.30965064
v 0.03136308 -0.38556057 0.31134750
v 0.02505969 -0.38182916 0.30961760
v 0.02444836 -0.38230263 0.31326058
v 0.01768058 -0.38635556 0.31207721
v 0.02583855 -0.39054925 0.31837748
v 0.03140627 -0.38956222 0.31812643
v 0.02494068 -0.38881339 0.32045941
v 0.01771338 -0.39162175 0.31643313
v 0.02909336 -0.40500143 0.29847461
v 0.03556256 -0.40489475 0.30011434
v 0.03227457 -0.40606108 0.29934629
v 0.03354813 -0.40687464 0.30485117
v 0.04018655 -0.39671581 0.30098912
v 0.04086093 -0.39413901 0.30386815
v 0.04055527 -0.39011200 0.30866680
v 0.03530195 -0.38857712 0.31358152
v 0.03510759 -0.39170875 0.31600565
v 0.02557393 -0.40096071 0.29488520
v 0.02563681 -0.40053415 0.29459350
v 0.02637410 -0.40082469 0.29486990
v 0.02614020 -0.40136527 0.29522772
v 0.02588134 -0.40012892 0.29448231
v 0.02568789 -0.39973049 0.29440481
v 0.02644099 -0.39940445 0.29425851
v 0.02652801 -0.40019285 0.29452963
v 0.02618294 -0.39888564 0.29448960
v 0.02544856 -0.39941154 0.29455130
v 0.02713490 -0.39969459 0.29556228
v 0.02716242 -0.40000851 0.29520890
v 0.02717773 -0.39935662 0.29469303
v 0.02679955 -0.39882668 0.29501507
v 0.02710896 -0.40083526 0.29557648
v 0.02705668 -0.40077264 0.29616749
v 0.02691665 -0.40177104 0.29578565
v 0.02691379 -0.40178509 0.29683008
v 0.02666059 -0.40242456 0.29635021
v 0.02663308 -0.40233134 0.29697825
v 0.02573899 -0.40176841 0.29561974
v 0.02538945 -0.40197922 0.29654730
v 0.02528232 -0.40116019 0.29470740
v 0.02427610 -0.40108659 0.29515384
v 0.02523012 -0.40109750 0.29676000
v 0.02409064 -0.40063162 0.29549340
v 0.02607989 -0.40117824 0.29736210
v 0.02623356 -0.40119803 0.29724652
v 0.02643891 -0.40042254 0.29673158
v 0.02643635 -0.39937430 0.29598877
v 0.02625064 -0.39889729 0.29539583
v 0.02597638 -0.39899690 0.29542190
v 0.02517931 -0.39950392 0.29549963
v 0.02517130 -0.40036000 0.29431842
v 0.02423998 -0.40044018 0.29469752
v 0.02425338 -0.40019971 0.29504646
v 0.04540325 -0.35775830 0.32236010
v 0.04575950 -0.36008023 0.32462638
v 0.04471592 -0.35503924 0.32047241
v 0.04187141 -0.39706963 0.30654403
v 0.04057423 -0.39797321 0.30185734
v 0.03635835 -0.40565385 0.29985068
v 0.03909721 -0.40205739 0.30142562
v 0.04413396 -0.35371410 0.30161584
v 0.04067005 -0.42406523 0.32949351
v 0.03802198 -0.34306297 0.31037242
v 0.01263786 -0.39771760 0.27242362
v 0.01261504 -0.39839184 0.27256897
v 0.01245633 -0.39779562 0.27194960
v 0.01261226 -0.39731139 0.27208778
v 0.01482972 -0.39957080 0.27241870
v 0.01470760 -0.39945411 0.27278167
v 0.01531326 -0.39906923 0.27252788
v 0.01575166 -0.39925018 0.27201450
v 0.01387945 -0.39938999 0.27246499
v 0.01370531 -0.39927056 0.27201912
v 0.01304357 -0.39897306 0.27243405
v 0.01347504 -0.39926009 0.27273006
v 0.01311388 -0.39718915 0.27230518
v 0.01308424 -0.39796653 0.27281258
v 0.01575216 -0.39948051 0.27166832
v 0.01625203 -0.39856680 0.27108062
v 0.01630430 -0.39905452 0.27059134
v 0.01457117 -0.39925890 0.27090096
v 0.01433982 -0.39950912 0.27201838
v 0.01511434 -0.39962285 0.27181845
v 0.01554846 -0.39939852 0.27075532
v 0.01433467 -0.39952155 0.27241077
v 0.01407523 -0.39944331 0.27288286
v 0.01361377 -0.39730986 0.27236960
v 0.01365367 -0.39830724 0.27306755
v 0.01445408 -0.39874526 0.27303923
v 0.01463690 -0.39749075 0.27208127
v 0.01569908 -0.39794855 0.27161537
v 0.01426543 -0.39908180 0.27310181
v 0.01376684 -0.39884933 0.27105272
v 0.01381049 -0.39905694 0.27311649
v 0.01296583 -0.39882383 0.27303773
v 0.01284069 -0.39835779 0.27161907
v 0.00482439 -0.38216584 0.26567735
v 0.00509152 -0.38205411 0.26578798
v 0.00543147 -0.38178152 0.26549800
v 0.00523507 -0.38197898 0.26534953
v 0.01339539 -0.38708997 0.26146261
v 0.01625406 -0.38765713 0.26140006
v 0.01640343 -0.38832087 0.26229560
v 0.01368437 -0.38780466 0.26231483
v 0.00731789 -0.38343077 0.26536743
v 0.00911204 -0.38470635 0.26491592
v 0.00881237 -0.38362302 0.26541073
v 0.00704412 -0.38244504 0.26579504
v 0.00677872 -0.38443651 0.26407730
v 0.00538017 -0.38338246 0.26469431
v 0.00598843 -0.38279270 0.26457854
v 0.00733243 -0.38375449 0.26388848
v 0.00604940 -0.38070551 0.26678654
v 0.00650495 -0.38101003 0.26580750
v 0.00529943 -0.38099835 0.26630927
v 0.00503635 -0.38069548 0.26681358
v 0.01360827 -0.38344093 0.26434878
v 0.01337388 -0.38229415 0.26553102
v 0.01493921 -0.38260746 0.26553214
v 0.01552410 -0.38375553 0.26408547
v 0.01599240 -0.38657439 0.26081308
v 0.01560103 -0.38529487 0.26067230
v 0.01582524 -0.38514194 0.26291159
v 0.01374076 -0.38478898 0.26326621
v 0.01688718 -0.38375595 0.26390660
v 0.01628724 -0.38258536 0.26558420
v 0.00961541 -0.38143644 0.26556220
v 0.00975564 -0.38217467 0.26460347
v 0.00810409 -0.38172086 0.26480711
v 0.00798046 -0.38109473 0.26565132
v 0.01156891 -0.38282103 0.26448237
v 0.01153459 -0.38410965 0.26345078
v 0.00961576 -0.38330903 0.26362171
v 0.01732809 -0.38518547 0.26264194
v 0.00789048 -0.38264568 0.26406940
v 0.00540509 -0.38291054 0.26529436
v 0.00516004 -0.38290445 0.26521309
v 0.00652082 -0.38373125 0.26429075
v 0.00676170 -0.38394423 0.26436553
v 0.01585875 -0.38683190 0.26242443
v 0.01371823 -0.38636207 0.26267411
v 0.01585685 -0.38219469 0.26703716
v 0.01133505 -0.38650361 0.26382764
v 0.01378900 -0.38770326 0.26347522
v 0.01359677 -0.38648050 0.26504578
v 0.01125970 -0.38580079 0.26486904
v 0.01459074 -0.38208766 0.26687863
v 0.01082484 -0.38608889 0.26204360
v 0.01105429 -0.38659348 0.26256928
v 0.01764417 -0.38851674 0.26251829
v 0.01571912 -0.38834609 0.26261259
v 0.01752468 -0.38685382 0.26213999
v 0.00934390 -0.38114119 0.26654210
v 0.00760425 -0.38080196 0.26662477
v 0.00714501 -0.38414503 0.26441667
v 0.00887992 -0.38537152 0.26330079
v 0.00921281 -0.38525505 0.26423681
v 0.00740440 -0.38391969 0.26489885
v 0.01768024 -0.38981916 0.26304912
v 0.00859406 -0.38503510 0.26310241
v 0.00828498 -0.38477434 0.26296910
v 0.01134033 -0.38556356 0.26290210
v 0.00569725 -0.38286727 0.26543290
v 0.00444627 -0.38224730 0.26559340
v 0.00409615 -0.38232149 0.26552225
v 0.00485976 -0.38276893 0.26513977
v 0.00591897 -0.38213737 0.26597918
v 0.00590986 -0.38263312 0.26563584
v 0.00557339 -0.38135407 0.26629581
v 0.00447824 -0.38058679 0.26666866
v 0.00550078 -0.38131222 0.26633194
v 0.00658809 -0.38145013 0.26520207
v 0.01059785 -0.38544204 0.26178553
v 0.01308756 -0.38602696 0.26090584
v 0.00548530 -0.38143293 0.26576867
v 0.00515803 -0.38177100 0.26606918
v 0.01316586 -0.38484907 0.26527539
v 0.01092849 -0.38449601 0.26533380
v 0.00648928 -0.38201333 0.26474095
v 0.00862436 -0.38554004 0.26330751
v 0.01099617 -0.38675332 0.26285990
v 0.01068400 -0.38751904 0.26322820
v 0.00826668 -0.38616098 0.26364218
v 0.00636555 -0.38475171 0.26434237
v 0.00496386 -0.38347608 0.26485538
v 0.01346805 -0.38758600 0.26273995
v 0.01126827 -0.38150128 0.26659230
v 0.01144234 -0.38180968 0.26557046
v 0.01265829 -0.38510639 0.26068625
v 0.00609889 -0.38340225 0.26417525
v 0.00921119 -0.38464108 0.26318030
v 0.00465653 -0.38219437 0.26532013
v 0.01601184 -0.38696837 0.26517936
v 0.01636721 -0.38819530 0.26344013
v 0.01565004 -0.38962061 0.26312970
v 0.01554189 -0.38500446 0.26538064
v 0.01022552 -0.38480928 0.26155362
v 0.00794490 -0.38427514 0.26291024
v 0.00425272 -0.38233552 0.26534312
v 0.01329151 -0.38861163 0.26309004
v -0.01076859 -0.40887084 0.29055489
v -0.00976738 -0.40912741 0.28829074
v -0.01118028 -0.40757935 0.28805321
v -0.01224567 -0.40675788 0.29038224
v -0.01057363 -0.40985991 0.28937793
v -0.00899869 -0.41120171 0.28969981
v -0.00927802 -0.41120966 0.29002066
v -0.01087140 -0.41004766 0.28958240
v -0.01164991 -0.40771353 0.28826725
v -0.01014798 -0.40961596 0.28858744
v 0.00121007 -0.40389050 0.28824763
v 0.00124928 -0.40535084 0.28786320
v 0.00364803 -0.40501839 0.28936737
v 0.00377441 -0.40351279 0.29064304
v 0.00433565 -0.40615804 0.29076176
v 0.00325466 -0.40779216 0.29081059
v 0.00307595 -0.40712802 0.29063862
v 0.00405024 -0.40574448 0.29061569
v -0.00472293 -0.41216905 0.28977677
v -0.00129715 -0.41179506 0.29034289
v -0.00155300 -0.41231940 0.29091800
v -0.00502282 -0.41251810 0.29016515
v -0.01216155 -0.40774503 0.28887752
v -0.01186233 -0.40772342 0.28852313
v -0.01034495 -0.40979074 0.28891103
v 0.00127102 -0.41009072 0.29073030
v 0.00334659 -0.40810723 0.29116678
v 0.00103042 -0.41082294 0.29114311
v -0.00883161 -0.40664490 0.28644652
v -0.00768638 -0.40648902 0.28603081
v -0.00814515 -0.40473614 0.28653243
v -0.00942799 -0.40500843 0.28720332
v -0.01090888 -0.40686556 0.28770815
v -0.01164351 -0.40637323 0.28762047
v -0.00939022 -0.40605342 0.28600081
v -0.01461497 -0.40932707 0.28957284
v -0.01614094 -0.40815340 0.29013270
v -0.01360680 -0.40744085 0.28947573
v -0.01278887 -0.40793269 0.28936971
v 0.00450743 -0.40635975 0.29109383
v 0.00503150 -0.40541224 0.29031654
v 0.00553828 -0.40537207 0.29063577
v -0.01284725 -0.40722812 0.28931121
v -0.01244147 -0.40711810 0.28888777
v 0.00581231 -0.40877034 0.29210709
v 0.00366665 -0.41073100 0.29221225
v 0.00346486 -0.40916500 0.29225093
v 0.00508989 -0.40723386 0.29207410
v -0.00846294 -0.41019822 0.28856820
v -0.00869966 -0.41076208 0.28891080
v -0.01195013 -0.40538685 0.28966245
v -0.00443508 -0.41148456 0.28939101
v -0.00508550 -0.41165533 0.29128375
v -0.00158409 -0.41169207 0.29199036
v -0.00124639 -0.41098008 0.29010660
v -0.00297577 -0.40593548 0.28583532
v -0.00318863 -0.40430106 0.28618219
v -0.00501211 -0.40442600 0.28598885
v -0.00478815 -0.40615396 0.28564599
v -0.01246750 -0.40673505 0.28875086
v 0.00334395 -0.40849839 0.29170742
v 0.00480463 -0.40676027 0.29178577
v 0.00478715 -0.40503237 0.29012313
v 0.00462852 -0.40521450 0.29023380
v 0.00614511 -0.40405457 0.29281305
v 0.00622941 -0.40364163 0.29241947
v 0.00045119 -0.41181018 0.29222765
v -0.00198509 -0.41276521 0.29193558
v -0.00178699 -0.41255956 0.29158182
v 0.00071557 -0.41138552 0.29178380
v -0.00028744 -0.40406209 0.28719246
v -0.00046115 -0.40558986 0.28685380
v -0.00698762 -0.41343593 0.29070559
v -0.01002444 -0.41245399 0.28989015
v -0.00590269 -0.41274509 0.29094438
v 0.00117046 -0.40927855 0.29032881
v -0.00953593 -0.41014552 0.29085993
v 0.00030701 -0.41279050 0.29211474
v -0.00259076 -0.41361332 0.29175140
v -0.01192290 -0.41147667 0.28946718
v -0.00881563 -0.41100194 0.28929102
v 0.00533436 -0.40492643 0.28984147
v 0.00117846 -0.40964367 0.29240983
v 0.00349703 -0.40704168 0.29260831
v 0.00503032 -0.40509149 0.29292621
v 0.00151428 -0.40505831 0.28719144
v 0.00391218 -0.40483317 0.28884798
v -0.03681336 -0.40426930 0.32170346
v -0.03478071 -0.40534520 0.31662743
v -0.03366864 -0.41032807 0.31835340
v -0.03586035 -0.40993175 0.32417714
v -0.02442238 -0.41101195 0.29774134
v -0.02155367 -0.41519731 0.29737375
v -0.02282574 -0.41640807 0.30026692
v -0.02589443 -0.41151909 0.30039705
v 0.00972845 -0.43260935 0.30872264
v 0.00923405 -0.43402310 0.31134271
v 0.00172451 -0.43496005 0.31138450
v 0.00242172 -0.43345392 0.30886825
v 0.00533142 -0.42623325 0.29887104
v 0.00504647 -0.42474916 0.29728332
v 0.00982221 -0.42348249 0.29688327
v 0.01191780 -0.42470522 0.29836041
v -0.00214723 -0.42564950 0.29758477
v -0.00095911 -0.42367400 0.29564757
v 0.00487664 -0.42293122 0.29591389
v 0.01391511 -0.41774525 0.29383233
v 0.01351600 -0.41519223 0.29275516
v -0.03704490 -0.41479298 0.33369871
v -0.03868805 -0.40813952 0.33080604
v -0.03406184 -0.41605532 0.32600471
v 0.00492826 -0.42112478 0.29455005
v 0.00850104 -0.42020255 0.29416603
v 0.00890314 -0.42196578 0.29550244
v 0.01374825 -0.42231564 0.29681403
v 0.01407932 -0.42013187 0.29515792
v 0.01471872 -0.39917025 0.27030552
v 0.01372679 -0.39863914 0.27053079
v 0.01657754 -0.39888202 0.27023201
v 0.01649601 -0.39815593 0.27051676
v 0.01686052 -0.39808792 0.27002581
v 0.01678178 -0.39884983 0.26976134
v -0.02350338 -0.42774256 0.31790572
v -0.01857394 -0.43100355 0.31588892
v -0.02083363 -0.43160187 0.32215440
v -0.02580186 -0.42907671 0.32743073
v 0.00133389 -0.42187096 0.29465058
v -0.01797866 -0.42102796 0.29941586
v -0.01923846 -0.42266778 0.30277749
v -0.02412457 -0.41753244 0.30351450
v 0.01125545 -0.41906208 0.29383811
v 0.01156139 -0.42101470 0.29509868
v 0.01081449 -0.41689169 0.29277556
v 0.00801893 -0.41825436 0.29323313
v -0.02731042 -0.41179248 0.30319651
v 0.00441359 -0.41947458 0.29344121
v 0.01526781 -0.40061692 0.26986067
v 0.01655087 -0.40117506 0.26960527
v 0.01598865 -0.40206318 0.26988227
v 0.01462384 -0.40142051 0.27024977
v -0.03965595 -0.39538580 0.32342989
v -0.03730922 -0.39843491 0.31871473
v -0.03937368 -0.40193892 0.32739003
v -0.00431740 -0.43927459 0.33837350
v -0.01242055 -0.43728147 0.34004844
v -0.01083313 -0.43796424 0.32755255
v -0.00216384 -0.43937651 0.32666690
v -0.02295516 -0.41026870 0.29534122
v -0.02041188 -0.41388470 0.29499043
v -0.00776204 -0.43596068 0.31578074
v 0.00090083 -0.43652666 0.31469312
v -0.01971257 -0.43388978 0.32796435
v -0.01771796 -0.43381517 0.32263531
v -0.01362144 -0.43560044 0.32222232
v 0.01746779 -0.39805867 0.26960462
v 0.01739877 -0.39895117 0.26934487
v 0.00316989 -0.43194165 0.30625968
v -0.00607398 -0.43359763 0.30979782
v -0.00533167 -0.43212399 0.30709497
v -0.01214977 -0.40650047 0.28818294
v -0.00305787 -0.40550072 0.28527695
v -0.00504197 -0.40568401 0.28508468
v 0.00869500 -0.43577465 0.31470569
v -0.02838439 -0.42186105 0.31885144
v -0.03086942 -0.42272924 0.32713931
v -0.00044178 -0.40529576 0.28616274
v 0.01175987 -0.42224896 0.29633932
v -0.02078116 -0.42415122 0.30659272
v -0.02549335 -0.41845367 0.30723566
v -0.02150011 -0.40959059 0.29321347
v -0.01989114 -0.41205037 0.29309224
v 0.01439802 -0.39937975 0.27009947
v 0.01602637 -0.39956375 0.26968963
v 0.01385940 -0.39989322 0.27013007
v -0.01693103 -0.41925518 0.29655207
v -0.01591089 -0.41762889 0.29438782
v -0.00283798 -0.42726752 0.29953744
v 0.01578894 -0.39935584 0.27001728
v 0.00057135 -0.42068353 0.29378374
v -0.04402596 -0.39192764 0.33710539
v -0.04194157 -0.39807676 0.33256981
v -0.04138359 -0.40467467 0.33710796
v -0.04385313 -0.39855545 0.34345578
v -0.01399698 -0.42340181 0.29870462
v -0.01287966 -0.42132690 0.29596470
v 0.00634426 -0.43928394 0.32650696
v 0.01032137 -0.43114559 0.30622183
v -0.00670292 -0.43478064 0.31239120
v 0.01706190 -0.40000875 0.26937897
v -0.04332571 -0.37815768 0.33027806
v -0.04289081 -0.37730030 0.32801442
v -0.04220237 -0.37994357 0.32526189
v -0.04323874 -0.38247530 0.32998460
v -0.00896885 -0.42238442 0.29548133
v -0.00386238 -0.42253582 0.29501031
v -0.00610319 -0.42530636 0.29767587
v -0.01034837 -0.42462342 0.29811395
v -0.03177263 -0.41584668 0.31936391
v -0.02194386 -0.42604601 0.31121531
v -0.02759572 -0.41890433 0.31249669
v -0.00801785 -0.40588597 0.28546700
v 0.00374223 -0.44019218 0.33872120
v -0.04175462 -0.39231374 0.32829585
v -0.01326902 -0.43317689 0.31418429
v -0.01396177 -0.43219208 0.31236333
v -0.01021442 -0.43293888 0.31108944
v -0.01014724 -0.43397204 0.31332446
v -0.04162195 -0.38593706 0.32439753
v -0.04314830 -0.38902426 0.33164537
v -0.01515543 -0.42516284 0.30198637
v -0.04132448 -0.38211010 0.32203647
v 0.01265141 -0.39916653 0.27041495
v 0.01331974 -0.39880838 0.27044826
v -0.01338324 -0.43063941 0.30887413
v -0.00949326 -0.43145443 0.30795144
v -0.02874651 -0.41190975 0.30642300
v -0.01176834 -0.43467072 0.31660740
v -0.02861029 -0.42821774 0.33843736
v -0.03372115 -0.42231447 0.33646093
v -0.02161081 -0.43323524 0.34019704
v -0.03546129 -0.40046091 0.31441582
v 0.01336384 -0.40048414 0.27050423
v 0.01204513 -0.39965617 0.27068335
v -0.00715633 -0.42723022 0.30029985
v -0.01134604 -0.42650809 0.30118497
v 0.01010831 -0.40470728 0.28226686
v 0.01034500 -0.40401074 0.28066497
v 0.01152409 -0.40462737 0.28110522
v 0.01136978 -0.40529228 0.28285766
v 0.01061707 -0.39863142 0.27085886
v 0.00987760 -0.39716800 0.27077056
v 0.01091314 -0.39713970 0.27064955
v 0.01135300 -0.39832831 0.27063497
v 0.01276972 -0.39800535 0.27115149
v 0.01238830 -0.39736127 0.27157259
v -0.02970482 -0.37026210 0.28609863
v -0.02803945 -0.37051298 0.28270312
v -0.02861487 -0.37495689 0.28331002
v -0.03004051 -0.37455348 0.28652047
v -0.03203172 -0.36924400 0.29232964
v -0.03092917 -0.36980286 0.28917792
v -0.03109884 -0.37376809 0.28955427
v -0.03216226 -0.37300169 0.29260054
v 0.00972454 -0.36607371 0.25782139
v 0.00935276 -0.36843626 0.25669263
v 0.00657981 -0.36769757 0.25763880
v 0.00817971 -0.36489951 0.25884881
v 0.00310865 -0.39842596 0.27408445
v 0.00403149 -0.39648276 0.27250822
v 0.00654647 -0.39819923 0.27434896
v 0.00556497 -0.39993767 0.27598271
v -0.00423529 -0.43063545 0.30463935
v 0.00385645 -0.43038778 0.30409157
v -0.00823448 -0.38608136 0.26396794
v -0.01122534 -0.38792118 0.26604508
v -0.01276740 -0.38413534 0.26452479
v -0.00902911 -0.38329595 0.26266555
v -0.00858985 -0.38077439 0.26162485
v -0.01266564 -0.38085257 0.26325313
v -0.01071892 -0.37776582 0.26181633
v -0.00657878 -0.37821428 0.26095646
v 0.01171451 -0.42635741 0.30027158
v 0.01368989 -0.36513172 0.25801670
v 0.01232196 -0.36204659 0.26043069
v 0.01364222 -0.39684685 0.27188689
v 0.01454812 -0.39687947 0.27162337
v -0.00329707 -0.42855953 0.30147728
v 0.00463165 -0.42765922 0.30052512
v -0.03263865 -0.38582388 0.29595638
v -0.03105530 -0.39092426 0.29403688
v -0.03219234 -0.39140677 0.29729100
v -0.03390058 -0.38555798 0.29989468
v 0.00519175 -0.40148002 0.27805834
v 0.00478675 -0.40267695 0.27986202
v 0.00177124 -0.40141539 0.27774693
v 0.00240051 -0.40011683 0.27596858
v -0.03384169 -0.37135218 0.29654459
v -0.03386931 -0.37545281 0.29714020
v -0.03579538 -0.37335493 0.30167711
v -0.03553041 -0.36974383 0.30047827
v -0.00644645 -0.38943292 0.26606913
v -0.00912625 -0.39161428 0.26823846
v 0.01182463 -0.39724620 0.27084197
v 0.01220386 -0.39804521 0.27063553
v 0.01087102 -0.42959085 0.30403288
v -0.00422026 -0.39178039 0.26777779
v -0.00642161 -0.39454953 0.27025054
v 0.01130450 -0.42800019 0.30213943
v -0.00029740 -0.39877253 0.27404376
v 0.00066839 -0.39686831 0.27219570
v 0.01382759 -0.39625088 0.27114948
v 0.01302741 -0.39686138 0.27192758
v 0.01278642 -0.39637807 0.27113497
v 0.00426650 -0.42902821 0.30223856
v 0.01224325 -0.39666009 0.27096281
v 0.01262934 -0.39700194 0.27176303
v 0.01535381 -0.39627152 0.27086732
v -0.00088066 -0.42971034 0.30293894
v 0.01119499 -0.40202107 0.27671220
v 0.01033174 -0.40126951 0.27685500
v 0.01044342 -0.40107158 0.27586072
v 0.01117800 -0.40166506 0.27569794
v -0.03065395 -0.41495658 0.31501133
v 0.00901456 -0.39988080 0.27561128
v 0.00859975 -0.40018591 0.27621420
v -0.03207746 -0.37727915 0.29290658
v -0.03107983 -0.37591673 0.28964069
v -0.00324197 -0.39708532 0.27219158
v -0.00175474 -0.39490935 0.27023948
v -0.03009088 -0.37903950 0.28684867
v -0.02969483 -0.38323621 0.28701944
v -0.03193828 -0.38177169 0.29263441
v 0.01127868 -0.39635351 0.27075556
v 0.01195302 -0.39589055 0.27076311
v -0.03692754 -0.38273014 0.30776027
v -0.03648816 -0.37997134 0.30537718
v -0.03453662 -0.38665800 0.30219062
v -0.03510430 -0.38847736 0.30478501
v -0.01760822 -0.42904412 0.31006734
v -0.01656503 -0.42697598 0.30574521
v -0.01243331 -0.42851183 0.30483084
v -0.03355900 -0.37998420 0.29735791
v -0.03102761 -0.38659354 0.29179528
v -0.03602822 -0.37717550 0.30332987
v -0.00746830 -0.37440658 0.26165984
v -0.00401491 -0.37557284 0.26129517
v 0.00818753 -0.40165736 0.27786599
v -0.03372119 -0.36777833 0.29634832
v 0.01647282 -0.39704561 0.27056534
v 0.01716144 -0.39692176 0.27005442
v 0.01470033 -0.36852129 0.25609154
v -0.03542685 -0.36623299 0.30043345
v 0.00183631 -0.39466388 0.27055626
v 0.01328695 -0.39565073 0.27045989
v 0.01257856 -0.39465269 0.26964783
v 0.01439041 -0.39426868 0.26884733
v 0.01478765 -0.39539149 0.26995173
v -0.03205770 -0.41048042 0.31380620
v 0.01072537 -0.39519417 0.27087687
v -0.03029007 -0.41167758 0.31019432
v 0.01020397 -0.39610014 0.27095601
v 0.00809652 -0.40305257 0.27981854
v 0.00771662 -0.40379655 0.28129604
v 0.01621895 -0.39531008 0.26957046
v 0.01658596 -0.39606065 0.27008925
v -0.02894691 -0.38721406 0.28676201
v 0.01200312 -0.36863539 0.25624825
v 0.01136773 -0.36551953 0.25791610
v 0.00920730 -0.39987571 0.27527498
v 0.01061489 -0.40121594 0.27526894
v -0.00774606 -0.42939553 0.30376629
v 0.00994008 -0.39375960 0.27000847
v 0.01199708 -0.39322333 0.26860862
v -0.03001847 -0.37671359 0.28666153
v -0.02866269 -0.37712275 0.28344040
v -0.02736497 -0.37993401 0.28060101
v 0.01410270 -0.39304435 0.26758010
v 0.00997447 -0.36328562 0.25975967
v -0.00196744 -0.38952024 0.26616098
v -0.00015115 -0.39268675 0.26866167
v 0.01602714 -0.39407854 0.26840730
v -0.03168172 -0.40644207 0.30848619
v -0.03279277 -0.40189754 0.30739507
v -0.03158592 -0.40215135 0.30402635
v -0.03033316 -0.40680504 0.30514421
v -0.02598644 -0.40583623 0.29607960
v -0.02546928 -0.40809879 0.29710635
v -0.02725499 -0.40775962 0.29955059
v -0.02793335 -0.40492599 0.29822848
v 0.01129976 -0.39127316 0.26715609
v 0.01429432 -0.39176235 0.26625058
v -0.03395898 -0.40159297 0.31068659
v -0.03314928 -0.40591070 0.31227986
v -0.03455182 -0.39844943 0.30978346
v -0.03579823 -0.39650741 0.31200736
v -0.03546162 -0.39404090 0.30906435
v -0.03404774 -0.39755663 0.30737494
v -0.02534569 -0.39018136 0.28100368
v -0.02394703 -0.38720550 0.27699939
v -0.02058867 -0.39266137 0.27674998
v -0.02266504 -0.39411637 0.28031512
v -0.02981037 -0.40352774 0.30085162
v -0.02882545 -0.40731948 0.30220532
v -0.01971427 -0.39778163 0.28028798
v -0.01645351 -0.40041364 0.28057180
v -0.01974172 -0.40069022 0.28366978
v -0.02248841 -0.39829116 0.28384054
v -0.01759543 -0.40228003 0.28446661
v -0.01412780 -0.40216662 0.28197766
v -0.02710104 -0.38749573 0.28266564
v -0.02746218 -0.39109347 0.28556284
v -0.02602079 -0.40292258 0.29346873
v -0.02840716 -0.40097292 0.29538009
v -0.02821198 -0.40014295 0.29407948
v -0.02583781 -0.40228512 0.29246550
v -0.03544038 -0.39046500 0.30697401
v -0.03750034 -0.38603386 0.31120244
v -0.02953431 -0.39115895 0.29033478
v 0.00748933 -0.38686765 0.26495942
v 0.00995523 -0.38845369 0.26512122
v 0.00876923 -0.38931916 0.26648009
v 0.00655290 -0.38732975 0.26566369
v -0.02521485 -0.39497405 0.28441563
v -0.01289992 -0.40310774 0.28327729
v -0.01040100 -0.40228225 0.28055704
v -0.00972604 -0.40311270 0.28217699
v -0.02379302 -0.40810373 0.29495876
v -0.01199937 -0.40013970 0.27801956
v -0.01616104 -0.40322106 0.28520337
v -0.02012398 -0.40392118 0.28868771
v -0.02205901 -0.40288532 0.28896399
v -0.02043843 -0.40258520 0.28702154
v -0.01875967 -0.40361975 0.28728871
v -0.01706071 -0.39683439 0.27720047
v -0.02211422 -0.40561226 0.29219505
v -0.02398867 -0.40493781 0.29323286
v -0.02376741 -0.40408019 0.29215558
v -0.02174487 -0.40486644 0.29123453
v -0.02682557 -0.39890260 0.29035861
v -0.02432029 -0.40130158 0.28940486
v -0.02541027 -0.40185184 0.29141930
v -0.02786490 -0.39947127 0.29281589
v -0.03953739 -0.38811585 0.31877537
v -0.04043821 -0.38183286 0.31859780
v 0.01767293 -0.39078241 0.26389178
v -0.03298856 -0.39668787 0.30331194
v -0.03284437 -0.39416243 0.30089888
v -0.03062004 -0.39812780 0.29790538
v -0.03046985 -0.40028385 0.29942183
v 0.00793026 -0.38652373 0.26424219
v 0.00594246 -0.38483557 0.26465385
v 0.01547245 -0.39053098 0.26375870
v 0.01305388 -0.38944380 0.26378009
v 0.00695503 -0.39021461 0.26770937
v 0.00519321 -0.38810104 0.26646293
v -0.02838169 -0.40238651 0.29667734
v -0.02611046 -0.40396332 0.29472900
v 0.01259743 -0.38997219 0.26511364
v 0.01499222 -0.39095074 0.26485493
v -0.03901371 -0.38027366 0.31327567
v 0.01573326 -0.39730173 0.27127237
v 0.00875974 -0.39211688 0.26896847
v -0.00651767 -0.40167061 0.27849457
v -0.00657059 -0.40262702 0.28045406
v -0.02908379 -0.39539670 0.29203328
v -0.02757393 -0.39534201 0.28869839
v -0.02505712 -0.39861104 0.28734758
v -0.00305026 -0.40301292 0.28127261
v -0.00322028 -0.40334673 0.28236424
v -0.00643996 -0.40319267 0.28187195
v 0.00556086 -0.40424258 0.28556629
v 0.00477700 -0.40416558 0.28598137
v 0.00218087 -0.40383713 0.28506948
v 0.00264616 -0.40372274 0.28426834
v -0.03007819 -0.39591496 0.29486116
v -0.02713341 -0.38466683 0.28153871
v -0.02223359 -0.40661285 0.29284991
v -0.02407027 -0.40634129 0.29429109
v 0.01039463 -0.38798884 0.26389212
v -0.02248789 -0.40083561 0.28674467
v -0.03045201 -0.39687372 0.29641129
v -0.02206428 -0.40796464 0.29321159
v -0.02344095 -0.40368151 0.29134555
v -0.02134360 -0.40451572 0.29048001
v -0.03262211 -0.39256127 0.29909628
v -0.02304685 -0.40333675 0.29054962
v -0.03736472 -0.39325181 0.31527392
v -0.02095835 -0.40422637 0.28978557
v -0.03685062 -0.39138532 0.31228623
v 0.00447686 -0.38350823 0.26500055
v 0.00373948 -0.38235146 0.26528416
v 0.00990810 -0.39900501 0.27137234
v 0.01159523 -0.40015458 0.27125256
v 0.01115002 -0.40071587 0.27208950
v 0.00929451 -0.39946122 0.27228694
v -0.01636341 -0.40671486 0.29023896
v -0.01914461 -0.40630108 0.29103659
v -0.01878214 -0.40570315 0.29036966
v -0.01539920 -0.40641869 0.28982044
v -0.01866747 -0.40438605 0.28855677
v -0.01737873 -0.40416396 0.28752740
v 0.00908588 -0.39615467 0.27152894
v 0.00914068 -0.39529195 0.27138784
v 0.00837936 -0.39443222 0.27086325
v 0.01164830 -0.40198916 0.27512202
v 0.00417557 -0.39184024 0.26903616
v 0.00311375 -0.39274812 0.26945167
v 0.00156061 -0.39080665 0.26765779
v 0.00266731 -0.38990867 0.26729942
v 0.00298240 -0.38231900 0.26469040
v 0.00362254 -0.38224765 0.26420569
v 0.00426883 -0.38262463 0.26475858
v 0.00375481 -0.38228673 0.26535588
v 0.00693561 -0.39282527 0.26983472
v 0.00926806 -0.39993652 0.27467012
v 0.01074949 -0.40125066 0.27441476
v -0.00327002 -0.40364325 0.28319309
v -0.00317333 -0.40391652 0.28380182
v -0.00595064 -0.40386355 0.28359698
v -0.00627424 -0.40359300 0.28295024
v -0.00310559 -0.40445506 0.28448881
v -0.00040977 -0.40399274 0.28476134
v -0.00047440 -0.40457110 0.28550960
v -0.01456310 -0.40535797 0.28843062
v -0.01622130 -0.40472586 0.28808890
v -0.01416114 -0.40440378 0.28673647
v -0.01321996 -0.40513334 0.28738677
v 0.00486955 -0.38214777 0.26339170
v 0.00554653 -0.38294536 0.26387484
v 0.00538132 -0.39096565 0.26841220
v 0.00383748 -0.38901798 0.26692681
v -0.01049283 -0.40480991 0.28566860
v -0.01138549 -0.40409348 0.28511310
v -0.00887825 -0.40390863 0.28408643
v -0.00853754 -0.40460997 0.28478655
v -0.00133115 -0.38589483 0.26389303
v -0.00004510 -0.38527318 0.26388496
v 0.00075758 -0.38752681 0.26528836
v -0.00021776 -0.38807889 0.26547255
v -0.01715835 -0.40485109 0.28868580
v -0.01470115 -0.40561018 0.28886100
v -0.01518945 -0.40605291 0.28950466
v -0.01797850 -0.40513976 0.28931761
v 0.00656175 -0.38213842 0.26242524
v 0.00737621 -0.38343846 0.26272833
v 0.00603225 -0.40624087 0.29158531
v 0.00661081 -0.40545957 0.29099662
v 0.00966602 -0.38393322 0.26162350
v 0.00564981 -0.39344049 0.27039663
v 0.00467849 -0.39455913 0.27109601
v 0.01529308 -0.40693954 0.28386187
v 0.01561882 -0.40644891 0.28198776
v 0.00693150 -0.40776447 0.29194865
v 0.00753434 -0.40919721 0.29153222
v 0.00638298 -0.41023999 0.29179756
v 0.00788054 -0.40693106 0.29133860
v 0.00899841 -0.40790968 0.29061748
v 0.00353868 -0.41398234 0.29157658
v 0.00701042 -0.41229281 0.29161389
v 0.00731967 -0.41418815 0.29182582
v 0.00372746 -0.41592138 0.29184383
v 0.00304668 -0.40373811 0.28356344
v 0.00003105 -0.40350027 0.28327430
v 0.00029752 -0.40338012 0.28239759
v -0.02025912 -0.40533263 0.29066286
v -0.01985058 -0.40494951 0.28990863
v 0.01497702 -0.38415152 0.26094195
v 0.01205357 -0.38401606 0.26089120
v -0.02060017 -0.40601578 0.29149516
v -0.02065448 -0.40677091 0.29187876
v 0.00730663 -0.39507096 0.27186069
v 0.00667859 -0.39622616 0.27271131
v -0.01694249 -0.40712581 0.29046651
v -0.01926284 -0.40684000 0.29127908
v 0.00896947 -0.39741935 0.27152250
v 0.01409000 -0.40212681 0.27078954
v 0.01295356 -0.40107362 0.27107452
v -0.00557117 -0.40446146 0.28426796
v 0.00852730 -0.39888145 0.27438887
v 0.00832756 -0.39866264 0.27449959
v 0.01029187 -0.40267706 0.27862569
v 0.01132316 -0.40331292 0.27886839
v 0.00815911 -0.39603316 0.27244363
v 0.00847402 -0.39686890 0.27265996
v -0.02445780 -0.35084865 0.28749538
v -0.02047492 -0.35026520 0.28286942
v -0.02285588 -0.35464467 0.28277001
v -0.02605248 -0.35482145 0.28696418
v 0.00996491 -0.40665497 0.28906755
v 0.00887916 -0.40602784 0.28984563
v -0.01516829 -0.40386681 0.28605562
v 0.00846430 -0.39790615 0.27264585
v -0.00026623 -0.40371835 0.28407328
v 0.00365797 -0.41238955 0.29191397
v 0.01370219 -0.40271887 0.27155669
v 0.01263928 -0.40160471 0.27193590
v 0.00276523 -0.38169657 0.26359439
v 0.00385429 -0.38103934 0.26279703
v -0.01950276 -0.40470037 0.28942728
v 0.00288513 -0.38273888 0.26464754
v -0.01842254 -0.40540487 0.28983328
v -0.00931848 -0.40358239 0.28340203
v -0.01207037 -0.40368809 0.28437724
v 0.00233089 -0.38660925 0.26524528
v 0.01199372 -0.40211812 0.27420878
v -0.02042216 -0.40765535 0.29195137
v 0.00774900 -0.39715093 0.27340650
v 0.00787504 -0.39832352 0.27446066
v -0.01527890 -0.40624468 0.28967752
v 0.00570675 -0.40434783 0.28489608
v 0.01295611 -0.41147128 0.29131551
v -0.01691450 -0.40761578 0.29041682
v -0.01888053 -0.40769261 0.29117712
v 0.01501916 -0.40728103 0.28529951
v 0.01027554 -0.41454498 0.29210808
v 0.00937587 -0.41230574 0.29166193
v 0.01108016 -0.40948507 0.29019636
v 0.00015985 -0.41402340 0.29172329
v -0.00006672 -0.41518090 0.29157021
v 0.01635141 -0.39183905 0.26585854
v 0.01767242 -0.39158242 0.26608125
v 0.01749679 -0.39243048 0.26720824
v 0.01600599 -0.39288165 0.26709091
v 0.01244832 -0.40580678 0.28317218
v 0.01262664 -0.40500853 0.28110224
v 0.01383801 -0.40569398 0.28149518
v 0.01359130 -0.40640842 0.28345379
v 0.01237432 -0.40377519 0.27874377
v 0.01371714 -0.40471239 0.27899659
v 0.01298032 -0.40681565 0.28520027
v 0.00012828 -0.41880858 0.29262487
v 0.00393909 -0.41770603 0.29248056
v 0.01832470 -0.39798150 0.26939157
v 0.01837228 -0.39900619 0.26914780
v 0.01538436 -0.40303177 0.27047470
v 0.01737807 -0.40374226 0.27031935
v 0.01686188 -0.40487509 0.27129510
v 0.01487365 -0.40392587 0.27130307
v 0.01788685 -0.40248565 0.26968771
v 0.01752936 -0.39499482 0.26947991
v 0.01741380 -0.39365028 0.26842168
v 0.01829692 -0.40019783 0.26915037
v 0.01682424 -0.39122598 0.26477898
v 0.01807271 -0.39679611 0.26979728
v 0.00850352 -0.41078279 0.29141242
v -0.00764475 -0.41625436 0.29120330
v -0.00378216 -0.41584627 0.29131315
v -0.00399036 -0.41764271 0.29191781
v -0.00786112 -0.41802424 0.29205884
v 0.00990985 -0.40858418 0.29013239
v 0.01091489 -0.40732743 0.28857022
v -0.01841617 -0.40859987 0.29093986
v -0.01669748 -0.41046662 0.29045457
v -0.01841774 -0.41122373 0.29148990
v -0.01995247 -0.40881186 0.29181934
v 0.01778199 -0.39585866 0.26989576
v 0.01404688 -0.40434466 0.27657374
v 0.01626396 -0.40557036 0.27665288
v 0.01581973 -0.40577710 0.27934068
v -0.00393401 -0.41983265 0.29301733
v 0.01799353 -0.39099552 0.26509275
v 0.01833391 -0.39073174 0.26451286
v -0.01468874 -0.41649439 0.29255376
v -0.03428259 -0.36408000 0.29841528
v -0.03331486 -0.36503462 0.29582664
v -0.03499373 -0.36269744 0.30067866
v -0.03581896 -0.36385405 0.30192456
v -0.03864246 -0.36216448 0.30335721
v -0.03686254 -0.36225223 0.30368355
v -0.03689179 -0.36393682 0.30250530
v 0.01234083 -0.40297027 0.27637288
v -0.00011829 -0.41685690 0.29175440
v 0.00759684 -0.41627749 0.29238076
v -0.00742063 -0.41467463 0.29077302
v -0.00343472 -0.41456044 0.29135957
v 0.01216014 -0.40794989 0.28841104
v 0.01163959 -0.40618849 0.28527193
v -0.03552436 -0.36153091 0.30302249
v -0.03686254 -0.36225223 0.30368355
v -0.03843823 -0.36135025 0.30555662
v -0.03672667 -0.36094925 0.30661298
v -0.00817439 -0.42006683 0.29345789
v 0.01821545 -0.40145584 0.26933898
v -0.03552436 -0.36153091 0.30302249
v -0.01316445 -0.41328044 0.29019422
v -0.01074207 -0.41420026 0.29038729
v -0.01101271 -0.41597888 0.29119092
v -0.01383928 -0.41494627 0.29114405
v 0.01412805 -0.40845618 0.28877136
v -0.01140795 -0.41769249 0.29245310
v -0.01204515 -0.41937412 0.29389344
v -0.02632091 -0.37070923 0.27924915
v -0.02702232 -0.36589990 0.28224330
v -0.02500350 -0.36618964 0.27849736
v 0.01073978 -0.40574266 0.28497041
v 0.00397696 -0.37583252 0.26041584
v 0.00283937 -0.37341799 0.25943212
v 0.00618387 -0.37380152 0.25794395
v 0.00713134 -0.37625186 0.25951539
v 0.00876255 -0.40530347 0.28765999
v 0.00998738 -0.40600065 0.28724023
v 0.01469964 -0.37972306 0.26133897
v 0.01507797 -0.37800625 0.26078748
v 0.00057836 -0.38107677 0.26269642
v 0.00151340 -0.38024413 0.26256689
v 0.00153885 -0.38225889 0.26359195
v 0.01465862 -0.40766846 0.28685023
v 0.01121441 -0.40654274 0.28709842
v 0.01507309 -0.37475387 0.25715165
v 0.01519946 -0.37195541 0.25604745
v -0.03159161 -0.36208264 0.29263466
v -0.02989161 -0.36158976 0.28929486
v -0.03038474 -0.36567627 0.28886991
v -0.03174792 -0.36546628 0.29203496
v 0.00583920 -0.37084580 0.25741061
v 0.00097858 -0.36991892 0.25984084
v 0.00291782 -0.37967018 0.26224978
v 0.00031409 -0.37901840 0.26197628
v 0.00208556 -0.37815855 0.26177415
v 0.00923161 -0.37154391 0.25634423
v 0.00931462 -0.37432397 0.25693852
v 0.01390226 -0.38206302 0.26116396
v 0.01249535 -0.37745505 0.25984938
v 0.01173638 -0.37838252 0.26074679
v 0.01235183 -0.37188132 0.25588429
v 0.01219284 -0.37451975 0.25684798
v 0.00866949 -0.38243580 0.26161051
v -0.03367610 -0.36236639 0.29756767
v -0.03291270 -0.36250705 0.29559457
v -0.02559413 -0.36151609 0.28198922
v -0.02280099 -0.36223285 0.27749812
v 0.00421655 -0.40451598 0.28814822
v 0.00601050 -0.40459366 0.28848099
v -0.00421023 -0.38076859 0.26125296
v -0.00453501 -0.38234968 0.26177103
v -0.00045386 -0.37366723 0.26086272
v -0.00372077 -0.37148614 0.26167086
v -0.00462414 -0.38466473 0.26284879
v -0.00366202 -0.38727775 0.26445890
v -0.00045311 -0.38152618 0.26233356
v -0.00060978 -0.38222438 0.26251999
v -0.00204461 -0.38232692 0.26204287
v -0.00160028 -0.38111527 0.26184228
v -0.00077677 -0.38008777 0.26190946
v 0.00654760 -0.37911567 0.26124662
v 0.00740678 -0.38066205 0.26136158
v 0.00556951 -0.38107229 0.26203126
v 0.00462081 -0.37922631 0.26170120
v 0.00816290 -0.37933684 0.26098522
v 0.00936971 -0.38052428 0.26102571
v 0.00929315 -0.40517955 0.28466930
v 0.00189505 -0.40403940 0.28588955
v 0.00168387 -0.40445068 0.28654976
v 0.01051247 -0.37704856 0.25932307
v 0.00922846 -0.37739341 0.26012041
v 0.00445455 -0.40426389 0.28718719
v 0.00626705 -0.40435822 0.28679501
v 0.00678685 -0.40444994 0.28648055
v -0.03675944 -0.37563525 0.30493921
v -0.03640191 -0.37242249 0.30307890
v 0.01255490 -0.40717702 0.28678198
v -0.02798613 -0.36134065 0.28605082
v 0.01093154 -0.38247924 0.26102730
v 0.01231865 -0.37634235 0.25827340
v 0.01504051 -0.37657185 0.25877215
v -0.00200718 -0.38382692 0.26267924
v -0.00055209 -0.38347451 0.26298061
v 0.00967762 -0.37609022 0.25827785
v -0.03589279 -0.36595498 0.30139016
v -0.03475997 -0.35821795 0.30471841
v -0.03436704 -0.35961861 0.30131196
v 0.00158153 -0.38456334 0.26418411
v 0.00687539 -0.40480661 0.28823025
v -0.03604781 -0.36912418 0.30165745
v 0.00108007 -0.37615483 0.26128205
v -0.03436704 -0.35961861 0.30131196
v -0.03383427 -0.36090901 0.29871502
v -0.03806312 -0.37707325 0.30914712
v -0.03713623 -0.37709060 0.30637742
v 0.00789638 -0.35106690 0.26719434
v 0.00755495 -0.34884705 0.26751695
v 0.00937253 -0.35550146 0.26456791
v -0.02085724 -0.38132526 0.26989966
v -0.02444802 -0.38110070 0.27519610
v -0.02432990 -0.37635417 0.27416223
v -0.02036716 -0.37686413 0.26867793
v 0.00775882 -0.40547669 0.29055544
v 0.00753841 -0.40496168 0.28797546
v 0.00707226 -0.40620620 0.29150980
v 0.00418241 -0.37773373 0.26135075
v 0.00642819 -0.37778501 0.26090603
v -0.00477626 -0.36755828 0.26287685
v -0.00145028 -0.36321044 0.26289757
v 0.00295490 -0.36603620 0.25967452
v 0.00610226 -0.40445068 0.28423324
v 0.00733734 -0.40469475 0.28597447
v 0.00857327 -0.37841987 0.26089575
v 0.00391460 -0.38421351 0.26477272
v 0.00407704 -0.38383565 0.26484171
v 0.00547411 -0.38498005 0.26481572
v 0.00478779 -0.38533242 0.26506358
v 0.00126058 -0.38317927 0.26369531
v 0.01088270 -0.37981963 0.26092206
v -0.01842722 -0.37271917 0.26732868
v -0.02310721 -0.37178797 0.27337135
v -0.02116038 -0.36759156 0.27242469
v -0.01524259 -0.36853430 0.26654887
v 0.00212994 -0.35901982 0.26360445
v 0.00562820 -0.36262714 0.26088324
v 0.00705489 -0.40440284 0.28295664
v 0.00060985 -0.40305886 0.28126112
v 0.00122188 -0.40248294 0.27969595
v 0.00415816 -0.40338742 0.28155701
v 0.00347368 -0.40365898 0.28279489
v -0.01420664 -0.38961452 0.26884230
v -0.01615057 -0.38532101 0.26707692
v 0.00292509 -0.38402215 0.26456992
v -0.00296122 -0.37902124 0.26122368
v -0.00138613 -0.37744364 0.26151315
v 0.00568732 -0.35680396 0.26412633
v 0.00352085 -0.35223741 0.26708473
v -0.01812642 -0.36288915 0.27190863
v -0.02727972 -0.37534594 0.27979598
v -0.01155796 -0.36453220 0.26656760
v -0.00676518 -0.35937303 0.26713014
v -0.00182756 -0.35451231 0.26694469
v -0.01748854 -0.39124079 0.27247301
v -0.02000731 -0.38636470 0.27115899
v -0.00111684 -0.40033894 0.27583539
v 0.00375382 -0.38568119 0.26516719
v 0.01086461 -0.35879796 0.26241634
v -0.01305357 -0.35594031 0.27247438
v -0.00450323 -0.39889454 0.27407024
v -0.00824076 -0.39650863 0.27239056
v -0.00622188 -0.34939480 0.27157844
v 0.00796662 -0.36022169 0.26174711
v -0.01167683 -0.39348260 0.27059206
v -0.01670621 -0.38117429 0.26576268
v -0.01531157 -0.37735564 0.26420023
v -0.00558590 -0.40050643 0.27610274
v -0.01004998 -0.39844343 0.27488450
v -0.01876378 -0.35506059 0.27788950
v -0.01531489 -0.34939953 0.27826059
v -0.00189558 -0.40162447 0.27791358
v -0.01226543 -0.37363993 0.26292909
v -0.01435146 -0.39520794 0.27360783
v 0.00260738 -0.34865605 0.26850426
v -0.00829931 -0.36991000 0.26299808
v -0.03750605 -0.36060157 0.31154508
v -0.03991477 -0.36031153 0.31680318
v -0.03637907 -0.35469953 0.31444391
v -0.03540631 -0.35676423 0.30928956
v -0.04423742 -0.38063680 0.31934196
v -0.04601225 -0.38161597 0.32282107
v -0.04609990 -0.37934331 0.32216203
v -0.04473380 -0.37886117 0.31934421
v 0.01321229 -0.40327904 0.27414221
v 0.01455475 -0.40464264 0.27441836
v 0.00819011 -0.39772185 0.27367969
v 0.01468118 -0.40446646 0.27269135
v 0.01344244 -0.40317100 0.27274755
v 0.01229780 -0.40198374 0.27305259
v 0.01088074 -0.40103794 0.27322865
v -0.03266026 -0.35949852 0.29666008
v -0.03072610 -0.35747496 0.29361696
v -0.03267128 -0.35707483 0.29884897
v -0.03048348 -0.35445606 0.29548946
v -0.05213803 -0.36111846 0.31934957
v -0.05252638 -0.36036813 0.31993313
v -0.05028500 -0.35856665 0.31555758
v -0.05001094 -0.35964327 0.31528327
v 0.01660710 -0.40549338 0.27273941
v -0.00888712 -0.32546564 0.34337173
v -0.01381458 -0.32675592 0.34220663
v -0.01349871 -0.32753760 0.34609334
v -0.00946910 -0.32658632 0.34690469
v 0.00916882 -0.39977936 0.27357101
v 0.00851157 -0.39844785 0.27376833
v -0.04647118 -0.36086529 0.31160061
v -0.04475334 -0.36180758 0.30892235
v -0.04439162 -0.36409827 0.30992343
v -0.04604520 -0.36332734 0.31204335
v -0.04660572 -0.38919983 0.35164051
v -0.04568807 -0.38097720 0.34160059
v -0.04908118 -0.36013808 0.31560324
v -0.04830412 -0.36269781 0.31501975
v -0.00267993 -0.40248218 0.27986355
v -0.04560909 -0.37819005 0.32734762
v -0.04692770 -0.38017117 0.32829957
v -0.04440962 -0.38226906 0.32375978
v -0.04344036 -0.38028220 0.32390449
v -0.04896840 -0.38019624 0.32719479
v -0.04889671 -0.37772355 0.32583243
v -0.04148560 -0.37995033 0.32102299
v -0.04299737 -0.38165835 0.32011787
v -0.04438288 -0.36345720 0.31355670
v -0.04635822 -0.36314011 0.31609153
v 0.01646607 -0.40567185 0.27443178
v -0.02857179 -0.35562307 0.29060733
v -0.02794760 -0.35219544 0.29194903
v -0.03318385 -0.35509054 0.30158393
v -0.03104454 -0.35210638 0.29739419
v -0.03071975 -0.35331624 0.29652518
v -0.03286926 -0.35611252 0.30025288
v -0.04811832 -0.37759593 0.32667159
v -0.04497223 -0.37769544 0.32305328
v -0.04271952 -0.36433741 0.31165215
v -0.04944715 -0.35764669 0.31634916
v -0.04577088 -0.35734117 0.31070230
v -0.04680882 -0.35820267 0.31042112
v -0.01757764 -0.32982455 0.34925512
v -0.02475939 -0.33314631 0.34868882
v -0.02574628 -0.33512334 0.35714023
v -0.01961322 -0.33252566 0.35892874
v -0.03676926 -0.36991614 0.31138586
v -0.03777992 -0.36998272 0.31208295
v -0.03747793 -0.36934766 0.31242549
v -0.03655831 -0.36896540 0.31192733
v -0.05004349 -0.36338441 0.31825032
v -0.05085402 -0.36148968 0.31937582
v -0.00996549 -0.32734741 0.34977861
v -0.03539503 -0.34196325 0.33991245
v -0.03845480 -0.34911600 0.33059266
v -0.04119636 -0.35247743 0.33756254
v -0.03819082 -0.34470554 0.34764133
v -0.04416931 -0.37650255 0.32046906
v -0.04752001 -0.36379764 0.31880878
v -0.04319918 -0.36377208 0.31482362
v -0.04514209 -0.36431871 0.31677922
v -0.04612546 -0.36481345 0.31899697
v -0.05201728 -0.35946297 0.32080696
v -0.03364843 -0.35742108 0.30158777
v -0.03267128 -0.35707483 0.29884897
v -0.04192355 -0.36064944 0.32855406
v -0.03936981 -0.35732793 0.32193661
v -0.04108099 -0.36034902 0.32238505
v -0.04256137 -0.36243273 0.32650857
v -0.04248581 -0.36592112 0.31469183
v -0.04438590 -0.36630317 0.31658661
v -0.04153489 -0.36418456 0.31293908
v -0.04095419 -0.36593748 0.31330474
v -0.03049180 -0.33698821 0.34670421
v -0.03237129 -0.33899236 0.35436040
v -0.04689139 -0.35953226 0.31057843
v -0.03409976 -0.35250357 0.30500464
v -0.03486082 -0.34893256 0.30974674
v -0.03342360 -0.34505275 0.30295098
v -0.03206554 -0.34881967 0.29935950
v -0.05148887 -0.37620158 0.33066774
v -0.04912861 -0.37609200 0.33143662
v -0.05042044 -0.37266263 0.33218956
v -0.05261963 -0.37310866 0.33104526
v -0.03864246 -0.36216448 0.30335721
v -0.03890101 -0.36115195 0.30227153
v -0.04041889 -0.35909436 0.30450372
v -0.03997805 -0.36047831 0.30513920
v -0.01938473 -0.32919443 0.34124474
v -0.02920844 -0.33537473 0.34017120
v -0.03224454 -0.33878698 0.33268873
v -0.04363353 -0.35784856 0.30728990
v -0.04482844 -0.35874829 0.30730670
v -0.02110237 -0.32857863 0.33402304
v -0.01443105 -0.32567714 0.33681957
v -0.01686674 -0.32164101 0.33398864
v -0.02498056 -0.32497794 0.32935420
v -0.03865070 -0.36884464 0.31253508
v -0.03745671 -0.36826742 0.31192837
v -0.03883197 -0.36354939 0.30067471
v -0.03772375 -0.36358932 0.30169416
v -0.03673399 -0.36577668 0.30212658
v -0.03799916 -0.36579770 0.30169038
v -0.04115424 -0.36967825 0.31129351
v -0.04117493 -0.37138182 0.31278067
v -0.04014761 -0.37046258 0.31204064
v -0.03959311 -0.36965963 0.31122784
v -0.04219796 -0.36040230 0.31141630
v -0.04435206 -0.36016670 0.31592811
v -0.04198159 -0.36037059 0.31635931
v -0.03969197 -0.36093527 0.31186611
v -0.04132448 -0.38211010 0.32203647
v -0.04220237 -0.37994357 0.32526189
v -0.04244983 -0.37850683 0.32358600
v -0.04157568 -0.38007400 0.32202194
v -0.04688545 -0.36686462 0.32781273
v -0.04684099 -0.36322415 0.32506705
v -0.04891543 -0.36328495 0.32478361
v -0.04898925 -0.36709689 0.32787519
v -0.04166545 -0.35936813 0.30801332
v -0.04023025 -0.36060923 0.30835247
v -0.03843823 -0.36135025 0.30555662
v -0.03925382 -0.37002732 0.31205811
v -0.04043821 -0.38183286 0.31859780
v -0.05345361 -0.36212272 0.32482255
v -0.05356374 -0.36300263 0.32363174
v -0.05320595 -0.36809975 0.32658254
v -0.05366808 -0.36744465 0.32893283
v -0.04178116 -0.38002283 0.31708500
v -0.04587390 -0.36087109 0.32089783
v -0.04360204 -0.36076599 0.32143043
v -0.04815040 -0.37146388 0.32955806
v -0.04721840 -0.37454998 0.32951207
v -0.03808316 -0.37012907 0.31090469
v -0.04785877 -0.35809801 0.31636309
v -0.04453719 -0.35744642 0.31113281
v -0.03811542 -0.37040325 0.30540899
v -0.03931759 -0.36951101 0.30609291
v -0.03900401 -0.36751423 0.30394439
v -0.03761995 -0.36802233 0.30338472
v -0.04311853 -0.37862327 0.31674804
v -0.03601310 -0.36846576 0.31061034
v -0.03599237 -0.36889571 0.31093021
v -0.04113505 -0.36438145 0.30320693
v -0.04147479 -0.36535365 0.30501735
v -0.04237655 -0.36397517 0.30574670
v -0.04219280 -0.36252934 0.30416634
v -0.04403523 -0.37670032 0.32662189
v -0.04173295 -0.35903958 0.30410135
v -0.04311275 -0.35991463 0.30448250
v -0.04237009 -0.35789827 0.30766769
v -0.04381553 -0.35890206 0.31121300
v -0.04019295 -0.36091868 0.30160922
v -0.04011096 -0.36801584 0.31320023
v -0.03879032 -0.36756626 0.31182612
v -0.04762382 -0.37669476 0.32670554
v -0.04549040 -0.37672858 0.32384551
v -0.03686254 -0.36225223 0.30368355
v -0.03554219 -0.34578411 0.32307337
v -0.04223691 -0.36808142 0.31448340
v -0.02546476 -0.33256705 0.33971283
v -0.02864334 -0.33420772 0.32975519
v -0.05239772 -0.37288909 0.32905899
v -0.05134635 -0.37534506 0.32847233
v -0.04989472 -0.35984711 0.32092033
v -0.03662171 -0.36856714 0.30280215
v -0.03713493 -0.37148515 0.30442840
v -0.03901371 -0.38027366 0.31327567
v -0.04058636 -0.37649029 0.31357937
v -0.04670969 -0.35921692 0.31600929
v -0.05069894 -0.37481826 0.32780534
v -0.04289081 -0.37730030 0.32801442
v -0.03763918 -0.37395089 0.30650836
v -0.03806312 -0.37707325 0.30914712
v -0.03944216 -0.37416260 0.31020515
v -0.03865582 -0.37259527 0.30760437
v -0.04810392 -0.36066370 0.32058881
v -0.03159667 -0.35057445 0.29846514
v -0.03364110 -0.35380502 0.30329286
v -0.04489468 -0.36017064 0.30795398
v -0.00816452 -0.32416442 0.33904447
v -0.05110025 -0.36232147 0.32560864
v -0.05121925 -0.36695237 0.32993021
v -0.05175369 -0.36364315 0.32245452
v -0.05316946 -0.36346076 0.32302412
v -0.04017873 -0.37099825 0.30823261
v -0.04955835 -0.37444819 0.32835013
v -0.04841966 -0.37376501 0.32656982
v -0.04745786 -0.37560161 0.32616262
v -0.04479175 -0.36302434 0.32562050
v -0.03408401 -0.34199116 0.31830142
v -0.04064176 -0.37230834 0.31021966
v -0.04090448 -0.37359239 0.31213166
v -0.04136703 -0.37242090 0.31245209
v -0.04146460 -0.37111102 0.31059838
v -0.03689179 -0.36393682 0.30250530
v -0.04627847 -0.37067089 0.32894508
v -0.03841971 -0.36101452 0.30830938
v -0.03672667 -0.36094925 0.30661298
v -0.03170235 -0.33092573 0.32213371
v -0.03407837 -0.33870562 0.31091901
v -0.05041895 -0.37174713 0.32828341
v -0.04925208 -0.37142393 0.32586746
v -0.04345160 -0.36848838 0.31647754
v -0.04036337 -0.36565090 0.30321653
v -0.03944059 -0.36580074 0.30225090
v -0.04030846 -0.36696333 0.30503126
v -0.05138733 -0.36741480 0.32596700
v -0.05005235 -0.36845953 0.32306573
v -0.05261277 -0.36798304 0.32615823
v -0.04183879 -0.37534018 0.31466296
v -0.03429552 -0.35551773 0.30512405
v -0.03381920 -0.35641691 0.30294716
v -0.00846589 -0.31871461 0.33626349
v -0.04331542 -0.36117817 0.30577911
v -0.04339883 -0.36278118 0.30699468
v -0.03728359 -0.36757360 0.30828402
v -0.03973134 -0.36632693 0.31143841
v -0.04033904 -0.36527939 0.31084846
v -0.03928140 -0.36585738 0.30767780
v -0.04510886 -0.36621579 0.32041072
v -0.04651793 -0.36554641 0.32077333
v -0.04430015 -0.36628631 0.31947333
v -0.04356409 -0.37699126 0.31726074
v -0.04243619 -0.37386073 0.31579406
v -0.04012252 -0.36814280 0.30982191
v -0.04132777 -0.36924801 0.30891313
v -0.04059502 -0.37032701 0.31265790
v -0.04156600 -0.37083515 0.31345386
v -0.03994605 -0.36828674 0.30696071
v -0.04505822 -0.37060801 0.32096776
v -0.04478647 -0.37230404 0.31960549
v -0.04599782 -0.37229577 0.32061680
v -0.04673585 -0.37068733 0.32033983
v -0.05156946 -0.37247552 0.32834878
v -0.04768739 -0.37110095 0.32324507
v -0.04659501 -0.37293346 0.32374744
v -0.04489394 -0.36734582 0.32092010
v -0.04365906 -0.36849844 0.32037945
v -0.04250101 -0.37180620 0.31592681
v -0.04158807 -0.36522270 0.30978350
v -0.04133313 -0.36599069 0.30738718
v -0.04168499 -0.36986954 0.31379022
v -0.04032980 -0.36965698 0.31279977
v -0.03633591 -0.36956238 0.31065793
v -0.03676858 -0.36965416 0.31003561
v -0.04207613 -0.37237569 0.31965935
v -0.04264309 -0.37050810 0.32007354
v -0.04273988 -0.37038188 0.31634126
v -0.04502750 -0.37466350 0.32153043
v -0.04576400 -0.37516125 0.32369448
v -0.04033844 -0.36398187 0.30153757
v -0.04152561 -0.36170606 0.30244675
v -0.02325621 -0.34969961 0.38493041
v -0.02242251 -0.34153624 0.37590414
v -0.02955629 -0.34446236 0.37378391
v -0.03056015 -0.35240128 0.38182778
v -0.04817849 -0.36506785 0.32054813
v -0.05068610 -0.36485405 0.32065425
v -0.04205443 -0.35400519 0.36197563
v -0.03572130 -0.34792237 0.36953944
v -0.03421447 -0.34246516 0.36216077
v -0.04070595 -0.34865019 0.35507803
v -0.04518991 -0.36275615 0.34943692
v -0.04353243 -0.35724030 0.34338295
v -0.04557418 -0.36899343 0.32174214
v -0.04646944 -0.36703522 0.32166850
v -0.04346574 -0.37587672 0.31874812
v -0.04463550 -0.37434344 0.31969370
v -0.04219826 -0.37418520 0.31920123
v -0.03603516 -0.36789997 0.30978559
v -0.04313102 -0.36503399 0.30849888
v -0.04848169 -0.36978494 0.32233631
v -0.04722289 -0.36908708 0.32096248
v -0.04809837 -0.36715918 0.32132281
v -0.02096325 -0.33612765 0.36715009
v -0.02780984 -0.33868884 0.36524693
v -0.03830365 -0.36918922 0.30978102
v -0.04240020 -0.36532905 0.30713113
v -0.01468820 -0.34784299 0.38722296
v -0.01402660 -0.33940913 0.37772115
v -0.02295689 -0.36103584 0.39169358
v -0.03086943 -0.36332764 0.38810477
v 0.00614159 -0.35981903 0.30046868
v 0.00320735 -0.36115991 0.29937471
v 0.00220352 -0.35416796 0.30013591
v 0.00498568 -0.35357482 0.30097873
v 0.00493242 -0.36009843 0.29459739
v 0.00505318 -0.35890833 0.29570903
v 0.00585456 -0.35812082 0.29481511
v 0.00593186 -0.35869233 0.29394829
v -0.00222533 -0.37590888 0.27216854
v -0.00471173 -0.37022659 0.27853415
v -0.00608537 -0.37202264 0.28278373
v -0.00253453 -0.37702496 0.27270740
v 0.00242911 -0.33334897 0.29730206
v 0.00380217 -0.34368284 0.29889283
v 0.00142226 -0.34407866 0.29838296
v 0.00031320 -0.33384399 0.29681513
v -0.00403732 -0.33670022 0.29507456
v -0.00238510 -0.33475264 0.29608482
v -0.00111262 -0.34459118 0.29766505
v -0.00353189 -0.34518348 0.29602183
v 0.00653483 -0.36022865 0.29897906
v 0.00450255 -0.36095078 0.29764935
v -0.00457905 -0.35541123 0.29568779
v -0.00619532 -0.35627456 0.29159349
v -0.00449491 -0.34640045 0.29313391
v -0.00027274 -0.36933213 0.29467388
v 0.00176069 -0.37652426 0.28701488
v -0.00451582 -0.37413704 0.28481144
v -0.00555056 -0.36482392 0.29308949
v 0.01194911 -0.36122688 0.27482349
v 0.00873768 -0.35343539 0.28364107
v 0.00246198 -0.35498508 0.28288049
v 0.00464004 -0.36506536 0.27292374
v -0.00740744 -0.36361227 0.28853221
v -0.00612439 -0.36417119 0.28413604
v 0.01554231 -0.38348870 0.26838818
v 0.01445704 -0.38497568 0.27157758
v -0.00432625 -0.33738112 0.29302103
v 0.00657099 -0.35917243 0.29767485
v 0.00670261 -0.35810081 0.29656667
v 0.00488941 -0.36004293 0.29661964
v -0.00338281 -0.33928118 0.29114680
v -0.00394028 -0.34900649 0.29008520
v -0.00171297 -0.35129261 0.28661184
v -0.00063487 -0.34002239 0.28933552
v 0.00656022 -0.35951529 0.29345160
v 0.00614042 -0.36115515 0.29386766
v 0.00670416 -0.38414773 0.27579182
v -0.00003768 -0.38145593 0.27508622
v 0.01170058 -0.38407035 0.26944136
v 0.01258640 -0.38318020 0.26788932
v 0.01059433 -0.38278885 0.26760939
v 0.00917352 -0.38361919 0.26996855
v -0.04648281 -0.37009454 0.35641310
v -0.04285091 -0.36095166 0.36887439
v 0.00337091 -0.36429887 0.29800924
v 0.00436817 -0.36280813 0.29658408
v 0.00604940 -0.38070551 0.26678654
v 0.00498981 -0.38054922 0.26745970
v 0.00652226 -0.38121297 0.26734983
v 0.00760425 -0.38080196 0.26662477
v 0.01459074 -0.38208766 0.26687863
v 0.01410531 -0.38340826 0.26813963
v 0.01585685 -0.38219469 0.26703716
v 0.00839581 -0.38208212 0.26749202
v 0.00934390 -0.38114119 0.26654210
v 0.01247001 -0.38470791 0.27066305
v 0.01001887 -0.37271375 0.26655741
v 0.01502466 -0.37058788 0.26783226
v 0.00411517 -0.37541678 0.26599402
v 0.00814839 -0.37588484 0.26494745
v -0.00087781 -0.35485925 0.29808658
v 0.00568639 -0.36446403 0.29646402
v 0.00475048 -0.36840434 0.29685259
v -0.00561776 -0.35761980 0.28764060
v -0.00382549 -0.35703771 0.28546772
v -0.00311563 -0.36035606 0.28155164
v 0.00480831 -0.36142820 0.29550339
v 0.00732411 -0.37660006 0.28886134
v 0.01126827 -0.38150128 0.26659230
v 0.00587521 -0.38289702 0.26953422
v 0.00381068 -0.38142644 0.26853628
v -0.04711628 -0.37922592 0.36355315
v 0.01126980 -0.38321856 0.27820411
v 0.00236699 -0.34089304 0.28915845
v 0.00522965 -0.34025495 0.28969795
v 0.00051469 -0.36518983 0.29724941
v 0.00601912 -0.36268995 0.29495202
v -0.01428962 -0.35898237 0.39390940
v 0.00356132 -0.38007371 0.26745906
v 0.00038123 -0.37927360 0.26880709
v 0.00344201 -0.38047224 0.26800906
v 0.00020937 -0.37479907 0.26970822
v -0.00136532 -0.36726185 0.27556422
v -0.00112179 -0.36225051 0.29809462
v -0.04356606 -0.37072406 0.37432730
v -0.03755189 -0.36579812 0.38258424
v -0.03648537 -0.35532584 0.37687080
v 0.00503635 -0.38069548 0.26681358
v 0.00834946 -0.38045911 0.26416901
v 0.00505012 -0.37987380 0.26528097
v 0.00733026 -0.38099720 0.26472972
v 0.01077692 -0.38017002 0.26376750
v 0.00236826 -0.37919543 0.26676649
v 0.00016298 -0.37895400 0.26855258
v 0.00289318 -0.38001219 0.26714104
v 0.01408610 -0.37955428 0.26400163
v 0.01719399 -0.37974955 0.26485232
v 0.00447824 -0.38058679 0.26666866
v 0.00631074 -0.38149333 0.26562470
v 0.00815999 -0.38236449 0.26502808
v 0.01016147 -0.38300009 0.26473518
v 0.01248012 -0.38322764 0.26466547
v 0.01500325 -0.38278088 0.26488698
v 0.00453195 -0.38065427 0.26640235
v 0.01754385 -0.38252525 0.26537607
v 0.01092849 -0.38449601 0.26533380
v 0.01316586 -0.38484907 0.26527539
v 0.01554189 -0.38500446 0.26538064
v 0.01786975 -0.38491022 0.26570163
v 0.00881237 -0.38362302 0.26541073
v 0.00704412 -0.38244504 0.26579504
v 0.00557339 -0.38135407 0.26629581
v -0.04342256 -0.37097629 0.33004459
v -0.04392141 -0.37164261 0.33406333
v -0.04331281 -0.36529197 0.33173305
v -0.04358734 -0.36676697 0.32946076
v -0.04546190 -0.37348190 0.32880647
v -0.04342256 -0.37097629 0.33004459
v -0.04510620 -0.36681897 0.32821516
v -0.04461935 -0.37102147 0.32887163
v 0.01316152 -0.38179786 0.26681498
v 0.01316152 -0.38179786 0.26681498
v -0.01182411 -0.33089264 0.36105911
v -0.01290030 -0.33421450 0.36855802
v 0.00461547 -0.33751732 0.29042925
v 0.00096951 -0.33728040 0.29009334
v -0.00202774 -0.33768160 0.28974673
v -0.03673399 -0.36577668 0.30212658
v -0.03772375 -0.36358932 0.30169416
v -0.03991477 -0.36031153 0.31680318
v -0.03750605 -0.36060157 0.31154508
v -0.04108099 -0.36034902 0.32238505
v -0.04256137 -0.36243273 0.32650857
v -0.04358734 -0.36676697 0.32946076
v -0.00928033 -0.39670177 0.28532782
v -0.01079952 -0.40132332 0.28686241
v -0.00942799 -0.40500843 0.28720332
v -0.00814515 -0.40473614 0.28653243
v -0.00028744 -0.40406209 0.28719246
v -0.00170529 -0.39453725 0.28688910
v -0.00455922 -0.39436608 0.28589045
v -0.00318863 -0.40430106 0.28618219
v -0.01224567 -0.40675788 0.29038224
v -0.01553633 -0.40661748 0.29407243
v -0.01446572 -0.41069854 0.29678284
v -0.01076859 -0.40887084 0.29055489
v -0.01193253 -0.41331772 0.30005505
v -0.00933823 -0.41316965 0.29490526
v -0.01242441 -0.41078367 0.29383556
v 0.00121007 -0.40389050 0.28824763
v 0.00115079 -0.39477991 0.28880830
v 0.00377441 -0.40351279 0.29064304
v 0.00432440 -0.39641702 0.29158835
v 0.00622941 -0.40364163 0.29241947
v 0.00787195 -0.40025948 0.29539182
v 0.00689652 -0.40612082 0.30065938
v 0.00503032 -0.40509149 0.29292621
v 0.00349703 -0.40704168 0.29260831
v 0.00392321 -0.41037881 0.30223186
v -0.00646463 -0.39490105 0.28539068
v -0.00501211 -0.40442600 0.28598885
v 0.00844550 -0.40334216 0.29880695
v 0.00614511 -0.40405457 0.29281305
v 0.00787195 -0.40025948 0.29539182
v 0.00622941 -0.40364163 0.29241947
v -0.00495107 -0.40551281 0.31165631
v -0.00293755 -0.41415770 0.30308713
v -0.01165813 -0.40669831 0.30919476
v -0.01093703 -0.38966727 0.29062446
v -0.01621844 -0.39521558 0.29257407
v -0.00603569 -0.38744845 0.29498119
v -0.00696677 -0.38683304 0.29425226
v -0.01422450 -0.40605464 0.30449484
v -0.01617786 -0.40516992 0.30148424
v -0.00194698 -0.38752211 0.29792531
v 0.00173193 -0.38915138 0.30026722
v 0.00445379 -0.39319072 0.30410721
v 0.00085366 -0.40345889 0.31064178
v 0.00335774 -0.40089950 0.30947241
v -0.00811757 -0.38738189 0.29306377
v 0.00495774 -0.39759874 0.30722493
v -0.01199505 -0.39277158 0.30192791
v -0.00702508 -0.38716494 0.30264700
v -0.00782499 -0.38766996 0.30624908
v -0.00026735 -0.38934063 0.30817812
v -0.00853805 -0.39626631 0.31090942
v -0.01353407 -0.39703637 0.30836295
v -0.00914388 -0.39448212 0.31305464
v -0.00042663 -0.39463894 0.31249254
v 0.00117846 -0.40964367 0.29240983
v -0.00508550 -0.41165533 0.29128375
v -0.00465375 -0.41322819 0.29655169
v -0.00158409 -0.41169207 0.29199036
v -0.01195013 -0.40538685 0.28966245
v -0.01449181 -0.40334476 0.29184268
v -0.01741473 -0.39975280 0.29607255
v -0.01535484 -0.39700160 0.30257600
v -0.01519833 -0.40007508 0.30507654
v 0.00440821 -0.40448073 0.29028685
v 0.00390757 -0.40506281 0.29039762
v 0.00368360 -0.40459815 0.28994017
v 0.00434000 -0.40407602 0.28996675
v 0.00404913 -0.40375951 0.28973890
v 0.00349314 -0.40402378 0.28952528
v 0.00343367 -0.40323097 0.28926039
v 0.00412356 -0.40331708 0.28972027
v 0.00340171 -0.40267440 0.28954033
v 0.00417173 -0.40295020 0.28992890
v 0.00239915 -0.40380897 0.29018890
v 0.00264054 -0.40284485 0.28976600
v 0.00260913 -0.40344279 0.28935558
v 0.00261548 -0.40409099 0.28987611
v 0.00276875 -0.40488300 0.29028830
v 0.00255546 -0.40484762 0.29084466
v 0.00313929 -0.40572558 0.29062013
v 0.00272395 -0.40580806 0.29157471
v 0.00333371 -0.40630404 0.29128244
v 0.00307469 -0.40624959 0.29186030
v 0.00421918 -0.40534722 0.29094443
v 0.00421033 -0.40550163 0.29194598
v 0.00479281 -0.40456789 0.29025607
v 0.00545526 -0.40421702 0.29106502
v 0.00398860 -0.40463029 0.29214542
v 0.00535074 -0.40374503 0.29142588
v 0.00303873 -0.40500999 0.29235622
v 0.00295931 -0.40506859 0.29218994
v 0.00275092 -0.40436212 0.29158561
v 0.00274402 -0.40332344 0.29084924
v 0.00298269 -0.40276601 0.29034072
v 0.00323707 -0.40277891 0.29048193
v 0.00404860 -0.40301815 0.29090899
v 0.00479798 -0.40374822 0.28989224
v 0.00547108 -0.40356155 0.29061991
v 0.00524412 -0.40336169 0.29091705
v -0.03763918 -0.37395089 0.30650836
v -0.03713493 -0.37148515 0.30442840
v -0.03662171 -0.36856714 0.30280215
v -0.01553633 -0.40661748 0.29407243
v -0.01224567 -0.40675788 0.29038224
v -0.00542900 -0.41260378 0.29077245
v -0.00953593 -0.41014552 0.29085993
v -0.02890826 -0.36586086 0.28574682
v -0.01542525 -0.43339447 0.31730672
v -0.03048348 -0.35445606 0.29548946
vt 0.52389097 0.73671198
vt 0.52478403 0.73712999
vt 0.52549601 0.73537898
vt 0.52380300 0.73550498
vt 0.51682502 0.73286301
vt 0.51474297 0.73381501
vt 0.51624101 0.73698699
vt 0.51800501 0.73520201
vt 0.52024603 0.73196602
vt 0.52139699 0.73372602
vt 0.52331001 0.73272598
vt 0.52062201 0.73073304
vt 0.52366900 0.73840100
vt 0.52300799 0.73735702
vt 0.51430303 0.73271501
vt 0.51271200 0.73271000
vt 0.51245999 0.73525596
vt 0.51716799 0.72922397
vt 0.51402301 0.73106200
vt 0.51560998 0.73184901
vt 0.51802403 0.73056304
vt 0.51971102 0.73452997
vt 0.51874298 0.73248500
vt 0.52221799 0.73968399
vt 0.52164698 0.73803198
vt 0.51501298 0.73915201
vt 0.51956302 0.74026000
vt 0.51969898 0.73876297
vt 0.51977301 0.73705000
vt 0.52097797 0.72912401
vt 0.52095598 0.73631799
vt 0.52244198 0.73591602
vt 0.52473700 0.73187196
vt 0.55737603 0.79793400
vt 0.55659598 0.79327399
vt 0.55410701 0.79365999
vt 0.55455500 0.79768002
vt 0.52089500 0.81327403
vt 0.51997298 0.80939901
vt 0.50932801 0.81008899
vt 0.50998598 0.81478900
vt 0.54678398 0.79907000
vt 0.54645097 0.79620099
vt 0.54105097 0.79561299
vt 0.54064602 0.79980201
vt 0.54698700 0.78056300
vt 0.54452997 0.78229600
vt 0.55194700 0.78704500
vt 0.55449802 0.78617698
vt 0.54547799 0.79427898
vt 0.54845798 0.79507601
vt 0.54993898 0.79473901
vt 0.54611498 0.79216003
vt 0.51719600 0.78517103
vt 0.51091301 0.78491497
vt 0.51079798 0.78910899
vt 0.51720703 0.78917003
vt 0.51064801 0.81837398
vt 0.50000000 0.81889302
vt 0.50000000 0.82306498
vt 0.51155102 0.82251203
vt 0.51823002 0.78033501
vt 0.51164597 0.77992302
vt 0.50000000 0.78874302
vt 0.50492698 0.78895497
vt 0.50548100 0.78471899
vt 0.50000000 0.78463000
vt 0.53288603 0.78977698
vt 0.54011101 0.79040402
vt 0.54050499 0.78748399
vt 0.53287899 0.78624403
vt 0.52495098 0.78552103
vt 0.53420597 0.78256702
vt 0.52609599 0.78122002
vt 0.50590199 0.77993703
vt 0.54213798 0.78471100
vt 0.55608398 0.80004698
vt 0.55141401 0.80488598
vt 0.55280501 0.80607700
vt 0.55804199 0.80075002
vt 0.51961899 0.77520698
vt 0.51240498 0.77463800
vt 0.50000000 0.79346097
vt 0.50492698 0.79352301
vt 0.53097898 0.80384701
vt 0.53115100 0.79996198
vt 0.51995403 0.79997301
vt 0.51965302 0.80445498
vt 0.51100397 0.79352301
vt 0.53188300 0.81175500
vt 0.53127098 0.80817598
vt 0.50644702 0.77053702
vt 0.50628603 0.77495998
vt 0.51324999 0.77061701
vt 0.53373098 0.79352301
vt 0.54052103 0.79352301
vt 0.55000198 0.80336398
vt 0.54834002 0.80146801
vt 0.54096597 0.80305898
vt 0.54173601 0.80629003
vt 0.50000000 0.76797497
vt 0.50000000 0.77113402
vt 0.50634402 0.76745498
vt 0.50000000 0.81508499
vt 0.54262400 0.80882597
vt 0.54373801 0.81092703
vt 0.52798897 0.77680701
vt 0.55392802 0.79919499
vt 0.56005299 0.79789102
vt 0.56019002 0.80160999
vt 0.56269300 0.79801100
vt 0.50000000 0.77999902
vt 0.55180901 0.79831499
vt 0.55001700 0.79751700
vt 0.54869097 0.79612702
vt 0.55037200 0.79653901
vt 0.54895198 0.79570800
vt 0.54731399 0.79007399
vt 0.52192599 0.81688201
vt 0.53289199 0.81472898
vt 0.55198699 0.79723001
vt 0.55175698 0.79420900
vt 0.53255600 0.79544103
vt 0.52135497 0.79544103
vt 0.54936600 0.78826296
vt 0.53861201 0.77640802
vt 0.54074699 0.77449799
vt 0.53149498 0.77057803
vt 0.52984202 0.77317297
vt 0.55694199 0.78558803
vt 0.54938102 0.77929002
vt 0.52097702 0.77151400
vt 0.52582300 0.79352301
vt 0.52506298 0.78936201
vt 0.52342498 0.82045698
vt 0.55442899 0.80728602
vt 0.50000000 0.77527297
vt 0.53635198 0.77905703
vt 0.55911100 0.79309201
vt 0.50000000 0.79953599
vt 0.50000000 0.80494702
vt 0.50895298 0.80479598
vt 0.50903797 0.79997003
vt 0.51369298 0.76715803
vt 0.50000000 0.79538000
vt 0.50957602 0.79544103
vt 0.53438199 0.81719697
vt 0.54526001 0.81280804
vt 0.56162000 0.79289901
vt 0.50000000 0.81028998
vt 0.52205902 0.76821798
vt 0.59982800 0.65672302
vt 0.60587001 0.65612304
vt 0.60907900 0.65476203
vt 0.59949899 0.65299499
vt 0.59981698 0.64212596
vt 0.60056102 0.63854504
vt 0.58957201 0.63438797
vt 0.58966601 0.63978696
vt 0.61013597 0.65310299
vt 0.59945601 0.65030897
vt 0.56357598 0.65953302
vt 0.55704200 0.65816700
vt 0.55629498 0.65933800
vt 0.56403702 0.66259897
vt 0.55335599 0.65218997
vt 0.55532098 0.65402699
vt 0.56020898 0.65347302
vt 0.55912101 0.65060300
vt 0.58194900 0.64906502
vt 0.58130097 0.64469504
vt 0.57298702 0.64454699
vt 0.57393098 0.64911997
vt 0.59929597 0.64697701
vt 0.61100602 0.65015000
vt 0.61142898 0.64730901
vt 0.56515300 0.64972198
vt 0.56391501 0.64566696
vt 0.55762303 0.64723700
vt 0.60409898 0.66051304
vt 0.60184598 0.65859103
vt 0.59511602 0.66031802
vt 0.59677899 0.66301000
vt 0.61133403 0.65762299
vt 0.60825998 0.65791100
vt 0.60519803 0.66182196
vt 0.61701399 0.63893700
vt 0.61344200 0.64371896
vt 0.62107998 0.64603496
vt 0.62547600 0.64285004
vt 0.55125600 0.64962697
vt 0.54822600 0.65513599
vt 0.55086797 0.65610200
vt 0.61725402 0.65095496
vt 0.61910599 0.64854401
vt 0.54493302 0.63651800
vt 0.54796702 0.64238596
vt 0.55418301 0.63743603
vt 0.55203003 0.63176799
vt 0.59040803 0.64923000
vt 0.59103900 0.65332001
vt 0.60603601 0.65715504
vt 0.58270502 0.65386099
vt 0.57474101 0.65374601
vt 0.57562798 0.65815604
vt 0.58352500 0.65833199
vt 0.57982302 0.66416204
vt 0.58865798 0.66404301
vt 0.58751202 0.66088998
vt 0.57902199 0.66075301
vt 0.61543602 0.65357697
vt 0.55561900 0.64231700
vt 0.54953599 0.64650100
vt 0.55320197 0.65745801
vt 0.55482298 0.65732098
vt 0.55486703 0.65680599
vt 0.55316299 0.65656602
vt 0.56114602 0.63515198
vt 0.56243801 0.64034700
vt 0.57179201 0.63807702
vt 0.57098001 0.63272297
vt 0.57118797 0.66013801
vt 0.57174897 0.66348696
vt 0.57882500 0.62771404
vt 0.57961702 0.63268304
vt 0.58962899 0.62952000
vt 0.56650603 0.65352404
vt 0.59174800 0.65777397
vt 0.55950701 0.62929201
vt 0.56974399 0.62750304
vt 0.60182202 0.63372999
vt 0.58999300 0.64522600
vt 0.55062699 0.65709102
vt 0.56773198 0.65731204
vt 0.56108701 0.65660501
vt 0.55612397 0.65617299
vt 0.55523801 0.66126901
vt 0.56415099 0.66472501
vt 0.73647398 0.57160997
vt 0.71742398 0.55541700
vt 0.70474601 0.57157302
vt 0.72101200 0.58518898
vt 0.65418398 0.62432098
vt 0.66202003 0.61780202
vt 0.64048100 0.60339200
vt 0.63602698 0.61264503
vt 0.51882601 0.52889299
vt 0.53998500 0.53020501
vt 0.54005003 0.51932597
vt 0.51880097 0.51784301
vt 0.53974098 0.57579601
vt 0.51899499 0.57721800
vt 0.52666801 0.58682597
vt 0.54012603 0.58532500
vt 0.55211699 0.58511400
vt 0.54074401 0.59284103
vt 0.55179101 0.59265000
vt 0.51157099 0.61765802
vt 0.51082700 0.60743201
vt 0.50000000 0.60878098
vt 0.50000000 0.61851203
vt 0.73334199 0.53808403
vt 0.70524800 0.51578403
vt 0.69489300 0.53842902
vt 0.52971601 0.59430200
vt 0.53132099 0.60135299
vt 0.54142201 0.59916604
vt 0.51086700 0.59787500
vt 0.51294100 0.58817500
vt 0.50000000 0.58873999
vt 0.50000000 0.59865499
vt 0.52151799 0.72762096
vt 0.51656199 0.72776902
vt 0.51063699 0.73296601
vt 0.50856102 0.73294902
vt 0.50808603 0.73682296
vt 0.51040399 0.73629296
vt 0.63374501 0.53535497
vt 0.63752300 0.50251102
vt 0.61469400 0.50941300
vt 0.61028099 0.52935100
vt 0.54710197 0.59825301
vt 0.64464402 0.59312099
vt 0.62185401 0.58219200
vt 0.61810601 0.59246999
vt 0.52024502 0.59631503
vt 0.52111202 0.60433197
vt 0.52265698 0.61225104
vt 0.53241700 0.60799003
vt 0.66935402 0.61055398
vt 0.54211003 0.60460496
vt 0.50000000 0.51667202
vt 0.50000000 0.52818203
vt 0.51271600 0.72538102
vt 0.51413298 0.72250402
vt 0.50966698 0.72224903
vt 0.50887001 0.72513801
vt 0.77071202 0.57219201
vt 0.75382501 0.55529296
vt 0.75134200 0.58894396
vt 0.54582399 0.41681701
vt 0.54078603 0.46240300
vt 0.56606299 0.46860898
vt 0.57061601 0.42790598
vt 0.64741099 0.63007301
vt 0.63152099 0.62004697
vt 0.56170201 0.51094496
vt 0.54036599 0.50728899
vt 0.58366901 0.49613398
vt 0.59891802 0.50143301
vt 0.60088700 0.48338097
vt 0.50580299 0.73689699
vt 0.50638902 0.73278296
vt 0.53974599 0.54091400
vt 0.55743003 0.54239100
vt 0.55895501 0.53186500
vt 0.61355001 0.65526903
vt 0.58023900 0.66632104
vt 0.58956897 0.66580498
vt 0.51872402 0.50459504
vt 0.66025800 0.54598296
vt 0.66644502 0.52003503
vt 0.57196599 0.66576397
vt 0.51984102 0.59077001
vt 0.64998400 0.58038199
vt 0.62590200 0.56913000
vt 0.62779897 0.62555701
vt 0.64131898 0.63468003
vt 0.51680100 0.72635603
vt 0.51792300 0.72485900
vt 0.51100701 0.72893798
vt 0.61320102 0.60339403
vt 0.60942203 0.61151004
vt 0.55289698 0.57538199
vt 0.51233703 0.73025799
vt 0.55192602 0.60208702
vt 0.75236702 0.51768899
vt 0.77403402 0.53400803
vt 0.78963602 0.50753403
vt 0.76888502 0.49274701
vt 0.59637499 0.58792102
vt 0.59224898 0.59867299
vt 0.50000000 0.45324999
vt 0.50000000 0.50317299
vt 0.51863998 0.45623899
vt 0.50000000 0.53976101
vt 0.51863497 0.54007900
vt 0.56018001 0.52145004
vt 0.50764602 0.72879803
vt 0.83549303 0.51925802
vt 0.82139897 0.54206401
vt 0.82533300 0.56076300
vt 0.84227800 0.53494298
vt 0.57673699 0.59697402
vt 0.57962900 0.58639401
vt 0.56497002 0.58549100
vt 0.56369501 0.59736204
vt 0.68610400 0.55880404
vt 0.62940699 0.55404103
vt 0.65502799 0.56521600
vt 0.59797698 0.66432899
vt 0.50000000 0.40103000
vt 0.52128500 0.40590900
vt 0.79098302 0.54968101
vt 0.58958000 0.52494097
vt 0.57791102 0.52322400
vt 0.57563698 0.53289402
vt 0.59222400 0.53360599
vt 0.80665100 0.56486100
vt 0.80191201 0.53413999
vt 0.60005999 0.57694101
vt 0.81899798 0.57767904
vt 0.52251798 0.72651803
vt 0.52367198 0.72565901
vt 0.58952200 0.54571700
vt 0.57344002 0.54368699
vt 0.67997199 0.59976000
vt 0.58006603 0.51450002
vt 0.64242500 0.47107798
vt 0.67544800 0.49330300
vt 0.60663003 0.44633901
vt 0.73509902 0.60107601
vt 0.51938200 0.72289801
vt 0.52513099 0.72427201
vt 0.58219099 0.57553601
vt 0.56681103 0.57522601
vt 0.53629702 0.67183697
vt 0.52895498 0.66762900
vt 0.52891099 0.67525804
vt 0.53612900 0.67865503
vt 0.53152800 0.72836697
vt 0.52952099 0.72971100
vt 0.53271401 0.73503900
vt 0.53625399 0.73364902
vt 0.52726501 0.73538101
vt 0.52616501 0.73103201
vt 0.73471701 0.79789901
vt 0.72883499 0.77632797
vt 0.71422303 0.78367400
vt 0.71928501 0.80665499
vt 0.76280802 0.78020400
vt 0.75629598 0.76125801
vt 0.74247497 0.76907200
vt 0.74892998 0.78939098
vt 0.52488798 0.89419502
vt 0.53116602 0.89999002
vt 0.53907400 0.88842899
vt 0.52835703 0.88543701
vt 0.56425601 0.71374798
vt 0.55587798 0.70486796
vt 0.55356801 0.71654296
vt 0.56080598 0.72457200
vt 0.53931999 0.55203199
vt 0.55554903 0.55518603
vt 0.60166699 0.77540600
vt 0.60490298 0.79202700
vt 0.61629099 0.78470498
vt 0.61139798 0.76667899
vt 0.60490698 0.80916297
vt 0.60073298 0.82599801
vt 0.61425799 0.82479000
vt 0.61769003 0.80444503
vt 0.51884598 0.56852996
vt 0.50000000 0.56868804
vt 0.50000000 0.57779396
vt 0.50000000 0.90997601
vt 0.51167798 0.90907401
vt 0.50906003 0.89665300
vt 0.50000000 0.89701599
vt 0.52214098 0.74118602
vt 0.51871699 0.74207199
vt 0.55369699 0.56733799
vt 0.53943801 0.56791496
vt 0.73455501 0.70535004
vt 0.74601799 0.69100100
vt 0.72105199 0.68419003
vt 0.71349001 0.69560200
vt 0.55762500 0.69577503
vt 0.56684899 0.70442599
vt 0.56904900 0.69697404
vt 0.55909699 0.68914902
vt 0.77675003 0.75161600
vt 0.79453099 0.74424899
vt 0.78966397 0.72244203
vt 0.76826698 0.73309600
vt 0.60416800 0.75072300
vt 0.59577000 0.76022696
vt 0.52787203 0.73031801
vt 0.52974099 0.73525798
vt 0.51866502 0.55082399
vt 0.58829999 0.74652201
vt 0.59533101 0.73651397
vt 0.51871598 0.56007504
vt 0.50000000 0.56010801
vt 0.50000000 0.55037904
vt 0.57594401 0.71367097
vt 0.57202601 0.72319496
vt 0.52242100 0.74318099
vt 0.52644098 0.74100196
vt 0.52465802 0.73972899
vt 0.53937900 0.56017804
vt 0.52874202 0.73851299
vt 0.52628899 0.73787296
vt 0.51630598 0.74453998
vt 0.54937398 0.56064296
vt 0.53016001 0.69882798
vt 0.53060198 0.70489401
vt 0.53482699 0.70565498
vt 0.53606898 0.70011997
vt 0.68132597 0.56876600
vt 0.54326898 0.70972800
vt 0.54546499 0.70561999
vt 0.74779898 0.74364996
vt 0.73857403 0.75964999
vt 0.58011001 0.73401701
vt 0.58566302 0.72391701
vt 0.72098899 0.75680500
vt 0.73619998 0.72840500
vt 0.71162200 0.74065697
vt 0.53060699 0.74192703
vt 0.53272700 0.73887801
vt 0.78186500 0.65860200
vt 0.75349498 0.66034496
vt 0.75142097 0.67618096
vt 0.78370202 0.67927504
vt 0.58571899 0.56168699
vt 0.60389501 0.56374204
vt 0.60725302 0.54846704
vt 0.72073501 0.71610796
vt 0.75627798 0.71713001
vt 0.78422302 0.70003599
vt 0.60614097 0.84427398
vt 0.59206098 0.84195399
vt 0.54661101 0.69553500
vt 0.78174901 0.77017999
vt 0.50707799 0.74232602
vt 0.51048398 0.74180001
vt 0.50849700 0.88267303
vt 0.50000000 0.88258898
vt 0.80079502 0.76466298
vt 0.56738800 0.73343098
vt 0.52503097 0.74469000
vt 0.51814598 0.74686301
vt 0.51944000 0.74943399
vt 0.52853000 0.74665701
vt 0.69710100 0.58059299
vt 0.53765899 0.74228501
vt 0.68895698 0.59000099
vt 0.53801697 0.73778099
vt 0.54789799 0.68039203
vt 0.54732698 0.68617797
vt 0.51153702 0.74827802
vt 0.51003700 0.74611104
vt 0.70087099 0.72815001
vt 0.51814699 0.89546502
vt 0.51829898 0.88333702
vt 0.54174900 0.71135700
vt 0.53341299 0.70798999
vt 0.56947601 0.56105196
vt 0.53014100 0.74964499
vt 0.54042399 0.74526000
vt 0.69433200 0.76812899
vt 0.71106702 0.77303398
vt 0.72501099 0.76647902
vt 0.51977098 0.75225800
vt 0.52262402 0.90562499
vt 0.57413000 0.74380499
vt 0.58099401 0.75615299
vt 0.51199299 0.75068700
vt 0.70360303 0.60312498
vt 0.69375902 0.61296600
vt 0.70496500 0.62675101
vt 0.71636200 0.61699498
vt 0.66907603 0.64310503
vt 0.67935503 0.64029199
vt 0.67175502 0.62919801
vt 0.66298002 0.63366801
vt 0.51911002 0.75636697
vt 0.53213799 0.75510401
vt 0.71227503 0.59388304
vt 0.72549301 0.60860300
vt 0.73403800 0.62061101
vt 0.72868299 0.63406801
vt 0.74990702 0.62875301
vt 0.74486899 0.61596900
vt 0.67317998 0.73163199
vt 0.65899301 0.72003496
vt 0.64782202 0.73298401
vt 0.66529602 0.75025702
vt 0.69225502 0.63485897
vt 0.68229598 0.62237799
vt 0.64573300 0.70746499
vt 0.65892899 0.69732201
vt 0.64787000 0.68761504
vt 0.63438398 0.69586700
vt 0.63965201 0.67921400
vt 0.62705499 0.68591797
vt 0.68576199 0.73663300
vt 0.68716401 0.71812904
vt 0.67258602 0.65699303
vt 0.67194200 0.66250199
vt 0.68732798 0.66575396
vt 0.68695301 0.65851903
vt 0.78028703 0.63487500
vt 0.75258797 0.64206803
vt 0.70320398 0.70568001
vt 0.54664803 0.77010202
vt 0.55116302 0.76701099
vt 0.54244101 0.76021600
vt 0.53703099 0.76461601
vt 0.67242199 0.70744801
vt 0.62238598 0.67919302
vt 0.61041200 0.68227100
vt 0.61338300 0.68975699
vt 0.65468001 0.63724101
vt 0.61771500 0.70254397
vt 0.63366199 0.67282599
vt 0.64508599 0.66422999
vt 0.64110303 0.66772997
vt 0.64881003 0.67317700
vt 0.65389401 0.66870701
vt 0.63338500 0.71745300
vt 0.65228200 0.65103000
vt 0.65197802 0.65459800
vt 0.66172802 0.65580702
vt 0.66149598 0.65108401
vt 0.67795599 0.68075204
vt 0.68422699 0.67340004
vt 0.66895401 0.66804802
vt 0.66425902 0.67412102
vt 0.78687799 0.59353197
vt 0.81330502 0.59778100
vt 0.50000000 0.76574099
vt 0.50625998 0.76427001
vt 0.71851498 0.64755201
vt 0.70029700 0.64947402
vt 0.70345199 0.65952003
vt 0.72281200 0.66018796
vt 0.55193502 0.77814698
vt 0.54315197 0.77274001
vt 0.51447499 0.76413298
vt 0.52352899 0.76514500
vt 0.54981500 0.75555503
vt 0.55655497 0.76339298
vt 0.68456101 0.65066200
vt 0.67177999 0.65112501
vt 0.52654999 0.76110303
vt 0.51650000 0.76056802
vt 0.80549198 0.63451898
vt 0.51332098 0.74071097
vt 0.54355800 0.74962401
vt 0.59876102 0.68790400
vt 0.59887201 0.69590300
vt 0.67050201 0.68782198
vt 0.68590897 0.69596696
vt 0.69460201 0.68797696
vt 0.58463001 0.68426400
vt 0.59756303 0.68264902
vt 0.58415002 0.68065500
vt 0.55346698 0.66887599
vt 0.56253803 0.67410398
vt 0.56283301 0.67221200
vt 0.55459499 0.66805398
vt 0.70122498 0.67854798
vt 0.68782598 0.74904597
vt 0.65956098 0.64461201
vt 0.65096802 0.64581704
vt 0.53353900 0.76816297
vt 0.65825999 0.67992902
vt 0.70393300 0.66886199
vt 0.64707702 0.64016902
vt 0.65077901 0.65778100
vt 0.66023600 0.66005301
vt 0.72378302 0.67207700
vt 0.65792298 0.66399699
vt 0.76255798 0.60741198
vt 0.64884698 0.66056001
vt 0.76274401 0.62382197
vt 0.55952197 0.78498501
vt 0.56444800 0.79261398
vt 0.53385699 0.72588003
vt 0.53628498 0.72227502
vt 0.52822900 0.71903300
vt 0.52659702 0.72215700
vt 0.62877899 0.64947796
vt 0.62771100 0.65194798
vt 0.63615102 0.65239096
vt 0.63688999 0.65020901
vt 0.63825500 0.66096199
vt 0.63460302 0.66385496
vt 0.54536498 0.73746502
vt 0.54339802 0.73426497
vt 0.54764700 0.74016702
vt 0.52801597 0.70650500
vt 0.56103802 0.74466598
vt 0.56647497 0.75377101
vt 0.56929898 0.75009704
vt 0.56363702 0.74033296
vt 0.56926203 0.79980701
vt 0.56565797 0.79854500
vt 0.56268400 0.80321902
vt 0.56534302 0.80653501
vt 0.55102003 0.74398196
vt 0.54018301 0.71390200
vt 0.53182697 0.71097696
vt 0.58345199 0.67784399
vt 0.59620702 0.67884696
vt 0.59451503 0.67568201
vt 0.58244097 0.67545301
vt 0.58120197 0.67167801
vt 0.57185602 0.66975701
vt 0.57193798 0.67373598
vt 0.62255102 0.66026497
vt 0.61891901 0.66153896
vt 0.62454301 0.66505200
vt 0.62919599 0.66136503
vt 0.55663902 0.80906898
vt 0.55898899 0.81329501
vt 0.56157899 0.75886500
vt 0.55584103 0.75015497
vt 0.61062902 0.66693300
vt 0.60239601 0.66963601
vt 0.60611898 0.67447102
vt 0.61511803 0.67090797
vt 0.58035600 0.77456599
vt 0.57544100 0.76240802
vt 0.57214099 0.76522702
vt 0.57668298 0.77718699
vt 0.63198298 0.65890098
vt 0.63412797 0.65641403
vt 0.62465203 0.65585101
vt 0.62297201 0.65800899
vt 0.54756600 0.81510699
vt 0.55004901 0.81950301
vt 0.54435700 0.64759499
vt 0.54498100 0.65316600
vt 0.53668898 0.82011199
vt 0.55578703 0.73734301
vt 0.55799401 0.73268497
vt 0.50000000 0.66912603
vt 0.50832701 0.66951203
vt 0.50830698 0.66139102
vt 0.50000000 0.66055000
vt 0.54183000 0.63144696
vt 0.53622198 0.63667297
vt 0.53989202 0.64093196
vt 0.53231698 0.64108002
vt 0.53709799 0.64472604
vt 0.54706103 0.62118602
vt 0.54463899 0.61570901
vt 0.53577298 0.62051702
vt 0.53873199 0.62630200
vt 0.56214100 0.67626798
vt 0.57234901 0.68040800
vt 0.57188499 0.67770100
vt 0.64387900 0.65348500
vt 0.64276701 0.65586299
vt 0.50000000 0.82700300
vt 0.51249498 0.82652199
vt 0.52577800 0.82406300
vt 0.64420098 0.65076697
vt 0.64339697 0.64666498
vt 0.55374402 0.72831899
vt 0.55193502 0.73367000
vt 0.63695002 0.64730299
vt 0.62967598 0.64706999
vt 0.54028797 0.73056901
vt 0.52085698 0.72053003
vt 0.51544899 0.71963000
vt 0.59195900 0.67144901
vt 0.54563397 0.71769100
vt 0.54763198 0.71757197
vt 0.52988797 0.68616199
vt 0.53629500 0.68871200
vt 0.54933399 0.73195803
vt 0.54706699 0.72923303
vt 0.74379498 0.90257597
vt 0.74501997 0.87529898
vt 0.72081000 0.89311302
vt 0.71332598 0.92629898
vt 0.52971601 0.64768201
vt 0.53541499 0.64938903
vt 0.62836403 0.66804600
vt 0.54357499 0.72624999
vt 0.57197499 0.67550898
vt 0.54956698 0.62660700
vt 0.52236199 0.71741104
vt 0.51680303 0.71628797
vt 0.56876397 0.81215900
vt 0.56181598 0.81911898
vt 0.64119101 0.65805399
vt 0.56812501 0.79106301
vt 0.63533801 0.65440100
vt 0.60816401 0.67774099
vt 0.61851102 0.67443502
vt 0.56717300 0.76973403
vt 0.52594399 0.70957100
vt 0.64072502 0.64241201
vt 0.55088001 0.72540796
vt 0.54987103 0.71818697
vt 0.62612301 0.65389800
vt 0.55239701 0.66993099
vt 0.50000000 0.62780702
vt 0.51333100 0.62868297
vt 0.63509601 0.64417303
vt 0.62943298 0.64497501
vt 0.50827301 0.65496397
vt 0.50000000 0.65441096
vt 0.52496499 0.62025201
vt 0.52237099 0.63440096
vt 0.52855200 0.62661004
vt 0.55738300 0.62340200
vt 0.55545503 0.61837900
vt 0.51066297 0.75731599
vt 0.51178998 0.75360703
vt 0.50531000 0.75442100
vt 0.50498998 0.75793898
vt 0.52254802 0.66536200
vt 0.51590598 0.66314399
vt 0.51615399 0.67126703
vt 0.52245498 0.67313302
vt 0.51650500 0.68211401
vt 0.52326399 0.68402201
vt 0.51629800 0.65685904
vt 0.54298902 0.61044896
vt 0.55245298 0.60813797
vt 0.50342798 0.73281896
vt 0.50304800 0.73699403
vt 0.51060098 0.71886897
vt 0.51156700 0.71514297
vt 0.50599802 0.71423399
vt 0.50526798 0.71817100
vt 0.50000000 0.72143799
vt 0.50478899 0.72183001
vt 0.50000000 0.71805203
vt 0.50525802 0.74889302
vt 0.50550699 0.75141799
vt 0.50399101 0.72875297
vt 0.50000000 0.72882700
vt 0.50000000 0.73290503
vt 0.50927699 0.76088899
vt 0.50340003 0.74242401
vt 0.53246403 0.63196999
vt 0.57682002 0.61610901
vt 0.57584101 0.61116999
vt 0.56477898 0.61154401
vt 0.56639600 0.61635000
vt 0.52802801 0.63826001
vt 0.52457601 0.64512503
vt 0.63063401 0.64080703
vt 0.63573998 0.63835400
vt 0.62449998 0.63014001
vt 0.62083900 0.63447404
vt 0.50450802 0.74655300
vt 0.50840801 0.68046200
vt 0.50813299 0.69281304
vt 0.51625401 0.69438696
vt 0.56383002 0.60635197
vt 0.50000000 0.76129103
vt 0.50000000 0.76387399
vt 0.50313401 0.76332998
vt 0.50420201 0.76106399
vt 0.60754299 0.61707300
vt 0.78464299 0.78608400
vt 0.79723698 0.78184301
vt 0.80817401 0.78310400
vt 0.80972201 0.77591503
vt 0.82015502 0.77908301
vt 0.82219201 0.77593899
vt 0.81190503 0.77409798
vt 0.50000000 0.75836098
vt 0.50000000 0.74676800
vt 0.50000000 0.74931002
vt 0.52366799 0.69837403
vt 0.55367899 0.61309302
vt 0.50000000 0.75199002
vt 0.53368002 0.61461800
vt 0.57789600 0.62083101
vt 0.56816298 0.62129104
vt 0.50000000 0.74248397
vt 0.51885200 0.64230800
vt 0.50000000 0.73706698
vt 0.52298599 0.65904403
vt 0.94205600 0.50535399
vt 0.94142300 0.51063299
vt 0.94732499 0.51482296
vt 0.95127499 0.51305902
vt 0.57519501 0.60583800
vt 0.50000000 0.75501901
vt 0.50000000 0.72497296
vt 0.50431299 0.72493804
vt 0.81846201 0.78428102
vt 0.60403198 0.62708199
vt 0.60574502 0.62208700
vt 0.58948302 0.61773002
vt 0.58959502 0.62258101
vt 0.50000000 0.63848901
vt 0.50998300 0.63937902
vt 0.50000000 0.68046099
vt 0.58908701 0.61256897
vt 0.58943099 0.60707599
vt 0.70336401 0.81443900
vt 0.70431298 0.84061003
vt 0.72195101 0.83139801
vt 0.50000000 0.69239902
vt 0.52912998 0.66180396
vt 0.50000000 0.71374297
vt 0.56005597 0.84768903
vt 0.54307300 0.84838700
vt 0.54584301 0.86187696
vt 0.56348300 0.86149597
vt 0.52924597 0.65425599
vt 0.53577298 0.65631497
vt 0.50000000 0.83778703
vt 0.50000000 0.84467298
vt 0.50876600 0.84464699
vt 0.50959200 0.83837402
vt 0.57716697 0.81317902
vt 0.57444799 0.80316299
vt 0.57173401 0.82008702
vt 0.50000000 0.64734197
vt 0.50887197 0.64799297
vt 0.52342302 0.65260601
vt 0.50880802 0.86031801
vt 0.50000000 0.86027300
vt 0.50000000 0.87077302
vt 0.50843501 0.87097502
vt 0.77381003 0.81568098
vt 0.76898998 0.79885501
vt 0.75449902 0.81003499
vt 0.75994301 0.82971102
vt 0.54444700 0.87541699
vt 0.56749201 0.87863100
vt 0.56435400 0.82619601
vt 0.56717098 0.83420002
vt 0.57548201 0.82761198
vt 0.53246599 0.86114597
vt 0.53128099 0.87311101
vt 0.50000000 0.83123803
vt 0.51330698 0.83092701
vt 0.51852602 0.84528697
vt 0.52121001 0.83967799
vt 0.51908898 0.87156600
vt 0.52023500 0.86060798
vt 0.54007798 0.82398701
vt 0.79614902 0.79216200
vt 0.78753197 0.80156898
vt 0.70136398 0.86835599
vt 0.72249800 0.85723501
vt 0.54792100 0.65843701
vt 0.55404299 0.66367602
vt 0.59267700 0.79796201
vt 0.59265703 0.81141800
vt 0.59222698 0.86492199
vt 0.57797700 0.85684502
vt 0.58693802 0.76943803
vt 0.59104598 0.78356802
vt 0.58087701 0.80842501
vt 0.58427399 0.81067801
vt 0.58507901 0.79995501
vt 0.58035201 0.80078298
vt 0.58110702 0.81934398
vt 0.54661101 0.83346498
vt 0.55544502 0.83079898
vt 0.55296397 0.82457799
vt 0.54382002 0.82868397
vt 0.53948098 0.83453703
vt 0.53488201 0.83181602
vt 0.53726000 0.66469896
vt 0.56306303 0.67062700
vt 0.56334603 0.66764200
vt 0.52802300 0.84669799
vt 0.53388000 0.84317601
vt 0.55392402 0.66599000
vt 0.54971600 0.66439199
vt 0.54695302 0.66397798
vt 0.79757702 0.71978801
vt 0.79509801 0.69757497
vt 0.51717401 0.65046400
vt 0.74299800 0.84370697
vt 0.52951902 0.82781100
vt 0.50896001 0.85172701
vt 0.52041298 0.85174102
vt 0.50000000 0.85153002
vt 0.57974201 0.78953803
vt 0.58368802 0.78780997
vt 0.53156501 0.85169202
vt 0.80448997 0.76332700
vt 0.95178598 0.50018501
vt 0.95882601 0.50916398
vt 0.57137197 0.78086197
vt 0.54451799 0.65755600
vt 0.80017799 0.74294996
vt 0.57172501 0.84358698
vt 0.81497198 0.79660898
vt 0.80286098 0.79628897
vt 0.79506803 0.68276203
vt 0.80372000 0.66871601
vt 0.50000000 0.96563500
vt 0.50000000 0.98396802
vt 0.53619403 0.98221898
vt 0.52817303 0.96323901
vt 0.50000000 0.94361699
vt 0.52001500 0.94191700
vt 0.65002102 0.78760803
vt 0.65264398 0.81162798
vt 0.67627400 0.80063701
vt 0.67115301 0.77612603
vt 0.54054099 0.65130299
vt 0.54133803 0.65720296
vt 0.54106700 0.64750004
vt 0.54665500 0.83954901
vt 0.55748397 0.83837998
vt 0.59549302 0.88157099
vt 0.55551201 0.89494801
vt 0.57591301 0.90314502
vt 0.55124801 0.67128801
vt 0.54426801 0.66410697
vt 0.53725499 0.83838797
vt 0.56258899 0.78066397
vt 0.55814701 0.77479500
vt 0.55487198 0.77673900
vt 0.56194502 0.78356600
vt 0.57390797 0.79151499
vt 0.52587998 0.83485603
vt 0.65086901 0.83589900
vt 0.64350200 0.86023402
vt 0.67608100 0.85205698
vt 0.67817903 0.82587600
vt 0.54161799 0.91062897
vt 0.55548000 0.92442298
vt 0.54931700 0.67466199
vt 0.57202101 0.68428099
vt 0.56164598 0.67865801
vt 0.56073999 0.68331200
vt 0.57091302 0.69005597
vt 0.62824303 0.77638197
vt 0.62136298 0.75759500
vt 0.56663698 0.78191501
vt 0.58865499 0.82433498
vt 0.58172899 0.83464301
vt 0.53902501 0.93530297
vt 0.55577999 0.95644599
vt 0.67088503 0.87797403
vt 0.69974297 0.79036403
vt 0.63222897 0.88302803
vt 0.58239901 0.94346499
vt 0.61154002 0.91369098
vt 0.63370901 0.74626201
vt 0.64409298 0.76515502
vt 0.57937801 0.70530599
vt 0.56251103 0.77283204
vt 0.50000000 0.92644203
vt 0.51533502 0.92492002
vt 0.65335000 0.91623998
vt 0.59032398 0.71481502
vt 0.60166103 0.72667003
vt 0.62259400 0.95970398
vt 0.52974999 0.91941798
vt 0.61237800 0.74104202
vt 0.63091898 0.82007504
vt 0.63192999 0.79746801
vt 0.59490901 0.70553803
vt 0.60856903 0.71599299
vt 0.67239898 0.94286901
vt 0.69121099 0.90691698
vt 0.58234900 0.69716400
vt 0.62468398 0.84220302
vt 0.62192798 0.72976500
vt 0.57330400 0.97550100
vt 0.61155897 0.86544001
vt 0.93387300 0.49581599
vt 0.94436902 0.48256499
vt 0.93568599 0.46278298
vt 0.92339897 0.48922598
vt 0.88264799 0.57848001
vt 0.88367099 0.58458000
vt 0.89555103 0.57811201
vt 0.89813101 0.57234800
vt 0.52045602 0.70771700
vt 0.51460600 0.70422000
vt 0.54854500 0.72329700
vt 0.51846302 0.71226501
vt 0.51288599 0.71057796
vt 0.52409202 0.71351397
vt 0.53004998 0.71501499
vt 0.79545599 0.81099701
vt 0.78188503 0.83494699
vt 0.79003400 0.85081202
vt 0.80654502 0.81867397
vt 0.93030298 0.64542198
vt 0.92142701 0.66187501
vt 0.92508501 0.66435301
vt 0.93397802 0.64606798
vt 0.50661999 0.70936096
vt 0.94565600 0.20832300
vt 0.92548603 0.20119399
vt 0.92869002 0.22073501
vt 0.94390601 0.23457301
vt 0.50000000 0.70883101
vt 0.53851902 0.71795201
vt 0.54533702 0.72133601
vt 0.90363300 0.67046499
vt 0.89860898 0.66151500
vt 0.88982302 0.66662699
vt 0.89288700 0.67671096
vt 0.78000700 0.45905203
vt 0.80944300 0.47487199
vt 0.91811502 0.65936196
vt 0.90982902 0.65299100
vt 0.58435500 0.68975997
vt 0.90244699 0.56196797
vt 0.90071303 0.56645203
vt 0.92092401 0.57017398
vt 0.92549598 0.56449699
vt 0.91554302 0.57855701
vt 0.91782200 0.57443601
vt 0.88527399 0.56614900
vt 0.88357502 0.57202899
vt 0.89476699 0.65280199
vt 0.90358597 0.64634097
vt 0.50000000 0.70240903
vt 0.50742799 0.70269597
vt 0.76826602 0.87882000
vt 0.76495999 0.85672599
vt 0.96680200 0.49126798
vt 0.96895999 0.49775499
vt 0.98908699 0.48281801
vt 0.98908699 0.47404200
vt 0.91371399 0.58015501
vt 0.89502400 0.58555496
vt 0.88735998 0.65699196
vt 0.91166198 0.68735099
vt 0.92864698 0.66616899
vt 0.90932602 0.68366897
vt 0.91585201 0.23632699
vt 0.89044398 0.22962099
vt 0.88983202 0.27377701
vt 0.91530699 0.28169101
vt 0.86697298 0.64153999
vt 0.87039500 0.64233899
vt 0.86965799 0.63899302
vt 0.86678898 0.63866699
vt 0.91756499 0.64145899
vt 0.92596102 0.64396298
vt 0.91573799 0.19853801
vt 0.91482598 0.36109197
vt 0.89016002 0.36194903
vt 0.88787103 0.42253798
vt 0.91125900 0.41562903
vt 0.88628799 0.59259498
vt 0.90940601 0.63793701
vt 0.89851600 0.63965201
vt 0.89166301 0.64594901
vt 0.90355200 0.63425899
vt 0.93843400 0.64704502
vt 0.96202803 0.50122702
vt 0.97138798 0.50252998
vt 0.89015502 0.47658300
vt 0.89361101 0.49342299
vt 0.90986001 0.48859698
vt 0.91218501 0.46786898
vt 0.89204502 0.63336599
vt 0.88547599 0.63881803
vt 0.88503999 0.65057504
vt 0.88146698 0.64394200
vt 0.91570997 0.32075500
vt 0.89117402 0.31652498
vt 0.90610403 0.67843699
vt 0.98908699 0.43466300
vt 0.96174401 0.44668299
vt 0.96363997 0.47164798
vt 0.98908699 0.45308900
vt 0.93109500 0.58348101
vt 0.93759400 0.59250301
vt 0.94208699 0.59017199
vt 0.93476999 0.58083600
vt 0.89131701 0.70935404
vt 0.88023102 0.71380800
vt 0.88027400 0.71822399
vt 0.89398098 0.71504599
vt 0.94123203 0.26369399
vt 0.92966002 0.32318002
vt 0.93647701 0.35510403
vt 0.89875001 0.69254100
vt 0.90047699 0.69715297
vt 0.96466303 0.28441900
vt 0.98908699 0.30113602
vt 0.98908699 0.26551700
vt 0.96607703 0.24911398
vt 0.87152100 0.63758504
vt 0.87327701 0.64383799
vt 0.85631698 0.70205796
vt 0.86795503 0.71222198
vt 0.86980599 0.70781803
vt 0.85985398 0.69949102
vt 0.85859400 0.63668096
vt 0.86085302 0.63873804
vt 0.86471301 0.63312501
vt 0.86393398 0.62672800
vt 0.92574298 0.70137501
vt 0.92765999 0.70612901
vt 0.94972199 0.68389899
vt 0.94658899 0.67948401
vt 0.89020699 0.55945599
vt 0.89140803 0.56171703
vt 0.90514499 0.55852199
vt 0.91066802 0.55423701
vt 0.96667802 0.60525399
vt 0.95756203 0.60656899
vt 0.95761102 0.63012803
vt 0.96751797 0.63094300
vt 0.89586598 0.72018898
vt 0.91104501 0.71230304
vt 0.90673798 0.70622599
vt 0.86703998 0.63528097
vt 0.87071800 0.57290602
vt 0.94269800 0.63137996
vt 0.94245398 0.61072803
vt 0.93764102 0.61193299
vt 0.93780702 0.63132203
vt 0.87044001 0.58503497
vt 0.96420199 0.66108400
vt 0.96112001 0.65515304
vt 0.94874698 0.58617401
vt 0.93976098 0.57556796
vt 0.86268401 0.64002299
vt 0.91500300 0.69055700
vt 0.93304300 0.66844904
vt 0.84651500 0.66656899
vt 0.85267198 0.68448400
vt 0.85792601 0.68113804
vt 0.85260999 0.66459799
vt 0.87293398 0.59088504
vt 0.86848199 0.64671803
vt 0.86852801 0.64980996
vt 0.87098801 0.69191301
vt 0.87839299 0.69267201
vt 0.87707299 0.68188101
vt 0.87097001 0.68110299
vt 0.92992598 0.56062698
vt 0.88848400 0.69859201
vt 0.88970202 0.70452201
vt 0.90286499 0.70111400
vt 0.92039102 0.69478703
vt 0.87980199 0.70864403
vt 0.87577301 0.63731897
vt 0.87523001 0.64594603
vt 0.89985597 0.58606499
vt 0.91322398 0.58401400
vt 0.88041300 0.72207701
vt 0.93576801 0.40663898
vt 0.87994301 0.63184601
vt 0.96497101 0.33836502
vt 0.93697298 0.30115598
vt 0.92790502 0.58633196
vt 0.93377900 0.59513599
vt 0.94393498 0.64866197
vt 0.84770602 0.68694103
vt 0.83937198 0.66822004
vt 0.84757799 0.59831899
vt 0.85627198 0.60833097
vt 0.93904102 0.67320299
vt 0.92579299 0.58787596
vt 0.93662798 0.55981696
vt 0.83476400 0.64762604
vt 0.84268498 0.64781404
vt 0.84590203 0.62913799
vt 0.83529001 0.62431401
vt 0.95251000 0.65117800
vt 0.98908699 0.46390498
vt 0.96520698 0.48252702
vt 0.89575899 0.68561500
vt 0.96793002 0.21774000
vt 0.94824499 0.60872197
vt 0.94899899 0.63142699
vt 0.93487501 0.63127398
vt 0.92960101 0.63143396
vt 0.84932297 0.64808100
vt 0.92227399 0.58981204
vt 0.91115600 0.58843601
vt 0.91580099 0.59413898
vt 0.97275400 0.63500601
vt 0.96210802 0.40169901
vt 0.85114700 0.63422203
vt 0.85536999 0.63549399
vt 0.85999697 0.62457299
vt 0.85591000 0.62281299
vt 0.86580998 0.71479601
vt 0.95999902 0.58763003
vt 0.90249801 0.72433800
vt 0.90868902 0.71699899
vt 0.98908699 0.34734100
vt 0.98908699 0.39882201
vt 0.91856301 0.60283601
vt 0.92718101 0.59867400
vt 0.88533902 0.62682199
vt 0.86600399 0.68909001
vt 0.86407000 0.67647600
vt 0.86349899 0.69422501
vt 0.91895199 0.61709297
vt 0.93049800 0.61429000
vt 0.93502200 0.61266804
vt 0.86403400 0.60875899
vt 0.95918500 0.49500501
vt 0.95663500 0.48734498
vt 0.98908699 0.23196203
vt 0.88645899 0.69025099
vt 0.88407201 0.68054104
vt 0.86649197 0.65726799
vt 0.87081200 0.66483796
vt 0.87866801 0.65618598
vt 0.87635601 0.65007699
vt 0.90124100 0.62742698
vt 0.89807999 0.62877202
vt 0.90578401 0.62892997
vt 0.87600601 0.59596002
vt 0.87042302 0.61123204
vt 0.85420901 0.64792901
vt 0.85808003 0.64788902
vt 0.86708599 0.63036299
vt 0.86841899 0.62581599
vt 0.85891598 0.66210800
vt 0.89764100 0.61152804
vt 0.90306598 0.61017299
vt 0.89806300 0.60378802
vt 0.89304602 0.60593700
vt 0.93112600 0.59652901
vt 0.90848702 0.60699904
vt 0.90447301 0.59960401
vt 0.90003502 0.62335700
vt 0.89480400 0.62093800
vt 0.87463999 0.61770201
vt 0.88056499 0.66240799
vt 0.87430602 0.66954899
vt 0.87273502 0.62772298
vt 0.86994302 0.63249999
vt 0.86351299 0.64590502
vt 0.86591399 0.64473599
vt 0.88523299 0.60958999
vt 0.87913901 0.62147498
vt 0.88927603 0.61508501
vt 0.90056700 0.59201896
vt 0.89421701 0.59605396
vt 0.87053901 0.70073700
vt 0.87919599 0.70181000
vt 0.79336101 0.22055101
vt 0.79932302 0.26468903
vt 0.83542502 0.26685297
vt 0.83319402 0.22230703
vt 0.92064899 0.63199902
vt 0.91193497 0.63098800
vt 0.84198302 0.36029297
vt 0.86768800 0.36033702
vt 0.86768502 0.31408501
vt 0.84036499 0.31347901
vt 0.84178102 0.42618299
vt 0.86621797 0.42656499
vt 0.90155399 0.61683500
vt 0.90511602 0.62303400
vt 0.88107300 0.59726298
vt 0.88198799 0.60417998
vt 0.88850200 0.59975499
vt 0.86757702 0.65302199
vt 0.88212699 0.66939199
vt 0.90701002 0.61587703
vt 0.91130102 0.61302102
vt 0.91109800 0.62277102
vt 0.86530697 0.26961797
vt 0.86455899 0.22486597
vt 0.86064202 0.64780998
vt 0.87742901 0.67272401
vt 0.83205098 0.18632197
vt 0.79200000 0.18423301
vt 0.74853998 0.22216201
vt 0.75766897 0.26592499
vt 0.51941001 0.17668498
vt 0.53887802 0.19255698
vt 0.54318202 0.18441302
vt 0.52275401 0.16732699
vt 0.50445300 0.16703099
vt 0.50190902 0.16867101
vt 0.50220299 0.17026699
vt 0.50512099 0.16948301
vt 0.56846797 0.08180398
vt 0.55216902 0.07516599
vt 0.55558997 0.10999799
vt 0.57178098 0.11101300
vt 0.61772299 0.20927298
vt 0.61708403 0.20475698
vt 0.57513899 0.19921499
vt 0.57337397 0.20647103
vt 0.61585999 0.19321197
vt 0.58216602 0.18252999
vt 0.57804400 0.19110900
vt 0.61625803 0.19889200
vt 0.51399398 0.16632998
vt 0.51323003 0.17176002
vt 0.58738399 0.17367101
vt 0.56759000 0.15754598
vt 0.55744702 0.16566300
vt 0.52421302 0.13822699
vt 0.54134101 0.14360797
vt 0.54013199 0.10926300
vt 0.52313602 0.10646701
vt 0.63188797 0.10426998
vt 0.60779101 0.10168999
vt 0.60914701 0.14756101
vt 0.63199002 0.14354098
vt 0.55810100 0.13783401
vt 0.57233298 0.13707203
vt 0.50000000 0.04293197
vt 0.50715601 0.04280502
vt 0.50609899 0.02988100
vt 0.50000000 0.02958000
vt 0.61627197 0.18760097
vt 0.50939298 0.17115599
vt 0.50917202 0.16763401
vt 0.50505900 0.17204100
vt 0.61827898 0.18259001
vt 0.62463802 0.17817700
vt 0.59864902 0.16043198
vt 0.59233701 0.16661203
vt 0.50158799 0.16704601
vt 0.50265998 0.16495401
vt 0.53741503 0.07303101
vt 0.52155697 0.06418902
vt 0.51872498 0.03861201
vt 0.52490699 0.04431403
vt 0.52653402 0.03401899
vt 0.51881403 0.03140599
vt 0.81107497 0.36004102
vt 0.81324798 0.42106497
vt 0.51718599 0.15592003
vt 0.51104403 0.16052300
vt 0.55167502 0.04277700
vt 0.54416698 0.03714800
vt 0.54299599 0.04322600
vt 0.55108202 0.04808003
vt 0.51232100 0.02246898
vt 0.50609702 0.02173102
vt 0.51220500 0.03033203
vt 0.53655899 0.03163499
vt 0.53485900 0.03832603
vt 0.51410699 0.04165500
vt 0.62318403 0.06016701
vt 0.60940999 0.06136101
vt 0.59959400 0.05524701
vt 0.59280801 0.06492901
vt 0.54915202 0.17559600
vt 0.50671101 0.15544701
vt 0.51046699 0.14202100
vt 0.50000000 0.16416001
vt 0.50000000 0.16725600
vt 0.57660800 0.15321898
vt 0.58480197 0.15197003
vt 0.58711898 0.13960499
vt 0.50743401 0.16412002
vt 0.50000000 0.13843203
vt 0.50974202 0.10589200
vt 0.50000000 0.10568702
vt 0.52807498 0.02701300
vt 0.53461701 0.04966497
vt 0.54404598 0.05345201
vt 0.78245002 0.41422701
vt 0.50931102 0.06766999
vt 0.63174301 0.17465401
vt 0.63933003 0.17273003
vt 0.50000000 0.02158201
vt 0.52483201 0.15151697
vt 0.50422198 0.16126502
vt 0.50000000 0.16024399
vt 0.74394101 0.18496102
vt 0.55787301 0.05353302
vt 0.54996699 0.05419803
vt 0.55634999 0.06138003
vt 0.50000000 0.15353000
vt 0.58861202 0.10971099
vt 0.58249903 0.07790899
vt 0.53277802 0.15931302
vt 0.50000000 0.06827497
vt 0.80682498 0.31312197
vt 0.76824600 0.31375003
vt 0.77551502 0.35848403
vt 0.50000000 0.16945702
vt 0.50000000 0.17147601
vt 0.55836499 0.04822099
vt 0.58677799 0.04485899
vt 0.58128101 0.04657501
vt 0.58047903 0.05362099
vt 0.59373897 0.03984600
vt 0.57474601 0.06043500
vt 0.56580400 0.06450701
vt 0.56391901 0.05563003
vt 0.60178202 0.03611100
vt 0.61035299 0.03178000
vt 0.56281298 0.05067199
vt 0.57315099 0.04828101
vt 0.57664901 0.04242200
vt 0.58121002 0.03628600
vt 0.58725798 0.02970600
vt 0.59427702 0.02367300
vt 0.56910300 0.05302602
vt 0.60101998 0.01854002
vt 0.57661998 0.03079599
vt 0.58249599 0.02303398
vt 0.58914399 0.01631701
vt 0.59536898 0.01117301
vt 0.57223302 0.03833300
vt 0.56875497 0.04449499
vt 0.56524402 0.04891598
vt 0.85805500 0.51702702
vt 0.87570602 0.50430399
vt 0.86848903 0.48398203
vt 0.84103602 0.48428899
vt 0.94968599 0.57356101
vt 0.96122998 0.57768399
vt 0.97169101 0.60531801
vt 0.96526599 0.58866596
vt 0.51947999 0.02385801
vt 0.51774102 0.79352301
vt 0.88981998 0.19291002
vt 0.86294800 0.18884999
vt 0.62829900 0.19112003
vt 0.63381797 0.19365299
vt 0.62260997 0.18930501
vt 0.81490898 0.77337003
vt 0.80791402 0.76198000
vt 0.92800099 0.71239299
vt 0.95113301 0.69178301
vt 0.96744001 0.66889399
vt 0.97595900 0.63886297
vt 0.97473300 0.60657597
vt 0.73520303 0.13355798
vt 0.74614000 0.15200299
vt 0.75602001 0.14426702
vt 0.75039500 0.13076198
vt 0.71212101 0.15842998
vt 0.72396702 0.15825599
vt 0.71904701 0.13519400
vt 0.71019399 0.13499498
vt 0.76870102 0.02744901
vt 0.75908500 0.02412099
vt 0.75152200 0.04145002
vt 0.76811498 0.04274797
vt 0.73894298 0.03962302
vt 0.74745202 0.03101999
vt 0.73892701 0.02853101
vt 0.69924802 0.13356000
vt 0.70097798 0.15552402
vt 0.68909800 0.13221502
vt 0.68806303 0.14955801
vt 0.67754400 0.13201499
vt 0.68211299 0.14761001
vt 0.69850600 0.04280901
vt 0.70879400 0.04031700
vt 0.69752198 0.02302599
vt 0.68648601 0.02832001
vt 0.72744501 0.13485003
vt 0.73532701 0.15600801
vt 0.68299598 0.04829699
vt 0.67714900 0.03412902
vt 0.67325801 0.03616798
vt 0.66807801 0.05331701
vt 0.72499698 0.05970103
vt 0.73829901 0.06170398
vt 0.72488302 0.03871697
vt 0.73268002 0.11316597
vt 0.74634701 0.10752398
vt 0.71014798 0.11300898
vt 0.71787697 0.11438501
vt 0.75103301 0.06842703
vt 0.76404202 0.08243501
vt 0.70031101 0.10940403
vt 0.69111198 0.10311699
vt 0.68110400 0.09096998
vt 0.71066803 0.06128502
vt 0.70219702 0.06473398
vt 0.72529799 0.11437398
vt 0.69008899 0.07462698
vt 0.73624402 0.09586000
vt 0.72690302 0.09778100
vt 0.71225601 0.09668797
vt 0.69897902 0.09319001
vt 0.73294598 0.07736498
vt 0.73963201 0.07974499
vt 0.71859199 0.07569402
vt 0.70471501 0.07679701
vt 0.71353298 0.01671600
vt 0.73914999 0.01653302
vt 0.72647601 0.01528502
vt 0.72928298 0.02706099
vt 0.76556402 0.13560599
vt 0.76199597 0.12680101
vt 0.75466502 0.09980899
vt 0.74452198 0.09004498
vt 0.74621701 0.08426398
vt 0.81368899 0.04941899
vt 0.81455302 0.05377001
vt 0.81934601 0.05012900
vt 0.81695998 0.04461098
vt 0.81730998 0.05539602
vt 0.81583101 0.06151497
vt 0.82284302 0.06066698
vt 0.82141501 0.05444998
vt 0.82156497 0.06701797
vt 0.81120598 0.06799197
vt 0.83126402 0.05315000
vt 0.82684398 0.05254400
vt 0.82828403 0.05862701
vt 0.82974303 0.06421298
vt 0.82415497 0.04652500
vt 0.82825297 0.04373598
vt 0.82138002 0.04041702
vt 0.82412601 0.03705299
vt 0.81940103 0.03626400
vt 0.81471997 0.02931100
vt 0.81364399 0.04063201
vt 0.80744201 0.03560698
vt 0.80778003 0.05176198
vt 0.79926401 0.05077899
vt 0.79965299 0.03091800
vt 0.79127902 0.04900700
vt 0.81142801 0.02214700
vt 0.82878602 0.03157800
vt 0.83559197 0.04152101
vt 0.83818901 0.05387998
vt 0.83280802 0.06851399
vt 0.81251198 0.07551199
vt 0.80054897 0.07185900
vt 0.80937999 0.05847901
vt 0.80164599 0.06135499
vt 0.79348701 0.06421602
vt 0.80493897 0.71726000
vt 0.80466902 0.69611597
vt 0.80575901 0.74155998
vt 0.77766597 0.11839598
vt 0.76808202 0.13474202
vt 0.58039999 0.63838899
vt 0.74991101 0.01976103
vt 0.73936599 0.82038301
vt 0.59528702 0.51892799
vt 0.98908699 0.48985600
vt 0.47610900 0.73671198
vt 0.47619700 0.73550498
vt 0.47450399 0.73537898
vt 0.47521600 0.73712999
vt 0.48317501 0.73286301
vt 0.48199499 0.73520201
vt 0.48375899 0.73698699
vt 0.48525700 0.73381501
vt 0.47975400 0.73196602
vt 0.47937801 0.73073304
vt 0.47668999 0.73272598
vt 0.47860301 0.73372602
vt 0.47633100 0.73840100
vt 0.47699201 0.73735702
vt 0.48569700 0.73271501
vt 0.48754001 0.73525596
vt 0.48728800 0.73271000
vt 0.48283201 0.72922397
vt 0.48197600 0.73056304
vt 0.48438999 0.73184901
vt 0.48597699 0.73106200
vt 0.48125699 0.73248500
vt 0.48028901 0.73452997
vt 0.47778201 0.73968399
vt 0.47835299 0.73803198
vt 0.48030099 0.73876297
vt 0.48043701 0.74026000
vt 0.48498699 0.73915201
vt 0.48022699 0.73705000
vt 0.47902200 0.72912401
vt 0.47904399 0.73631799
vt 0.47755799 0.73591602
vt 0.47526300 0.73187196
vt 0.44262400 0.79793400
vt 0.44544500 0.79768002
vt 0.44589299 0.79365999
vt 0.44340399 0.79327399
vt 0.47910500 0.81327403
vt 0.49001399 0.81478900
vt 0.49067199 0.81008899
vt 0.48002699 0.80939901
vt 0.45321599 0.79907000
vt 0.45935401 0.79980201
vt 0.45894900 0.79561299
vt 0.45354900 0.79620099
vt 0.45301300 0.78056300
vt 0.44550201 0.78617698
vt 0.44805300 0.78704500
vt 0.45547000 0.78229600
vt 0.45452201 0.79427898
vt 0.45388499 0.79216003
vt 0.45006099 0.79473901
vt 0.45154199 0.79507601
vt 0.48280400 0.78517103
vt 0.48279300 0.78917003
vt 0.48920199 0.78910899
vt 0.48908699 0.78491497
vt 0.48935199 0.81837398
vt 0.48844901 0.82251203
vt 0.48835400 0.77992302
vt 0.48177001 0.78033501
vt 0.49451900 0.78471899
vt 0.49507299 0.78895497
vt 0.46711400 0.78977698
vt 0.46712101 0.78624403
vt 0.45949501 0.78748399
vt 0.45988899 0.79040402
vt 0.47504899 0.78552103
vt 0.47390401 0.78122002
vt 0.46579400 0.78256702
vt 0.49409801 0.77993703
vt 0.45786199 0.78471100
vt 0.44391599 0.80004698
vt 0.44195801 0.80075002
vt 0.44719499 0.80607700
vt 0.44858599 0.80488598
vt 0.48759499 0.77463800
vt 0.48038101 0.77520698
vt 0.49507299 0.79352301
vt 0.46902099 0.80384701
vt 0.48034701 0.80445498
vt 0.48004600 0.79997301
vt 0.46884900 0.79996198
vt 0.48899600 0.79352301
vt 0.46811700 0.81175500
vt 0.46872899 0.80817598
vt 0.49355301 0.77053702
vt 0.48675001 0.77061701
vt 0.49371400 0.77495998
vt 0.46626899 0.79352301
vt 0.45947900 0.79352301
vt 0.44999799 0.80336398
vt 0.45826399 0.80629003
vt 0.45903400 0.80305898
vt 0.45166001 0.80146801
vt 0.49365601 0.76745498
vt 0.45737600 0.80882597
vt 0.45626199 0.81092703
vt 0.47201100 0.77680701
vt 0.44607201 0.79919499
vt 0.43994701 0.79789102
vt 0.43730700 0.79801100
vt 0.43981001 0.80160999
vt 0.44998300 0.79751700
vt 0.44819099 0.79831499
vt 0.45130900 0.79612702
vt 0.45104799 0.79570800
vt 0.44962800 0.79653901
vt 0.45268601 0.79007399
vt 0.46710801 0.81472898
vt 0.47807401 0.81688201
vt 0.44824299 0.79420900
vt 0.44801301 0.79723001
vt 0.47864500 0.79544103
vt 0.46744400 0.79544103
vt 0.45063400 0.78826296
vt 0.46138799 0.77640802
vt 0.47015801 0.77317297
vt 0.46850500 0.77057803
vt 0.45925301 0.77449799
vt 0.45061901 0.77929002
vt 0.44305801 0.78558803
vt 0.47902301 0.77151400
vt 0.47417700 0.79352301
vt 0.47493699 0.78936201
vt 0.47657499 0.82045698
vt 0.44557101 0.80728602
vt 0.46364799 0.77905703
vt 0.44088900 0.79309201
vt 0.49096200 0.79997003
vt 0.49104699 0.80479598
vt 0.48630700 0.76715803
vt 0.49042401 0.79544103
vt 0.46561801 0.81719697
vt 0.45473999 0.81280804
vt 0.43838000 0.79289901
vt 0.47794101 0.76821798
vt 0.40017200 0.65672302
vt 0.40050101 0.65299499
vt 0.39092100 0.65476203
vt 0.39412999 0.65612304
vt 0.40018299 0.64212596
vt 0.41033399 0.63978696
vt 0.41042799 0.63438797
vt 0.39943901 0.63854504
vt 0.38986400 0.65310299
vt 0.40054399 0.65030897
vt 0.43642399 0.65953302
vt 0.43596300 0.66259897
vt 0.44370499 0.65933800
vt 0.44295800 0.65816700
vt 0.44664401 0.65218997
vt 0.44087899 0.65060300
vt 0.43979099 0.65347302
vt 0.44467899 0.65402699
vt 0.41805100 0.64906502
vt 0.42606899 0.64911997
vt 0.42701301 0.64454699
vt 0.41869900 0.64469504
vt 0.38857099 0.64730901
vt 0.38899401 0.65015000
vt 0.40070400 0.64697701
vt 0.43484700 0.64972198
vt 0.44237700 0.64723700
vt 0.43608499 0.64566696
vt 0.39590099 0.66051304
vt 0.40322101 0.66301000
vt 0.40488401 0.66031802
vt 0.39815399 0.65859103
vt 0.39173999 0.65791100
vt 0.38866600 0.65762299
vt 0.39480200 0.66182196
vt 0.38298601 0.63893700
vt 0.37452400 0.64285004
vt 0.37891999 0.64603496
vt 0.38655800 0.64371896
vt 0.44874400 0.64962697
vt 0.44913200 0.65610200
vt 0.45177400 0.65513599
vt 0.38089401 0.64854401
vt 0.38274601 0.65095496
vt 0.45506701 0.63651800
vt 0.44797000 0.63176799
vt 0.44581699 0.63743603
vt 0.45203301 0.64238596
vt 0.40896100 0.65332001
vt 0.40959200 0.64923000
vt 0.39396399 0.65715504
vt 0.41729501 0.65386099
vt 0.41647500 0.65833199
vt 0.42437199 0.65815604
vt 0.42525899 0.65374601
vt 0.42017701 0.66416204
vt 0.42097801 0.66075301
vt 0.41248801 0.66088998
vt 0.41134200 0.66404301
vt 0.38456401 0.65357697
vt 0.44438100 0.64231700
vt 0.45046401 0.64650100
vt 0.44679800 0.65745801
vt 0.44683701 0.65656602
vt 0.44513300 0.65680599
vt 0.44517699 0.65732098
vt 0.43885401 0.63515198
vt 0.42901999 0.63272297
vt 0.42820799 0.63807702
vt 0.43756199 0.64034700
vt 0.42881200 0.66013801
vt 0.42825100 0.66348696
vt 0.42117500 0.62771404
vt 0.41037101 0.62952000
vt 0.42038301 0.63268304
vt 0.43349400 0.65352404
vt 0.40825200 0.65777397
vt 0.44049299 0.62929201
vt 0.43025601 0.62750304
vt 0.39817801 0.63372999
vt 0.41000700 0.64522600
vt 0.44937301 0.65709102
vt 0.43226799 0.65731204
vt 0.43891299 0.65660501
vt 0.44387600 0.65617299
vt 0.43584901 0.66472501
vt 0.44476199 0.66126901
vt 0.26352599 0.57160997
vt 0.27898800 0.58518898
vt 0.29525399 0.57157302
vt 0.28257599 0.55541700
vt 0.34581599 0.62432098
vt 0.36397299 0.61264503
vt 0.35951900 0.60339200
vt 0.33798000 0.61780202
vt 0.48117399 0.52889299
vt 0.48119900 0.51784301
vt 0.45995000 0.51932597
vt 0.46001500 0.53020501
vt 0.46025899 0.57579601
vt 0.45987400 0.58532500
vt 0.47333199 0.58682597
vt 0.48100501 0.57721800
vt 0.44788301 0.58511400
vt 0.44820899 0.59265000
vt 0.45925599 0.59284103
vt 0.48917300 0.60743201
vt 0.48842901 0.61765802
vt 0.29475200 0.51578403
vt 0.26665801 0.53808403
vt 0.30510700 0.53842902
vt 0.45857799 0.59916604
vt 0.46867901 0.60135299
vt 0.47028399 0.59430200
vt 0.48705900 0.58817500
vt 0.48913300 0.59787500
vt 0.48343799 0.72776902
vt 0.47848201 0.72762096
vt 0.48936301 0.73296601
vt 0.48959601 0.73629296
vt 0.49191400 0.73682296
vt 0.49143901 0.73294902
vt 0.36625499 0.53535497
vt 0.38971901 0.52935100
vt 0.38530600 0.50941300
vt 0.36247700 0.50251102
vt 0.45289800 0.59825301
vt 0.38189399 0.59246999
vt 0.37814599 0.58219200
vt 0.35535601 0.59312099
vt 0.47888801 0.60433197
vt 0.47975501 0.59631503
vt 0.47734299 0.61225104
vt 0.46758300 0.60799003
vt 0.33064601 0.61055398
vt 0.45789000 0.60460496
vt 0.48728400 0.72538102
vt 0.49112999 0.72513801
vt 0.49033299 0.72224903
vt 0.48586699 0.72250402
vt 0.22928800 0.57219201
vt 0.24865800 0.58894396
vt 0.24617501 0.55529296
vt 0.45417601 0.41681701
vt 0.42938399 0.42790598
vt 0.43393701 0.46860898
vt 0.45921400 0.46240300
vt 0.35258901 0.63007301
vt 0.36847901 0.62004697
vt 0.43829799 0.51094496
vt 0.45963401 0.50728899
vt 0.39911300 0.48338097
vt 0.40108201 0.50143301
vt 0.41633099 0.49613398
vt 0.49419701 0.73689699
vt 0.49361101 0.73278296
vt 0.46025401 0.54091400
vt 0.44104499 0.53186500
vt 0.44257000 0.54239100
vt 0.38644999 0.65526903
vt 0.41976100 0.66632104
vt 0.41043100 0.66580498
vt 0.48127601 0.50459504
vt 0.33974200 0.54598296
vt 0.33355501 0.52003503
vt 0.42803401 0.66576397
vt 0.48015901 0.59077001
vt 0.37409800 0.56913000
vt 0.35001600 0.58038199
vt 0.35868099 0.63468003
vt 0.37220100 0.62555701
vt 0.48319900 0.72635603
vt 0.48899299 0.72893798
vt 0.48207700 0.72485900
vt 0.38679901 0.60339403
vt 0.39057800 0.61151004
vt 0.44710299 0.57538199
vt 0.48766300 0.73025799
vt 0.44807401 0.60208702
vt 0.21036400 0.50753403
vt 0.22596601 0.53400803
vt 0.24763300 0.51768899
vt 0.23111500 0.49274701
vt 0.40362501 0.58792102
vt 0.40775099 0.59867299
vt 0.48135999 0.45623899
vt 0.48136500 0.54007900
vt 0.43981999 0.52145004
vt 0.49235401 0.72879803
vt 0.16450700 0.51925802
vt 0.15772200 0.53494298
vt 0.17466700 0.56076300
vt 0.17860100 0.54206401
vt 0.42326301 0.59697402
vt 0.43630499 0.59736204
vt 0.43503001 0.58549100
vt 0.42037100 0.58639401
vt 0.31389600 0.55880404
vt 0.37059301 0.55404103
vt 0.34497201 0.56521600
vt 0.40202299 0.66432899
vt 0.47871500 0.40590900
vt 0.20901699 0.54968101
vt 0.41042000 0.52494097
vt 0.40777600 0.53360599
vt 0.42436299 0.53289402
vt 0.42208901 0.52322400
vt 0.19334900 0.56486100
vt 0.19808801 0.53413999
vt 0.39994001 0.57694101
vt 0.18100201 0.57767904
vt 0.47632799 0.72565901
vt 0.47748199 0.72651803
vt 0.41047800 0.54571700
vt 0.42656001 0.54368699
vt 0.32002801 0.59976000
vt 0.41993400 0.51450002
vt 0.35757500 0.47107798
vt 0.32455200 0.49330300
vt 0.39337000 0.44633901
vt 0.26490101 0.60107601
vt 0.48061800 0.72289801
vt 0.47486901 0.72427201
vt 0.43318900 0.57522601
vt 0.41780901 0.57553601
vt 0.46370301 0.67183697
vt 0.46387100 0.67865503
vt 0.47108901 0.67525804
vt 0.47104499 0.66762900
vt 0.46847200 0.72836697
vt 0.46374601 0.73364902
vt 0.46728599 0.73503900
vt 0.47047901 0.72971100
vt 0.47383499 0.73103201
vt 0.47273499 0.73538101
vt 0.26528299 0.79789901
vt 0.28071499 0.80665499
vt 0.28577700 0.78367400
vt 0.27116501 0.77632797
vt 0.23719200 0.78020400
vt 0.25106999 0.78939098
vt 0.25752500 0.76907200
vt 0.24370401 0.76125801
vt 0.47511199 0.89419502
vt 0.47164300 0.88543701
vt 0.46092600 0.88842899
vt 0.46883401 0.89999002
vt 0.43574399 0.71374798
vt 0.43919399 0.72457200
vt 0.44643199 0.71654296
vt 0.44412199 0.70486796
vt 0.44445100 0.55518603
vt 0.46068001 0.55203199
vt 0.39833301 0.77540600
vt 0.38860199 0.76667899
vt 0.38370901 0.78470498
vt 0.39509699 0.79202700
vt 0.39509299 0.80916297
vt 0.38231000 0.80444503
vt 0.38574201 0.82479000
vt 0.39926699 0.82599801
vt 0.48115399 0.56852996
vt 0.49094000 0.89665300
vt 0.48832199 0.90907401
vt 0.47785899 0.74118602
vt 0.48128301 0.74207199
vt 0.44630301 0.56733799
vt 0.46056199 0.56791496
vt 0.26544499 0.70535004
vt 0.28650999 0.69560200
vt 0.27894801 0.68419003
vt 0.25398201 0.69100100
vt 0.44237500 0.69577503
vt 0.44090301 0.68914902
vt 0.43095100 0.69697404
vt 0.43315101 0.70442599
vt 0.22325000 0.75161600
vt 0.23173299 0.73309600
vt 0.21033600 0.72244203
vt 0.20546900 0.74424899
vt 0.40423000 0.76022696
vt 0.39583200 0.75072300
vt 0.47025901 0.73525798
vt 0.47212800 0.73031801
vt 0.48133501 0.55082399
vt 0.41170001 0.74652201
vt 0.40466899 0.73651397
vt 0.48128399 0.56007504
vt 0.42405599 0.71367097
vt 0.42797399 0.72319496
vt 0.47757900 0.74318099
vt 0.47534201 0.73972899
vt 0.47355899 0.74100196
vt 0.46062100 0.56017804
vt 0.47125801 0.73851299
vt 0.47371101 0.73787296
vt 0.48369399 0.74453998
vt 0.45062599 0.56064296
vt 0.46983999 0.69882798
vt 0.46393099 0.70011997
vt 0.46517301 0.70565498
vt 0.46939799 0.70489401
vt 0.31867400 0.56876600
vt 0.45673099 0.70972800
vt 0.45453501 0.70561999
vt 0.25220099 0.74364996
vt 0.26142600 0.75964999
vt 0.41433701 0.72391701
vt 0.41988999 0.73401701
vt 0.27901101 0.75680500
vt 0.28837800 0.74065697
vt 0.26380000 0.72840500
vt 0.46727300 0.73887801
vt 0.46939299 0.74192703
vt 0.21813500 0.65860200
vt 0.21629800 0.67927504
vt 0.24857900 0.67618096
vt 0.24650501 0.66034496
vt 0.39274701 0.54846704
vt 0.39610499 0.56374204
vt 0.41428101 0.56168699
vt 0.24372201 0.71713001
vt 0.27926499 0.71610796
vt 0.21577699 0.70003599
vt 0.39385900 0.84427398
vt 0.40793899 0.84195399
vt 0.45338899 0.69553500
vt 0.21825100 0.77017999
vt 0.48951599 0.74180001
vt 0.49292201 0.74232602
vt 0.49150300 0.88267303
vt 0.19920500 0.76466298
vt 0.43261200 0.73343098
vt 0.47496900 0.74469000
vt 0.47147000 0.74665701
vt 0.48056000 0.74943399
vt 0.48185399 0.74686301
vt 0.30289900 0.58059299
vt 0.46234101 0.74228501
vt 0.31104299 0.59000099
vt 0.46198300 0.73778099
vt 0.45267299 0.68617797
vt 0.45210201 0.68039203
vt 0.48846301 0.74827802
vt 0.48996300 0.74611104
vt 0.29912901 0.72815001
vt 0.48170099 0.88333702
vt 0.48185301 0.89546502
vt 0.45825100 0.71135700
vt 0.46658701 0.70798999
vt 0.43052399 0.56105196
vt 0.45957601 0.74526000
vt 0.46985900 0.74964499
vt 0.27498901 0.76647902
vt 0.28893301 0.77303398
vt 0.30566800 0.76812899
vt 0.48022899 0.75225800
vt 0.47737601 0.90562499
vt 0.41900599 0.75615299
vt 0.42587000 0.74380499
vt 0.48800701 0.75068700
vt 0.29639700 0.60312498
vt 0.28363800 0.61699498
vt 0.29503500 0.62675101
vt 0.30624101 0.61296600
vt 0.33092400 0.64310503
vt 0.33702001 0.63366801
vt 0.32824501 0.62919801
vt 0.32064500 0.64029199
vt 0.46786201 0.75510401
vt 0.48089001 0.75636697
vt 0.27450699 0.60860300
vt 0.28772500 0.59388304
vt 0.26596200 0.62061101
vt 0.25513101 0.61596900
vt 0.25009301 0.62875301
vt 0.27131701 0.63406801
vt 0.32681999 0.73163199
vt 0.33470401 0.75025702
vt 0.35217801 0.73298401
vt 0.34100699 0.72003496
vt 0.30774501 0.63485897
vt 0.31770399 0.62237799
vt 0.35426700 0.70746499
vt 0.36561599 0.69586700
vt 0.35213000 0.68761504
vt 0.34107101 0.69732201
vt 0.36034799 0.67921400
vt 0.37294501 0.68591797
vt 0.31423801 0.73663300
vt 0.31283599 0.71812904
vt 0.32741401 0.65699303
vt 0.31304699 0.65851903
vt 0.31267199 0.66575396
vt 0.32805800 0.66250199
vt 0.24741200 0.64206803
vt 0.21971300 0.63487500
vt 0.29679599 0.70568001
vt 0.45335200 0.77010202
vt 0.46296901 0.76461601
vt 0.45755899 0.76021600
vt 0.44883701 0.76701099
vt 0.32757801 0.70744801
vt 0.37761399 0.67919302
vt 0.38661700 0.68975699
vt 0.38958800 0.68227100
vt 0.34531999 0.63724101
vt 0.38228500 0.70254397
vt 0.36633801 0.67282599
vt 0.35491401 0.66422999
vt 0.34610599 0.66870701
vt 0.35119000 0.67317700
vt 0.35889700 0.66772997
vt 0.36661500 0.71745300
vt 0.34771800 0.65103000
vt 0.33850399 0.65108401
vt 0.33827201 0.65580702
vt 0.34802201 0.65459800
vt 0.32204399 0.68075204
vt 0.33574101 0.67412102
vt 0.33104599 0.66804802
vt 0.31577301 0.67340004
vt 0.21312200 0.59353197
vt 0.18669499 0.59778100
vt 0.49373999 0.76427001
vt 0.28148499 0.64755201
vt 0.27718800 0.66018796
vt 0.29654801 0.65952003
vt 0.29970300 0.64947402
vt 0.45684800 0.77274001
vt 0.44806501 0.77814698
vt 0.48552501 0.76413298
vt 0.47647101 0.76514500
vt 0.45018500 0.75555503
vt 0.44344500 0.76339298
vt 0.31543899 0.65066200
vt 0.32822001 0.65112501
vt 0.47345001 0.76110303
vt 0.48350000 0.76056802
vt 0.19450800 0.63451898
vt 0.48667899 0.74071097
vt 0.45644200 0.74962401
vt 0.40112799 0.69590300
vt 0.40123901 0.68790400
vt 0.30539799 0.68797696
vt 0.31409100 0.69596696
vt 0.32949799 0.68782198
vt 0.41536999 0.68426400
vt 0.41585001 0.68065500
vt 0.40243700 0.68264902
vt 0.44653299 0.66887599
vt 0.44540501 0.66805398
vt 0.43716699 0.67221200
vt 0.43746200 0.67410398
vt 0.29877499 0.67854798
vt 0.31217399 0.74904597
vt 0.34903201 0.64581704
vt 0.34043899 0.64461201
vt 0.46646100 0.76816297
vt 0.34174001 0.67992902
vt 0.29606700 0.66886199
vt 0.35292301 0.64016902
vt 0.33976400 0.66005301
vt 0.34922099 0.65778100
vt 0.27621701 0.67207700
vt 0.34207699 0.66399699
vt 0.23744200 0.60741198
vt 0.35115299 0.66056001
vt 0.23725601 0.62382197
vt 0.44047800 0.78498501
vt 0.43555200 0.79261398
vt 0.46614301 0.72588003
vt 0.47340301 0.72215700
vt 0.47177100 0.71903300
vt 0.46371499 0.72227502
vt 0.37122101 0.64947796
vt 0.36311001 0.65020901
vt 0.36384901 0.65239096
vt 0.37228900 0.65194798
vt 0.36174500 0.66096199
vt 0.36539701 0.66385496
vt 0.45660201 0.73426497
vt 0.45463499 0.73746502
vt 0.45235300 0.74016702
vt 0.47198400 0.70650500
vt 0.43896201 0.74466598
vt 0.43636301 0.74033296
vt 0.43070099 0.75009704
vt 0.43352500 0.75377101
vt 0.43073800 0.79980701
vt 0.43465701 0.80653501
vt 0.43731600 0.80321902
vt 0.43434200 0.79854500
vt 0.44898000 0.74398196
vt 0.45981699 0.71390200
vt 0.46817300 0.71097696
vt 0.41654801 0.67784399
vt 0.41755900 0.67545301
vt 0.40548500 0.67568201
vt 0.40379301 0.67884696
vt 0.41879800 0.67167801
vt 0.42806199 0.67373598
vt 0.42814401 0.66975701
vt 0.37744901 0.66026497
vt 0.37080401 0.66136503
vt 0.37545699 0.66505200
vt 0.38108101 0.66153896
vt 0.44101101 0.81329501
vt 0.44336101 0.80906898
vt 0.44415900 0.75015497
vt 0.43842101 0.75886500
vt 0.38937101 0.66693300
vt 0.38488200 0.67090797
vt 0.39388099 0.67447102
vt 0.39760399 0.66963601
vt 0.41964400 0.77456599
vt 0.42331699 0.77718699
vt 0.42785901 0.76522702
vt 0.42455900 0.76240802
vt 0.36801699 0.65890098
vt 0.37702799 0.65800899
vt 0.37534800 0.65585101
vt 0.36587200 0.65641403
vt 0.44995099 0.81950301
vt 0.45243400 0.81510699
vt 0.45564300 0.64759499
vt 0.45501900 0.65316600
vt 0.46331099 0.82011199
vt 0.44421300 0.73734301
vt 0.44200599 0.73268497
vt 0.49169299 0.66139102
vt 0.49167299 0.66951203
vt 0.46010801 0.64093196
vt 0.46377799 0.63667297
vt 0.45817000 0.63144696
vt 0.46290201 0.64472604
vt 0.46768299 0.64108002
vt 0.45293900 0.62118602
vt 0.46126801 0.62630200
vt 0.46422699 0.62051702
vt 0.45536101 0.61570901
vt 0.43785900 0.67626798
vt 0.42811501 0.67770100
vt 0.42765099 0.68040800
vt 0.35612100 0.65348500
vt 0.35723299 0.65586299
vt 0.48750499 0.82652199
vt 0.47422200 0.82406300
vt 0.35579899 0.65076697
vt 0.35660300 0.64666498
vt 0.44806501 0.73367000
vt 0.44625601 0.72831899
vt 0.37032399 0.64706999
vt 0.36305001 0.64730299
vt 0.45971200 0.73056901
vt 0.48455101 0.71963000
vt 0.47914299 0.72053003
vt 0.40804100 0.67144901
vt 0.45436600 0.71769100
vt 0.45236799 0.71757197
vt 0.46370500 0.68871200
vt 0.47011200 0.68616199
vt 0.45066601 0.73195803
vt 0.45293301 0.72923303
vt 0.25620499 0.90257597
vt 0.28667399 0.92629898
vt 0.27919000 0.89311302
vt 0.25498000 0.87529898
vt 0.47028399 0.64768201
vt 0.46458501 0.64938903
vt 0.37163600 0.66804600
vt 0.45642501 0.72624999
vt 0.42802501 0.67550898
vt 0.45043299 0.62660700
vt 0.48319700 0.71628797
vt 0.47763801 0.71741104
vt 0.43123600 0.81215900
vt 0.43818399 0.81911898
vt 0.35880899 0.65805399
vt 0.43187499 0.79106301
vt 0.36466199 0.65440100
vt 0.39183599 0.67774099
vt 0.38148901 0.67443502
vt 0.43282700 0.76973403
vt 0.47405601 0.70957100
vt 0.35927501 0.64241201
vt 0.44911999 0.72540796
vt 0.45012900 0.71818697
vt 0.37387699 0.65389800
vt 0.44760299 0.66993099
vt 0.48666900 0.62868297
vt 0.37056699 0.64497501
vt 0.36490399 0.64417303
vt 0.49172699 0.65496397
vt 0.47503501 0.62025201
vt 0.47144800 0.62661004
vt 0.47762901 0.63440096
vt 0.44261700 0.62340200
vt 0.44454500 0.61837900
vt 0.48933700 0.75731599
vt 0.49500999 0.75793898
vt 0.49469000 0.75442100
vt 0.48820999 0.75360703
vt 0.47745201 0.66536200
vt 0.47754499 0.67313302
vt 0.48384601 0.67126703
vt 0.48409399 0.66314399
vt 0.47673601 0.68402201
vt 0.48349500 0.68211401
vt 0.48370200 0.65685904
vt 0.44754699 0.60813797
vt 0.45701101 0.61044896
vt 0.49695200 0.73699403
vt 0.49657199 0.73281896
vt 0.48939899 0.71886897
vt 0.49473199 0.71817100
vt 0.49400201 0.71423399
vt 0.48843300 0.71514297
vt 0.49521101 0.72183001
vt 0.49474201 0.74889302
vt 0.49449301 0.75141799
vt 0.49600899 0.72875297
vt 0.49072301 0.76088899
vt 0.49660000 0.74242401
vt 0.46753600 0.63196999
vt 0.42318001 0.61610901
vt 0.43360400 0.61635000
vt 0.43522099 0.61154401
vt 0.42415899 0.61116999
vt 0.47197199 0.63826001
vt 0.47542399 0.64512503
vt 0.36936599 0.64080703
vt 0.37916100 0.63447404
vt 0.37549999 0.63014001
vt 0.36425999 0.63835400
vt 0.49549201 0.74655300
vt 0.48374599 0.69438696
vt 0.49186701 0.69281304
vt 0.49159199 0.68046200
vt 0.43617001 0.60635197
vt 0.49579799 0.76106399
vt 0.49686599 0.76332998
vt 0.39245701 0.61707300
vt 0.20276301 0.78184301
vt 0.21535701 0.78608400
vt 0.19182600 0.78310400
vt 0.19027799 0.77591503
vt 0.17780800 0.77593899
vt 0.17984501 0.77908301
vt 0.18809500 0.77409798
vt 0.47633201 0.69837403
vt 0.44632101 0.61309302
vt 0.46632001 0.61461800
vt 0.42210400 0.62083101
vt 0.43183699 0.62129104
vt 0.48114800 0.64230800
vt 0.47701401 0.65904403
vt 0.04872500 0.51305902
vt 0.05267500 0.51482296
vt 0.05857700 0.51063299
vt 0.05794400 0.50535399
vt 0.42480499 0.60583800
vt 0.49568701 0.72493804
vt 0.18153800 0.78428102
vt 0.39596799 0.62708199
vt 0.41040501 0.62258101
vt 0.41051701 0.61773002
vt 0.39425501 0.62208700
vt 0.49001700 0.63937902
vt 0.41091299 0.61256897
vt 0.41056901 0.60707599
vt 0.29663599 0.81443900
vt 0.27804899 0.83139801
vt 0.29568699 0.84061003
vt 0.47086999 0.66180396
vt 0.43994400 0.84768903
vt 0.43651700 0.86149597
vt 0.45415699 0.86187696
vt 0.45692700 0.84838700
vt 0.46422699 0.65631497
vt 0.47075400 0.65425599
vt 0.49040800 0.83837402
vt 0.49123400 0.84464699
vt 0.42283300 0.81317902
vt 0.42826599 0.82008702
vt 0.42555201 0.80316299
vt 0.49112800 0.64799297
vt 0.47657701 0.65260601
vt 0.49119201 0.86031801
vt 0.49156499 0.87097502
vt 0.22619000 0.81568098
vt 0.24005701 0.82971102
vt 0.24550100 0.81003499
vt 0.23101000 0.79885501
vt 0.45555300 0.87541699
vt 0.43250799 0.87863100
vt 0.43564600 0.82619601
vt 0.42451799 0.82761198
vt 0.43282899 0.83420002
vt 0.46871901 0.87311101
vt 0.46753401 0.86114597
vt 0.48669299 0.83092701
vt 0.48147401 0.84528697
vt 0.47878999 0.83967799
vt 0.48091099 0.87156600
vt 0.47976500 0.86060798
vt 0.45992199 0.82398701
vt 0.20385100 0.79216200
vt 0.21246800 0.80156898
vt 0.27750200 0.85723501
vt 0.29863599 0.86835599
vt 0.44595701 0.66367602
vt 0.45207900 0.65843701
vt 0.40734300 0.81141800
vt 0.40732300 0.79796201
vt 0.42202300 0.85684502
vt 0.40777299 0.86492199
vt 0.40895399 0.78356802
vt 0.41306201 0.76943803
vt 0.41912299 0.80842501
vt 0.41964799 0.80078298
vt 0.41492099 0.79995501
vt 0.41572601 0.81067801
vt 0.41889301 0.81934398
vt 0.45338899 0.83346498
vt 0.45618001 0.82868397
vt 0.44703600 0.82457799
vt 0.44455501 0.83079898
vt 0.46051899 0.83453703
vt 0.46511799 0.83181602
vt 0.46274000 0.66469896
vt 0.43693700 0.67062700
vt 0.43665400 0.66764200
vt 0.47197700 0.84669799
vt 0.46612000 0.84317601
vt 0.44607601 0.66599000
vt 0.45028400 0.66439199
vt 0.45304701 0.66397798
vt 0.20490199 0.69757497
vt 0.20242301 0.71978801
vt 0.48282599 0.65046400
vt 0.25700200 0.84370697
vt 0.47048101 0.82781100
vt 0.47958699 0.85174102
vt 0.49103999 0.85172701
vt 0.41631201 0.78780997
vt 0.42025799 0.78953803
vt 0.46843499 0.85169202
vt 0.19551000 0.76332700
vt 0.04821400 0.50018501
vt 0.04117400 0.50916398
vt 0.42862800 0.78086197
vt 0.45548201 0.65755600
vt 0.19982199 0.74294996
vt 0.42827499 0.84358698
vt 0.18502800 0.79660898
vt 0.19713899 0.79628897
vt 0.19628000 0.66871601
vt 0.20493200 0.68276203
vt 0.47182700 0.96323901
vt 0.46380600 0.98221898
vt 0.47998500 0.94191700
vt 0.34997901 0.78760803
vt 0.32884699 0.77612603
vt 0.32372600 0.80063701
vt 0.34735599 0.81162798
vt 0.45945901 0.65130299
vt 0.45866200 0.65720296
vt 0.45893300 0.64750004
vt 0.44251600 0.83837998
vt 0.45334500 0.83954901
vt 0.40450701 0.88157099
vt 0.42408699 0.90314502
vt 0.44448799 0.89494801
vt 0.44875199 0.67128801
vt 0.45573199 0.66410697
vt 0.46274501 0.83838797
vt 0.43741101 0.78066397
vt 0.43805501 0.78356600
vt 0.44512799 0.77673900
vt 0.44185299 0.77479500
vt 0.42609200 0.79151499
vt 0.47411999 0.83485603
vt 0.34913099 0.83589900
vt 0.32182100 0.82587600
vt 0.32391900 0.85205698
vt 0.35649800 0.86023402
vt 0.44452000 0.92442298
vt 0.45838201 0.91062897
vt 0.45068300 0.67466199
vt 0.42797899 0.68428099
vt 0.42908701 0.69005597
vt 0.43926001 0.68331200
vt 0.43835399 0.67865801
vt 0.37863699 0.75759500
vt 0.37175700 0.77638197
vt 0.43336299 0.78191501
vt 0.41134501 0.82433498
vt 0.41827101 0.83464301
vt 0.46097499 0.93530297
vt 0.44422001 0.95644599
vt 0.32911500 0.87797403
vt 0.30025700 0.79036403
vt 0.36777100 0.88302803
vt 0.38846001 0.91369098
vt 0.41760099 0.94346499
vt 0.36629099 0.74626201
vt 0.35590699 0.76515502
vt 0.42062199 0.70530599
vt 0.43748900 0.77283204
vt 0.48466501 0.92492002
vt 0.34665000 0.91623998
vt 0.40967599 0.71481502
vt 0.39833900 0.72667003
vt 0.37740600 0.95970398
vt 0.47025001 0.91941798
vt 0.38762200 0.74104202
vt 0.36807001 0.79746801
vt 0.36908099 0.82007504
vt 0.40509099 0.70553803
vt 0.39143100 0.71599299
vt 0.30878901 0.90691698
vt 0.32760099 0.94286901
vt 0.41765100 0.69716400
vt 0.37531599 0.84220302
vt 0.37807199 0.72976500
vt 0.42669600 0.97550100
vt 0.38844100 0.86544001
vt 0.06612700 0.49581599
vt 0.07660100 0.48922598
vt 0.06431400 0.46278298
vt 0.05563100 0.48256499
vt 0.11735200 0.57848001
vt 0.10186900 0.57234800
vt 0.10444900 0.57811201
vt 0.11632900 0.58458000
vt 0.47954401 0.70771700
vt 0.48539400 0.70422000
vt 0.45145500 0.72329700
vt 0.48711401 0.71057796
vt 0.48153701 0.71226501
vt 0.47590801 0.71351397
vt 0.46994999 0.71501499
vt 0.20454399 0.81099701
vt 0.21811500 0.83494699
vt 0.19345500 0.81867397
vt 0.20996600 0.85081202
vt 0.06969700 0.64542198
vt 0.06602200 0.64606798
vt 0.07491500 0.66435301
vt 0.07857300 0.66187501
vt 0.49338001 0.70936096
vt 0.05434400 0.20832300
vt 0.05609400 0.23457301
vt 0.07131000 0.22073501
vt 0.07451400 0.20119399
vt 0.46148100 0.71795201
vt 0.45466301 0.72133601
vt 0.09636700 0.67046499
vt 0.10711300 0.67671096
vt 0.11017700 0.66662699
vt 0.10139100 0.66151500
vt 0.21999300 0.45905203
vt 0.19055700 0.47487199
vt 0.08188500 0.65936196
vt 0.09017100 0.65299100
vt 0.41564500 0.68975997
vt 0.07450400 0.56449699
vt 0.07907600 0.57017398
vt 0.09928700 0.56645203
vt 0.09755300 0.56196797
vt 0.08217800 0.57443601
vt 0.08445700 0.57855701
vt 0.11472600 0.56614900
vt 0.11642500 0.57202899
vt 0.10523300 0.65280199
vt 0.09641400 0.64634097
vt 0.49257201 0.70269597
vt 0.23503999 0.85672599
vt 0.23173399 0.87882000
vt 0.03319800 0.49126798
vt 0.01091300 0.47404200
vt 0.01091300 0.48281801
vt 0.03104000 0.49775499
vt 0.08628600 0.58015501
vt 0.10497600 0.58555496
vt 0.11264000 0.65699196
vt 0.07135300 0.66616899
vt 0.08833800 0.68735099
vt 0.09067400 0.68366897
vt 0.08414800 0.23632699
vt 0.08469300 0.28169101
vt 0.11016800 0.27377701
vt 0.10955600 0.22962099
vt 0.13302700 0.64153999
vt 0.13321100 0.63866699
vt 0.13034201 0.63899302
vt 0.12960500 0.64233899
vt 0.08243500 0.64145899
vt 0.07403900 0.64396298
vt 0.08426200 0.19853801
vt 0.08517400 0.36109197
vt 0.08874100 0.41562903
vt 0.11212900 0.42253798
vt 0.10984000 0.36194903
vt 0.11371200 0.59259498
vt 0.09059400 0.63793701
vt 0.10833700 0.64594901
vt 0.10148400 0.63965201
vt 0.09644800 0.63425899
vt 0.06156600 0.64704502
vt 0.03797200 0.50122702
vt 0.02861200 0.50252998
vt 0.10984500 0.47658300
vt 0.08781500 0.46786898
vt 0.09014000 0.48859698
vt 0.10638900 0.49342299
vt 0.11452400 0.63881803
vt 0.10795500 0.63336599
vt 0.11496000 0.65057504
vt 0.11853300 0.64394200
vt 0.08429000 0.32075500
vt 0.10882600 0.31652498
vt 0.09389600 0.67843699
vt 0.03636000 0.47164798
vt 0.03825600 0.44668299
vt 0.01091300 0.43466300
vt 0.01091300 0.45308900
vt 0.06890500 0.58348101
vt 0.06523000 0.58083600
vt 0.05791300 0.59017199
vt 0.06240600 0.59250301
vt 0.11972600 0.71822399
vt 0.11976900 0.71380800
vt 0.10868300 0.70935404
vt 0.10601900 0.71504599
vt 0.05876800 0.26369399
vt 0.07034000 0.32318002
vt 0.06352300 0.35510403
vt 0.09952300 0.69715297
vt 0.10125000 0.69254100
vt 0.03533700 0.28441900
vt 0.03392300 0.24911398
vt 0.01091300 0.26551700
vt 0.01091300 0.30113602
vt 0.12847900 0.63758504
vt 0.12672301 0.64383799
vt 0.13019399 0.70781803
vt 0.13204500 0.71222198
vt 0.14368300 0.70205796
vt 0.14014600 0.69949102
vt 0.14140600 0.63668096
vt 0.13606600 0.62672800
vt 0.13528700 0.63312501
vt 0.13914700 0.63873804
vt 0.07425700 0.70137501
vt 0.05341100 0.67948401
vt 0.05027800 0.68389899
vt 0.07234000 0.70612901
vt 0.10979300 0.55945599
vt 0.08933200 0.55423701
vt 0.09485500 0.55852199
vt 0.10859200 0.56171703
vt 0.03332200 0.60525399
vt 0.03248200 0.63094300
vt 0.04238900 0.63012803
vt 0.04243800 0.60656899
vt 0.09326200 0.70622599
vt 0.08895500 0.71230304
vt 0.10413400 0.72018898
vt 0.13296001 0.63528097
vt 0.12928200 0.57290602
vt 0.05730200 0.63137996
vt 0.06219300 0.63132203
vt 0.06235900 0.61193299
vt 0.05754600 0.61072803
vt 0.12955999 0.58503497
vt 0.03888000 0.65515304
vt 0.03579800 0.66108400
vt 0.05125300 0.58617401
vt 0.06023900 0.57556796
vt 0.13731600 0.64002299
vt 0.06695700 0.66844904
vt 0.08499700 0.69055700
vt 0.15348500 0.66656899
vt 0.14738999 0.66459799
vt 0.14207400 0.68113804
vt 0.14732800 0.68448400
vt 0.12706600 0.59088504
vt 0.13147201 0.64980996
vt 0.13151801 0.64671803
vt 0.12901200 0.69191301
vt 0.12903000 0.68110299
vt 0.12292700 0.68188101
vt 0.12160700 0.69267201
vt 0.07007400 0.56062698
vt 0.11029800 0.70452201
vt 0.11151600 0.69859201
vt 0.09713500 0.70111400
vt 0.07960900 0.69478703
vt 0.12019800 0.70864403
vt 0.12422700 0.63731897
vt 0.12477000 0.64594603
vt 0.08677600 0.58401400
vt 0.10014400 0.58606499
vt 0.11958700 0.72207701
vt 0.06423200 0.40663898
vt 0.12005700 0.63184601
vt 0.06302700 0.30115598
vt 0.03502900 0.33836502
vt 0.06622100 0.59513599
vt 0.07209500 0.58633196
vt 0.05606500 0.64866197
vt 0.15229400 0.68694103
vt 0.16062801 0.66822004
vt 0.15242200 0.59831899
vt 0.14372800 0.60833097
vt 0.06095900 0.67320299
vt 0.07420700 0.58787596
vt 0.06337200 0.55981696
vt 0.16523600 0.64762604
vt 0.16471000 0.62431401
vt 0.15409800 0.62913799
vt 0.15731500 0.64781404
vt 0.04749000 0.65117800
vt 0.01091300 0.46390498
vt 0.03479300 0.48252702
vt 0.10424100 0.68561500
vt 0.03207000 0.21774000
vt 0.05100100 0.63142699
vt 0.05175500 0.60872197
vt 0.07039900 0.63143396
vt 0.06512500 0.63127398
vt 0.15067700 0.64808100
vt 0.07772600 0.58981204
vt 0.08419900 0.59413898
vt 0.08884400 0.58843601
vt 0.02724600 0.63500601
vt 0.03789200 0.40169901
vt 0.14885300 0.63422203
vt 0.14409000 0.62281299
vt 0.14000300 0.62457299
vt 0.14463000 0.63549399
vt 0.13418999 0.71479601
vt 0.04000100 0.58763003
vt 0.09131100 0.71699899
vt 0.09750200 0.72433800
vt 0.01091300 0.34734100
vt 0.01091300 0.39882201
vt 0.07281900 0.59867400
vt 0.08143700 0.60283601
vt 0.11466100 0.62682199
vt 0.13399599 0.68909001
vt 0.13650100 0.69422501
vt 0.13593000 0.67647600
vt 0.06950200 0.61429000
vt 0.08104800 0.61709297
vt 0.06497800 0.61266804
vt 0.13596600 0.60875899
vt 0.04336500 0.48734498
vt 0.04081500 0.49500501
vt 0.01091300 0.23196203
vt 0.11354100 0.69025099
vt 0.11592800 0.68054104
vt 0.13350800 0.65726799
vt 0.12364400 0.65007699
vt 0.12133200 0.65618598
vt 0.12918800 0.66483796
vt 0.09875900 0.62742698
vt 0.09421600 0.62892997
vt 0.10192000 0.62877202
vt 0.12399400 0.59596002
vt 0.12957700 0.61123204
vt 0.14192000 0.64788902
vt 0.14579099 0.64792901
vt 0.13291401 0.63036299
vt 0.13158099 0.62581599
vt 0.14108400 0.66210800
vt 0.10235900 0.61152804
vt 0.10695400 0.60593700
vt 0.10193700 0.60378802
vt 0.09693400 0.61017299
vt 0.06887400 0.59652901
vt 0.09151300 0.60699904
vt 0.09552700 0.59960401
vt 0.09996500 0.62335700
vt 0.10519600 0.62093800
vt 0.12536000 0.61770201
vt 0.11943500 0.66240799
vt 0.12569401 0.66954899
vt 0.12726501 0.62772298
vt 0.13005701 0.63249999
vt 0.13408600 0.64473599
vt 0.13648701 0.64590502
vt 0.11476700 0.60958999
vt 0.11072400 0.61508501
vt 0.12086100 0.62147498
vt 0.10578300 0.59605396
vt 0.09943300 0.59201896
vt 0.12946101 0.70073700
vt 0.12080400 0.70181000
vt 0.20663901 0.22055101
vt 0.16680600 0.22230703
vt 0.16457500 0.26685297
vt 0.20067701 0.26468903
vt 0.08806500 0.63098800
vt 0.07935100 0.63199902
vt 0.15801699 0.36029297
vt 0.15963501 0.31347901
vt 0.13231499 0.31408501
vt 0.13231200 0.36033702
vt 0.15821899 0.42618299
vt 0.13378200 0.42656499
vt 0.09844600 0.61683500
vt 0.09488400 0.62303400
vt 0.11892700 0.59726298
vt 0.11149800 0.59975499
vt 0.11801200 0.60417998
vt 0.13242300 0.65302199
vt 0.11787300 0.66939199
vt 0.08869900 0.61302102
vt 0.09299000 0.61587703
vt 0.08890200 0.62277102
vt 0.13544101 0.22486597
vt 0.13469300 0.26961797
vt 0.13935800 0.64780998
vt 0.12257100 0.67272401
vt 0.20800000 0.18423301
vt 0.16794901 0.18632197
vt 0.25145999 0.22216201
vt 0.24233100 0.26592499
vt 0.48058999 0.17668498
vt 0.47724599 0.16732699
vt 0.45681801 0.18441302
vt 0.46112201 0.19255698
vt 0.49554700 0.16703099
vt 0.49487901 0.16948301
vt 0.49779701 0.17026699
vt 0.49809101 0.16867101
vt 0.43153200 0.08180398
vt 0.42821899 0.11101300
vt 0.44441000 0.10999799
vt 0.44783100 0.07516599
vt 0.38227701 0.20927298
vt 0.42662600 0.20647103
vt 0.42486101 0.19921499
vt 0.38291600 0.20475698
vt 0.38414001 0.19321197
vt 0.38374200 0.19889200
vt 0.42195600 0.19110900
vt 0.41783401 0.18252999
vt 0.48677000 0.17176002
vt 0.48600599 0.16632998
vt 0.44255301 0.16566300
vt 0.43241000 0.15754598
vt 0.41261601 0.17367101
vt 0.47578701 0.13822699
vt 0.47686401 0.10646701
vt 0.45986801 0.10926300
vt 0.45865899 0.14360797
vt 0.36811200 0.10426998
vt 0.36801001 0.14354098
vt 0.39085299 0.14756101
vt 0.39220899 0.10168999
vt 0.44189900 0.13783401
vt 0.42766699 0.13707203
vt 0.49390101 0.02988100
vt 0.49284399 0.04280502
vt 0.38372800 0.18760097
vt 0.49060699 0.17115599
vt 0.49494100 0.17204100
vt 0.49082801 0.16763401
vt 0.38172099 0.18259001
vt 0.40766299 0.16661203
vt 0.40135100 0.16043198
vt 0.37536201 0.17817700
vt 0.49841201 0.16704601
vt 0.49733999 0.16495401
vt 0.47844300 0.06418902
vt 0.46258500 0.07303101
vt 0.48127499 0.03861201
vt 0.48118600 0.03140599
vt 0.47346601 0.03401899
vt 0.47509301 0.04431403
vt 0.18675201 0.42106497
vt 0.18892500 0.36004102
vt 0.48281401 0.15592003
vt 0.48895600 0.16052300
vt 0.44832501 0.04277700
vt 0.44891801 0.04808003
vt 0.45700401 0.04322600
vt 0.45583299 0.03714800
vt 0.48767900 0.02246898
vt 0.48779500 0.03033203
vt 0.49390301 0.02173102
vt 0.46514100 0.03832603
vt 0.46344101 0.03163499
vt 0.48589301 0.04165500
vt 0.39059001 0.06136101
vt 0.37681600 0.06016701
vt 0.40719199 0.06492901
vt 0.40040600 0.05524701
vt 0.45084801 0.17559600
vt 0.49328899 0.15544701
vt 0.48953301 0.14202100
vt 0.42339200 0.15321898
vt 0.41519800 0.15197003
vt 0.41288099 0.13960499
vt 0.49256599 0.16412002
vt 0.49025801 0.10589200
vt 0.47192499 0.02701300
vt 0.46538299 0.04966497
vt 0.45595399 0.05345201
vt 0.21754999 0.41422701
vt 0.49068901 0.06766999
vt 0.36825699 0.17465401
vt 0.36067000 0.17273003
vt 0.47516799 0.15151697
vt 0.49577799 0.16126502
vt 0.25605899 0.18496102
vt 0.44212699 0.05353302
vt 0.44365001 0.06138003
vt 0.45003301 0.05419803
vt 0.41750100 0.07790899
vt 0.41138801 0.10971099
vt 0.46722201 0.15931302
vt 0.22448500 0.35848403
vt 0.23175400 0.31375003
vt 0.19317500 0.31312197
vt 0.44163501 0.04822099
vt 0.41322199 0.04485899
vt 0.41952100 0.05362099
vt 0.41871899 0.04657501
vt 0.40626100 0.03984600
vt 0.42525399 0.06043500
vt 0.43419600 0.06450701
vt 0.43608099 0.05563003
vt 0.39821801 0.03611100
vt 0.38964701 0.03178000
vt 0.43718699 0.05067199
vt 0.42684901 0.04828101
vt 0.42335099 0.04242200
vt 0.41879001 0.03628600
vt 0.41274199 0.02970600
vt 0.40572301 0.02367300
vt 0.43089700 0.05302602
vt 0.39897999 0.01854002
vt 0.42337999 0.03079599
vt 0.41750401 0.02303398
vt 0.41085601 0.01631701
vt 0.40463099 0.01117301
vt 0.42776701 0.03833300
vt 0.43124500 0.04449499
vt 0.43475601 0.04891598
vt 0.14194500 0.51702702
vt 0.15896399 0.48428899
vt 0.13151100 0.48398203
vt 0.12429400 0.50430399
vt 0.05031400 0.57356101
vt 0.03877000 0.57768399
vt 0.02830900 0.60531801
vt 0.03473400 0.58866596
vt 0.48052001 0.02385801
vt 0.48225901 0.79352301
vt 0.11018000 0.19291002
vt 0.13705200 0.18884999
vt 0.36618200 0.19365299
vt 0.37170100 0.19112003
vt 0.37739000 0.18930501
vt 0.19208600 0.76198000
vt 0.18509100 0.77337003
vt 0.04886700 0.69178301
vt 0.07199900 0.71239299
vt 0.03256000 0.66889399
vt 0.02404100 0.63886297
vt 0.02526700 0.60657597
vt 0.26479700 0.13355798
vt 0.24960500 0.13076198
vt 0.24398001 0.14426702
vt 0.25386000 0.15200299
vt 0.28787899 0.15842998
vt 0.28980601 0.13499498
vt 0.28095299 0.13519400
vt 0.27603301 0.15825599
vt 0.23129900 0.02744901
vt 0.23188500 0.04274797
vt 0.24847800 0.04145002
vt 0.24091500 0.02412099
vt 0.26105699 0.03962302
vt 0.26107299 0.02853101
vt 0.25254801 0.03101999
vt 0.29902199 0.15552402
vt 0.30075201 0.13356000
vt 0.31193700 0.14955801
vt 0.31090200 0.13221502
vt 0.31788701 0.14761001
vt 0.32245600 0.13201499
vt 0.30149400 0.04280901
vt 0.31351399 0.02832001
vt 0.30247799 0.02302599
vt 0.29120600 0.04031700
vt 0.27255499 0.13485003
vt 0.26467299 0.15600801
vt 0.31700400 0.04829699
vt 0.32285100 0.03412902
vt 0.33192199 0.05331701
vt 0.32674199 0.03616798
vt 0.27500299 0.05970103
vt 0.27511701 0.03871697
vt 0.26170099 0.06170398
vt 0.26732001 0.11316597
vt 0.25365299 0.10752398
vt 0.28985199 0.11300898
vt 0.28212300 0.11438501
vt 0.24896701 0.06842703
vt 0.23595800 0.08243501
vt 0.29968899 0.10940403
vt 0.30888799 0.10311699
vt 0.31889600 0.09096998
vt 0.28933200 0.06128502
vt 0.29780301 0.06473398
vt 0.27470201 0.11437398
vt 0.30991101 0.07462698
vt 0.26375601 0.09586000
vt 0.27309701 0.09778100
vt 0.28774399 0.09668797
vt 0.30102101 0.09319001
vt 0.26705399 0.07736498
vt 0.26036799 0.07974499
vt 0.28140801 0.07569402
vt 0.29528499 0.07679701
vt 0.28646699 0.01671600
vt 0.26085001 0.01653302
vt 0.27071700 0.02706099
vt 0.27352399 0.01528502
vt 0.23443601 0.13560599
vt 0.23800400 0.12680101
vt 0.24533500 0.09980899
vt 0.25547799 0.09004498
vt 0.25378299 0.08426398
vt 0.18631101 0.04941899
vt 0.18303999 0.04461098
vt 0.18065400 0.05012900
vt 0.18544701 0.05377001
vt 0.18268999 0.05539602
vt 0.17858499 0.05444998
vt 0.17715700 0.06066698
vt 0.18416899 0.06151497
vt 0.17843500 0.06701797
vt 0.18879400 0.06799197
vt 0.16873600 0.05315000
vt 0.17025700 0.06421298
vt 0.17171600 0.05862701
vt 0.17315599 0.05254400
vt 0.17584500 0.04652500
vt 0.17174700 0.04373598
vt 0.17862000 0.04041702
vt 0.17587399 0.03705299
vt 0.18059900 0.03626400
vt 0.18528000 0.02931100
vt 0.18635599 0.04063201
vt 0.19255801 0.03560698
vt 0.19222000 0.05176198
vt 0.20073600 0.05077899
vt 0.20034701 0.03091800
vt 0.20872100 0.04900700
vt 0.18857200 0.02214700
vt 0.17121400 0.03157800
vt 0.16440800 0.04152101
vt 0.16181099 0.05387998
vt 0.16719200 0.06851399
vt 0.18748800 0.07551199
vt 0.19945100 0.07185900
vt 0.19062001 0.05847901
vt 0.19835401 0.06135499
vt 0.20651300 0.06421602
vt 0.19533101 0.69611597
vt 0.19506100 0.71726000
vt 0.19424100 0.74155998
vt 0.22233400 0.11839598
vt 0.23191801 0.13474202
vt 0.41960001 0.63838899
vt 0.25008899 0.01976103
vt 0.26063401 0.82038301
vt 0.40471300 0.51892799
vt 0.01091300 0.48985600
f 1/1 2/2 3/3
f 1/1 3/3 4/4
f 5/5 6/6 7/7
f 5/5 7/7 8/8
f 9/9 10/10 11/11
f 9/9 11/11 12/12
f 13/13 2/2 1/1
f 13/13 1/1 14/14
f 15/15 16/16 17/17
f 15/15 17/17 6/6
f 18/18 19/19 20/20
f 18/18 20/20 21/21
f 19/19 16/16 15/15
f 19/19 15/15 20/20
f 8/8 22/22 23/23
f 8/8 23/23 5/5
f 24/24 13/13 14/14
f 24/24 14/14 25/25
f 9/9 23/23 22/22
f 9/9 22/22 10/10
f 7/7 26/26 27/27
f 7/7 27/27 28/28
f 29/29 8/8 7/7
f 29/29 7/7 28/28
f 21/21 20/20 5/5
f 21/21 5/5 23/23
f 12/12 21/21 23/23
f 12/12 23/23 9/9
f 21/21 12/12 30/30
f 21/21 30/30 18/18
f 22/22 8/8 29/29
f 22/22 29/29 31/31
f 31/31 32/32 10/10
f 31/31 10/10 22/22
f 26/26 7/7 6/6
f 26/26 6/6 17/17
f 25/25 31/31 29/29
f 25/25 29/29 28/28
f 28/28 27/27 24/24
f 28/28 24/24 25/25
f 6/6 5/5 20/20
f 6/6 20/20 15/15
f 4/4 32/32 14/14
f 4/4 14/14 1/1
f 25/25 14/14 32/32
f 25/25 32/32 31/31
f 33/33 30/30 12/12
f 33/33 12/12 11/11
f 32/32 4/4 11/11
f 32/32 11/11 10/10
f 3/3 33/33 11/11
f 3/3 11/11 4/4
f 34/34 35/35 36/36
f 34/34 36/36 37/37
f 38/38 39/39 40/40
f 38/38 40/40 41/41
f 42/42 43/43 44/44
f 42/42 44/44 45/45
f 46/46 47/47 48/48
f 46/46 48/48 49/49
f 50/50 51/51 52/52
f 50/50 52/52 53/53
f 54/54 55/55 56/56
f 54/54 56/56 57/57
f 58/58 59/59 60/60
f 58/58 60/60 61/61
f 55/55 54/54 62/62
f 55/55 62/62 63/63
f 64/64 65/65 66/66
f 64/64 66/66 67/67
f 68/68 69/69 70/70
f 68/68 70/70 71/71
f 72/72 71/71 73/73
f 72/72 73/73 74/74
f 75/75 66/66 55/55
f 75/75 55/55 63/63
f 76/76 73/73 71/71
f 76/76 71/71 70/70
f 77/77 78/78 79/79
f 77/77 79/79 80/80
f 63/63 62/62 81/81
f 63/63 81/81 82/82
f 83/83 84/84 65/65
f 83/83 65/65 64/64
f 85/85 86/86 87/87
f 85/85 87/87 88/88
f 84/84 89/89 56/56
f 84/84 56/56 65/65
f 55/55 66/66 65/65
f 55/55 65/65 56/56
f 90/90 91/91 39/39
f 90/90 39/39 38/38
f 92/92 93/93 82/82
f 92/92 82/82 94/94
f 95/95 96/96 69/69
f 95/95 69/69 68/68
f 97/97 98/98 99/99
f 97/97 99/99 100/100
f 101/101 102/102 92/92
f 101/101 92/92 103/103
f 41/41 104/104 59/59
f 41/41 59/59 58/58
f 105/105 106/106 79/79
f 105/105 79/79 78/78
f 62/62 74/74 107/107
f 62/62 107/107 81/81
f 77/77 34/34 37/37
f 77/77 37/37 108/108
f 109/109 80/80 110/110
f 109/109 110/110 111/111
f 80/80 109/109 34/34
f 80/80 34/34 77/77
f 112/112 67/67 66/66
f 112/112 66/66 75/75
f 42/42 98/98 113/113
f 42/42 113/113 114/114
f 115/115 114/114 116/116
f 115/115 116/116 117/117
f 118/118 70/70 69/69
f 118/118 69/69 53/53
f 90/90 38/38 119/119
f 90/90 119/119 120/120
f 52/52 116/116 121/121
f 52/52 121/121 122/122
f 86/86 123/123 124/124
f 86/86 124/124 87/87
f 125/125 48/48 47/47
f 125/125 47/47 76/76
f 126/126 127/127 128/128
f 126/126 128/128 129/129
f 53/53 52/52 122/122
f 53/53 122/122 118/118
f 49/49 130/130 131/131
f 49/49 131/131 46/46
f 94/94 82/82 81/81
f 94/94 81/81 132/132
f 133/133 95/95 68/68
f 133/133 68/68 134/134
f 61/61 135/135 119/119
f 61/61 119/119 58/58
f 96/96 50/50 53/53
f 96/96 53/53 69/69
f 54/54 72/72 74/74
f 54/54 74/74 62/62
f 80/80 79/79 136/136
f 80/80 136/136 110/110
f 99/99 45/45 86/86
f 99/99 86/86 85/85
f 121/121 116/116 114/114
f 121/121 114/114 113/113
f 102/102 137/137 93/93
f 102/102 93/93 92/92
f 72/72 54/54 57/57
f 72/72 57/57 134/134
f 36/36 125/125 118/118
f 36/36 118/118 122/122
f 74/74 73/73 138/138
f 74/74 138/138 107/107
f 97/97 78/78 77/77
f 97/97 77/77 108/108
f 139/139 35/35 34/34
f 139/139 34/34 109/109
f 140/140 141/141 142/142
f 140/140 142/142 143/143
f 105/105 100/100 91/91
f 105/105 91/91 90/90
f 58/58 119/119 38/38
f 58/58 38/38 41/41
f 106/106 105/105 90/90
f 106/106 90/90 120/120
f 39/39 88/88 142/142
f 39/39 142/142 40/40
f 91/91 85/85 88/88
f 91/91 88/88 39/39
f 114/114 115/115 43/43
f 114/114 43/43 42/42
f 107/107 129/129 132/132
f 107/107 132/132 81/81
f 88/88 87/87 143/143
f 88/88 143/143 142/142
f 51/51 117/117 116/116
f 51/51 116/116 52/52
f 71/71 72/72 134/134
f 71/71 134/134 68/68
f 45/45 44/44 123/123
f 45/45 123/123 86/86
f 46/46 131/131 127/127
f 46/46 127/127 126/126
f 94/94 144/144 103/103
f 94/94 103/103 92/92
f 78/78 97/97 100/100
f 78/78 100/100 105/105
f 145/145 140/140 143/143
f 145/145 143/143 146/146
f 147/147 148/148 106/106
f 147/147 106/106 120/120
f 120/120 119/119 135/135
f 120/120 135/135 147/147
f 125/125 76/76 70/70
f 125/125 70/70 118/118
f 35/35 139/139 49/49
f 35/35 49/49 48/48
f 130/130 49/49 139/139
f 130/130 139/139 149/149
f 100/100 99/99 85/85
f 100/100 85/85 91/91
f 73/73 76/76 47/47
f 73/73 47/47 138/138
f 150/150 104/104 41/41
f 150/150 41/41 40/40
f 137/137 112/112 75/75
f 137/137 75/75 93/93
f 79/79 106/106 148/148
f 79/79 148/148 136/136
f 37/37 36/36 122/122
f 37/37 122/122 121/121
f 151/151 144/144 94/94
f 151/151 94/94 132/132
f 146/146 143/143 87/87
f 146/146 87/87 124/124
f 98/98 42/42 45/45
f 98/98 45/45 99/99
f 141/141 150/150 40/40
f 141/141 40/40 142/142
f 63/63 82/82 93/93
f 63/63 93/93 75/75
f 151/151 132/132 129/129
f 151/151 129/129 128/128
f 36/36 35/35 48/48
f 36/36 48/48 125/125
f 47/47 46/46 126/126
f 47/47 126/126 138/138
f 109/109 111/111 149/149
f 109/109 149/149 139/139
f 107/107 138/138 126/126
f 107/107 126/126 129/129
f 98/98 97/97 108/108
f 98/98 108/108 113/113
f 152/152 153/153 154/154
f 152/152 154/154 155/155
f 156/156 157/157 158/158
f 156/156 158/158 159/159
f 160/160 161/161 155/155
f 160/160 155/155 154/154
f 162/162 163/163 164/164
f 162/162 164/164 165/165
f 166/166 167/167 168/168
f 166/166 168/168 169/169
f 170/170 171/171 172/172
f 170/170 172/172 173/173
f 156/156 174/174 175/175
f 156/156 175/175 176/176
f 177/177 178/178 179/179
f 177/177 179/179 169/169
f 180/180 181/181 182/182
f 180/180 182/182 183/183
f 184/184 185/185 180/180
f 184/184 180/180 186/186
f 187/187 188/188 189/189
f 187/187 189/189 190/190
f 191/191 192/192 193/193
f 191/191 193/193 166/166
f 176/176 175/175 194/194
f 176/176 194/194 195/195
f 196/196 197/197 198/198
f 196/196 198/198 199/199
f 200/200 201/201 155/155
f 200/200 155/155 161/161
f 185/185 202/202 181/181
f 185/185 181/181 180/180
f 203/203 204/204 205/205
f 203/203 205/205 206/206
f 157/157 156/156 176/176
f 157/157 176/176 188/188
f 207/207 208/208 209/209
f 207/207 209/209 210/210
f 211/211 194/194 175/175
f 211/211 175/175 160/160
f 212/212 198/198 197/197
f 212/212 197/197 213/213
f 213/213 191/191 179/179
f 213/213 179/179 212/212
f 188/188 176/176 195/195
f 188/188 195/195 189/189
f 214/214 215/215 216/216
f 214/214 216/216 217/217
f 218/218 219/219 220/220
f 218/218 220/220 221/221
f 113/113 108/108 37/37
f 113/113 37/37 121/121
f 219/219 218/218 198/198
f 219/219 198/198 212/212
f 222/222 162/162 165/165
f 222/222 165/165 223/223
f 224/224 225/225 158/158
f 224/224 158/158 226/226
f 209/209 208/208 183/183
f 209/209 183/183 182/182
f 210/210 222/222 223/223
f 210/210 223/223 207/207
f 227/227 177/177 169/169
f 227/227 169/169 168/168
f 160/160 175/175 174/174
f 160/160 174/174 161/161
f 155/155 201/201 228/228
f 155/155 228/228 152/152
f 203/203 170/170 173/173
f 203/203 173/173 204/204
f 199/199 198/198 218/218
f 199/199 218/218 229/229
f 225/225 224/224 230/230
f 225/225 230/230 221/221
f 188/188 187/187 231/231
f 188/188 231/231 157/157
f 214/214 164/164 163/163
f 214/214 163/163 215/215
f 212/212 179/179 178/178
f 212/212 178/178 219/219
f 174/174 156/156 159/159
f 174/174 159/159 232/232
f 193/193 233/233 214/214
f 193/193 214/214 217/217
f 234/234 227/227 168/168
f 234/234 168/168 235/235
f 219/219 178/178 172/172
f 219/219 172/172 220/220
f 169/169 179/179 191/191
f 169/169 191/191 166/166
f 161/161 174/174 232/232
f 161/161 232/232 200/200
f 167/167 236/236 235/235
f 167/167 235/235 168/168
f 165/165 164/164 237/237
f 165/165 237/237 238/238
f 239/239 240/240 241/241
f 239/239 241/241 242/242
f 243/243 244/244 245/245
f 243/243 245/245 246/246
f 247/247 248/248 249/249
f 247/247 249/249 250/250
f 251/251 252/252 253/253
f 251/251 253/253 254/254
f 255/255 254/254 256/256
f 255/255 256/256 257/257
f 258/258 259/259 260/260
f 258/258 260/260 261/261
f 240/240 262/262 263/263
f 240/240 263/263 264/264
f 256/256 265/265 266/266
f 256/256 266/266 267/267
f 268/268 269/269 270/270
f 268/268 270/270 271/271
f 18/18 30/30 272/272
f 18/18 272/272 273/273
f 274/274 275/275 276/276
f 274/274 276/276 277/277
f 278/278 279/279 280/280
f 278/278 280/280 281/281
f 256/256 267/267 282/282
f 256/256 282/282 257/257
f 245/245 283/283 284/284
f 245/245 284/284 285/285
f 266/266 265/265 286/286
f 266/266 286/286 287/287
f 288/288 289/289 266/266
f 288/288 266/266 287/287
f 283/283 245/245 244/244
f 283/283 244/244 290/290
f 267/267 266/266 289/289
f 267/267 289/289 291/291
f 250/250 292/292 293/293
f 250/250 293/293 247/247
f 294/294 295/295 296/296
f 294/294 296/296 297/297
f 298/298 299/299 239/239
f 298/298 239/239 300/300
f 301/301 302/302 303/303
f 301/301 303/303 304/304
f 305/305 243/243 246/246
f 305/305 246/246 306/306
f 307/307 303/303 302/302
f 307/307 302/302 308/308
f 309/309 310/310 311/311
f 309/309 311/311 303/303
f 312/312 276/276 275/275
f 312/312 275/275 313/313
f 314/314 315/315 316/316
f 314/314 316/316 248/248
f 160/160 154/154 317/317
f 160/160 317/317 211/211
f 318/318 319/319 208/208
f 318/318 208/208 207/207
f 250/250 249/249 308/308
f 250/250 308/308 320/320
f 265/265 256/256 254/254
f 265/265 254/254 253/253
f 321/321 322/322 279/279
f 321/321 279/279 278/278
f 207/207 223/223 323/323
f 207/207 323/323 318/318
f 268/268 286/286 324/324
f 268/268 324/324 269/269
f 283/283 325/325 326/326
f 283/283 326/326 284/284
f 306/306 327/327 328/328
f 306/306 328/328 305/305
f 329/329 330/330 294/294
f 329/329 294/294 331/331
f 332/332 333/333 306/306
f 332/332 306/306 246/246
f 254/254 255/255 334/334
f 254/254 334/334 251/251
f 274/274 335/335 331/331
f 274/274 331/331 275/275
f 291/291 336/336 282/282
f 291/291 282/282 267/267
f 337/337 338/338 339/339
f 337/337 339/339 340/340
f 332/332 285/285 341/341
f 332/332 341/341 342/342
f 343/343 344/344 320/320
f 343/343 320/320 345/345
f 247/247 293/293 346/346
f 247/247 346/346 347/347
f 307/307 308/308 249/249
f 307/307 249/249 348/348
f 297/297 349/349 331/331
f 297/297 331/331 294/294
f 350/350 351/351 352/352
f 350/350 352/352 353/353
f 354/354 355/355 356/356
f 354/354 356/356 357/357
f 16/16 274/274 277/277
f 16/16 277/277 17/17
f 345/345 320/320 308/308
f 345/345 308/308 302/302
f 241/241 240/240 264/264
f 241/241 264/264 358/358
f 359/359 360/360 321/321
f 359/359 321/321 278/278
f 180/180 183/183 361/361
f 180/180 361/361 186/186
f 362/362 343/343 345/345
f 362/362 345/345 363/363
f 238/238 323/323 223/223
f 238/238 223/223 165/165
f 364/364 338/338 299/299
f 364/364 299/299 298/298
f 365/365 366/366 367/367
f 365/365 367/367 368/368
f 369/369 351/351 370/370
f 369/369 370/370 364/364
f 347/347 314/314 248/248
f 347/347 248/248 247/247
f 16/16 19/19 335/335
f 16/16 335/335 274/274
f 285/285 284/284 371/371
f 285/285 371/371 341/341
f 324/324 253/253 252/252
f 324/324 252/252 269/269
f 259/259 268/268 271/271
f 259/259 271/271 260/260
f 302/302 301/301 363/363
f 302/302 363/363 345/345
f 369/369 372/372 352/352
f 369/369 352/352 351/351
f 330/330 329/329 373/373
f 330/330 373/373 374/374
f 375/375 368/368 367/367
f 375/375 367/367 376/376
f 325/325 283/283 290/290
f 325/325 290/290 377/377
f 348/348 366/366 378/378
f 348/348 378/378 307/307
f 379/379 279/279 322/322
f 379/379 322/322 380/380
f 287/287 259/259 258/258
f 287/287 258/258 288/288
f 286/286 268/268 259/259
f 286/286 259/259 287/287
f 265/265 253/253 324/324
f 265/265 324/324 286/286
f 344/344 292/292 250/250
f 344/344 250/250 320/320
f 329/329 273/273 272/272
f 329/329 272/272 373/373
f 285/285 332/332 246/246
f 285/285 246/246 245/245
f 275/275 331/331 349/349
f 275/275 349/349 313/313
f 311/311 381/381 304/304
f 311/311 304/304 303/303
f 242/242 382/382 300/300
f 242/242 300/300 239/239
f 383/383 330/330 374/374
f 383/383 374/374 384/384
f 325/325 360/360 359/359
f 325/325 359/359 326/326
f 319/319 361/361 183/183
f 319/319 183/183 208/208
f 248/248 316/316 348/348
f 248/248 348/348 249/249
f 355/355 385/385 386/386
f 355/355 386/386 356/356
f 330/330 383/383 295/295
f 330/330 295/295 294/294
f 329/329 331/331 335/335
f 329/329 335/335 273/273
f 240/240 239/239 299/299
f 240/240 299/299 262/262
f 273/273 335/335 19/19
f 273/273 19/19 18/18
f 381/381 311/311 279/279
f 381/381 279/279 379/379
f 387/387 388/388 389/389
f 387/387 389/389 390/390
f 391/391 392/392 393/393
f 391/391 393/393 394/394
f 33/33 3/3 395/395
f 33/33 395/395 396/396
f 397/397 398/398 399/399
f 397/397 399/399 400/400
f 401/401 402/402 403/403
f 401/401 403/403 404/404
f 405/405 406/406 407/407
f 405/405 407/407 408/408
f 409/409 410/410 411/411
f 409/409 411/411 412/412
f 315/315 314/314 413/413
f 315/315 413/413 414/414
f 415/415 416/416 417/417
f 415/415 417/417 418/418
f 419/419 420/420 421/421
f 419/419 421/421 422/422
f 423/423 424/424 425/425
f 423/423 425/425 252/252
f 426/426 427/427 428/428
f 426/426 428/428 429/429
f 430/430 24/24 27/27
f 430/430 27/27 431/431
f 432/432 433/433 251/251
f 432/432 251/251 334/334
f 434/434 435/435 436/436
f 434/434 436/436 437/437
f 438/438 439/439 440/440
f 438/438 440/440 441/441
f 442/442 443/443 444/444
f 442/442 444/444 445/445
f 418/418 446/446 447/447
f 418/418 447/447 415/415
f 392/392 448/448 449/449
f 392/392 449/449 393/393
f 314/314 347/347 450/450
f 314/314 450/450 413/413
f 451/451 447/447 446/446
f 451/451 446/446 452/452
f 374/374 373/373 448/448
f 374/374 448/448 392/392
f 453/453 454/454 424/424
f 453/453 424/424 423/423
f 347/347 346/346 455/455
f 347/347 455/455 450/450
f 456/456 439/439 409/409
f 456/456 409/409 457/457
f 458/458 459/459 460/460
f 458/458 460/460 430/430
f 413/413 450/450 453/453
f 413/413 453/453 461/461
f 462/462 449/449 395/395
f 462/462 395/395 463/463
f 2/2 13/13 460/460
f 2/2 460/460 463/463
f 431/431 464/464 458/458
f 431/431 458/458 430/430
f 433/433 432/432 465/465
f 433/433 465/465 461/461
f 466/466 467/467 468/468
f 466/466 468/468 469/469
f 470/470 358/358 321/321
f 470/470 321/321 360/360
f 358/358 264/264 322/322
f 358/358 322/322 321/321
f 471/471 472/472 469/469
f 471/471 469/469 468/468
f 473/473 474/474 403/403
f 473/473 403/403 402/402
f 457/457 475/475 476/476
f 457/457 476/476 456/456
f 264/264 263/263 380/380
f 264/264 380/380 322/322
f 477/477 473/473 478/478
f 477/477 478/478 479/479
f 462/462 459/459 480/480
f 462/462 480/480 481/481
f 482/482 483/483 484/484
f 482/482 484/484 485/485
f 375/375 486/486 487/487
f 375/375 487/487 488/488
f 434/434 489/489 478/478
f 434/434 478/478 490/490
f 435/435 434/434 490/490
f 435/435 490/490 491/491
f 492/492 421/421 420/420
f 492/492 420/420 493/493
f 422/422 417/417 416/416
f 422/422 416/416 419/419
f 472/472 411/411 410/410
f 472/472 410/410 494/494
f 401/401 495/495 442/442
f 401/401 442/442 402/402
f 423/423 433/433 461/461
f 423/423 461/461 453/453
f 459/459 462/462 463/463
f 459/459 463/463 460/460
f 392/392 391/391 384/384
f 392/392 384/384 374/374
f 276/276 312/312 496/496
f 276/276 496/496 497/497
f 450/450 455/455 454/454
f 450/450 454/454 453/453
f 498/498 499/499 429/429
f 498/498 429/429 428/428
f 443/443 442/442 495/495
f 443/443 495/495 500/500
f 3/3 2/2 463/463
f 3/3 463/463 395/395
f 457/457 409/409 412/412
f 457/457 412/412 501/501
f 502/502 503/503 504/504
f 502/502 504/504 505/505
f 506/506 241/241 358/358
f 506/506 358/358 470/470
f 480/480 502/502 505/505
f 480/480 505/505 507/507
f 360/360 325/325 377/377
f 360/360 377/377 508/508
f 410/410 409/409 439/439
f 410/410 439/439 438/438
f 507/507 509/509 481/481
f 507/507 481/481 480/480
f 441/441 510/510 511/511
f 441/441 511/511 438/438
f 438/438 511/511 494/494
f 438/438 494/494 410/410
f 448/448 396/396 395/395
f 448/448 395/395 449/449
f 269/269 252/252 425/425
f 269/269 425/425 270/270
f 512/512 503/503 464/464
f 512/512 464/464 513/513
f 489/489 514/514 479/479
f 489/489 479/479 478/478
f 428/428 515/515 516/516
f 428/428 516/516 498/498
f 517/517 471/471 468/468
f 517/517 468/468 518/518
f 408/408 516/516 515/515
f 408/408 515/515 405/405
f 385/385 486/486 519/519
f 385/385 519/519 386/386
f 507/507 505/505 520/520
f 507/507 520/520 521/521
f 502/502 480/480 459/459
f 502/502 459/459 458/458
f 462/462 481/481 393/393
f 462/462 393/393 449/449
f 475/475 451/451 452/452
f 475/475 452/452 476/476
f 477/477 522/522 523/523
f 477/477 523/523 524/524
f 445/445 444/444 491/491
f 445/445 491/491 490/490
f 490/490 478/478 473/473
f 490/490 473/473 445/445
f 525/525 520/520 505/505
f 525/525 505/505 504/504
f 405/405 515/515 526/526
f 405/405 526/526 406/406
f 458/458 464/464 503/503
f 458/458 503/503 502/502
f 414/414 413/413 461/461
f 414/414 461/461 465/465
f 460/460 13/13 24/24
f 460/460 24/24 430/430
f 451/451 475/475 527/527
f 451/451 527/527 528/528
f 486/486 375/375 376/376
f 486/486 376/376 519/519
f 481/481 509/509 394/394
f 481/481 394/394 393/393
f 508/508 506/506 470/470
f 508/508 470/470 360/360
f 513/513 464/464 497/497
f 513/513 497/497 496/496
f 529/529 504/504 503/503
f 529/529 503/503 512/512
f 252/252 251/251 433/433
f 252/252 433/433 423/423
f 284/284 326/326 487/487
f 284/284 487/487 371/371
f 402/402 442/442 445/445
f 402/402 445/445 473/473
f 427/427 526/526 515/515
f 427/427 515/515 428/428
f 475/475 457/457 501/501
f 475/475 501/501 527/527
f 368/368 375/375 488/488
f 368/368 488/488 281/281
f 396/396 272/272 30/30
f 396/396 30/30 33/33
f 530/530 531/531 532/532
f 530/530 532/532 533/533
f 534/534 535/535 536/536
f 534/534 536/536 537/537
f 520/520 525/525 538/538
f 520/520 538/538 539/539
f 242/242 540/540 541/541
f 242/242 541/541 382/382
f 542/542 543/543 544/544
f 542/542 544/544 545/545
f 546/546 547/547 548/548
f 546/546 548/548 549/549
f 550/550 532/532 531/531
f 550/550 531/531 551/551
f 552/552 553/553 554/554
f 552/552 554/554 555/555
f 556/556 557/557 555/555
f 556/556 555/555 554/554
f 558/558 514/514 559/559
f 558/558 559/559 546/546
f 560/560 561/561 562/562
f 560/560 562/562 563/563
f 482/482 564/564 565/565
f 482/482 565/565 483/483
f 514/514 489/489 566/566
f 514/514 566/566 559/559
f 567/567 568/568 569/569
f 567/567 569/569 570/570
f 553/553 552/552 547/547
f 553/553 547/547 571/571
f 572/572 573/573 574/574
f 572/572 574/574 557/557
f 575/575 537/537 243/243
f 575/575 243/243 305/305
f 557/557 574/574 576/576
f 557/557 576/576 555/555
f 577/577 572/572 557/557
f 577/577 557/557 556/556
f 578/578 579/579 580/580
f 578/578 580/580 581/581
f 548/548 547/547 552/552
f 548/548 552/552 582/582
f 583/583 584/584 585/585
f 583/583 585/585 586/586
f 506/506 540/540 242/242
f 506/506 242/242 241/241
f 587/587 588/588 589/589
f 587/587 589/589 590/590
f 372/372 369/369 591/591
f 372/372 591/591 592/592
f 508/508 377/377 531/531
f 508/508 531/531 530/530
f 593/593 101/101 103/103
f 593/593 103/103 594/594
f 595/595 596/596 597/597
f 595/595 597/597 598/598
f 131/131 599/599 600/600
f 131/131 600/600 127/127
f 601/601 144/144 151/151
f 601/601 151/151 602/602
f 603/603 569/569 568/568
f 603/603 568/568 604/604
f 605/605 606/606 560/560
f 605/605 560/560 563/563
f 607/607 539/539 538/538
f 607/607 538/538 608/608
f 592/592 591/591 564/564
f 592/592 564/564 609/609
f 610/610 26/26 17/17
f 610/610 17/17 277/277
f 611/611 539/539 569/569
f 611/611 569/569 603/603
f 542/542 545/545 382/382
f 542/542 382/382 541/541
f 532/532 550/550 596/596
f 532/532 596/596 595/595
f 431/431 27/27 26/26
f 431/431 26/26 610/610
f 536/536 551/551 290/290
f 536/536 290/290 244/244
f 606/606 605/605 535/535
f 606/606 535/535 534/534
f 574/574 612/612 613/613
f 574/574 613/613 576/576
f 587/587 614/614 615/615
f 587/587 615/615 616/616
f 617/617 612/612 618/618
f 617/617 618/618 619/619
f 620/620 621/621 622/622
f 620/620 622/622 623/623
f 624/624 616/616 437/437
f 624/624 437/437 436/436
f 625/625 479/479 514/514
f 625/625 514/514 558/558
f 583/583 586/586 626/626
f 583/583 626/626 627/627
f 540/540 530/530 533/533
f 540/540 533/533 541/541
f 598/598 483/483 565/565
f 598/598 565/565 595/595
f 594/594 103/103 144/144
f 594/594 144/144 601/601
f 607/607 602/602 628/628
f 607/607 628/628 570/570
f 602/602 607/607 608/608
f 602/602 608/608 601/601
f 590/590 629/629 614/614
f 590/590 614/614 587/587
f 522/522 477/477 479/479
f 522/522 479/479 625/625
f 542/542 541/541 533/533
f 542/542 533/533 543/543
f 563/563 562/562 630/630
f 563/563 630/630 597/597
f 602/602 151/151 128/128
f 602/602 128/128 628/628
f 551/551 531/531 377/377
f 551/551 377/377 290/290
f 586/586 606/606 534/534
f 586/586 534/534 626/626
f 373/373 272/272 396/396
f 373/373 396/396 448/448
f 629/629 590/590 581/581
f 629/629 581/581 580/580
f 497/497 610/610 277/277
f 497/497 277/277 276/276
f 631/631 575/575 305/305
f 631/631 305/305 328/328
f 556/556 580/580 579/579
f 556/556 579/579 577/577
f 551/551 536/536 535/535
f 551/551 535/535 550/550
f 584/584 632/632 633/633
f 584/584 633/633 585/585
f 539/539 607/607 570/570
f 539/539 570/570 569/569
f 597/597 630/630 634/634
f 597/597 634/634 598/598
f 626/626 534/534 537/537
f 626/626 537/537 575/575
f 506/506 508/508 530/530
f 506/506 530/530 540/540
f 546/546 559/559 571/571
f 546/546 571/571 547/547
f 521/521 520/520 539/539
f 521/521 539/539 611/611
f 615/615 571/571 559/559
f 615/615 559/559 566/566
f 629/629 554/554 553/553
f 629/629 553/553 614/614
f 580/580 556/556 554/554
f 580/580 554/554 629/629
f 590/590 589/589 635/635
f 590/590 635/635 581/581
f 585/585 633/633 561/561
f 585/585 561/561 560/560
f 627/627 626/626 575/575
f 627/627 575/575 631/631
f 573/573 618/618 612/612
f 573/573 612/612 574/574
f 545/545 636/636 300/300
f 545/545 300/300 382/382
f 369/369 364/364 298/298
f 369/369 298/298 591/591
f 550/550 535/535 605/605
f 550/550 605/605 596/596
f 435/435 484/484 634/634
f 435/435 634/634 436/436
f 244/244 243/243 537/537
f 244/244 537/537 536/536
f 596/596 605/605 563/563
f 596/596 563/563 597/597
f 127/127 600/600 628/628
f 127/127 628/628 128/128
f 543/543 595/595 565/565
f 543/543 565/565 544/544
f 616/616 615/615 566/566
f 616/616 566/566 437/437
f 581/581 635/635 637/637
f 581/581 637/637 578/578
f 610/610 497/497 464/464
f 610/610 464/464 431/431
f 570/570 628/628 600/600
f 570/570 600/600 567/567
f 586/586 585/585 560/560
f 586/586 560/560 606/606
f 555/555 576/576 582/582
f 555/555 582/582 552/552
f 614/614 553/553 571/571
f 614/614 571/571 615/615
f 638/638 564/564 591/591
f 638/638 591/591 636/636
f 437/437 566/566 489/489
f 437/437 489/489 434/434
f 595/595 543/543 533/533
f 595/595 533/533 532/532
f 616/616 624/624 588/588
f 616/616 588/588 587/587
f 639/639 130/130 149/149
f 639/639 149/149 640/640
f 641/641 642/642 643/643
f 641/641 643/643 644/644
f 645/645 646/646 647/647
f 645/645 647/647 648/648
f 649/649 650/650 579/579
f 649/649 579/579 578/578
f 509/509 507/507 651/651
f 509/509 651/651 652/652
f 521/521 653/653 651/651
f 521/521 651/651 507/507
f 467/467 654/654 518/518
f 467/467 518/518 468/468
f 655/655 656/656 657/657
f 655/655 657/657 658/658
f 659/659 660/660 661/661
f 659/659 661/661 662/662
f 653/653 521/521 611/611
f 653/653 611/611 663/663
f 664/664 517/517 518/518
f 664/664 518/518 665/665
f 666/666 667/667 668/668
f 666/666 668/668 669/669
f 111/111 110/110 661/661
f 111/111 661/661 660/660
f 670/670 671/671 672/672
f 670/670 672/672 669/669
f 673/673 674/674 675/675
f 673/673 675/675 676/676
f 662/662 661/661 677/677
f 662/662 677/677 678/678
f 603/603 604/604 679/679
f 603/603 679/679 680/680
f 681/681 682/682 683/683
f 681/681 683/683 684/684
f 603/603 680/680 663/663
f 603/603 663/663 611/611
f 685/685 686/686 687/687
f 685/685 687/687 688/688
f 689/689 690/690 691/691
f 689/689 691/691 692/692
f 678/678 677/677 693/693
f 678/678 693/693 694/694
f 656/656 687/687 686/686
f 656/656 686/686 657/657
f 650/650 649/649 689/689
f 650/650 689/689 676/676
f 695/695 696/696 213/213
f 695/695 213/213 197/197
f 148/148 147/147 697/697
f 148/148 697/697 693/693
f 698/698 655/655 658/658
f 698/698 658/658 699/699
f 700/700 701/701 702/702
f 700/700 702/702 703/703
f 136/136 148/148 693/693
f 136/136 693/693 677/677
f 196/196 704/704 705/705
f 196/196 705/705 706/706
f 706/706 705/705 707/707
f 706/706 707/707 708/708
f 709/709 710/710 711/711
f 709/709 711/711 712/712
f 713/713 714/714 715/715
f 713/713 715/715 621/621
f 716/716 717/717 632/632
f 716/716 632/632 584/584
f 718/718 719/719 61/61
f 718/718 61/61 60/60
f 720/720 697/697 147/147
f 720/720 147/147 135/135
f 721/721 583/583 627/627
f 721/721 627/627 722/722
f 391/391 641/641 644/644
f 391/391 644/644 384/384
f 699/699 723/723 724/724
f 699/699 724/724 698/698
f 135/135 61/61 719/719
f 135/135 719/719 720/720
f 653/653 663/663 698/698
f 653/653 698/698 724/724
f 648/648 725/725 726/726
f 648/648 726/726 645/645
f 394/394 727/727 641/641
f 394/394 641/641 391/391
f 619/619 618/618 667/667
f 619/619 667/667 666/666
f 383/383 728/728 729/729
f 383/383 729/729 295/295
f 509/509 652/652 727/727
f 509/509 727/727 394/394
f 668/668 683/683 682/682
f 668/668 682/682 730/730
f 731/731 732/732 517/517
f 731/731 517/517 664/664
f 390/390 389/389 733/733
f 390/390 733/733 734/734
f 735/735 736/736 652/652
f 735/735 652/652 651/651
f 737/737 738/738 739/739
f 737/737 739/739 740/740
f 741/741 742/742 708/708
f 741/741 708/708 707/707
f 676/676 675/675 743/743
f 676/676 743/743 650/650
f 721/721 716/716 584/584
f 721/721 584/584 583/583
f 192/192 191/191 213/213
f 192/192 213/213 696/696
f 734/734 733/733 466/466
f 734/734 466/466 469/469
f 642/642 641/641 727/727
f 642/642 727/727 744/744
f 715/715 619/619 666/666
f 715/715 666/666 745/745
f 199/199 746/746 704/704
f 199/199 704/704 196/196
f 728/728 747/747 748/748
f 728/728 748/748 729/729
f 674/674 681/681 684/684
f 674/674 684/684 675/675
f 749/749 662/662 678/678
f 749/749 678/678 750/750
f 690/690 689/689 649/649
f 690/690 649/649 751/751
f 660/660 659/659 752/752
f 660/660 752/752 640/640
f 734/734 494/494 511/511
f 734/734 511/511 390/390
f 647/647 753/753 717/717
f 647/647 717/717 716/716
f 667/667 754/754 683/683
f 667/667 683/683 668/668
f 573/573 572/572 755/755
f 573/573 755/755 754/754
f 577/577 579/579 650/650
f 577/577 650/650 743/743
f 730/730 670/670 669/669
f 730/730 669/669 668/668
f 755/755 743/743 675/675
f 755/755 675/675 684/684
f 687/687 656/656 679/679
f 687/687 679/679 756/756
f 654/654 757/757 665/665
f 654/654 665/665 518/518
f 722/722 627/627 631/631
f 722/722 631/631 758/758
f 494/494 734/734 469/469
f 494/494 469/469 472/472
f 706/706 695/695 197/197
f 706/706 197/197 196/196
f 648/648 647/647 716/716
f 648/648 716/716 721/721
f 676/676 689/689 692/692
f 676/676 692/692 673/673
f 572/572 577/577 743/743
f 572/572 743/743 755/755
f 735/735 724/724 723/723
f 735/735 723/723 759/759
f 728/728 383/383 384/384
f 728/728 384/384 644/644
f 655/655 698/698 663/663
f 655/655 663/663 680/680
f 644/644 643/643 747/747
f 644/644 747/747 728/728
f 725/725 648/648 721/721
f 725/725 721/721 722/722
f 732/732 760/760 471/471
f 732/732 471/471 517/517
f 690/690 753/753 761/761
f 690/690 761/761 691/691
f 762/762 713/713 621/621
f 762/762 621/621 620/620
f 261/261 763/763 764/764
f 261/261 764/764 258/258
f 727/727 652/652 736/736
f 727/727 736/736 744/744
f 745/745 622/622 621/621
f 745/745 621/621 715/715
f 726/726 725/725 765/765
f 726/726 765/765 766/766
f 640/640 149/149 111/111
f 640/640 111/111 660/660
f 751/751 649/649 578/578
f 751/751 578/578 637/637
f 754/754 755/755 684/684
f 754/754 684/684 683/683
f 110/110 136/136 677/677
f 110/110 677/677 661/661
f 618/618 573/573 754/754
f 618/618 754/754 667/667
f 680/680 679/679 656/656
f 680/680 656/656 655/655
f 471/471 760/760 411/411
f 471/471 411/411 472/472
f 651/651 653/653 724/724
f 651/651 724/724 735/735
f 669/669 672/672 745/745
f 669/669 745/745 666/666
f 703/703 702/702 767/767
f 703/703 767/767 768/768
f 769/769 764/764 770/770
f 769/769 770/770 771/771
f 772/772 773/773 709/709
f 772/772 709/709 746/746
f 774/774 775/775 776/776
f 774/774 776/776 777/777
f 778/778 779/779 780/780
f 778/778 780/780 781/781
f 781/781 780/780 782/782
f 781/781 782/782 783/783
f 702/702 779/779 784/784
f 702/702 784/784 767/767
f 291/291 785/785 786/786
f 291/291 786/786 336/336
f 313/313 787/787 788/788
f 313/313 788/788 312/312
f 746/746 709/709 712/712
f 746/746 712/712 704/704
f 789/789 790/790 791/791
f 789/789 791/791 792/792
f 793/793 794/794 792/792
f 793/793 792/792 795/795
f 796/796 797/797 529/529
f 796/796 529/529 512/512
f 798/798 799/799 800/800
f 798/798 800/800 787/787
f 774/774 801/801 608/608
f 774/774 608/608 538/538
f 312/312 788/788 802/802
f 312/312 802/802 496/496
f 704/704 712/712 803/803
f 704/704 803/803 705/705
f 804/804 805/805 806/806
f 804/804 806/806 807/807
f 705/705 803/803 808/808
f 705/705 808/808 707/707
f 707/707 808/808 809/809
f 707/707 809/809 741/741
f 810/810 811/811 812/812
f 810/810 812/812 813/813
f 814/814 513/513 496/496
f 814/814 496/496 802/802
f 782/782 815/815 816/816
f 782/782 816/816 817/817
f 336/336 786/786 818/818
f 336/336 818/818 357/357
f 819/819 820/820 821/821
f 819/819 821/821 822/822
f 594/594 801/801 822/822
f 594/594 822/822 821/821
f 327/327 306/306 333/333
f 327/327 333/333 823/823
f 824/824 825/825 500/500
f 824/824 500/500 495/495
f 796/796 512/512 513/513
f 796/796 513/513 814/814
f 500/500 825/825 826/826
f 500/500 826/826 827/827
f 827/827 828/828 829/829
f 827/827 829/829 830/830
f 538/538 525/525 775/775
f 538/538 775/775 774/774
f 831/831 819/819 822/822
f 831/831 822/822 777/777
f 645/645 726/726 189/189
f 645/645 189/189 195/195
f 814/814 832/832 833/833
f 814/814 833/833 796/796
f 296/296 789/789 792/792
f 296/296 792/792 794/794
f 801/801 594/594 601/601
f 801/801 601/601 608/608
f 817/817 834/834 783/783
f 817/817 783/783 782/782
f 835/835 786/786 785/785
f 835/835 785/785 710/710
f 833/833 836/836 797/797
f 833/833 797/797 796/796
f 710/710 785/785 837/837
f 710/710 837/837 711/711
f 838/838 804/804 807/807
f 838/838 807/807 839/839
f 803/803 771/771 770/770
f 803/803 770/770 808/808
f 802/802 840/840 832/832
f 802/802 832/832 814/814
f 808/808 770/770 841/841
f 808/808 841/841 809/809
f 467/467 466/466 834/834
f 467/467 834/834 654/654
f 842/842 788/788 787/787
f 842/842 787/787 800/800
f 815/815 782/782 780/780
f 815/815 780/780 701/701
f 758/758 631/631 328/328
f 758/758 328/328 811/811
f 843/843 784/784 779/779
f 843/843 779/779 778/778
f 593/593 594/594 821/821
f 593/593 821/821 820/820
f 844/844 845/845 846/846
f 844/844 846/846 847/847
f 805/805 848/848 818/818
f 805/805 818/818 806/806
f 849/849 831/831 777/777
f 849/849 777/777 776/776
f 790/790 789/789 729/729
f 790/790 729/729 748/748
f 781/781 389/389 388/388
f 781/781 388/388 778/778
f 850/850 851/851 794/794
f 850/850 794/794 793/793
f 827/827 826/826 852/852
f 827/827 852/852 828/828
f 837/837 289/289 288/288
f 837/837 288/288 769/769
f 853/853 854/854 855/855
f 853/853 855/855 856/856
f 763/763 857/857 858/858
f 763/763 858/858 764/764
f 229/229 772/772 746/746
f 229/229 746/746 199/199
f 701/701 700/700 859/859
f 701/701 859/859 815/815
f 811/811 328/328 327/327
f 811/811 327/327 812/812
f 813/813 187/187 190/190
f 813/813 190/190 810/810
f 854/854 823/823 860/860
f 854/854 860/860 855/855
f 773/773 835/835 710/710
f 773/773 710/710 709/709
f 777/777 822/822 801/801
f 777/777 801/801 774/774
f 788/788 842/842 840/840
f 788/788 840/840 802/802
f 725/725 722/722 758/758
f 725/725 758/758 765/765
f 711/711 837/837 769/769
f 711/711 769/769 771/771
f 701/701 780/780 779/779
f 701/701 779/779 702/702
f 525/525 504/504 529/529
f 525/525 529/529 775/775
f 295/295 729/729 789/789
f 295/295 789/789 296/296
f 297/297 851/851 798/798
f 297/297 798/798 349/349
f 772/772 229/229 230/230
f 772/772 230/230 839/839
f 853/853 231/231 187/187
f 853/853 187/187 813/813
f 766/766 765/765 810/810
f 766/766 810/810 190/190
f 812/812 327/327 823/823
f 812/812 823/823 854/854
f 712/712 711/711 771/771
f 712/712 771/771 803/803
f 783/783 834/834 466/466
f 783/783 466/466 733/733
f 781/781 783/783 733/733
f 781/781 733/733 389/389
f 823/823 333/333 861/861
f 823/823 861/861 860/860
f 851/851 850/850 799/799
f 851/851 799/799 798/798
f 813/813 812/812 854/854
f 813/813 854/854 853/853
f 836/836 849/849 776/776
f 836/836 776/776 797/797
f 862/862 863/863 864/864
f 862/862 864/864 400/400
f 288/288 258/258 764/764
f 288/288 764/764 769/769
f 794/794 851/851 297/297
f 794/794 297/297 296/296
f 838/838 224/224 226/226
f 838/838 226/226 856/856
f 859/859 865/865 816/816
f 859/859 816/816 815/815
f 189/189 726/726 766/766
f 189/189 766/766 190/190
f 765/765 758/758 811/811
f 765/765 811/811 810/810
f 775/775 529/529 797/797
f 775/775 797/797 776/776
f 349/349 798/798 787/787
f 349/349 787/787 313/313
f 778/778 388/388 866/866
f 778/778 866/866 843/843
f 770/770 764/764 858/858
f 770/770 858/858 841/841
f 785/785 291/291 289/289
f 785/785 289/289 837/837
f 867/867 795/795 792/792
f 867/867 792/792 791/791
f 868/868 869/869 870/870
f 868/868 870/870 871/871
f 742/742 741/741 872/872
f 742/742 872/872 873/873
f 874/874 875/875 876/876
f 874/874 876/876 877/877
f 878/878 879/879 749/749
f 878/878 749/749 880/880
f 510/510 387/387 390/390
f 510/510 390/390 511/511
f 881/881 768/768 767/767
f 881/881 767/767 882/882
f 361/361 319/319 730/730
f 361/361 730/730 682/682
f 741/741 809/809 883/883
f 741/741 883/883 872/872
f 884/884 885/885 886/886
f 884/884 886/886 887/887
f 211/211 317/317 691/691
f 211/211 691/691 761/761
f 671/671 670/670 318/318
f 671/671 318/318 323/323
f 888/888 889/889 890/890
f 888/888 890/890 891/891
f 892/892 893/893 871/871
f 892/892 871/871 870/870
f 894/894 895/895 896/896
f 894/894 896/896 880/880
f 870/870 897/897 898/898
f 870/870 898/898 892/892
f 692/692 184/184 674/674
f 692/692 674/674 673/673
f 899/899 900/900 719/719
f 899/899 719/719 718/718
f 195/195 194/194 646/646
f 195/195 646/646 645/645
f 901/901 902/902 877/877
f 901/901 877/877 876/876
f 903/903 898/898 897/897
f 903/903 897/897 904/904
f 184/184 186/186 681/681
f 184/184 681/681 674/674
f 905/905 694/694 693/693
f 905/905 693/693 697/697
f 906/906 825/825 824/824
f 906/906 824/824 907/907
f 863/863 908/908 909/909
f 863/863 909/909 864/864
f 233/233 910/910 911/911
f 233/233 911/911 237/237
f 419/419 416/416 912/912
f 419/419 912/912 913/913
f 893/893 914/914 915/915
f 893/893 915/915 871/871
f 415/415 447/447 916/916
f 415/415 916/916 917/917
f 918/918 919/919 920/920
f 918/918 920/920 921/921
f 880/880 896/896 922/922
f 880/880 922/922 878/878
f 408/408 407/407 892/892
f 408/408 892/892 898/898
f 923/923 924/924 925/925
f 923/923 925/925 926/926
f 498/498 516/516 903/903
f 498/498 903/903 887/887
f 493/493 915/915 914/914
f 493/493 914/914 492/492
f 927/927 923/923 926/926
f 927/927 926/926 928/928
f 866/866 929/929 873/873
f 866/866 873/873 872/872
f 233/233 237/237 164/164
f 233/233 164/164 214/214
f 887/887 886/886 499/499
f 887/887 499/499 498/498
f 930/930 672/672 671/671
f 930/930 671/671 931/931
f 932/932 933/933 902/902
f 932/932 902/902 901/901
f 622/622 745/745 672/672
f 622/622 672/672 930/930
f 889/889 401/401 404/404
f 889/889 404/404 890/890
f 934/934 935/935 620/620
f 934/934 620/620 623/623
f 935/935 936/936 762/762
f 935/935 762/762 620/620
f 444/444 937/937 938/938
f 444/444 938/938 491/491
f 682/682 681/681 186/186
f 682/682 186/186 361/361
f 527/527 501/501 658/658
f 527/527 658/658 657/657
f 767/767 784/784 939/939
f 767/767 939/939 882/882
f 738/738 940/940 909/909
f 738/738 909/909 739/739
f 878/878 922/922 919/919
f 878/878 919/919 918/918
f 928/928 926/926 905/905
f 928/928 905/905 941/941
f 941/941 905/905 697/697
f 941/941 697/697 720/720
f 824/824 495/495 401/401
f 824/824 401/401 889/889
f 931/931 671/671 323/323
f 931/931 323/323 238/238
f 784/784 843/843 883/883
f 784/784 883/883 939/939
f 907/907 824/824 889/889
f 907/907 889/889 888/888
f 528/528 916/916 447/447
f 528/528 447/447 451/451
f 939/939 883/883 809/809
f 939/939 809/809 841/841
f 901/901 876/876 942/942
f 901/901 942/942 943/943
f 943/943 942/942 884/884
f 943/943 884/884 904/904
f 750/750 678/678 694/694
f 750/750 694/694 925/925
f 944/944 885/885 884/884
f 944/944 884/884 942/942
f 699/699 658/658 501/501
f 699/699 501/501 412/412
f 688/688 945/945 946/946
f 688/688 946/946 685/685
f 657/657 686/686 528/528
f 657/657 528/528 527/527
f 869/869 947/947 897/897
f 869/869 897/897 870/870
f 918/918 921/921 879/879
f 918/918 879/879 878/878
f 827/827 830/830 948/948
f 827/827 948/948 500/500
f 875/875 944/944 942/942
f 875/875 942/942 876/876
f 931/931 911/911 934/934
f 931/931 934/934 930/930
f 670/670 730/730 319/319
f 670/670 319/319 318/318
f 925/925 924/924 894/894
f 925/925 894/894 750/750
f 238/238 237/237 911/911
f 238/238 911/911 931/931
f 949/949 844/844 847/847
f 949/949 847/847 950/950
f 920/920 946/946 945/945
f 920/920 945/945 921/921
f 686/686 685/685 916/916
f 686/686 916/916 528/528
f 756/756 951/951 688/688
f 756/756 688/688 687/687
f 723/723 699/699 412/412
f 723/723 412/412 411/411
f 930/930 934/934 623/623
f 930/930 623/623 622/622
f 910/910 952/952 936/936
f 910/910 936/936 935/935
f 911/911 910/910 935/935
f 911/911 935/935 934/934
f 926/926 925/925 694/694
f 926/926 694/694 905/905
f 443/443 953/953 937/937
f 443/443 937/937 444/444
f 932/932 901/901 943/943
f 932/932 943/943 947/947
f 516/516 408/408 898/898
f 516/516 898/898 903/903
f 871/871 915/915 954/954
f 871/871 954/954 868/868
f 857/857 881/881 882/882
f 857/857 882/882 858/858
f 955/955 852/852 826/826
f 955/955 826/826 956/956
f 947/947 869/869 933/933
f 947/947 933/933 932/932
f 947/947 943/943 904/904
f 947/947 904/904 897/897
f 750/750 894/894 880/880
f 750/750 880/880 749/749
f 899/899 874/874 877/877
f 899/899 877/877 900/900
f 904/904 884/884 887/887
f 904/904 887/887 903/903
f 825/825 906/906 956/956
f 825/825 956/956 826/826
f 843/843 866/866 872/872
f 843/843 872/872 883/883
f 485/485 957/957 958/958
f 485/485 958/958 482/482
f 882/882 939/939 841/841
f 882/882 841/841 858/858
f 416/416 415/415 917/917
f 416/416 917/917 912/912
f 959/959 960/960 961/961
f 959/959 961/961 962/962
f 963/963 959/959 962/962
f 963/963 962/962 964/964
f 965/965 966/966 967/967
f 965/965 967/967 968/968
f 969/969 742/742 873/873
f 969/969 873/873 970/970
f 695/695 706/706 708/708
f 695/695 708/708 971/971
f 923/923 972/972 973/973
f 923/923 973/973 924/924
f 974/974 893/893 975/975
f 974/974 975/975 976/976
f 917/917 916/916 685/685
f 917/917 685/685 946/946
f 977/977 762/762 936/936
f 977/977 936/936 978/978
f 927/927 979/979 972/972
f 927/927 972/972 923/923
f 980/980 981/981 982/982
f 980/980 982/982 983/983
f 945/945 688/688 951/951
f 945/945 951/951 984/984
f 985/985 902/902 933/933
f 985/985 933/933 979/979
f 986/986 987/987 988/988
f 986/986 988/988 989/989
f 920/920 919/919 913/913
f 920/920 913/913 912/912
f 970/970 873/873 929/929
f 970/970 929/929 978/978
f 975/975 990/990 991/991
f 975/975 991/991 976/976
f 952/952 970/970 978/978
f 952/952 978/978 936/936
f 978/978 929/929 992/992
f 978/978 992/992 977/977
f 993/993 994/994 995/995
f 993/993 995/995 996/996
f 662/662 749/749 879/879
f 662/662 879/879 659/659
f 992/992 995/995 994/994
f 992/992 994/994 977/977
f 418/418 417/417 997/997
f 418/418 997/997 998/998
f 752/752 984/984 951/951
f 752/752 951/951 999/999
f 1000/1000 922/922 896/896
f 1000/1000 896/896 1001/1001
f 1002/1002 964/964 962/962
f 1002/1002 962/962 1003/1003
f 988/988 1004/1004 908/908
f 988/988 908/908 863/863
f 984/984 879/879 921/921
f 984/984 921/921 945/945
f 625/625 549/549 968/968
f 625/625 968/968 522/522
f 967/967 989/989 862/862
f 967/967 862/862 1005/1005
f 987/987 1006/1006 1004/1004
f 987/987 1004/1004 988/988
f 640/640 752/752 983/983
f 640/640 983/983 639/639
f 558/558 546/546 549/549
f 558/558 549/549 625/625
f 1001/1001 896/896 895/895
f 1001/1001 895/895 954/954
f 913/913 919/919 922/922
f 913/913 922/922 1000/1000
f 966/966 986/986 989/989
f 966/966 989/989 967/967
f 952/952 696/696 969/969
f 952/952 969/969 970/970
f 976/976 991/991 1007/1007
f 976/976 1007/1007 1008/1008
f 912/912 917/917 946/946
f 912/912 946/946 920/920
f 1009/1009 1010/1010 549/549
f 1009/1009 549/549 548/548
f 439/439 456/456 1011/1011
f 439/439 1011/1011 440/440
f 999/999 951/951 756/756
f 999/999 756/756 1012/1012
f 233/233 193/193 192/192
f 233/233 192/192 910/910
f 192/192 696/696 952/952
f 192/192 952/952 910/910
f 979/979 933/933 869/869
f 979/979 869/869 972/972
f 868/868 954/954 895/895
f 868/868 895/895 973/973
f 1013/1013 963/963 964/964
f 1013/1013 964/964 1014/1014
f 971/971 969/969 696/696
f 971/971 696/696 695/695
f 599/599 131/131 130/130
f 599/599 130/130 639/639
f 1006/1006 1008/1008 1015/1015
f 1006/1006 1015/1015 1004/1004
f 1016/1016 1011/1011 456/456
f 1016/1016 456/456 476/476
f 476/476 452/452 1017/1017
f 476/476 1017/1017 1016/1016
f 756/756 679/679 604/604
f 756/756 604/604 1012/1012
f 927/927 928/928 985/985
f 927/927 985/985 979/979
f 971/971 708/708 742/742
f 971/971 742/742 969/969
f 980/980 999/999 1012/1012
f 980/980 1012/1012 981/981
f 968/968 967/967 1005/1005
f 968/968 1005/1005 522/522
f 1008/1008 1007/1007 1018/1018
f 1008/1008 1018/1018 1015/1015
f 1014/1014 1019/1019 526/526
f 1014/1014 526/526 427/427
f 1001/1001 954/954 915/915
f 1001/1001 915/915 493/493
f 446/446 418/418 998/998
f 446/446 998/998 1020/1020
f 913/913 1000/1000 420/420
f 913/913 420/420 419/419
f 407/407 975/975 893/893
f 407/407 893/893 892/892
f 422/422 421/421 1021/1021
f 422/422 1021/1021 1022/1022
f 964/964 1002/1002 1019/1019
f 964/964 1019/1019 1014/1014
f 990/990 1019/1019 1002/1002
f 990/990 1002/1002 991/991
f 968/968 549/549 1010/1010
f 968/968 1010/1010 965/965
f 720/720 719/719 900/900
f 720/720 900/900 941/941
f 1019/1019 990/990 406/406
f 1019/1019 406/406 526/526
f 576/576 613/613 1023/1023
f 576/576 1023/1023 1024/1024
f 924/924 973/973 895/895
f 924/924 895/895 894/894
f 1015/1015 1018/1018 1025/1025
f 1015/1015 1025/1025 1026/1026
f 928/928 941/941 900/900
f 928/928 900/900 985/985
f 1012/1012 604/604 568/568
f 1012/1012 568/568 981/981
f 417/417 422/422 1022/1022
f 417/417 1022/1022 997/997
f 1011/1011 1016/1016 1023/1023
f 1011/1011 1023/1023 1027/1027
f 421/421 492/492 1028/1028
f 421/421 1028/1028 1021/1021
f 1003/1003 1007/1007 991/991
f 1003/1003 991/991 1002/1002
f 714/714 617/617 619/619
f 714/714 619/619 715/715
f 1029/1029 1009/1009 548/548
f 1029/1029 548/548 582/582
f 582/582 576/576 1024/1024
f 582/582 1024/1024 1029/1029
f 452/452 446/446 1020/1020
f 452/452 1020/1020 1017/1017
f 902/902 985/985 900/900
f 902/902 900/900 877/877
f 990/990 975/975 407/407
f 990/990 407/407 406/406
f 567/567 600/600 599/599
f 567/567 599/599 982/982
f 989/989 988/988 863/863
f 989/989 863/863 862/862
f 1030/1030 1018/1018 1007/1007
f 1030/1030 1007/1007 1003/1003
f 982/982 981/981 568/568
f 982/982 568/568 567/567
f 914/914 893/893 974/974
f 914/914 974/974 1031/1031
f 1000/1000 1001/1001 493/493
f 1000/1000 493/493 420/420
f 492/492 914/914 1031/1031
f 492/492 1031/1031 1028/1028
f 426/426 1013/1013 1014/1014
f 426/426 1014/1014 427/427
f 659/659 879/879 984/984
f 659/659 984/984 752/752
f 982/982 599/599 639/639
f 982/982 639/639 983/983
f 977/977 994/994 713/713
f 977/977 713/713 762/762
f 972/972 869/869 868/868
f 972/972 868/868 973/973
f 961/961 1030/1030 1003/1003
f 961/961 1003/1003 962/962
f 983/983 752/752 999/999
f 983/983 999/999 980/980
f 1004/1004 1015/1015 1026/1026
f 1004/1004 1026/1026 908/908
f 1032/1032 1033/1033 1034/1034
f 1032/1032 1034/1034 1035/1035
f 1036/1036 1037/1037 1038/1038
f 1036/1036 1038/1038 1039/1039
f 654/654 834/834 1040/1040
f 654/654 1040/1040 757/757
f 834/834 817/817 1041/1041
f 834/834 1041/1041 1040/1040
f 736/736 735/735 759/759
f 736/736 759/759 1042/1042
f 998/998 997/997 1010/1010
f 998/998 1010/1010 1009/1009
f 748/748 1043/1043 1044/1044
f 748/748 1044/1044 790/790
f 1045/1045 747/747 643/643
f 1045/1045 643/643 1046/1046
f 1047/1047 956/956 906/906
f 1047/1047 906/906 907/907
f 714/714 713/713 994/994
f 714/714 994/994 993/993
f 1048/1048 1049/1049 1050/1050
f 1048/1048 1050/1050 1047/1047
f 1051/1051 1052/1052 1053/1053
f 1051/1051 1053/1053 1054/1054
f 1016/1016 1017/1017 1024/1024
f 1016/1016 1024/1024 1023/1023
f 1055/1055 791/791 790/790
f 1055/1055 790/790 1044/1044
f 1056/1056 1057/1057 1058/1058
f 1056/1056 1058/1058 1059/1059
f 1042/1042 759/759 760/760
f 1042/1042 760/760 732/732
f 1060/1060 867/867 791/791
f 1060/1060 791/791 1055/1055
f 1028/1028 1031/1031 987/987
f 1028/1028 987/987 986/986
f 1061/1061 642/642 744/744
f 1061/1061 744/744 1062/1062
f 1063/1063 1064/1064 1065/1065
f 1063/1063 1065/1065 1066/1066
f 992/992 929/929 387/387
f 992/992 387/387 510/510
f 997/997 1022/1022 965/965
f 997/997 965/965 1010/1010
f 1067/1067 340/340 339/339
f 1067/1067 339/339 1068/1068
f 1069/1069 1070/1070 1064/1064
f 1069/1069 1064/1064 1063/1063
f 993/993 1071/1071 617/617
f 993/993 617/617 714/714
f 1072/1072 1073/1073 1074/1074
f 1072/1072 1074/1074 1075/1075
f 1038/1038 1076/1076 1077/1077
f 1038/1038 1077/1077 1039/1039
f 1078/1078 1079/1079 1073/1073
f 1078/1078 1073/1073 1072/1072
f 388/388 387/387 929/929
f 388/388 929/929 866/866
f 1080/1080 1064/1064 1070/1070
f 1080/1080 1070/1070 1081/1081
f 1020/1020 998/998 1009/1009
f 1020/1020 1009/1009 1029/1029
f 1022/1022 1021/1021 966/966
f 1022/1022 966/966 965/965
f 1079/1079 1036/1036 1039/1039
f 1079/1079 1039/1039 1073/1073
f 865/865 1082/1082 1083/1083
f 865/865 1083/1083 816/816
f 1029/1029 1024/1024 1017/1017
f 1029/1029 1017/1017 1020/1020
f 1042/1042 732/732 731/731
f 1042/1042 731/731 1062/1062
f 738/738 737/737 1084/1084
f 738/738 1084/1084 1085/1085
f 665/665 1046/1046 1061/1061
f 665/665 1061/1061 664/664
f 757/757 1045/1045 1046/1046
f 757/757 1046/1046 665/665
f 1086/1086 1087/1087 1088/1088
f 1086/1086 1088/1088 1089/1089
f 744/744 736/736 1042/1042
f 744/744 1042/1042 1062/1062
f 816/816 1083/1083 1041/1041
f 816/816 1041/1041 817/817
f 1027/1027 1023/1023 613/613
f 1027/1027 613/613 1071/1071
f 1090/1090 1076/1076 1038/1038
f 1090/1090 1038/1038 1091/1091
f 1092/1092 1065/1065 1064/1064
f 1092/1092 1064/1064 1080/1080
f 1093/1093 1094/1094 1053/1053
f 1093/1093 1053/1053 1095/1095
f 995/995 992/992 510/510
f 995/995 510/510 441/441
f 642/642 1061/1061 1046/1046
f 642/642 1046/1046 643/643
f 1083/1083 1055/1055 1044/1044
f 1083/1083 1044/1044 1041/1041
f 1077/1077 1074/1074 1073/1073
f 1077/1077 1073/1073 1039/1039
f 1096/1096 1097/1097 1098/1098
f 1096/1096 1098/1098 1099/1099
f 1008/1008 1006/1006 974/974
f 1008/1008 974/974 976/976
f 1100/1100 1101/1101 1102/1102
f 1100/1100 1102/1102 1103/1103
f 1031/1031 974/974 1006/1006
f 1031/1031 1006/1006 987/987
f 1104/1104 1070/1070 1069/1069
f 1104/1104 1069/1069 1105/1105
f 1106/1106 1096/1096 1058/1058
f 1106/1106 1058/1058 1057/1057
f 1052/1052 1051/1051 1105/1105
f 1052/1052 1105/1105 1069/1069
f 1047/1047 907/907 888/888
f 1047/1047 888/888 1048/1048
f 1107/1107 1108/1108 1109/1109
f 1107/1107 1109/1109 1110/1110
f 747/747 1045/1045 1043/1043
f 747/747 1043/1043 748/748
f 1037/1037 1111/1111 1091/1091
f 1037/1037 1091/1091 1038/1038
f 759/759 723/723 411/411
f 759/759 411/411 760/760
f 440/440 1011/1011 1027/1027
f 440/440 1027/1027 996/996
f 1070/1070 1104/1104 1112/1112
f 1070/1070 1112/1112 1081/1081
f 1081/1081 1113/1113 1114/1114
f 1081/1081 1114/1114 1080/1080
f 1112/1112 1115/1115 1113/1113
f 1112/1112 1113/1113 1081/1081
f 731/731 664/664 1061/1061
f 731/731 1061/1061 1062/1062
f 1040/1040 1043/1043 1045/1045
f 1040/1040 1045/1045 757/757
f 1040/1040 1041/1041 1044/1044
f 1040/1040 1044/1044 1043/1043
f 1054/1054 1053/1053 1094/1094
f 1054/1054 1094/1094 1116/1116
f 1117/1117 950/950 1118/1118
f 1117/1117 1118/1118 1087/1087
f 1119/1119 1120/1120 1121/1121
f 1119/1119 1121/1121 1122/1122
f 1071/1071 993/993 996/996
f 1071/1071 996/996 1027/1027
f 1114/1114 1113/1113 1123/1123
f 1114/1114 1123/1123 1124/1124
f 441/441 440/440 996/996
f 441/441 996/996 995/995
f 1125/1125 1092/1092 1080/1080
f 1125/1125 1080/1080 1114/1114
f 1021/1021 1028/1028 986/986
f 1021/1021 986/986 966/966
f 1125/1125 1114/1114 1124/1124
f 1125/1125 1124/1124 1126/1126
f 1127/1127 1128/1128 1108/1108
f 1127/1127 1108/1108 1107/1107
f 1071/1071 613/613 612/612
f 1071/1071 612/612 617/617
f 940/940 738/738 1085/1085
f 940/940 1085/1085 891/891
f 1082/1082 1060/1060 1055/1055
f 1082/1082 1055/1055 1083/1083
f 609/609 564/564 482/482
f 609/609 482/482 958/958
f 1050/1050 955/955 956/956
f 1050/1050 956/956 1047/1047
f 1053/1053 1052/1052 1129/1129
f 1053/1053 1129/1129 1095/1095
f 1130/1130 1131/1131 1132/1132
f 1130/1130 1132/1132 1133/1133
f 1134/1134 1135/1135 1136/1136
f 1134/1134 1136/1136 1137/1137
f 1138/1138 1139/1139 1140/1140
f 1138/1138 1140/1140 1141/1141
f 1058/1058 1096/1096 1142/1142
f 1058/1058 1142/1142 1059/1059
f 1143/1143 1127/1127 1107/1107
f 1143/1143 1107/1107 1144/1144
f 1095/1095 1145/1145 1146/1146
f 1095/1095 1146/1146 1093/1093
f 1147/1147 1148/1148 1149/1149
f 1147/1147 1149/1149 1150/1150
f 1151/1151 1102/1102 1101/1101
f 1151/1151 1101/1101 1152/1152
f 1153/1153 1154/1154 1155/1155
f 1153/1153 1155/1155 1156/1156
f 1157/1157 1158/1158 1159/1159
f 1157/1157 1159/1159 1160/1160
f 1161/1161 1162/1162 1163/1163
f 1161/1161 1163/1163 1164/1164
f 1165/1165 1166/1166 1167/1167
f 1165/1165 1167/1167 1168/1168
f 1169/1169 1170/1170 1171/1171
f 1169/1169 1171/1171 1172/1172
f 1141/1141 1173/1173 1174/1174
f 1141/1141 1174/1174 1175/1175
f 1176/1176 1103/1103 1102/1102
f 1176/1176 1102/1102 1151/1151
f 1165/1165 1177/1177 1078/1078
f 1165/1165 1078/1078 1166/1166
f 1178/1178 1179/1179 1180/1180
f 1178/1178 1180/1180 1181/1181
f 1079/1079 1078/1078 1177/1177
f 1079/1079 1177/1177 1182/1182
f 1164/1164 1163/1163 1183/1183
f 1164/1164 1183/1183 1184/1184
f 1185/1185 1186/1186 1137/1137
f 1185/1185 1137/1137 1136/1136
f 1187/1187 1100/1100 1103/1103
f 1187/1187 1103/1103 1176/1176
f 1188/1188 1189/1189 1094/1094
f 1188/1188 1094/1094 1093/1093
f 1190/1190 1191/1191 1192/1192
f 1190/1190 1192/1192 1193/1193
f 1182/1182 1194/1194 1036/1036
f 1182/1182 1036/1036 1079/1079
f 1152/1152 1101/1101 1195/1195
f 1152/1152 1195/1195 1196/1196
f 1142/1142 1147/1147 1150/1150
f 1142/1142 1150/1150 1059/1059
f 1197/1197 1198/1198 1199/1199
f 1197/1197 1199/1199 1200/1200
f 1167/1167 1072/1072 1075/1075
f 1167/1167 1075/1075 1201/1201
f 1063/1063 1129/1129 1052/1052
f 1063/1063 1052/1052 1069/1069
f 1145/1145 1202/1202 1203/1203
f 1145/1145 1203/1203 1146/1146
f 1141/1141 1175/1175 1204/1204
f 1141/1141 1204/1204 1138/1138
f 1188/1188 1204/1204 1175/1175
f 1188/1188 1175/1175 1205/1205
f 1206/1206 1155/1155 1154/1154
f 1206/1206 1154/1154 1139/1139
f 1207/1207 1151/1151 1152/1152
f 1207/1207 1152/1152 1208/1208
f 1090/1090 1091/1091 1209/1209
f 1090/1090 1209/1209 1210/1210
f 1211/1211 1173/1173 1141/1141
f 1211/1211 1141/1141 1140/1140
f 1144/1144 1107/1107 1110/1110
f 1144/1144 1110/1110 1212/1212
f 1134/1134 1137/1137 1074/1074
f 1134/1134 1074/1074 1077/1077
f 1213/1213 1207/1207 1126/1126
f 1213/1213 1126/1126 1124/1124
f 1214/1214 1215/1215 1143/1143
f 1214/1214 1143/1143 1144/1144
f 1135/1135 1134/1134 1216/1216
f 1135/1135 1216/1216 1217/1217
f 844/844 949/949 1033/1033
f 844/844 1033/1033 1032/1032
f 1189/1189 1218/1218 1116/1116
f 1189/1189 1116/1116 1094/1094
f 1219/1219 1153/1153 1156/1156
f 1219/1219 1156/1156 1191/1191
f 1191/1191 1190/1190 1220/1220
f 1191/1191 1220/1220 1219/1219
f 1221/1221 1222/1222 1182/1182
f 1221/1221 1182/1182 1177/1177
f 1189/1189 1188/1188 1205/1205
f 1189/1189 1205/1205 1223/1223
f 1076/1076 1090/1090 1224/1224
f 1076/1076 1224/1224 1216/1216
f 1099/1099 1215/1215 1142/1142
f 1099/1099 1142/1142 1096/1096
f 1168/1168 1167/1167 1201/1201
f 1168/1168 1201/1201 1225/1225
f 1138/1138 1204/1204 1146/1146
f 1138/1138 1146/1146 1203/1203
f 1226/1226 1227/1227 1228/1228
f 1226/1226 1228/1228 1229/1229
f 1226/1226 1220/1220 1190/1190
f 1226/1226 1190/1190 1227/1227
f 1093/1093 1146/1146 1204/1204
f 1093/1093 1204/1204 1188/1188
f 1184/1184 1230/1230 1223/1223
f 1184/1184 1223/1223 1164/1164
f 1231/1231 1133/1133 1132/1132
f 1231/1231 1132/1132 1232/1232
f 1223/1223 1230/1230 1218/1218
f 1223/1223 1218/1218 1189/1189
f 1066/1066 1233/1233 1129/1129
f 1066/1066 1129/1129 1063/1063
f 1234/1234 1056/1056 1059/1059
f 1234/1234 1059/1059 1150/1150
f 1171/1171 1170/1170 1235/1235
f 1171/1171 1235/1235 1236/1236
f 1051/1051 1237/1237 1238/1238
f 1051/1051 1238/1238 1105/1105
f 1193/1193 1239/1239 1227/1227
f 1193/1193 1227/1227 1190/1190
f 1237/1237 1051/1051 1054/1054
f 1237/1237 1054/1054 1181/1181
f 1134/1134 1077/1077 1076/1076
f 1134/1134 1076/1076 1216/1216
f 1170/1170 1185/1185 1136/1136
f 1170/1170 1136/1136 1235/1235
f 1224/1224 1090/1090 1210/1210
f 1224/1224 1210/1210 1240/1240
f 1210/1210 1241/1241 1242/1242
f 1210/1210 1242/1242 1240/1240
f 1139/1139 1138/1138 1203/1203
f 1139/1139 1203/1203 1206/1206
f 1184/1184 1183/1183 1243/1243
f 1184/1184 1243/1243 1172/1172
f 1236/1236 1235/1235 1179/1179
f 1236/1236 1179/1179 1178/1178
f 1214/1214 1144/1144 1212/1212
f 1214/1214 1212/1212 1244/1244
f 1245/1245 1246/1246 1247/1247
f 1245/1245 1247/1247 1248/1248
f 1154/1154 1249/1249 1140/1140
f 1154/1154 1140/1140 1139/1139
f 1218/1218 1236/1236 1178/1178
f 1218/1218 1178/1178 1116/1116
f 1205/1205 1161/1161 1164/1164
f 1205/1205 1164/1164 1223/1223
f 1250/1250 1185/1185 1170/1170
f 1250/1250 1170/1170 1169/1169
f 1135/1135 1179/1179 1235/1235
f 1135/1135 1235/1235 1136/1136
f 1217/1217 1180/1180 1179/1179
f 1217/1217 1179/1179 1135/1135
f 1075/1075 1074/1074 1137/1137
f 1075/1075 1137/1137 1186/1186
f 1173/1173 1251/1251 1252/1252
f 1173/1173 1252/1252 1174/1174
f 1253/1253 1214/1214 1244/1244
f 1253/1253 1244/1244 1254/1254
f 1148/1148 1147/1147 1214/1214
f 1148/1148 1214/1214 1253/1253
f 1227/1227 1239/1239 1245/1245
f 1227/1227 1245/1245 1228/1228
f 1172/1172 1171/1171 1230/1230
f 1172/1172 1230/1230 1184/1184
f 1242/1242 1255/1255 1256/1256
f 1242/1242 1256/1256 1240/1240
f 1124/1124 1123/1123 1257/1257
f 1124/1124 1257/1257 1213/1213
f 1258/1258 1259/1259 1192/1192
f 1258/1258 1192/1192 1260/1260
f 1033/1033 1132/1132 1131/1131
f 1033/1033 1131/1131 1034/1034
f 1175/1175 1174/1174 1161/1161
f 1175/1175 1161/1161 1205/1205
f 1255/1255 1261/1261 1262/1262
f 1255/1255 1262/1262 1256/1256
f 1116/1116 1178/1178 1181/1181
f 1116/1116 1181/1181 1054/1054
f 1260/1260 1192/1192 1191/1191
f 1260/1260 1191/1191 1156/1156
f 1237/1237 1263/1263 1262/1262
f 1237/1237 1262/1262 1238/1238
f 1166/1166 1078/1078 1072/1072
f 1166/1166 1072/1072 1167/1167
f 1194/1194 1182/1182 1222/1222
f 1194/1194 1222/1222 1264/1264
f 949/949 1265/1265 1266/1266
f 949/949 1266/1266 1033/1033
f 1230/1230 1171/1171 1236/1236
f 1230/1230 1236/1236 1218/1218
f 1267/1267 1234/1234 1150/1150
f 1267/1267 1150/1150 1149/1149
f 1174/1174 1252/1252 1162/1162
f 1174/1174 1162/1162 1161/1161
f 1268/1268 1202/1202 1145/1145
f 1268/1268 1145/1145 1233/1233
f 1269/1269 1268/1268 1233/1233
f 1269/1269 1233/1233 1066/1066
f 1270/1270 1271/1271 1272/1272
f 1270/1270 1272/1272 1273/1273
f 1274/1274 1275/1275 1115/1115
f 1274/1274 1115/1115 1276/1276
f 1037/1037 1036/1036 1194/1194
f 1037/1037 1194/1194 1277/1277
f 1277/1277 1194/1194 1264/1264
f 1277/1277 1264/1264 1278/1278
f 1247/1247 1160/1160 1278/1278
f 1247/1247 1278/1278 1264/1264
f 1157/1157 1246/1246 1279/1279
f 1157/1157 1279/1279 1280/1280
f 1181/1181 1180/1180 1263/1263
f 1181/1181 1263/1263 1237/1237
f 1281/1281 1282/1282 1160/1160
f 1281/1281 1160/1160 1159/1159
f 1283/1283 1279/1279 1239/1239
f 1283/1283 1239/1239 1193/1193
f 1284/1284 1285/1285 1286/1286
f 1284/1284 1286/1286 1287/1287
f 1240/1240 1256/1256 1288/1288
f 1240/1240 1288/1288 1224/1224
f 1289/1289 1290/1290 1286/1286
f 1289/1289 1286/1286 1285/1285
f 1291/1291 1292/1292 1275/1275
f 1291/1291 1275/1275 1274/1274
f 1224/1224 1288/1288 1217/1217
f 1224/1224 1217/1217 1216/1216
f 1282/1282 1293/1293 1278/1278
f 1282/1282 1278/1278 1160/1160
f 1294/1294 1272/1272 1271/1271
f 1294/1294 1271/1271 1295/1295
f 1296/1296 1282/1282 1281/1281
f 1296/1296 1281/1281 1297/1297
f 1159/1159 1176/1176 1297/1297
f 1159/1159 1297/1297 1281/1281
f 1187/1187 1298/1298 1299/1299
f 1187/1187 1299/1299 1100/1100
f 1288/1288 1263/1263 1180/1180
f 1288/1288 1180/1180 1217/1217
f 1158/1158 1187/1187 1176/1176
f 1158/1158 1176/1176 1159/1159
f 1300/1300 1293/1293 1301/1301
f 1300/1300 1301/1301 1302/1302
f 1290/1290 1303/1303 1304/1304
f 1290/1290 1304/1304 1286/1286
f 1305/1305 1306/1306 1198/1198
f 1305/1305 1198/1198 1197/1197
f 1283/1283 1270/1270 1280/1280
f 1283/1283 1280/1280 1279/1279
f 1307/1307 1308/1308 1309/1309
f 1307/1307 1309/1309 1310/1310
f 1104/1104 1311/1311 1312/1312
f 1104/1104 1312/1312 1112/1112
f 1313/1313 1314/1314 1315/1315
f 1313/1313 1315/1315 1316/1316
f 1317/1317 1318/1318 1314/1314
f 1317/1317 1314/1314 1313/1313
f 1241/1241 1303/1303 1290/1290
f 1241/1241 1290/1290 1242/1242
f 1319/1319 1292/1292 1291/1291
f 1319/1319 1291/1291 1320/1320
f 1258/1258 1260/1260 1305/1305
f 1258/1258 1305/1305 1197/1197
f 1155/1155 1206/1206 1306/1306
f 1155/1155 1306/1306 1305/1305
f 1123/1123 1113/1113 1115/1115
f 1123/1123 1115/1115 1275/1275
f 1321/1321 1322/1322 1323/1323
f 1321/1321 1323/1323 1111/1111
f 1196/1196 1324/1324 1208/1208
f 1196/1196 1208/1208 1152/1152
f 1206/1206 1203/1203 1202/1202
f 1206/1206 1202/1202 1306/1306
f 1294/1294 1325/1325 1065/1065
f 1294/1294 1065/1065 1092/1092
f 1298/1298 1196/1196 1195/1195
f 1298/1298 1195/1195 1299/1299
f 1296/1296 1297/1297 1207/1207
f 1296/1296 1207/1207 1213/1213
f 1311/1311 1104/1104 1105/1105
f 1311/1311 1105/1105 1238/1238
f 1213/1213 1257/1257 1301/1301
f 1213/1213 1301/1301 1296/1296
f 1111/1111 1037/1037 1277/1277
f 1111/1111 1277/1277 1321/1321
f 1285/1285 1326/1326 1327/1327
f 1285/1285 1327/1327 1289/1289
f 1297/1297 1176/1176 1151/1151
f 1297/1297 1151/1151 1207/1207
f 1101/1101 1100/1100 1299/1299
f 1101/1101 1299/1299 1195/1195
f 1277/1277 1278/1278 1322/1322
f 1277/1277 1322/1322 1321/1321
f 1115/1115 1112/1112 1312/1312
f 1115/1115 1312/1312 1276/1276
f 1300/1300 1322/1322 1278/1278
f 1300/1300 1278/1278 1293/1293
f 1302/1302 1301/1301 1257/1257
f 1302/1302 1257/1257 1292/1292
f 1091/1091 1304/1304 1303/1303
f 1091/1091 1303/1303 1209/1209
f 1300/1300 1287/1287 1323/1323
f 1300/1300 1323/1323 1322/1322
f 1326/1326 1319/1319 1320/1320
f 1326/1326 1320/1320 1328/1328
f 1287/1287 1286/1286 1304/1304
f 1287/1287 1304/1304 1323/1323
f 1309/1309 1329/1329 1330/1330
f 1309/1309 1330/1330 1310/1310
f 1160/1160 1247/1247 1246/1246
f 1160/1160 1246/1246 1157/1157
f 1092/1092 1125/1125 1272/1272
f 1092/1092 1272/1272 1294/1294
f 1198/1198 1306/1306 1202/1202
f 1198/1198 1202/1202 1268/1268
f 1248/1248 1247/1247 1264/1264
f 1248/1248 1264/1264 1222/1222
f 1233/1233 1145/1145 1095/1095
f 1233/1233 1095/1095 1129/1129
f 1158/1158 1157/1157 1280/1280
f 1158/1158 1280/1280 1331/1331
f 1332/1332 1199/1199 1269/1269
f 1332/1332 1269/1269 1325/1325
f 1331/1331 1280/1280 1270/1270
f 1331/1331 1270/1270 1324/1324
f 1298/1298 1331/1331 1324/1324
f 1298/1298 1324/1324 1196/1196
f 1274/1274 1276/1276 1320/1320
f 1274/1274 1320/1320 1291/1291
f 1285/1285 1284/1284 1319/1319
f 1285/1285 1319/1319 1326/1326
f 1208/1208 1273/1273 1126/1126
f 1208/1208 1126/1126 1207/1207
f 1325/1325 1269/1269 1066/1066
f 1325/1325 1066/1066 1065/1065
f 1279/1279 1246/1246 1245/1245
f 1279/1279 1245/1245 1239/1239
f 1292/1292 1319/1319 1284/1284
f 1292/1292 1284/1284 1302/1302
f 1302/1302 1284/1284 1287/1287
f 1302/1302 1287/1287 1300/1300
f 1255/1255 1242/1242 1290/1290
f 1255/1255 1290/1290 1289/1289
f 1222/1222 1221/1221 1229/1229
f 1222/1222 1229/1229 1228/1228
f 1332/1332 1295/1295 1200/1200
f 1332/1332 1200/1200 1199/1199
f 1259/1259 1200/1200 1295/1295
f 1259/1259 1295/1295 1271/1271
f 1298/1298 1187/1187 1158/1158
f 1298/1298 1158/1158 1331/1331
f 1296/1296 1301/1301 1293/1293
f 1296/1296 1293/1293 1282/1282
f 1199/1199 1198/1198 1268/1268
f 1199/1199 1268/1268 1269/1269
f 1200/1200 1259/1259 1258/1258
f 1200/1200 1258/1258 1197/1197
f 1248/1248 1222/1222 1228/1228
f 1248/1248 1228/1228 1245/1245
f 1328/1328 1312/1312 1311/1311
f 1328/1328 1311/1311 1261/1261
f 1273/1273 1208/1208 1324/1324
f 1273/1273 1324/1324 1270/1270
f 1241/1241 1210/1210 1209/1209
f 1241/1241 1209/1209 1303/1303
f 1310/1310 1333/1333 1334/1334
f 1310/1310 1334/1334 1307/1307
f 1295/1295 1332/1332 1325/1325
f 1295/1295 1325/1325 1294/1294
f 1261/1261 1255/1255 1289/1289
f 1261/1261 1289/1289 1327/1327
f 1271/1271 1270/1270 1283/1283
f 1271/1271 1283/1283 1259/1259
f 1305/1305 1260/1260 1156/1156
f 1305/1305 1156/1156 1155/1155
f 1275/1275 1292/1292 1257/1257
f 1275/1275 1257/1257 1123/1123
f 1125/1125 1126/1126 1273/1273
f 1125/1125 1273/1273 1272/1272
f 1256/1256 1262/1262 1263/1263
f 1256/1256 1263/1263 1288/1288
f 1238/1238 1262/1262 1261/1261
f 1238/1238 1261/1261 1311/1311
f 1328/1328 1261/1261 1327/1327
f 1328/1328 1327/1327 1326/1326
f 1111/1111 1323/1323 1304/1304
f 1111/1111 1304/1304 1091/1091
f 1193/1193 1192/1192 1259/1259
f 1193/1193 1259/1259 1283/1283
f 1276/1276 1312/1312 1328/1328
f 1276/1276 1328/1328 1320/1320
f 1335/1335 1336/1336 1308/1308
f 1335/1335 1308/1308 1307/1307
f 1337/1337 1338/1338 1339/1339
f 1337/1337 1339/1339 1340/1340
f 1341/1341 1342/1342 1343/1343
f 1341/1341 1343/1343 1344/1344
f 1345/1345 1346/1346 1347/1347
f 1345/1345 1347/1347 1348/1348
f 1349/1349 1350/1350 1351/1351
f 1349/1349 1351/1351 1352/1352
f 1338/1338 1352/1352 1351/1351
f 1338/1338 1351/1351 1339/1339
f 1353/1353 1354/1354 1355/1355
f 1353/1353 1355/1355 1356/1356
f 1337/1337 1340/1340 1357/1357
f 1337/1337 1357/1357 1358/1358
f 1254/1254 1244/1244 1131/1131
f 1254/1254 1131/1131 1130/1130
f 1354/1354 1359/1359 1360/1360
f 1354/1354 1360/1360 1361/1361
f 1362/1362 1363/1363 1364/1364
f 1362/1362 1364/1364 1365/1365
f 1366/1366 1367/1367 1368/1368
f 1366/1366 1368/1368 1369/1369
f 1370/1370 1371/1371 1348/1348
f 1370/1370 1348/1348 1347/1347
f 1372/1372 1373/1373 1374/1374
f 1372/1372 1374/1374 1375/1375
f 1110/1110 1109/1109 1119/1119
f 1110/1110 1119/1119 1122/1122
f 1376/1376 1359/1359 1354/1354
f 1376/1376 1354/1354 1353/1353
f 1377/1377 1378/1378 1344/1344
f 1377/1377 1344/1344 1379/1379
f 1380/1380 1381/1381 1382/1382
f 1380/1380 1382/1382 1383/1383
f 1347/1347 1364/1364 1363/1363
f 1347/1347 1363/1363 1370/1370
f 1384/1384 1342/1342 1341/1341
f 1384/1384 1341/1341 1385/1385
f 1122/1122 1034/1034 1212/1212
f 1122/1122 1212/1212 1110/1110
f 1365/1365 1364/1364 1386/1386
f 1365/1365 1386/1386 1387/1387
f 1388/1388 1389/1389 1390/1390
f 1388/1388 1390/1390 1391/1391
f 1392/1392 1393/1393 1317/1317
f 1392/1392 1317/1317 1313/1313
f 1394/1394 1395/1395 1357/1357
f 1394/1394 1357/1357 1340/1340
f 1396/1396 1397/1397 1398/1398
f 1396/1396 1398/1398 1399/1399
f 1400/1400 1401/1401 1374/1374
f 1400/1400 1374/1374 1402/1402
f 1397/1397 1403/1403 1404/1404
f 1397/1397 1404/1404 1398/1398
f 1402/1402 1374/1374 1373/1373
f 1402/1402 1373/1373 1405/1405
f 1367/1367 1366/1366 1406/1406
f 1367/1367 1406/1406 1407/1407
f 1407/1407 1408/1408 1409/1409
f 1407/1407 1409/1409 1367/1367
f 1339/1339 1351/1351 1355/1355
f 1339/1339 1355/1355 1410/1410
f 1411/1411 1395/1395 1394/1394
f 1411/1411 1394/1394 1412/1412
f 1361/1361 1360/1360 1370/1370
f 1361/1361 1370/1370 1363/1363
f 1413/1413 1414/1414 1384/1384
f 1413/1413 1384/1384 1385/1385
f 1359/1359 1383/1383 1415/1415
f 1359/1359 1415/1415 1360/1360
f 1416/1416 1382/1382 1368/1368
f 1416/1416 1368/1368 1417/1417
f 1416/1416 1415/1415 1383/1383
f 1416/1416 1383/1383 1382/1382
f 1350/1350 1356/1356 1355/1355
f 1350/1350 1355/1355 1351/1351
f 1360/1360 1415/1415 1371/1371
f 1360/1360 1371/1371 1370/1370
f 1346/1346 1386/1386 1364/1364
f 1346/1346 1364/1364 1347/1347
f 1418/1418 1378/1378 1357/1357
f 1418/1418 1357/1357 1395/1395
f 1419/1419 1412/1412 1420/1420
f 1419/1419 1420/1420 1421/1421
f 1403/1403 1422/1422 1390/1390
f 1403/1403 1390/1390 1404/1404
f 1404/1404 1390/1390 1389/1389
f 1404/1404 1389/1389 1423/1423
f 1398/1398 1404/1404 1423/1423
f 1398/1398 1423/1423 1424/1424
f 1425/1425 1067/1067 1068/1068
f 1425/1425 1068/1068 1393/1393
f 1387/1387 1405/1405 1373/1373
f 1387/1387 1373/1373 1426/1426
f 1365/1365 1420/1420 1412/1412
f 1365/1365 1412/1412 1362/1362
f 1427/1427 1428/1428 1369/1369
f 1427/1427 1369/1369 1368/1368
f 1375/1375 1374/1374 1401/1401
f 1375/1375 1401/1401 1429/1429
f 1430/1430 1362/1362 1412/1412
f 1430/1430 1412/1412 1394/1394
f 1413/1413 1385/1385 1431/1431
f 1413/1413 1431/1431 1432/1432
f 1307/1307 1334/1334 1433/1433
f 1307/1307 1433/1433 1335/1335
f 1434/1434 1399/1399 1435/1435
f 1434/1434 1435/1435 1436/1436
f 1358/1358 1357/1357 1378/1378
f 1358/1358 1378/1378 1377/1377
f 1387/1387 1386/1386 1423/1423
f 1387/1387 1423/1423 1389/1389
f 1431/1431 1418/1418 1395/1395
f 1431/1431 1395/1395 1411/1411
f 1432/1432 1431/1431 1411/1411
f 1432/1432 1411/1411 1437/1437
f 1345/1345 1348/1348 1438/1438
f 1345/1345 1438/1438 1439/1439
f 1368/1368 1382/1382 1381/1381
f 1368/1368 1381/1381 1427/1427
f 1385/1385 1341/1341 1418/1418
f 1385/1385 1418/1418 1431/1431
f 1410/1410 1440/1440 1340/1340
f 1410/1410 1340/1340 1339/1339
f 1410/1410 1355/1355 1354/1354
f 1410/1410 1354/1354 1361/1361
f 1439/1439 1438/1438 1367/1367
f 1439/1439 1367/1367 1409/1409
f 1441/1441 1426/1426 1373/1373
f 1441/1441 1373/1373 1372/1372
f 1392/1392 1442/1442 1443/1443
f 1392/1392 1443/1443 1444/1444
f 1386/1386 1346/1346 1424/1424
f 1386/1386 1424/1424 1423/1423
f 1445/1445 1446/1446 1343/1343
f 1445/1445 1343/1343 1342/1342
f 1436/1436 1435/1435 1424/1424
f 1436/1436 1424/1424 1346/1346
f 1437/1437 1411/1411 1412/1412
f 1437/1437 1412/1412 1419/1419
f 1376/1376 1380/1380 1383/1383
f 1376/1376 1383/1383 1359/1359
f 1365/1365 1387/1387 1426/1426
f 1365/1365 1426/1426 1420/1420
f 1440/1440 1410/1410 1361/1361
f 1440/1440 1361/1361 1363/1363
f 1388/1388 1391/1391 1402/1402
f 1388/1388 1402/1402 1405/1405
f 1371/1371 1417/1417 1438/1438
f 1371/1371 1438/1438 1348/1348
f 1379/1379 1344/1344 1343/1343
f 1379/1379 1343/1343 1446/1446
f 1447/1447 1396/1396 1399/1399
f 1447/1447 1399/1399 1434/1434
f 1430/1430 1440/1440 1363/1363
f 1430/1430 1363/1363 1362/1362
f 1393/1393 1392/1392 1444/1444
f 1393/1393 1444/1444 1425/1425
f 1414/1414 1445/1445 1342/1342
f 1414/1414 1342/1342 1384/1384
f 1442/1442 1392/1392 1313/1313
f 1442/1442 1313/1313 1316/1316
f 1399/1399 1398/1398 1424/1424
f 1399/1399 1424/1424 1435/1435
f 1341/1341 1344/1344 1378/1378
f 1341/1341 1378/1378 1418/1418
f 1034/1034 1131/1131 1244/1244
f 1034/1034 1244/1244 1212/1212
f 1389/1389 1388/1388 1405/1405
f 1389/1389 1405/1405 1387/1387
f 1421/1421 1420/1420 1426/1426
f 1421/1421 1426/1426 1441/1441
f 1417/1417 1371/1371 1415/1415
f 1417/1417 1415/1415 1416/1416
f 1440/1440 1430/1430 1394/1394
f 1440/1440 1394/1394 1340/1340
f 1417/1417 1368/1368 1367/1367
f 1417/1417 1367/1367 1438/1438
f 1448/1448 1449/1449 1450/1450
f 1448/1448 1450/1450 1409/1409
f 1408/1408 1451/1451 1448/1448
f 1408/1408 1448/1448 1409/1409
f 1452/1452 1439/1439 1409/1409
f 1452/1452 1409/1409 1450/1450
f 1453/1453 1436/1436 1346/1346
f 1453/1453 1346/1346 1345/1345
f 1454/1454 1434/1434 1436/1436
f 1454/1454 1436/1436 1453/1453
f 1453/1453 1345/1345 1439/1439
f 1453/1453 1439/1439 1452/1452
f 1455/1455 1451/1451 1408/1408
f 1455/1455 1408/1408 1407/1407
f 1456/1456 1455/1455 1407/1407
f 1456/1456 1407/1407 1406/1406
f 1457/1457 1447/1447 1434/1434
f 1457/1457 1434/1434 1454/1454
f 1458/1458 1450/1450 1449/1449
f 1458/1458 1449/1449 1459/1459
f 1460/1460 1448/1448 1451/1451
f 1460/1460 1451/1451 1461/1461
f 1461/1461 1451/1451 1455/1455
f 1461/1461 1455/1455 1462/1462
f 1459/1459 1449/1449 1448/1448
f 1459/1459 1448/1448 1460/1460
f 1463/1463 1452/1452 1450/1450
f 1463/1463 1450/1450 1458/1458
f 1454/1454 1453/1453 1452/1452
f 1454/1454 1452/1452 1463/1463
f 1456/1456 1464/1464 1462/1462
f 1456/1456 1462/1462 1455/1455
f 1465/1465 1460/1460 1461/1461
f 1465/1465 1461/1461 1466/1466
f 1462/1462 1467/1467 1466/1466
f 1462/1462 1466/1466 1461/1461
f 1464/1464 1468/1468 1467/1467
f 1464/1464 1467/1467 1462/1462
f 1469/1469 1459/1459 1460/1460
f 1469/1469 1460/1460 1465/1465
f 1470/1470 1458/1458 1459/1459
f 1470/1470 1459/1459 1469/1469
f 1471/1471 1463/1463 1458/1458
f 1471/1471 1458/1458 1470/1470
f 1463/1463 1471/1471 1457/1457
f 1463/1463 1457/1457 1454/1454
f 1472/1472 1473/1473 1474/1474
f 1472/1472 1474/1474 1475/1475
f 1318/1318 1317/1317 1475/1475
f 1318/1318 1475/1475 1474/1474
f 1201/1201 1075/1075 1186/1186
f 1201/1201 1186/1186 1476/1476
f 1476/1476 1186/1186 1185/1185
f 1476/1476 1185/1185 1250/1250
f 1476/1476 1477/1477 1225/1225
f 1476/1476 1225/1225 1201/1201
f 1336/1336 1443/1443 1442/1442
f 1336/1336 1442/1442 1308/1308
f 1316/1316 1309/1309 1308/1308
f 1316/1316 1308/1308 1442/1442
f 1316/1316 1315/1315 1329/1329
f 1316/1316 1329/1329 1309/1309
f 1128/1128 1127/1127 1099/1099
f 1128/1128 1099/1099 1098/1098
f 1127/1127 1143/1143 1215/1215
f 1127/1127 1215/1215 1099/1099
f 1147/1147 1142/1142 1215/1215
f 1147/1147 1215/1215 1214/1214
f 338/338 337/337 262/262
f 338/338 262/262 299/299
f 298/298 300/300 636/636
f 298/298 636/636 591/591
f 545/545 544/544 638/638
f 545/545 638/638 636/636
f 565/565 564/564 638/638
f 565/565 638/638 544/544
f 236/236 167/167 217/217
f 236/236 217/217 216/216
f 217/217 167/167 166/166
f 217/217 166/166 193/193
f 1172/1172 1243/1243 1478/1478
f 1172/1172 1478/1478 1169/1169
f 1169/1169 1478/1478 1479/1479
f 1169/1169 1479/1479 1250/1250
f 1479/1479 1477/1477 1476/1476
f 1479/1479 1476/1476 1250/1250
f 1120/1120 1119/1119 1474/1474
f 1120/1120 1474/1474 1473/1473
f 1109/1109 1318/1318 1474/1474
f 1109/1109 1474/1474 1119/1119
f 1318/1318 1109/1109 1108/1108
f 1318/1318 1108/1108 1314/1314
f 1314/1314 1108/1108 1128/1128
f 1314/1314 1128/1128 1315/1315
f 1315/1315 1128/1128 1098/1098
f 1315/1315 1098/1098 1329/1329
f 1329/1329 1098/1098 1097/1097
f 1329/1329 1097/1097 1330/1330
f 1035/1035 1034/1034 1122/1122
f 1035/1035 1122/1122 1121/1121
f 370/370 339/339 338/338
f 370/370 338/338 364/364
f 350/350 1475/1475 1068/1068
f 350/350 1068/1068 351/351
f 1475/1475 1317/1317 1393/1393
f 1475/1475 1393/1393 1068/1068
f 1068/1068 339/339 370/370
f 1068/1068 370/370 351/351
f 1472/1472 1475/1475 350/350
f 1472/1472 350/350 353/353
f 1422/1422 1480/1480 1391/1391
f 1422/1422 1391/1391 1390/1390
f 1402/1402 1391/1391 1480/1480
f 1402/1402 1480/1480 1400/1400
f 134/134 57/57 1481/1481
f 134/134 1481/1481 133/133
f 57/57 56/56 89/89
f 57/57 89/89 1481/1481
f 1106/1106 1482/1482 1097/1097
f 1106/1106 1097/1097 1096/1096
f 1330/1330 1483/1483 1333/1333
f 1330/1330 1333/1333 1310/1310
f 1482/1482 1483/1483 1330/1330
f 1482/1482 1330/1330 1097/1097
f 1428/1428 1427/1427 1484/1484
f 1428/1428 1484/1484 1485/1485
f 1427/1427 1381/1381 1486/1486
f 1427/1427 1486/1486 1484/1484
f 1381/1381 1380/1380 1376/1376
f 1381/1381 1376/1376 1486/1486
f 1484/1484 1350/1350 1349/1349
f 1484/1484 1349/1349 1485/1485
f 1486/1486 1356/1356 1350/1350
f 1486/1486 1350/1350 1484/1484
f 1376/1376 1353/1353 1356/1356
f 1376/1376 1356/1356 1486/1486
f 830/830 1487/1487 1488/1488
f 830/830 1488/1488 948/948
f 500/500 948/948 953/953
f 500/500 953/953 443/443
f 1162/1162 1489/1489 1490/1490
f 1162/1162 1490/1490 1163/1163
f 1163/1163 1490/1490 1491/1491
f 1163/1163 1491/1491 1183/1183
f 1183/1183 1491/1491 1492/1492
f 1183/1183 1492/1492 1243/1243
f 1252/1252 1251/1251 1489/1489
f 1252/1252 1489/1489 1162/1162
f 1243/1243 1492/1492 1493/1493
f 1243/1243 1493/1493 1478/1478
f 1478/1478 1493/1493 1477/1477
f 1478/1478 1477/1477 1479/1479
f 1494/1494 1495/1495 1496/1496
f 1494/1494 1496/1496 1497/1497
f 1498/1498 1499/1499 1500/1500
f 1498/1498 1500/1500 1501/1501
f 1502/1502 1503/1503 1504/1504
f 1502/1502 1504/1504 1505/1505
f 1506/1506 1504/1504 1507/1507
f 1506/1506 1507/1507 1508/1508
f 1501/1501 1509/1509 1510/1510
f 1501/1501 1510/1510 1498/1498
f 1509/1509 1511/1511 1512/1512
f 1509/1509 1512/1512 1510/1510
f 1511/1511 1513/1513 1514/1514
f 1511/1511 1514/1514 1512/1512
f 1515/1515 1516/1516 1517/1517
f 1515/1515 1517/1517 1518/1518
f 1519/1519 1500/1500 1499/1499
f 1519/1519 1499/1499 1520/1520
f 1520/1520 1495/1495 1494/1494
f 1520/1520 1494/1494 1519/1519
f 1521/1521 1515/1515 1518/1518
f 1521/1521 1518/1518 1522/1522
f 1522/1522 1523/1523 1524/1524
f 1522/1522 1524/1524 1521/1521
f 1525/1525 1526/1526 1506/1506
f 1525/1525 1506/1506 1527/1527
f 1528/1528 1494/1494 1497/1497
f 1528/1528 1497/1497 1529/1529
f 1530/1530 1501/1501 1500/1500
f 1530/1530 1500/1500 1531/1531
f 1532/1532 1533/1533 1505/1505
f 1532/1532 1505/1505 1504/1504
f 1526/1526 1532/1532 1504/1504
f 1526/1526 1504/1504 1506/1506
f 1530/1530 1534/1534 1509/1509
f 1530/1530 1509/1509 1501/1501
f 1534/1534 1535/1535 1511/1511
f 1534/1534 1511/1511 1509/1509
f 1535/1535 1536/1536 1513/1513
f 1535/1535 1513/1513 1511/1511
f 1525/1525 1527/1527 1516/1516
f 1525/1525 1516/1516 1537/1537
f 1537/1537 1516/1516 1515/1515
f 1537/1537 1515/1515 1538/1538
f 1531/1531 1500/1500 1519/1519
f 1531/1531 1519/1519 1539/1539
f 1539/1539 1519/1519 1494/1494
f 1539/1539 1494/1494 1528/1528
f 1540/1540 1538/1538 1515/1515
f 1540/1540 1515/1515 1521/1521
f 1536/1536 1540/1540 1521/1521
f 1536/1536 1521/1521 1524/1524
f 1541/1541 1542/1542 1528/1528
f 1541/1541 1528/1528 1529/1529
f 1543/1543 1530/1530 1531/1531
f 1543/1543 1531/1531 1542/1542
f 1543/1543 1544/1544 1534/1534
f 1543/1543 1534/1534 1530/1530
f 1544/1544 1536/1536 1535/1535
f 1544/1544 1535/1535 1534/1534
f 1542/1542 1531/1531 1539/1539
f 1542/1542 1539/1539 1528/1528
f 1545/1545 1542/1542 1541/1541
f 1545/1545 1541/1541 1546/1546
f 1547/1547 1543/1543 1542/1542
f 1547/1547 1542/1542 1545/1545
f 1548/1548 1544/1544 1543/1543
f 1548/1548 1543/1543 1547/1547
f 1540/1540 1536/1536 1544/1544
f 1540/1540 1544/1544 1548/1548
f 1525/1525 1547/1547 1545/1545
f 1525/1525 1545/1545 1526/1526
f 1537/1537 1548/1548 1547/1547
f 1537/1537 1547/1547 1525/1525
f 1538/1538 1540/1540 1548/1548
f 1538/1538 1548/1548 1537/1537
f 1526/1526 1545/1545 1546/1546
f 1526/1526 1546/1546 1532/1532
f 1517/1517 1516/1516 1527/1527
f 1517/1517 1527/1527 1549/1549
f 1550/1550 1551/1551 1552/1552
f 1550/1550 1552/1552 1508/1508
f 1553/1553 1554/1554 1497/1497
f 1553/1553 1497/1497 1496/1496
f 1554/1554 1555/1555 1529/1529
f 1554/1554 1529/1529 1497/1497
f 1529/1529 1555/1555 1556/1556
f 1529/1529 1556/1556 1541/1541
f 1532/1532 1546/1546 1557/1557
f 1532/1532 1557/1557 1533/1533
f 1556/1556 1557/1557 1546/1546
f 1556/1556 1546/1546 1541/1541
f 1558/1558 1559/1559 1560/1560
f 1558/1558 1560/1560 1561/1561
f 1562/1562 1563/1563 1564/1564
f 1562/1562 1564/1564 1565/1565
f 1562/1562 1565/1565 1560/1560
f 1562/1562 1560/1560 1559/1559
f 1566/1566 1564/1564 1563/1563
f 1566/1566 1563/1563 1567/1567
f 1568/1568 1569/1569 1570/1570
f 1568/1568 1570/1570 1571/1571
f 1572/1572 1569/1569 1568/1568
f 1572/1572 1568/1568 1573/1573
f 1561/1561 1560/1560 1572/1572
f 1561/1561 1572/1572 1574/1574
f 1574/1574 1572/1572 1573/1573
f 1574/1574 1573/1573 1575/1575
f 1576/1576 1574/1574 1575/1575
f 1576/1576 1575/1575 1577/1577
f 1578/1578 1576/1576 1577/1577
f 1578/1578 1577/1577 1579/1579
f 1558/1558 1561/1561 1578/1578
f 1558/1558 1578/1578 1580/1580
f 1580/1580 1578/1578 1579/1579
f 1580/1580 1579/1579 1581/1581
f 1574/1574 1576/1576 1578/1578
f 1574/1574 1578/1578 1561/1561
f 1564/1564 1566/1566 1571/1571
f 1564/1564 1571/1571 1570/1570
f 1560/1560 1565/1565 1569/1569
f 1560/1560 1569/1569 1572/1572
f 1569/1569 1565/1565 1564/1564
f 1569/1569 1564/1564 1570/1570
f 1582/1582 1583/1583 1581/1581
f 1582/1582 1581/1581 1579/1579
f 1584/1584 1582/1582 1579/1579
f 1584/1584 1579/1579 1577/1577
f 1585/1585 1584/1584 1577/1577
f 1585/1585 1577/1577 1575/1575
f 1586/1586 1585/1585 1575/1575
f 1586/1586 1575/1575 1573/1573
f 1587/1587 1586/1586 1573/1573
f 1587/1587 1573/1573 1568/1568
f 1588/1588 1587/1587 1568/1568
f 1588/1588 1568/1568 1571/1571
f 1588/1588 1571/1571 1566/1566
f 1588/1588 1566/1566 1589/1589
f 1589/1589 1566/1566 1567/1567
f 1589/1589 1567/1567 1590/1590
f 1591/1591 1580/1580 1581/1581
f 1591/1591 1581/1581 1592/1592
f 1591/1591 1592/1592 1567/1567
f 1591/1591 1567/1567 1563/1563
f 1559/1559 1558/1558 1580/1580
f 1559/1559 1580/1580 1591/1591
f 1559/1559 1591/1591 1563/1563
f 1559/1559 1563/1563 1562/1562
f 1593/1593 1592/1592 1581/1581
f 1593/1593 1581/1581 1583/1583
f 1590/1590 1567/1567 1592/1592
f 1590/1590 1592/1592 1593/1593
f 937/937 1594/1594 1595/1595
f 937/937 1595/1595 938/938
f 953/953 1596/1596 1594/1594
f 953/953 1594/1594 937/937
f 948/948 1488/1488 1596/1596
f 948/948 1596/1596 953/953
f 153/153 202/202 185/185
f 153/153 185/185 154/154
f 1597/1597 1554/1554 1553/1553
f 1597/1597 1553/1553 1598/1598
f 1533/1533 1555/1555 1554/1554
f 1533/1533 1554/1554 1597/1597
f 1555/1555 1533/1533 1557/1557
f 1555/1555 1557/1557 1556/1556
f 154/154 185/185 184/184
f 154/154 184/184 317/317
f 317/317 184/184 692/692
f 317/317 692/692 691/691
f 561/561 589/589 588/588
f 561/561 588/588 562/562
f 562/562 588/588 624/624
f 562/562 624/624 630/630
f 632/632 637/637 635/635
f 632/632 635/635 633/633
f 630/630 624/624 436/436
f 630/630 436/436 634/634
f 633/633 635/635 589/589
f 633/633 589/589 561/561
f 484/484 483/483 598/598
f 484/484 598/598 634/634
f 717/717 751/751 637/637
f 717/717 637/637 632/632
f 753/753 690/690 751/751
f 753/753 751/751 717/717
f 753/753 647/647 646/646
f 753/753 646/646 761/761
f 761/761 646/646 194/194
f 761/761 194/194 211/211
f 491/491 938/938 957/957
f 491/491 957/957 485/485
f 484/484 435/435 491/491
f 484/484 491/491 485/485
f 1595/1595 958/958 957/957
f 1595/1595 957/957 938/938
f 225/225 1599/1599 159/159
f 225/225 159/159 158/158
f 170/170 203/203 201/201
f 170/170 201/201 200/200
f 157/157 231/231 226/226
f 157/157 226/226 158/158
f 1599/1599 171/171 232/232
f 1599/1599 232/232 159/159
f 171/171 170/170 200/200
f 171/171 200/200 232/232
f 804/804 838/838 856/856
f 804/804 856/856 855/855
f 805/805 804/804 855/855
f 805/805 855/855 860/860
f 848/848 805/805 860/860
f 848/848 860/860 861/861
f 231/231 853/853 856/856
f 231/231 856/856 226/226
f 178/178 177/177 173/173
f 178/178 173/173 172/172
f 1599/1599 225/225 221/221
f 1599/1599 221/221 220/220
f 177/177 227/227 204/204
f 177/177 204/204 173/173
f 229/229 218/218 221/221
f 229/229 221/221 230/230
f 171/171 1599/1599 220/220
f 171/171 220/220 172/172
f 835/835 773/773 807/807
f 835/835 807/807 806/806
f 773/773 772/772 839/839
f 773/773 839/839 807/807
f 786/786 835/835 806/806
f 786/786 806/806 818/818
f 224/224 838/838 839/839
f 224/224 839/839 230/230
f 333/333 332/332 342/342
f 333/333 342/342 861/861
f 848/848 354/354 357/357
f 848/848 357/357 818/818
f 1600/1600 1550/1550 1508/1508
f 1600/1600 1508/1508 1507/1507
f 1551/1551 1549/1549 1527/1527
f 1551/1551 1527/1527 1552/1552
f 1527/1527 1506/1506 1508/1508
f 1527/1527 1508/1508 1552/1552
f 1504/1504 1503/1503 1600/1600
f 1504/1504 1600/1600 1507/1507
f 204/204 227/227 234/234
f 204/204 234/234 205/205
f 201/201 203/203 206/206
f 201/201 206/206 228/228
f 740/740 739/739 1026/1026
f 740/740 1026/1026 1025/1025
f 1601/1601 940/940 891/891
f 1601/1601 891/891 890/890
f 940/940 1601/1601 864/864
f 940/940 864/864 909/909
f 908/908 1026/1026 739/739
f 908/908 739/739 909/909
f 1049/1049 1048/1048 1085/1085
f 1049/1049 1085/1085 1084/1084
f 1048/1048 888/888 891/891
f 1048/1048 891/891 1085/1085
f 385/385 355/355 341/341
f 385/385 341/341 371/371
f 281/281 1602/1602 365/365
f 281/281 365/365 368/368
f 487/487 326/326 359/359
f 487/487 359/359 488/488
f 486/486 385/385 371/371
f 486/486 371/371 487/487
f 488/488 359/359 278/278
f 488/488 278/278 281/281
f 355/355 354/354 342/342
f 355/355 342/342 341/341
f 354/354 848/848 861/861
f 354/354 861/861 342/342
f 356/356 255/255 257/257
f 356/356 257/257 357/357
f 366/366 348/348 316/316
f 366/366 316/316 367/367
f 367/367 316/316 315/315
f 367/367 315/315 376/376
f 365/365 1602/1602 378/378
f 365/365 378/378 366/366
f 386/386 334/334 255/255
f 386/386 255/255 356/356
f 357/357 257/257 282/282
f 357/357 282/282 336/336
f 519/519 414/414 465/465
f 519/519 465/465 432/432
f 386/386 519/519 432/432
f 386/386 432/432 334/334
f 376/376 315/315 414/414
f 376/376 414/414 519/519
f 309/309 378/378 1602/1602
f 309/309 1602/1602 310/310
f 1602/1602 281/281 280/280
f 1602/1602 280/280 310/310
f 307/307 378/378 309/309
f 307/307 309/309 303/303
f 280/280 279/279 311/311
f 280/280 311/311 310/310
f 1005/1005 862/862 400/400
f 1005/1005 400/400 399/399
f 398/398 397/397 404/404
f 398/398 404/404 403/403
f 1601/1601 397/397 400/400
f 1601/1601 400/400 864/864
f 397/397 1601/1601 890/890
f 397/397 890/890 404/404
f 524/524 523/523 399/399
f 524/524 399/399 398/398
f 474/474 524/524 398/398
f 474/474 398/398 403/403
f 474/474 473/473 477/477
f 474/474 477/477 524/524
f 523/523 522/522 1005/1005
f 523/523 1005/1005 399/399
f 1087/1087 1118/1118 1603/1603
f 1087/1087 1603/1603 1088/1088
f 1232/1232 1086/1086 1089/1089
f 1232/1232 1089/1089 1231/1231
f 949/949 950/950 1117/1117
f 949/949 1117/1117 1265/1265
f 1086/1086 1232/1232 1266/1266
f 1086/1086 1266/1266 1265/1265
f 1266/1266 1232/1232 1132/1132
f 1266/1266 1132/1132 1033/1033
f 1087/1087 1086/1086 1265/1265
f 1087/1087 1265/1265 1117/1117
f 1604/1604 1605/1605 1606/1606
f 1604/1604 1606/1606 1607/1607
f 1608/1608 1609/1609 1610/1610
f 1608/1608 1610/1610 1611/1611
f 1612/1612 1613/1613 1614/1614
f 1612/1612 1614/1614 1615/1615
f 1616/1616 1617/1617 1604/1604
f 1616/1616 1604/1604 1607/1607
f 1618/1618 1611/1611 1619/1619
f 1618/1618 1619/1619 1620/1620
f 1621/1621 1622/1622 1623/1623
f 1621/1621 1623/1623 1624/1624
f 1624/1624 1623/1623 1618/1618
f 1624/1624 1618/1618 1620/1620
f 1609/1609 1608/1608 1625/1625
f 1609/1609 1625/1625 1626/1626
f 1627/1627 1628/1628 1617/1617
f 1627/1627 1617/1617 1616/1616
f 1612/1612 1615/1615 1626/1626
f 1612/1612 1626/1626 1625/1625
f 1610/1610 1629/1629 1630/1630
f 1610/1610 1630/1630 1631/1631
f 1632/1632 1629/1629 1610/1610
f 1632/1632 1610/1610 1609/1609
f 1622/1622 1625/1625 1608/1608
f 1622/1622 1608/1608 1623/1623
f 1613/1613 1612/1612 1625/1625
f 1613/1613 1625/1625 1622/1622
f 1622/1622 1621/1621 1633/1633
f 1622/1622 1633/1633 1613/1613
f 1626/1626 1634/1634 1632/1632
f 1626/1626 1632/1632 1609/1609
f 1634/1634 1626/1626 1615/1615
f 1634/1634 1615/1615 1635/1635
f 1631/1631 1619/1619 1611/1611
f 1631/1631 1611/1611 1610/1610
f 1628/1628 1629/1629 1632/1632
f 1628/1628 1632/1632 1634/1634
f 1629/1629 1628/1628 1627/1627
f 1629/1629 1627/1627 1630/1630
f 1611/1611 1618/1618 1623/1623
f 1611/1611 1623/1623 1608/1608
f 1605/1605 1604/1604 1617/1617
f 1605/1605 1617/1617 1635/1635
f 1628/1628 1634/1634 1635/1635
f 1628/1628 1635/1635 1617/1617
f 1636/1636 1614/1614 1613/1613
f 1636/1636 1613/1613 1633/1633
f 1635/1635 1615/1615 1614/1614
f 1635/1635 1614/1614 1605/1605
f 1606/1606 1605/1605 1614/1614
f 1606/1606 1614/1614 1636/1636
f 1637/1637 1638/1638 1639/1639
f 1637/1637 1639/1639 1640/1640
f 1641/1641 1642/1642 1643/1643
f 1641/1641 1643/1643 1644/1644
f 1645/1645 1646/1646 1647/1647
f 1645/1645 1647/1647 1648/1648
f 1649/1649 1650/1650 1651/1651
f 1649/1649 1651/1651 1652/1652
f 1653/1653 1654/1654 1655/1655
f 1653/1653 1655/1655 1656/1656
f 1657/1657 1658/1658 1659/1659
f 1657/1657 1659/1659 1660/1660
f 1661/1661 1662/1662 60/60
f 1661/1661 60/60 59/59
f 1660/1660 1663/1663 1664/1664
f 1660/1660 1664/1664 1657/1657
f 64/64 67/67 1665/1665
f 64/64 1665/1665 1666/1666
f 1667/1667 1668/1668 1669/1669
f 1667/1667 1669/1669 1670/1670
f 1671/1671 1672/1672 1673/1673
f 1671/1671 1673/1673 1668/1668
f 1674/1674 1663/1663 1660/1660
f 1674/1674 1660/1660 1665/1665
f 1675/1675 1669/1669 1668/1668
f 1675/1675 1668/1668 1673/1673
f 1676/1676 1677/1677 1678/1678
f 1676/1676 1678/1678 1679/1679
f 1663/1663 1680/1680 1681/1681
f 1663/1663 1681/1681 1664/1664
f 83/83 64/64 1666/1666
f 83/83 1666/1666 1682/1682
f 1683/1683 1684/1684 1685/1685
f 1683/1683 1685/1685 1686/1686
f 1682/1682 1666/1666 1659/1659
f 1682/1682 1659/1659 1687/1687
f 1660/1660 1659/1659 1666/1666
f 1660/1660 1666/1666 1665/1665
f 1688/1688 1641/1641 1644/1644
f 1688/1688 1644/1644 1689/1689
f 1690/1690 1691/1691 1680/1680
f 1690/1690 1680/1680 1692/1692
f 1693/1693 1667/1667 1670/1670
f 1693/1693 1670/1670 1694/1694
f 1695/1695 1696/1696 1697/1697
f 1695/1695 1697/1697 1698/1698
f 101/101 1699/1699 1690/1690
f 101/101 1690/1690 102/102
f 1642/1642 1661/1661 59/59
f 1642/1642 59/59 104/104
f 1700/1700 1679/1679 1678/1678
f 1700/1700 1678/1678 1701/1701
f 1664/1664 1681/1681 1702/1702
f 1664/1664 1702/1702 1672/1672
f 1676/1676 1703/1703 1638/1638
f 1676/1676 1638/1638 1637/1637
f 1704/1704 1705/1705 1706/1706
f 1704/1704 1706/1706 1677/1677
f 1677/1677 1676/1676 1637/1637
f 1677/1677 1637/1637 1704/1704
f 112/112 1674/1674 1665/1665
f 112/112 1665/1665 67/67
f 1645/1645 1707/1707 1708/1708
f 1645/1645 1708/1708 1698/1698
f 1709/1709 1710/1710 1711/1711
f 1709/1709 1711/1711 1707/1707
f 1712/1712 1654/1654 1670/1670
f 1712/1712 1670/1670 1669/1669
f 1688/1688 1713/1713 1714/1714
f 1688/1688 1714/1714 1641/1641
f 1655/1655 1715/1715 1716/1716
f 1655/1655 1716/1716 1711/1711
f 1686/1686 1685/1685 1717/1717
f 1686/1686 1717/1717 1718/1718
f 1719/1719 1675/1675 1652/1652
f 1719/1719 1652/1652 1651/1651
f 1720/1720 1721/1721 1722/1722
f 1720/1720 1722/1722 1723/1723
f 1654/1654 1712/1712 1715/1715
f 1654/1654 1715/1715 1655/1655
f 1650/1650 1649/1649 1724/1724
f 1650/1650 1724/1724 1725/1725
f 1691/1691 1726/1726 1681/1681
f 1691/1691 1681/1681 1680/1680
f 1727/1727 1728/1728 1667/1667
f 1727/1727 1667/1667 1693/1693
f 1662/1662 1661/1661 1714/1714
f 1662/1662 1714/1714 1729/1729
f 1694/1694 1670/1670 1654/1654
f 1694/1694 1654/1654 1653/1653
f 1657/1657 1664/1664 1672/1672
f 1657/1657 1672/1672 1671/1671
f 1677/1677 1706/1706 1730/1730
f 1677/1677 1730/1730 1678/1678
f 1697/1697 1683/1683 1686/1686
f 1697/1697 1686/1686 1646/1646
f 1716/1716 1708/1708 1707/1707
f 1716/1716 1707/1707 1711/1711
f 102/102 1690/1690 1692/1692
f 102/102 1692/1692 137/137
f 1671/1671 1728/1728 1658/1658
f 1671/1671 1658/1658 1657/1657
f 1639/1639 1715/1715 1712/1712
f 1639/1639 1712/1712 1719/1719
f 1672/1672 1702/1702 1731/1731
f 1672/1672 1731/1731 1673/1673
f 1695/1695 1703/1703 1676/1676
f 1695/1695 1676/1676 1679/1679
f 1732/1732 1704/1704 1637/1637
f 1732/1732 1637/1637 1640/1640
f 140/140 1733/1733 1734/1734
f 140/140 1734/1734 141/141
f 1700/1700 1688/1688 1689/1689
f 1700/1700 1689/1689 1696/1696
f 1661/1661 1642/1642 1641/1641
f 1661/1661 1641/1641 1714/1714
f 1701/1701 1713/1713 1688/1688
f 1701/1701 1688/1688 1700/1700
f 1644/1644 1643/1643 1734/1734
f 1644/1644 1734/1734 1684/1684
f 1689/1689 1644/1644 1684/1684
f 1689/1689 1684/1684 1683/1683
f 1707/1707 1645/1645 1648/1648
f 1707/1707 1648/1648 1709/1709
f 1702/1702 1681/1681 1726/1726
f 1702/1702 1726/1726 1721/1721
f 1684/1684 1734/1734 1733/1733
f 1684/1684 1733/1733 1685/1685
f 1656/1656 1655/1655 1711/1711
f 1656/1656 1711/1711 1710/1710
f 1668/1668 1667/1667 1728/1728
f 1668/1668 1728/1728 1671/1671
f 1646/1646 1686/1686 1718/1718
f 1646/1646 1718/1718 1647/1647
f 1649/1649 1720/1720 1723/1723
f 1649/1649 1723/1723 1724/1724
f 1691/1691 1690/1690 1699/1699
f 1691/1691 1699/1699 1735/1735
f 1679/1679 1700/1700 1696/1696
f 1679/1679 1696/1696 1695/1695
f 145/145 1736/1736 1733/1733
f 145/145 1733/1733 140/140
f 1737/1737 1713/1713 1701/1701
f 1737/1737 1701/1701 1738/1738
f 1713/1713 1737/1737 1729/1729
f 1713/1713 1729/1729 1714/1714
f 1719/1719 1712/1712 1669/1669
f 1719/1719 1669/1669 1675/1675
f 1640/1640 1651/1651 1650/1650
f 1640/1640 1650/1650 1732/1732
f 1725/1725 1739/1739 1732/1732
f 1725/1725 1732/1732 1650/1650
f 1696/1696 1689/1689 1683/1683
f 1696/1696 1683/1683 1697/1697
f 1673/1673 1731/1731 1652/1652
f 1673/1673 1652/1652 1675/1675
f 150/150 1643/1643 1642/1642
f 150/150 1642/1642 104/104
f 137/137 1692/1692 1674/1674
f 137/137 1674/1674 112/112
f 1678/1678 1730/1730 1738/1738
f 1678/1678 1738/1738 1701/1701
f 1638/1638 1716/1716 1715/1715
f 1638/1638 1715/1715 1639/1639
f 1740/1740 1726/1726 1691/1691
f 1740/1740 1691/1691 1735/1735
f 1736/1736 1717/1717 1685/1685
f 1736/1736 1685/1685 1733/1733
f 1698/1698 1697/1697 1646/1646
f 1698/1698 1646/1646 1645/1645
f 141/141 1734/1734 1643/1643
f 141/141 1643/1643 150/150
f 1663/1663 1674/1674 1692/1692
f 1663/1663 1692/1692 1680/1680
f 1740/1740 1722/1722 1721/1721
f 1740/1740 1721/1721 1726/1726
f 1639/1639 1719/1719 1651/1651
f 1639/1639 1651/1651 1640/1640
f 1652/1652 1731/1731 1720/1720
f 1652/1652 1720/1720 1649/1649
f 1704/1704 1732/1732 1739/1739
f 1704/1704 1739/1739 1705/1705
f 1702/1702 1721/1721 1720/1720
f 1702/1702 1720/1720 1731/1731
f 1698/1698 1708/1708 1703/1703
f 1698/1698 1703/1703 1695/1695
f 1741/1741 1742/1742 1743/1743
f 1741/1741 1743/1743 1744/1744
f 1745/1745 1746/1746 1747/1747
f 1745/1745 1747/1747 1748/1748
f 1749/1749 1743/1743 1742/1742
f 1749/1749 1742/1742 1750/1750
f 1751/1751 1752/1752 1753/1753
f 1751/1751 1753/1753 1754/1754
f 1755/1755 1756/1756 1757/1757
f 1755/1755 1757/1757 1758/1758
f 1759/1759 1760/1760 1761/1761
f 1759/1759 1761/1761 1762/1762
f 1745/1745 1763/1763 1764/1764
f 1745/1745 1764/1764 1765/1765
f 1766/1766 1756/1756 1767/1767
f 1766/1766 1767/1767 1768/1768
f 1769/1769 1770/1770 1771/1771
f 1769/1769 1771/1771 1772/1772
f 1769/1769 1773/1773 1774/1774
f 1769/1769 1774/1774 1775/1775
f 1776/1776 1777/1777 1778/1778
f 1776/1776 1778/1778 1779/1779
f 1780/1780 1755/1755 1781/1781
f 1780/1780 1781/1781 1782/1782
f 1763/1763 1783/1783 1784/1784
f 1763/1763 1784/1784 1764/1764
f 1785/1785 1786/1786 1787/1787
f 1785/1785 1787/1787 1788/1788
f 1742/1742 1789/1789 1790/1790
f 1742/1742 1790/1790 1750/1750
f 1773/1773 1769/1769 1772/1772
f 1773/1773 1772/1772 1791/1791
f 1792/1792 1793/1793 1794/1794
f 1792/1792 1794/1794 1795/1795
f 1748/1748 1779/1779 1763/1763
f 1748/1748 1763/1763 1745/1745
f 1796/1796 1797/1797 1798/1798
f 1796/1796 1798/1798 1799/1799
f 1800/1800 1749/1749 1764/1764
f 1800/1800 1764/1764 1784/1784
f 1801/1801 1802/1802 1788/1788
f 1801/1801 1788/1788 1787/1787
f 1802/1802 1801/1801 1767/1767
f 1802/1802 1767/1767 1780/1780
f 1779/1779 1778/1778 1783/1783
f 1779/1779 1783/1783 1763/1763
f 1803/1803 1804/1804 1805/1805
f 1803/1803 1805/1805 1806/1806
f 1807/1807 1808/1808 1809/1809
f 1807/1807 1809/1809 1810/1810
f 1708/1708 1716/1716 1638/1638
f 1708/1708 1638/1638 1703/1703
f 1810/1810 1801/1801 1787/1787
f 1810/1810 1787/1787 1807/1807
f 1811/1811 1812/1812 1752/1752
f 1811/1811 1752/1752 1751/1751
f 1813/1813 1814/1814 1747/1747
f 1813/1813 1747/1747 1815/1815
f 1798/1798 1771/1771 1770/1770
f 1798/1798 1770/1770 1799/1799
f 1797/1797 1796/1796 1812/1812
f 1797/1797 1812/1812 1811/1811
f 1816/1816 1757/1757 1756/1756
f 1816/1816 1756/1756 1766/1766
f 1749/1749 1750/1750 1765/1765
f 1749/1749 1765/1765 1764/1764
f 1742/1742 1741/1741 1817/1817
f 1742/1742 1817/1817 1789/1789
f 1792/1792 1795/1795 1760/1760
f 1792/1792 1760/1760 1759/1759
f 1786/1786 1818/1818 1807/1807
f 1786/1786 1807/1807 1787/1787
f 1815/1815 1808/1808 1819/1819
f 1815/1815 1819/1819 1813/1813
f 1779/1779 1748/1748 1820/1820
f 1779/1779 1820/1820 1776/1776
f 1803/1803 1806/1806 1754/1754
f 1803/1803 1754/1754 1753/1753
f 1801/1801 1810/1810 1768/1768
f 1801/1801 1768/1768 1767/1767
f 1765/1765 1821/1821 1746/1746
f 1765/1765 1746/1746 1745/1745
f 1781/1781 1804/1804 1803/1803
f 1781/1781 1803/1803 1822/1822
f 1823/1823 1824/1824 1757/1757
f 1823/1823 1757/1757 1816/1816
f 1810/1810 1809/1809 1761/1761
f 1810/1810 1761/1761 1768/1768
f 1756/1756 1755/1755 1780/1780
f 1756/1756 1780/1780 1767/1767
f 1750/1750 1790/1790 1821/1821
f 1750/1750 1821/1821 1765/1765
f 1758/1758 1757/1757 1824/1824
f 1758/1758 1824/1824 1825/1825
f 1752/1752 1826/1826 1827/1827
f 1752/1752 1827/1827 1753/1753
f 1828/1828 1829/1829 1830/1830
f 1828/1828 1830/1830 1831/1831
f 1832/1832 1833/1833 1834/1834
f 1832/1832 1834/1834 1835/1835
f 1836/1836 1837/1837 1838/1838
f 1836/1836 1838/1838 1839/1839
f 1840/1840 1841/1841 1842/1842
f 1840/1840 1842/1842 1843/1843
f 1844/1844 1845/1845 1846/1846
f 1844/1844 1846/1846 1841/1841
f 260/260 1847/1847 1848/1848
f 260/260 1848/1848 261/261
f 1849/1849 1850/1850 1831/1831
f 1849/1849 1831/1831 1851/1851
f 1846/1846 1852/1852 1853/1853
f 1846/1846 1853/1853 1854/1854
f 270/270 1855/1855 1856/1856
f 270/270 1856/1856 271/271
f 1621/1621 1857/1857 1858/1858
f 1621/1621 1858/1858 1633/1633
f 1859/1859 1860/1860 1861/1861
f 1859/1859 1861/1861 1862/1862
f 1863/1863 1864/1864 1865/1865
f 1863/1863 1865/1865 1866/1866
f 1846/1846 1845/1845 1867/1867
f 1846/1846 1867/1867 1852/1852
f 1834/1834 1868/1868 1869/1869
f 1834/1834 1869/1869 1870/1870
f 1853/1853 1871/1871 1872/1872
f 1853/1853 1872/1872 1854/1854
f 1873/1873 1871/1871 1853/1853
f 1873/1873 1853/1853 1874/1874
f 1870/1870 1875/1875 1835/1835
f 1870/1870 1835/1835 1834/1834
f 1852/1852 1876/1876 1874/1874
f 1852/1852 1874/1874 1853/1853
f 1837/1837 1836/1836 293/293
f 1837/1837 293/293 292/292
f 1877/1877 1878/1878 1879/1879
f 1877/1877 1879/1879 1880/1880
f 1881/1881 1882/1882 1828/1828
f 1881/1881 1828/1828 1883/1883
f 1884/1884 1885/1885 1886/1886
f 1884/1884 1886/1886 1887/1887
f 1888/1888 1889/1889 1833/1833
f 1888/1888 1833/1833 1832/1832
f 1890/1890 1891/1891 1887/1887
f 1890/1890 1887/1887 1886/1886
f 1892/1892 1893/1893 1894/1894
f 1892/1892 1894/1894 1886/1886
f 1895/1895 1896/1896 1862/1862
f 1895/1895 1862/1862 1861/1861
f 1897/1897 1839/1839 1898/1898
f 1897/1897 1898/1898 1899/1899
f 1749/1749 1800/1800 1900/1900
f 1749/1749 1900/1900 1743/1743
f 1901/1901 1796/1796 1799/1799
f 1901/1901 1799/1799 1902/1902
f 1837/1837 1903/1903 1891/1891
f 1837/1837 1891/1891 1838/1838
f 1854/1854 1842/1842 1841/1841
f 1854/1854 1841/1841 1846/1846
f 1904/1904 1863/1863 1866/1866
f 1904/1904 1866/1866 1905/1905
f 1796/1796 1901/1901 1906/1906
f 1796/1796 1906/1906 1812/1812
f 1856/1856 1855/1855 1907/1907
f 1856/1856 1907/1907 1872/1872
f 1908/1908 1909/1909 1870/1870
f 1908/1908 1870/1870 1869/1869
f 1889/1889 1888/1888 1910/1910
f 1889/1889 1910/1910 1911/1911
f 1912/1912 1913/1913 1877/1877
f 1912/1912 1877/1877 1914/1914
f 1915/1915 1833/1833 1889/1889
f 1915/1915 1889/1889 1916/1916
f 1841/1841 1840/1840 1917/1917
f 1841/1841 1917/1917 1844/1844
f 1859/1859 1862/1862 1913/1913
f 1859/1859 1913/1913 1918/1918
f 1876/1876 1852/1852 1867/1867
f 1876/1876 1867/1867 1919/1919
f 1920/1920 1921/1921 1922/1922
f 1920/1920 1922/1922 1923/1923
f 1924/1924 1868/1868 1915/1915
f 1924/1924 1915/1915 1925/1925
f 343/343 1926/1926 1903/1903
f 343/343 1903/1903 344/344
f 1836/1836 1927/1927 346/346
f 1836/1836 346/346 293/293
f 1890/1890 1928/1928 1838/1838
f 1890/1890 1838/1838 1891/1891
f 1878/1878 1877/1877 1913/1913
f 1878/1878 1913/1913 1929/1929
f 1930/1930 1931/1931 1932/1932
f 1930/1930 1932/1932 1933/1933
f 1934/1934 1935/1935 1936/1936
f 1934/1934 1936/1936 1937/1937
f 1620/1620 1619/1619 1860/1860
f 1620/1620 1860/1860 1859/1859
f 1926/1926 1887/1887 1891/1891
f 1926/1926 1891/1891 1903/1903
f 1851/1851 1831/1831 1830/1830
f 1851/1851 1830/1830 1938/1938
f 1939/1939 1863/1863 1904/1904
f 1939/1939 1904/1904 1940/1940
f 1769/1769 1775/1775 1941/1941
f 1769/1769 1941/1941 1770/1770
f 362/362 1942/1942 1926/1926
f 362/362 1926/1926 343/343
f 1826/1826 1752/1752 1812/1812
f 1826/1826 1812/1812 1906/1906
f 1943/1943 1881/1881 1883/1883
f 1943/1943 1883/1883 1921/1921
f 1944/1944 1945/1945 1946/1946
f 1944/1944 1946/1946 1947/1947
f 1948/1948 1943/1943 1949/1949
f 1948/1948 1949/1949 1933/1933
f 1927/1927 1836/1836 1839/1839
f 1927/1927 1839/1839 1897/1897
f 1620/1620 1859/1859 1918/1918
f 1620/1620 1918/1918 1624/1624
f 1868/1868 1924/1924 1950/1950
f 1868/1868 1950/1950 1869/1869
f 1907/1907 1855/1855 1843/1843
f 1907/1907 1843/1843 1842/1842
f 271/271 1856/1856 1847/1847
f 271/271 1847/1847 260/260
f 1887/1887 1926/1926 1942/1942
f 1887/1887 1942/1942 1884/1884
f 1948/1948 1933/1933 1932/1932
f 1948/1948 1932/1932 1951/1951
f 1914/1914 1952/1952 1953/1953
f 1914/1914 1953/1953 1912/1912
f 1954/1954 1955/1955 1946/1946
f 1954/1954 1946/1946 1945/1945
f 1909/1909 1956/1956 1875/1875
f 1909/1909 1875/1875 1870/1870
f 1957/1957 1947/1947 1928/1928
f 1957/1957 1928/1928 1890/1890
f 1958/1958 1959/1959 1905/1905
f 1958/1958 1905/1905 1866/1866
f 1871/1871 1873/1873 1848/1848
f 1871/1871 1848/1848 1847/1847
f 1872/1872 1871/1871 1847/1847
f 1872/1872 1847/1847 1856/1856
f 1854/1854 1872/1872 1907/1907
f 1854/1854 1907/1907 1842/1842
f 344/344 1903/1903 1837/1837
f 344/344 1837/1837 292/292
f 1912/1912 1953/1953 1858/1858
f 1912/1912 1858/1858 1857/1857
f 1868/1868 1834/1834 1833/1833
f 1868/1868 1833/1833 1915/1915
f 1862/1862 1896/1896 1929/1929
f 1862/1862 1929/1929 1913/1913
f 1892/1892 1886/1886 1885/1885
f 1892/1892 1885/1885 1960/1960
f 1829/1829 1828/1828 1882/1882
f 1829/1829 1882/1882 1961/1961
f 1962/1962 1963/1963 1952/1952
f 1962/1962 1952/1952 1914/1914
f 1909/1909 1908/1908 1939/1939
f 1909/1909 1939/1939 1940/1940
f 1902/1902 1799/1799 1770/1770
f 1902/1902 1770/1770 1941/1941
f 1839/1839 1838/1838 1928/1928
f 1839/1839 1928/1928 1898/1898
f 1937/1937 1936/1936 1964/1964
f 1937/1937 1964/1964 1965/1965
f 1914/1914 1877/1877 1880/1880
f 1914/1914 1880/1880 1962/1962
f 1912/1912 1857/1857 1918/1918
f 1912/1912 1918/1918 1913/1913
f 1831/1831 1850/1850 1883/1883
f 1831/1831 1883/1883 1828/1828
f 1857/1857 1621/1621 1624/1624
f 1857/1857 1624/1624 1918/1918
f 1960/1960 1958/1958 1866/1866
f 1960/1960 1866/1866 1892/1892
f 1966/1966 1967/1967 1968/1968
f 1966/1966 1968/1968 1969/1969
f 1970/1970 1971/1971 1972/1972
f 1970/1970 1972/1972 1973/1973
f 1636/1636 1974/1974 1975/1975
f 1636/1636 1975/1975 1606/1606
f 1976/1976 1977/1977 1978/1978
f 1976/1976 1978/1978 1979/1979
f 1980/1980 1981/1981 1982/1982
f 1980/1980 1982/1982 1983/1983
f 1984/1984 1985/1985 1986/1986
f 1984/1984 1986/1986 1987/1987
f 1988/1988 1989/1989 1990/1990
f 1988/1988 1990/1990 1991/1991
f 1899/1899 1992/1992 1993/1993
f 1899/1899 1993/1993 1897/1897
f 1994/1994 1995/1995 1996/1996
f 1994/1994 1996/1996 1997/1997
f 1998/1998 1999/1999 2000/2000
f 1998/1998 2000/2000 2001/2001
f 2002/2002 1843/1843 425/425
f 2002/2002 425/425 424/424
f 426/426 429/429 2003/2003
f 426/426 2003/2003 2004/2004
f 2005/2005 2006/2006 1630/1630
f 2005/2005 1630/1630 1627/1627
f 2007/2007 1917/1917 1840/1840
f 2007/2007 1840/1840 2008/2008
f 2009/2009 2010/2010 2011/2011
f 2009/2009 2011/2011 2012/2012
f 2013/2013 2014/2014 2015/2015
f 2013/2013 2015/2015 2016/2016
f 2017/2017 2018/2018 2019/2019
f 2017/2017 2019/2019 2020/2020
f 1995/1995 1994/1994 2021/2021
f 1995/1995 2021/2021 2022/2022
f 1973/1973 1972/1972 2023/2023
f 1973/1973 2023/2023 2024/2024
f 1897/1897 1993/1993 2025/2025
f 1897/1897 2025/2025 1927/1927
f 2026/2026 2027/2027 2022/2022
f 2026/2026 2022/2022 2021/2021
f 1952/1952 1973/1973 2024/2024
f 1952/1952 2024/2024 1953/1953
f 2028/2028 2002/2002 424/424
f 2028/2028 424/424 454/454
f 1927/1927 2025/2025 455/455
f 1927/1927 455/455 346/346
f 2029/2029 2030/2030 1988/1988
f 2029/2029 1988/1988 2016/2016
f 2031/2031 2005/2005 2032/2032
f 2031/2031 2032/2032 2033/2033
f 1993/1993 2034/2034 2028/2028
f 1993/1993 2028/2028 2025/2025
f 2035/2035 2036/2036 1975/1975
f 2035/2035 1975/1975 2023/2023
f 1607/1607 2036/2036 2032/2032
f 1607/1607 2032/2032 1616/1616
f 2006/2006 2005/2005 2031/2031
f 2006/2006 2031/2031 2037/2037
f 2008/2008 2034/2034 2038/2038
f 2008/2008 2038/2038 2007/2007
f 2039/2039 2040/2040 2041/2041
f 2039/2039 2041/2041 2042/2042
f 2043/2043 1940/1940 1904/1904
f 2043/2043 1904/1904 1938/1938
f 1938/1938 1904/1904 1905/1905
f 1938/1938 1905/1905 1851/1851
f 2044/2044 2041/2041 2040/2040
f 2044/2044 2040/2040 2045/2045
f 2046/2046 1983/1983 1982/1982
f 2046/2046 1982/1982 2047/2047
f 2030/2030 2029/2029 2048/2048
f 2030/2030 2048/2048 2049/2049
f 1959/1959 1849/1849 1851/1851
f 1959/1959 1851/1851 1905/1905
f 2050/2050 2051/2051 2052/2052
f 2050/2050 2052/2052 2046/2046
f 2035/2035 2053/2053 2054/2054
f 2035/2035 2054/2054 2033/2033
f 2055/2055 2056/2056 2057/2057
f 2055/2055 2057/2057 2058/2058
f 1954/1954 2059/2059 2060/2060
f 1954/1954 2060/2060 2061/2061
f 2009/2009 2062/2062 2052/2052
f 2009/2009 2052/2052 2063/2063
f 2012/2012 2064/2064 2062/2062
f 2012/2012 2062/2062 2009/2009
f 2065/2065 2066/2066 2001/2001
f 2065/2065 2001/2001 2000/2000
f 1999/1999 1998/1998 1997/1997
f 1999/1999 1997/1997 1996/1996
f 2045/2045 2067/2067 1991/1991
f 2045/2045 1991/1991 1990/1990
f 1980/1980 1983/1983 2017/2017
f 1980/1980 2017/2017 2068/2068
f 2002/2002 2028/2028 2034/2034
f 2002/2002 2034/2034 2008/2008
f 2033/2033 2032/2032 2036/2036
f 2033/2033 2036/2036 2035/2035
f 1973/1973 1952/1952 1963/1963
f 1973/1973 1963/1963 1970/1970
f 1861/1861 2069/2069 2070/2070
f 1861/1861 2070/2070 1895/1895
f 2025/2025 2028/2028 454/454
f 2025/2025 454/454 455/455
f 2071/2071 2003/2003 429/429
f 2071/2071 429/429 499/499
f 2020/2020 2072/2072 2068/2068
f 2020/2020 2068/2068 2017/2017
f 1606/1606 1975/1975 2036/2036
f 1606/1606 2036/2036 1607/1607
f 2030/2030 2073/2073 1989/1989
f 2030/2030 1989/1989 1988/1988
f 2074/2074 2075/2075 2076/2076
f 2074/2074 2076/2076 2077/2077
f 1938/1938 1830/1830 2078/2078
f 1938/1938 2078/2078 2043/2043
f 2054/2054 2079/2079 2075/2075
f 2054/2054 2075/2075 2074/2074
f 1940/1940 2080/2080 1956/1956
f 1940/1940 1956/1956 1909/1909
f 1991/1991 2013/2013 2016/2016
f 1991/1991 2016/2016 1988/1988
f 2079/2079 2054/2054 2053/2053
f 2079/2079 2053/2053 2081/2081
f 2014/2014 2013/2013 2082/2082
f 2014/2014 2082/2082 2083/2083
f 2013/2013 1991/1991 2067/2067
f 2013/2013 2067/2067 2082/2082
f 2024/2024 2023/2023 1975/1975
f 2024/2024 1975/1975 1974/1974
f 425/425 1843/1843 1855/1855
f 425/425 1855/1855 270/270
f 2084/2084 2085/2085 2037/2037
f 2084/2084 2037/2037 2077/2077
f 2063/2063 2052/2052 2051/2051
f 2063/2063 2051/2051 2086/2086
f 2003/2003 2071/2071 2087/2087
f 2003/2003 2087/2087 2088/2088
f 2089/2089 2090/2090 2041/2041
f 2089/2089 2041/2041 2044/2044
f 1985/1985 1984/1984 2088/2088
f 1985/1985 2088/2088 2087/2087
f 1965/1965 1964/1964 2091/2091
f 1965/1965 2091/2091 2061/2061
f 2079/2079 2092/2092 2093/2093
f 2079/2079 2093/2093 2075/2075
f 2074/2074 2031/2031 2033/2033
f 2074/2074 2033/2033 2054/2054
f 2035/2035 2023/2023 1972/1972
f 2035/2035 1972/1972 2053/2053
f 2049/2049 2048/2048 2027/2027
f 2049/2049 2027/2027 2026/2026
f 2050/2050 2094/2094 2095/2095
f 2050/2050 2095/2095 2096/2096
f 2018/2018 2062/2062 2064/2064
f 2018/2018 2064/2064 2019/2019
f 2062/2062 2018/2018 2046/2046
f 2062/2062 2046/2046 2052/2052
f 2097/2097 2076/2076 2075/2075
f 2097/2097 2075/2075 2093/2093
f 1984/1984 1987/1987 2098/2098
f 1984/1984 2098/2098 2088/2088
f 2031/2031 2074/2074 2077/2077
f 2031/2031 2077/2077 2037/2037
f 1992/1992 2038/2038 2034/2034
f 1992/1992 2034/2034 1993/1993
f 2032/2032 2005/2005 1627/1627
f 2032/2032 1627/1627 1616/1616
f 2026/2026 2099/2099 2100/2100
f 2026/2026 2100/2100 2049/2049
f 2061/2061 2091/2091 1955/1955
f 2061/2061 1955/1955 1954/1954
f 2053/2053 1972/1972 1971/1971
f 2053/2053 1971/1971 2081/2081
f 2080/2080 1940/1940 2043/2043
f 2080/2080 2043/2043 2078/2078
f 2085/2085 2070/2070 2069/2069
f 2085/2085 2069/2069 2037/2037
f 2101/2101 2084/2084 2077/2077
f 2101/2101 2077/2077 2076/2076
f 1843/1843 2002/2002 2008/2008
f 1843/1843 2008/2008 1840/1840
f 1869/1869 1950/1950 2060/2060
f 1869/1869 2060/2060 1908/1908
f 1983/1983 2046/2046 2018/2018
f 1983/1983 2018/2018 2017/2017
f 2004/2004 2003/2003 2088/2088
f 2004/2004 2088/2088 2098/2098
f 2049/2049 2100/2100 2073/2073
f 2049/2049 2073/2073 2030/2030
f 1945/1945 1864/1864 2059/2059
f 1945/1945 2059/2059 1954/1954
f 1974/1974 1636/1636 1633/1633
f 1974/1974 1633/1633 1858/1858
f 2102/2102 2103/2103 2104/2104
f 2102/2102 2104/2104 2105/2105
f 2106/2106 2107/2107 2108/2108
f 2106/2106 2108/2108 2109/2109
f 2093/2093 2110/2110 2111/2111
f 2093/2093 2111/2111 2097/2097
f 1829/1829 1961/1961 2112/2112
f 1829/1829 2112/2112 2113/2113
f 2114/2114 2115/2115 2116/2116
f 2114/2114 2116/2116 2117/2117
f 2118/2118 2119/2119 2120/2120
f 2118/2118 2120/2120 2121/2121
f 2122/2122 2123/2123 2105/2105
f 2122/2122 2105/2105 2104/2104
f 2124/2124 2125/2125 2126/2126
f 2124/2124 2126/2126 2127/2127
f 2128/2128 2126/2126 2125/2125
f 2128/2128 2125/2125 2129/2129
f 2130/2130 2118/2118 2131/2131
f 2130/2130 2131/2131 2086/2086
f 2132/2132 2133/2133 2134/2134
f 2132/2132 2134/2134 2135/2135
f 2055/2055 2058/2058 2136/2136
f 2055/2055 2136/2136 2137/2137
f 2086/2086 2131/2131 2138/2138
f 2086/2086 2138/2138 2063/2063
f 2139/2139 2140/2140 2141/2141
f 2139/2139 2141/2141 2142/2142
f 2127/2127 2143/2143 2121/2121
f 2127/2127 2121/2121 2124/2124
f 2144/2144 2129/2129 2145/2145
f 2144/2144 2145/2145 2146/2146
f 2147/2147 1888/1888 1832/1832
f 2147/2147 1832/1832 2107/2107
f 2129/2129 2125/2125 2148/2148
f 2129/2129 2148/2148 2145/2145
f 2149/2149 2128/2128 2129/2129
f 2149/2149 2129/2129 2144/2144
f 2150/2150 2151/2151 2152/2152
f 2150/2150 2152/2152 2153/2153
f 2120/2120 2154/2154 2124/2124
f 2120/2120 2124/2124 2121/2121
f 2155/2155 2156/2156 2157/2157
f 2155/2155 2157/2157 2158/2158
f 2078/2078 1830/1830 1829/1829
f 2078/2078 1829/1829 2113/2113
f 2159/2159 2160/2160 2161/2161
f 2159/2159 2161/2161 2162/2162
f 2163/2163 1948/1948 1951/1951
f 2163/2163 1951/1951 2164/2164
f 2080/2080 2102/2102 2105/2105
f 2080/2080 2105/2105 1956/1956
f 593/593 2165/2165 1699/1699
f 593/593 1699/1699 101/101
f 2166/2166 2167/2167 2168/2168
f 2166/2166 2168/2168 2169/2169
f 1724/1724 1723/1723 2170/2170
f 1724/1724 2170/2170 2171/2171
f 2172/2172 2173/2173 1740/1740
f 2172/2172 1740/1740 1735/1735
f 2174/2174 2175/2175 2142/2142
f 2174/2174 2142/2142 2141/2141
f 2176/2176 2133/2133 2132/2132
f 2176/2176 2132/2132 2177/2177
f 2178/2178 2179/2179 2111/2111
f 2178/2178 2111/2111 2110/2110
f 2137/2137 2163/2163 2164/2164
f 2137/2137 2164/2164 2180/2180
f 2181/2181 1860/1860 1619/1619
f 2181/2181 1619/1619 1631/1631
f 2182/2182 2174/2174 2141/2141
f 2182/2182 2141/2141 2110/2110
f 2114/2114 2112/2112 1961/1961
f 2114/2114 1961/1961 2115/2115
f 2104/2104 2166/2166 2169/2169
f 2104/2104 2169/2169 2122/2122
f 2006/2006 2181/2181 1631/1631
f 2006/2006 1631/1631 1630/1630
f 2108/2108 1835/1835 1875/1875
f 2108/2108 1875/1875 2123/2123
f 2177/2177 2106/2106 2109/2109
f 2177/2177 2109/2109 2176/2176
f 2145/2145 2148/2148 2183/2183
f 2145/2145 2183/2183 2184/2184
f 2159/2159 2185/2185 2186/2186
f 2159/2159 2186/2186 2187/2187
f 2188/2188 2189/2189 2190/2190
f 2188/2188 2190/2190 2184/2184
f 2191/2191 2192/2192 2193/2193
f 2191/2191 2193/2193 2194/2194
f 2195/2195 2011/2011 2010/2010
f 2195/2195 2010/2010 2185/2185
f 2196/2196 2130/2130 2086/2086
f 2196/2196 2086/2086 2051/2051
f 2155/2155 2197/2197 2198/2198
f 2155/2155 2198/2198 2156/2156
f 2113/2113 2112/2112 2103/2103
f 2113/2113 2103/2103 2102/2102
f 2167/2167 2166/2166 2136/2136
f 2167/2167 2136/2136 2058/2058
f 2165/2165 2172/2172 1735/1735
f 2165/2165 1735/1735 1699/1699
f 2178/2178 2140/2140 2199/2199
f 2178/2178 2199/2199 2173/2173
f 2173/2173 2172/2172 2179/2179
f 2173/2173 2179/2179 2178/2178
f 2160/2160 2159/2159 2187/2187
f 2160/2160 2187/2187 2200/2200
f 2096/2096 2196/2196 2051/2051
f 2096/2096 2051/2051 2050/2050
f 2114/2114 2117/2117 2103/2103
f 2114/2114 2103/2103 2112/2112
f 2133/2133 2168/2168 2201/2201
f 2133/2133 2201/2201 2134/2134
f 2173/2173 2199/2199 1722/1722
f 2173/2173 1722/1722 1740/1740
f 2123/2123 1875/1875 1956/1956
f 2123/2123 1956/1956 2105/2105
f 2156/2156 2198/2198 2106/2106
f 2156/2156 2106/2106 2177/2177
f 1953/1953 2024/2024 1974/1974
f 1953/1953 1974/1974 1858/1858
f 2200/2200 2152/2152 2151/2151
f 2200/2200 2151/2151 2160/2160
f 2069/2069 1861/1861 1860/1860
f 2069/2069 1860/1860 2181/2181
f 2202/2202 1910/1910 1888/1888
f 2202/2202 1888/1888 2147/2147
f 2128/2128 2149/2149 2153/2153
f 2128/2128 2153/2153 2152/2152
f 2123/2123 2122/2122 2109/2109
f 2123/2123 2109/2109 2108/2108
f 2158/2158 2157/2157 2203/2203
f 2158/2158 2203/2203 2204/2204
f 2110/2110 2141/2141 2140/2140
f 2110/2110 2140/2140 2178/2178
f 2168/2168 2167/2167 2205/2205
f 2168/2168 2205/2205 2201/2201
f 2198/2198 2147/2147 2107/2107
f 2198/2198 2107/2107 2106/2106
f 2078/2078 2113/2113 2102/2102
f 2078/2078 2102/2102 2080/2080
f 2118/2118 2121/2121 2143/2143
f 2118/2118 2143/2143 2131/2131
f 2092/2092 2182/2182 2110/2110
f 2092/2092 2110/2110 2093/2093
f 2186/2186 2138/2138 2131/2131
f 2186/2186 2131/2131 2143/2143
f 2200/2200 2187/2187 2127/2127
f 2200/2200 2127/2127 2126/2126
f 2152/2152 2200/2200 2126/2126
f 2152/2152 2126/2126 2128/2128
f 2160/2160 2151/2151 2206/2206
f 2160/2160 2206/2206 2161/2161
f 2157/2157 2132/2132 2135/2135
f 2157/2157 2135/2135 2203/2203
f 2197/2197 2202/2202 2147/2147
f 2197/2197 2147/2147 2198/2198
f 2146/2146 2145/2145 2184/2184
f 2146/2146 2184/2184 2190/2190
f 2115/2115 1961/1961 1882/1882
f 2115/2115 1882/1882 2207/2207
f 1948/1948 2163/2163 1881/1881
f 1948/1948 1881/1881 1943/1943
f 2122/2122 2169/2169 2176/2176
f 2122/2122 2176/2176 2109/2109
f 2012/2012 2011/2011 2205/2205
f 2012/2012 2205/2205 2057/2057
f 1835/1835 2108/2108 2107/2107
f 1835/1835 2107/2107 1832/1832
f 2169/2169 2168/2168 2133/2133
f 2169/2169 2133/2133 2176/2176
f 1723/1723 1722/1722 2199/2199
f 1723/1723 2199/2199 2170/2170
f 2117/2117 2116/2116 2136/2136
f 2117/2117 2136/2136 2166/2166
f 2185/2185 2010/2010 2138/2138
f 2185/2185 2138/2138 2186/2186
f 2151/2151 2150/2150 2208/2208
f 2151/2151 2208/2208 2206/2206
f 2181/2181 2006/2006 2037/2037
f 2181/2181 2037/2037 2069/2069
f 2140/2140 2139/2139 2170/2170
f 2140/2140 2170/2170 2199/2199
f 2156/2156 2177/2177 2132/2132
f 2156/2156 2132/2132 2157/2157
f 2125/2125 2124/2124 2154/2154
f 2125/2125 2154/2154 2148/2148
f 2187/2187 2186/2186 2143/2143
f 2187/2187 2143/2143 2127/2127
f 2163/2163 2137/2137 2209/2209
f 2163/2163 2209/2209 2207/2207
f 2010/2010 2009/2009 2063/2063
f 2010/2010 2063/2063 2138/2138
f 2166/2166 2104/2104 2103/2103
f 2166/2166 2103/2103 2117/2117
f 2185/2185 2159/2159 2162/2162
f 2185/2185 2162/2162 2195/2195
f 2210/2210 2211/2211 1739/1739
f 2210/2210 1739/1739 1725/1725
f 2212/2212 2213/2213 2214/2214
f 2212/2212 2214/2214 2215/2215
f 2216/2216 2217/2217 2218/2218
f 2216/2216 2218/2218 2219/2219
f 2220/2220 2150/2150 2153/2153
f 2220/2220 2153/2153 2221/2221
f 2081/2081 2222/2222 2223/2223
f 2081/2081 2223/2223 2079/2079
f 2092/2092 2079/2079 2223/2223
f 2092/2092 2223/2223 2224/2224
f 2042/2042 2041/2041 2090/2090
f 2042/2042 2090/2090 2225/2225
f 2226/2226 2227/2227 2228/2228
f 2226/2226 2228/2228 2229/2229
f 2230/2230 2231/2231 2232/2232
f 2230/2230 2232/2232 2233/2233
f 2224/2224 2234/2234 2182/2182
f 2224/2224 2182/2182 2092/2092
f 2235/2235 2236/2236 2090/2090
f 2235/2235 2090/2090 2089/2089
f 2237/2237 2238/2238 2239/2239
f 2237/2237 2239/2239 2240/2240
f 1705/1705 2233/2233 2232/2232
f 1705/1705 2232/2232 1706/1706
f 2241/2241 2238/2238 2242/2242
f 2241/2241 2242/2242 2243/2243
f 2244/2244 2245/2245 2246/2246
f 2244/2244 2246/2246 2247/2247
f 2231/2231 2248/2248 2249/2249
f 2231/2231 2249/2249 2232/2232
f 2174/2174 2250/2250 2251/2251
f 2174/2174 2251/2251 2175/2175
f 2252/2252 2253/2253 2254/2254
f 2252/2252 2254/2254 2255/2255
f 2234/2234 2250/2250 2174/2174
f 2234/2234 2174/2174 2182/2182
f 2256/2256 2257/2257 2258/2258
f 2256/2256 2258/2258 2259/2259
f 2260/2260 2261/2261 2262/2262
f 2260/2260 2262/2262 2263/2263
f 2248/2248 2264/2264 2265/2265
f 2248/2248 2265/2265 2249/2249
f 2229/2229 2228/2228 2259/2259
f 2229/2229 2259/2259 2258/2258
f 2221/2221 2245/2245 2260/2260
f 2221/2221 2260/2260 2220/2220
f 2266/2266 1788/1788 1802/1802
f 2266/2266 1802/1802 2267/2267
f 1738/1738 2265/2265 2268/2268
f 1738/1738 2268/2268 1737/1737
f 2269/2269 2270/2270 2227/2227
f 2269/2269 2227/2227 2226/2226
f 700/700 703/703 2271/2271
f 700/700 2271/2271 2272/2272
f 1730/1730 2249/2249 2265/2265
f 1730/1730 2265/2265 1738/1738
f 1785/1785 2273/2273 2274/2274
f 1785/1785 2274/2274 2275/2275
f 2273/2273 2276/2276 2277/2277
f 2273/2273 2277/2277 2274/2274
f 2278/2278 2279/2279 2280/2280
f 2278/2278 2280/2280 2281/2281
f 2282/2282 2194/2194 2283/2283
f 2282/2282 2283/2283 2284/2284
f 2285/2285 2158/2158 2204/2204
f 2285/2285 2204/2204 2286/2286
f 718/718 60/60 1662/1662
f 718/718 1662/1662 2287/2287
f 2288/2288 1729/1729 1737/1737
f 2288/2288 1737/1737 2268/2268
f 2289/2289 2290/2290 2197/2197
f 2289/2289 2197/2197 2155/2155
f 1970/1970 1963/1963 2213/2213
f 1970/1970 2213/2213 2212/2212
f 2270/2270 2269/2269 2291/2291
f 2270/2270 2291/2291 2292/2292
f 1729/1729 2288/2288 2287/2287
f 1729/1729 2287/2287 1662/1662
f 2224/2224 2291/2291 2269/2269
f 2224/2224 2269/2269 2234/2234
f 2217/2217 2216/2216 2293/2293
f 2217/2217 2293/2293 2294/2294
f 1971/1971 1970/1970 2212/2212
f 1971/1971 2212/2212 2295/2295
f 2189/2189 2237/2237 2240/2240
f 2189/2189 2240/2240 2190/2190
f 1962/1962 1880/1880 2296/2296
f 1962/1962 2296/2296 2297/2297
f 2081/2081 1971/1971 2295/2295
f 2081/2081 2295/2295 2222/2222
f 2239/2239 2298/2298 2255/2255
f 2239/2239 2255/2255 2254/2254
f 2299/2299 2235/2235 2089/2089
f 2299/2299 2089/2089 2300/2300
f 1967/1967 2301/2301 2302/2302
f 1967/1967 2302/2302 1968/1968
f 2303/2303 2223/2223 2222/2222
f 2303/2303 2222/2222 2304/2304
f 2305/2305 2306/2306 2307/2307
f 2305/2305 2307/2307 2308/2308
f 2309/2309 2277/2277 2276/2276
f 2309/2309 2276/2276 2310/2310
f 2245/2245 2221/2221 2311/2311
f 2245/2245 2311/2311 2246/2246
f 2289/2289 2155/2155 2158/2158
f 2289/2289 2158/2158 2285/2285
f 1782/1782 2267/2267 1802/1802
f 1782/1782 1802/1802 1780/1780
f 2301/2301 2040/2040 2039/2039
f 2301/2301 2039/2039 2302/2302
f 2215/2215 2312/2312 2295/2295
f 2215/2215 2295/2295 2212/2212
f 2283/2283 2313/2313 2237/2237
f 2283/2283 2237/2237 2189/2189
f 1786/1786 1785/1785 2275/2275
f 1786/1786 2275/2275 2314/2314
f 2297/2297 2296/2296 2315/2315
f 2297/2297 2315/2315 2316/2316
f 2247/2247 2246/2246 2253/2253
f 2247/2247 2253/2253 2252/2252
f 2317/2317 2318/2318 2248/2248
f 2317/2317 2248/2248 2231/2231
f 2263/2263 2319/2319 2220/2220
f 2263/2263 2220/2220 2260/2260
f 2233/2233 2211/2211 2320/2320
f 2233/2233 2320/2320 2230/2230
f 2301/2301 1967/1967 2082/2082
f 2301/2301 2082/2082 2067/2067
f 2218/2218 2285/2285 2286/2286
f 2218/2218 2286/2286 2321/2321
f 2240/2240 2239/2239 2254/2254
f 2240/2240 2254/2254 2322/2322
f 2146/2146 2322/2322 2323/2323
f 2146/2146 2323/2323 2144/2144
f 2149/2149 2311/2311 2221/2221
f 2149/2149 2221/2221 2153/2153
f 2298/2298 2239/2239 2238/2238
f 2298/2298 2238/2238 2241/2241
f 2323/2323 2253/2253 2246/2246
f 2323/2323 2246/2246 2311/2311
f 2258/2258 2324/2324 2251/2251
f 2258/2258 2251/2251 2229/2229
f 2225/2225 2090/2090 2236/2236
f 2225/2225 2236/2236 2325/2325
f 2290/2290 2326/2326 2202/2202
f 2290/2290 2202/2202 2197/2197
f 2067/2067 2045/2045 2040/2040
f 2067/2067 2040/2040 2301/2301
f 2273/2273 1785/1785 1788/1788
f 2273/2273 1788/1788 2266/2266
f 2217/2217 2289/2289 2285/2285
f 2217/2217 2285/2285 2218/2218
f 2245/2245 2244/2244 2261/2261
f 2245/2245 2261/2261 2260/2260
f 2144/2144 2323/2323 2311/2311
f 2144/2144 2311/2311 2149/2149
f 2303/2303 2327/2327 2292/2292
f 2303/2303 2292/2292 2291/2291
f 2297/2297 2213/2213 1963/1963
f 2297/2297 1963/1963 1962/1962
f 2226/2226 2250/2250 2234/2234
f 2226/2226 2234/2234 2269/2269
f 2213/2213 2297/2297 2316/2316
f 2213/2213 2316/2316 2214/2214
f 2294/2294 2290/2290 2289/2289
f 2294/2294 2289/2289 2217/2217
f 2300/2300 2089/2089 2044/2044
f 2300/2300 2044/2044 2328/2328
f 2263/2263 2262/2262 2329/2329
f 2263/2263 2329/2329 2321/2321
f 2330/2330 2191/2191 2194/2194
f 2330/2330 2194/2194 2282/2282
f 261/261 1848/1848 2331/2331
f 261/261 2331/2331 763/763
f 2295/2295 2312/2312 2304/2304
f 2295/2295 2304/2304 2222/2222
f 2313/2313 2283/2283 2194/2194
f 2313/2313 2194/2194 2193/2193
f 2293/2293 2332/2332 2333/2333
f 2293/2293 2333/2333 2294/2294
f 2211/2211 2233/2233 1705/1705
f 2211/2211 1705/1705 1739/1739
f 2319/2319 2208/2208 2150/2150
f 2319/2319 2150/2150 2220/2220
f 2322/2322 2254/2254 2253/2253
f 2322/2322 2253/2253 2323/2323
f 1706/1706 2232/2232 2249/2249
f 1706/1706 2249/2249 1730/1730
f 2190/2190 2240/2240 2322/2322
f 2190/2190 2322/2322 2146/2146
f 2250/2250 2226/2226 2229/2229
f 2250/2250 2229/2229 2251/2251
f 2044/2044 2045/2045 1990/1990
f 2044/2044 1990/1990 2328/2328
f 2223/2223 2303/2303 2291/2291
f 2223/2223 2291/2291 2224/2224
f 2238/2238 2237/2237 2313/2313
f 2238/2238 2313/2313 2242/2242
f 703/703 768/768 2334/2334
f 703/703 2334/2334 2271/2271
f 2335/2335 2336/2336 2337/2337
f 2335/2335 2337/2337 2331/2331
f 2338/2338 2314/2314 2278/2278
f 2338/2338 2278/2278 2339/2339
f 2340/2340 2341/2341 2342/2342
f 2340/2340 2342/2342 2343/2343
f 2344/2344 2345/2345 2346/2346
f 2344/2344 2346/2346 2347/2347
f 2345/2345 2348/2348 2349/2349
f 2345/2345 2349/2349 2346/2346
f 2271/2271 2334/2334 2350/2350
f 2271/2271 2350/2350 2347/2347
f 2351/2351 2352/2352 1876/1876
f 2351/2351 1876/1876 1919/1919
f 1896/1896 1895/1895 2353/2353
f 1896/1896 2353/2353 2354/2354
f 2314/2314 2275/2275 2279/2279
f 2314/2314 2279/2279 2278/2278
f 2355/2355 2356/2356 2357/2357
f 2355/2355 2357/2357 2358/2358
f 793/793 795/795 2356/2356
f 793/793 2356/2356 2359/2359
f 2360/2360 2084/2084 2101/2101
f 2360/2360 2101/2101 2361/2361
f 2362/2362 2354/2354 800/800
f 2362/2362 800/800 799/799
f 2340/2340 2111/2111 2179/2179
f 2340/2340 2179/2179 2363/2363
f 1895/1895 2070/2070 2364/2364
f 1895/1895 2364/2364 2353/2353
f 2275/2275 2274/2274 2365/2365
f 2275/2275 2365/2365 2279/2279
f 2366/2366 2367/2367 2368/2368
f 2366/2366 2368/2368 2369/2369
f 2274/2274 2277/2277 2370/2370
f 2274/2274 2370/2370 2365/2365
f 2277/2277 2309/2309 2371/2371
f 2277/2277 2371/2371 2370/2370
f 2372/2372 2373/2373 2374/2374
f 2372/2372 2374/2374 2375/2375
f 2376/2376 2364/2364 2070/2070
f 2376/2376 2070/2070 2085/2085
f 2349/2349 2377/2377 2378/2378
f 2349/2349 2378/2378 2379/2379
f 1919/1919 1935/1935 2380/2380
f 1919/1919 2380/2380 2351/2351
f 819/819 2381/2381 2382/2382
f 819/819 2382/2382 820/820
f 2165/2165 2382/2382 2381/2381
f 2165/2165 2381/2381 2363/2363
f 1911/1911 2383/2383 1916/1916
f 1911/1911 1916/1916 1889/1889
f 2072/2072 2384/2384 2385/2385
f 2072/2072 2385/2385 2068/2068
f 2360/2360 2376/2376 2085/2085
f 2360/2360 2085/2085 2084/2084
f 2386/2386 2384/2384 2072/2072
f 2386/2386 2072/2072 2387/2387
f 2388/2388 2389/2389 2387/2387
f 2388/2388 2387/2387 2390/2390
f 2111/2111 2340/2340 2343/2343
f 2111/2111 2343/2343 2097/2097
f 831/831 2341/2341 2381/2381
f 831/831 2381/2381 819/819
f 2216/2216 1783/1783 1778/1778
f 2216/2216 1778/1778 2293/2293
f 2376/2376 2360/2360 833/833
f 2376/2376 833/833 832/832
f 1879/1879 2359/2359 2356/2356
f 1879/1879 2356/2356 2355/2355
f 2363/2363 2179/2179 2172/2172
f 2363/2363 2172/2172 2165/2165
f 2377/2377 2349/2349 2348/2348
f 2377/2377 2348/2348 2391/2391
f 2392/2392 2281/2281 2352/2352
f 2392/2392 2352/2352 2351/2351
f 833/833 2360/2360 2361/2361
f 833/833 2361/2361 836/836
f 2281/2281 2280/2280 2393/2393
f 2281/2281 2393/2393 2352/2352
f 2394/2394 2395/2395 2367/2367
f 2394/2394 2367/2367 2366/2366
f 2365/2365 2370/2370 2337/2337
f 2365/2365 2337/2337 2336/2336
f 2364/2364 2376/2376 832/832
f 2364/2364 832/832 840/840
f 2370/2370 2371/2371 2396/2396
f 2370/2370 2396/2396 2337/2337
f 2042/2042 2225/2225 2391/2391
f 2042/2042 2391/2391 2039/2039
f 842/842 800/800 2354/2354
f 842/842 2354/2354 2353/2353
f 2379/2379 2272/2272 2346/2346
f 2379/2379 2346/2346 2349/2349
f 2326/2326 2375/2375 1910/1910
f 2326/2326 1910/1910 2202/2202
f 2397/2397 2344/2344 2347/2347
f 2397/2397 2347/2347 2350/2350
f 593/593 820/820 2382/2382
f 593/593 2382/2382 2165/2165
f 2398/2398 2399/2399 2400/2400
f 2398/2398 2400/2400 2401/2401
f 2369/2369 2368/2368 2380/2380
f 2369/2369 2380/2380 2402/2402
f 849/849 2342/2342 2341/2341
f 849/849 2341/2341 831/831
f 2358/2358 2315/2315 2296/2296
f 2358/2358 2296/2296 2355/2355
f 2345/2345 2344/2344 1969/1969
f 2345/2345 1969/1969 1968/1968
f 850/850 793/793 2359/2359
f 850/850 2359/2359 2403/2403
f 2387/2387 2389/2389 2404/2404
f 2387/2387 2404/2404 2386/2386
f 2393/2393 2335/2335 1873/1873
f 2393/2393 1873/1873 1874/1874
f 2405/2405 2406/2406 2407/2407
f 2405/2405 2407/2407 2408/2408
f 763/763 2331/2331 2409/2409
f 763/763 2409/2409 857/857
f 1818/1818 1786/1786 2314/2314
f 1818/1818 2314/2314 2338/2338
f 2272/2272 2379/2379 859/859
f 2272/2272 859/859 700/700
f 2375/2375 2374/2374 1911/1911
f 2375/2375 1911/1911 1910/1910
f 2373/2373 2372/2372 1777/1777
f 2373/2373 1777/1777 1776/1776
f 2408/2408 2407/2407 2410/2410
f 2408/2408 2410/2410 2383/2383
f 2339/2339 2278/2278 2281/2281
f 2339/2339 2281/2281 2392/2392
f 2341/2341 2340/2340 2363/2363
f 2341/2341 2363/2363 2381/2381
f 2353/2353 2364/2364 840/840
f 2353/2353 840/840 842/842
f 2294/2294 2333/2333 2326/2326
f 2294/2294 2326/2326 2290/2290
f 2280/2280 2336/2336 2335/2335
f 2280/2280 2335/2335 2393/2393
f 2272/2272 2271/2271 2347/2347
f 2272/2272 2347/2347 2346/2346
f 2097/2097 2343/2343 2101/2101
f 2097/2097 2101/2101 2076/2076
f 1880/1880 1879/1879 2355/2355
f 1880/1880 2355/2355 2296/2296
f 1878/1878 1929/1929 2362/2362
f 1878/1878 2362/2362 2403/2403
f 2338/2338 2395/2395 1819/1819
f 2338/2338 1819/1819 1818/1818
f 2405/2405 2373/2373 1776/1776
f 2405/2405 1776/1776 1820/1820
f 2332/2332 1777/1777 2372/2372
f 2332/2332 2372/2372 2333/2333
f 2374/2374 2408/2408 2383/2383
f 2374/2374 2383/2383 1911/1911
f 2279/2279 2365/2365 2336/2336
f 2279/2279 2336/2336 2280/2280
f 2348/2348 2302/2302 2039/2039
f 2348/2348 2039/2039 2391/2391
f 2345/2345 1968/1968 2302/2302
f 2345/2345 2302/2302 2348/2348
f 2383/2383 2410/2410 2411/2411
f 2383/2383 2411/2411 1916/1916
f 2403/2403 2362/2362 799/799
f 2403/2403 799/799 850/850
f 2373/2373 2405/2405 2408/2408
f 2373/2373 2408/2408 2374/2374
f 836/836 2361/2361 2342/2342
f 836/836 2342/2342 849/849
f 2412/2412 1977/1977 2413/2413
f 2412/2412 2413/2413 2414/2414
f 1873/1873 2335/2335 2331/2331
f 1873/1873 2331/2331 1848/1848
f 2359/2359 1879/1879 1878/1878
f 2359/2359 1878/1878 2403/2403
f 2394/2394 2406/2406 1814/1814
f 2394/2394 1814/1814 1813/1813
f 859/859 2379/2379 2378/2378
f 859/859 2378/2378 865/865
f 2332/2332 2293/2293 1778/1778
f 2332/2332 1778/1778 1777/1777
f 2333/2333 2372/2372 2375/2375
f 2333/2333 2375/2375 2326/2326
f 2343/2343 2342/2342 2361/2361
f 2343/2343 2361/2361 2101/2101
f 1929/1929 1896/1896 2354/2354
f 1929/1929 2354/2354 2362/2362
f 2344/2344 2397/2397 2415/2415
f 2344/2344 2415/2415 1969/1969
f 2337/2337 2396/2396 2409/2409
f 2337/2337 2409/2409 2331/2331
f 2352/2352 2393/2393 1874/1874
f 2352/2352 1874/1874 1876/1876
f 867/867 2357/2357 2356/2356
f 867/867 2356/2356 795/795
f 2416/2416 2417/2417 2418/2418
f 2416/2416 2418/2418 2419/2419
f 2310/2310 2420/2420 2421/2421
f 2310/2310 2421/2421 2309/2309
f 874/874 2422/2422 2423/2423
f 874/874 2423/2423 875/875
f 2424/2424 2425/2425 2317/2317
f 2424/2424 2317/2317 2426/2426
f 2083/2083 2082/2082 1967/1967
f 2083/2083 1967/1967 1966/1966
f 881/881 2427/2427 2334/2334
f 881/881 2334/2334 768/768
f 1941/1941 2255/2255 2298/2298
f 1941/1941 2298/2298 1902/1902
f 2309/2309 2421/2421 2428/2428
f 2309/2309 2428/2428 2371/2371
f 2429/2429 2430/2430 886/886
f 2429/2429 886/886 885/885
f 1800/1800 2329/2329 2262/2262
f 1800/1800 2262/2262 1900/1900
f 2243/2243 1906/1906 1901/1901
f 2243/2243 1901/1901 2241/2241
f 2431/2431 2432/2432 2433/2433
f 2431/2431 2433/2433 2434/2434
f 2435/2435 2418/2418 2417/2417
f 2435/2435 2417/2417 2436/2436
f 2437/2437 2425/2425 2438/2438
f 2437/2437 2438/2438 2439/2439
f 2418/2418 2435/2435 2440/2440
f 2418/2418 2440/2440 2441/2441
f 2261/2261 2244/2244 2247/2247
f 2261/2261 2247/2247 1774/1774
f 899/899 718/718 2287/2287
f 899/899 2287/2287 2442/2442
f 1783/1783 2216/2216 2219/2219
f 1783/1783 2219/2219 1784/1784
f 2443/2443 2423/2423 2422/2422
f 2443/2443 2422/2422 2444/2444
f 2445/2445 2446/2446 2441/2441
f 2445/2445 2441/2441 2440/2440
f 1774/1774 2247/2247 2252/2252
f 1774/1774 2252/2252 1775/1775
f 2447/2447 2268/2268 2265/2265
f 2447/2447 2265/2265 2264/2264
f 2448/2448 2449/2449 2385/2385
f 2448/2448 2385/2385 2384/2384
f 2414/2414 2413/2413 2450/2450
f 2414/2414 2450/2450 2451/2451
f 1822/1822 1827/1827 2452/2452
f 1822/1822 2452/2452 2453/2453
f 1998/1998 2454/2454 2455/2455
f 1998/1998 2455/2455 1997/1997
f 2436/2436 2417/2417 2456/2456
f 2436/2436 2456/2456 2457/2457
f 1994/1994 2458/2458 2459/2459
f 1994/1994 2459/2459 2021/2021
f 2460/2460 2461/2461 2462/2462
f 2460/2460 2462/2462 2463/2463
f 2425/2425 2424/2424 2464/2464
f 2425/2425 2464/2464 2438/2438
f 1985/1985 2440/2440 2435/2435
f 1985/1985 2435/2435 1986/1986
f 2465/2465 2466/2466 2467/2467
f 2465/2465 2467/2467 2468/2468
f 2071/2071 2430/2430 2445/2445
f 2071/2071 2445/2445 2087/2087
f 2066/2066 2065/2065 2457/2457
f 2066/2066 2457/2457 2456/2456
f 2469/2469 2470/2470 2466/2466
f 2469/2469 2466/2466 2465/2465
f 2415/2415 2421/2421 2420/2420
f 2415/2415 2420/2420 2471/2471
f 1822/1822 1803/1803 1753/1753
f 1822/1822 1753/1753 1827/1827
f 2430/2430 2071/2071 499/499
f 2430/2430 499/499 886/886
f 2472/2472 2473/2473 2243/2243
f 2472/2472 2243/2243 2242/2242
f 2474/2474 2443/2443 2444/2444
f 2474/2474 2444/2444 2475/2475
f 2193/2193 2472/2472 2242/2242
f 2193/2193 2242/2242 2313/2313
f 1981/1981 1980/1980 2434/2434
f 1981/1981 2434/2434 2433/2433
f 2476/2476 2192/2192 2191/2191
f 2476/2476 2191/2191 2477/2477
f 2477/2477 2191/2191 2330/2330
f 2477/2477 2330/2330 2478/2478
f 2019/2019 2064/2064 2479/2479
f 2019/2019 2479/2479 2480/2480
f 2255/2255 1941/1941 1775/1775
f 2255/2255 1775/1775 2252/2252
f 2100/2100 2228/2228 2227/2227
f 2100/2100 2227/2227 2073/2073
f 2334/2334 2427/2427 2481/2481
f 2334/2334 2481/2481 2350/2350
f 2308/2308 2307/2307 2450/2450
f 2308/2308 2450/2450 2482/2482
f 2424/2424 2460/2460 2463/2463
f 2424/2424 2463/2463 2464/2464
f 2470/2470 2483/2483 2447/2447
f 2470/2470 2447/2447 2466/2466
f 2483/2483 2288/2288 2268/2268
f 2483/2483 2268/2268 2447/2447
f 2385/2385 2434/2434 1980/1980
f 2385/2385 1980/1980 2068/2068
f 2473/2473 1826/1826 1906/1906
f 2473/2473 1906/1906 2243/2243
f 2350/2350 2481/2481 2428/2428
f 2350/2350 2428/2428 2397/2397
f 2449/2449 2431/2431 2434/2434
f 2449/2449 2434/2434 2385/2385
f 2099/2099 2026/2026 2021/2021
f 2099/2099 2021/2021 2459/2459
f 2481/2481 2396/2396 2371/2371
f 2481/2481 2371/2371 2428/2428
f 2443/2443 2484/2484 2485/2485
f 2443/2443 2485/2485 2423/2423
f 2484/2484 2446/2446 2429/2429
f 2484/2484 2429/2429 2485/2485
f 2318/2318 2467/2467 2264/2264
f 2318/2318 2264/2264 2248/2248
f 944/944 2485/2485 2429/2429
f 944/944 2429/2429 885/885
f 2270/2270 1989/1989 2073/2073
f 2270/2270 2073/2073 2227/2227
f 2257/2257 2256/2256 2486/2486
f 2257/2257 2486/2486 2487/2487
f 2228/2228 2100/2100 2099/2099
f 2228/2228 2099/2099 2259/2259
f 2419/2419 2418/2418 2441/2441
f 2419/2419 2441/2441 2488/2488
f 2460/2460 2424/2424 2426/2426
f 2460/2460 2426/2426 2461/2461
f 2387/2387 2072/2072 2489/2489
f 2387/2387 2489/2489 2390/2390
f 875/875 2423/2423 2485/2485
f 875/875 2485/2485 944/944
f 2473/2473 2472/2472 2476/2476
f 2473/2473 2476/2476 2452/2452
f 2241/2241 1901/1901 1902/1902
f 2241/2241 1902/1902 2298/2298
f 2467/2467 2318/2318 2437/2437
f 2467/2467 2437/2437 2468/2468
f 1826/1826 2473/2473 2452/2452
f 1826/1826 2452/2452 1827/1827
f 2490/2490 2491/2491 2398/2398
f 2490/2490 2398/2398 2401/2401
f 2462/2462 2461/2461 2487/2487
f 2462/2462 2487/2487 2486/2486
f 2259/2259 2099/2099 2459/2459
f 2259/2259 2459/2459 2256/2256
f 2324/2324 2258/2258 2257/2257
f 2324/2324 2257/2257 2492/2492
f 2292/2292 1990/1990 1989/1989
f 2292/2292 1989/1989 2270/2270
f 2472/2472 2193/2193 2192/2192
f 2472/2472 2192/2192 2476/2476
f 2453/2453 2477/2477 2478/2478
f 2453/2453 2478/2478 2493/2493
f 2452/2452 2476/2476 2477/2477
f 2452/2452 2477/2477 2453/2453
f 2466/2466 2447/2447 2264/2264
f 2466/2466 2264/2264 2467/2467
f 2020/2020 2019/2019 2480/2480
f 2020/2020 2480/2480 2494/2494
f 2474/2474 2488/2488 2484/2484
f 2474/2474 2484/2484 2443/2443
f 2087/2087 2445/2445 2440/2440
f 2087/2087 2440/2440 1985/1985
f 2417/2417 2416/2416 2495/2495
f 2417/2417 2495/2495 2456/2456
f 857/857 2409/2409 2427/2427
f 857/857 2427/2427 881/881
f 2496/2496 2497/2497 2386/2386
f 2496/2496 2386/2386 2404/2404
f 2488/2488 2474/2474 2475/2475
f 2488/2488 2475/2475 2419/2419
f 2488/2488 2441/2441 2446/2446
f 2488/2488 2446/2446 2484/2484
f 2318/2318 2317/2317 2425/2425
f 2318/2318 2425/2425 2437/2437
f 899/899 2442/2442 2422/2422
f 899/899 2422/2422 874/874
f 2446/2446 2445/2445 2430/2430
f 2446/2446 2430/2430 2429/2429
f 2384/2384 2386/2386 2497/2497
f 2384/2384 2497/2497 2448/2448
f 2397/2397 2428/2428 2421/2421
f 2397/2397 2421/2421 2415/2415
f 2498/2498 2499/2499 2056/2056
f 2498/2498 2056/2056 2055/2055
f 2427/2427 2409/2409 2396/2396
f 2427/2427 2396/2396 2481/2481
f 1997/1997 2455/2455 2458/2458
f 1997/1997 2458/2458 1994/1994
f 959/959 2500/2500 2501/2501
f 959/959 2501/2501 960/960
f 963/963 2502/2502 2500/2500
f 963/963 2500/2500 959/959
f 2503/2503 2504/2504 2505/2505
f 2503/2503 2505/2505 2506/2506
f 2507/2507 2508/2508 2420/2420
f 2507/2507 2420/2420 2310/2310
f 2266/2266 2509/2509 2276/2276
f 2266/2266 2276/2276 2273/2273
f 2465/2465 2468/2468 2510/2510
f 2465/2465 2510/2510 2511/2511
f 2512/2512 2513/2513 2514/2514
f 2512/2512 2514/2514 2436/2436
f 2458/2458 2486/2486 2256/2256
f 2458/2458 2256/2256 2459/2459
f 2515/2515 2516/2516 2478/2478
f 2515/2515 2478/2478 2330/2330
f 2469/2469 2465/2465 2511/2511
f 2469/2469 2511/2511 2517/2517
f 2518/2518 2519/2519 2520/2520
f 2518/2518 2520/2520 2521/2521
f 2487/2487 2522/2522 2492/2492
f 2487/2487 2492/2492 2257/2257
f 2523/2523 2517/2517 2475/2475
f 2523/2523 2475/2475 2444/2444
f 2524/2524 2525/2525 2526/2526
f 2524/2524 2526/2526 2527/2527
f 2462/2462 2455/2455 2454/2454
f 2462/2462 2454/2454 2463/2463
f 2508/2508 2516/2516 2471/2471
f 2508/2508 2471/2471 2420/2420
f 2528/2528 2529/2529 2514/2514
f 2528/2528 2514/2514 2513/2513
f 2493/2493 2478/2478 2516/2516
f 2493/2493 2516/2516 2508/2508
f 2516/2516 2515/2515 2530/2530
f 2516/2516 2530/2530 2471/2471
f 2531/2531 2532/2532 2533/2533
f 2531/2531 2533/2533 2534/2534
f 2231/2231 2230/2230 2426/2426
f 2231/2231 2426/2426 2317/2317
f 2530/2530 2515/2515 2534/2534
f 2530/2530 2534/2534 2533/2533
f 1995/1995 2535/2535 2536/2536
f 1995/1995 2536/2536 1996/1996
f 2320/2320 2537/2537 2492/2492
f 2320/2320 2492/2492 2522/2522
f 2538/2538 2539/2539 2438/2438
f 2538/2538 2438/2438 2464/2464
f 2540/2540 2541/2541 2500/2500
f 2540/2540 2500/2500 2502/2502
f 2526/2526 2414/2414 2451/2451
f 2526/2526 2451/2451 2542/2542
f 2522/2522 2487/2487 2461/2461
f 2522/2522 2461/2461 2426/2426
f 2196/2196 2096/2096 2504/2504
f 2196/2196 2504/2504 2119/2119
f 2505/2505 2543/2543 2412/2412
f 2505/2505 2412/2412 2525/2525
f 2527/2527 2526/2526 2542/2542
f 2527/2527 2542/2542 2544/2544
f 2211/2211 2210/2210 2519/2519
f 2211/2211 2519/2519 2320/2320
f 2119/2119 2118/2118 2130/2130
f 2119/2119 2130/2130 2196/2196
f 2539/2539 2495/2495 2439/2439
f 2539/2539 2439/2439 2438/2438
f 2454/2454 2538/2538 2464/2464
f 2454/2454 2464/2464 2463/2463
f 2506/2506 2505/2505 2525/2525
f 2506/2506 2525/2525 2524/2524
f 2493/2493 2508/2508 2507/2507
f 2493/2493 2507/2507 2267/2267
f 2513/2513 2545/2545 2546/2546
f 2513/2513 2546/2546 2528/2528
f 2455/2455 2462/2462 2486/2486
f 2455/2455 2486/2486 2458/2458
f 2547/2547 2120/2120 2119/2119
f 2547/2547 2119/2119 2548/2548
f 2016/2016 2015/2015 2549/2549
f 2016/2016 2549/2549 2029/2029
f 2324/2324 2492/2492 2537/2537
f 2324/2324 2537/2537 2550/2550
f 1822/1822 2453/2453 1782/1782
f 1822/1822 1782/1782 1781/1781
f 1782/1782 2453/2453 2493/2493
f 1782/1782 2493/2493 2267/2267
f 2517/2517 2511/2511 2419/2419
f 2517/2517 2419/2419 2475/2475
f 2416/2416 2510/2510 2439/2439
f 2416/2416 2439/2439 2495/2495
f 1013/1013 2551/2551 2502/2502
f 1013/1013 2502/2502 963/963
f 2509/2509 2266/2266 2267/2267
f 2509/2509 2267/2267 2507/2507
f 2171/2171 2210/2210 1725/1725
f 2171/2171 1725/1725 1724/1724
f 2544/2544 2542/2542 2552/2552
f 2544/2544 2552/2552 2545/2545
f 2553/2553 2048/2048 2029/2029
f 2553/2553 2029/2029 2549/2549
f 2048/2048 2553/2553 2554/2554
f 2048/2048 2554/2554 2027/2027
f 2324/2324 2550/2550 2175/2175
f 2324/2324 2175/2175 2251/2251
f 2469/2469 2517/2517 2523/2523
f 2469/2469 2523/2523 2470/2470
f 2509/2509 2507/2507 2310/2310
f 2509/2509 2310/2310 2276/2276
f 2518/2518 2521/2521 2550/2550
f 2518/2518 2550/2550 2537/2537
f 2504/2504 2096/2096 2543/2543
f 2504/2504 2543/2543 2505/2505
f 2545/2545 2552/2552 2555/2555
f 2545/2545 2555/2555 2546/2546
f 2098/2098 2556/2556 2551/2551
f 2098/2098 2551/2551 2004/2004
f 2456/2456 2495/2495 2539/2539
f 2456/2456 2539/2539 2066/2066
f 2022/2022 2557/2557 2535/2535
f 2022/2022 2535/2535 1995/1995
f 2454/2454 1998/1998 2001/2001
f 2454/2454 2001/2001 2538/2538
f 1986/1986 2435/2435 2436/2436
f 1986/1986 2436/2436 2514/2514
f 1999/1999 2558/2558 2559/2559
f 1999/1999 2559/2559 2000/2000
f 2556/2556 2540/2540 2502/2502
f 2556/2556 2502/2502 2551/2551
f 2540/2540 2556/2556 2529/2529
f 2540/2540 2529/2529 2528/2528
f 2504/2504 2503/2503 2548/2548
f 2504/2504 2548/2548 2119/2119
f 2288/2288 2483/2483 2442/2442
f 2288/2288 2442/2442 2287/2287
f 1987/1987 2529/2529 2556/2556
f 1987/1987 2556/2556 2098/2098
f 2560/2560 2183/2183 2148/2148
f 2560/2560 2148/2148 2561/2561
f 2468/2468 2437/2437 2439/2439
f 2468/2468 2439/2439 2510/2510
f 2552/2552 2562/2562 2563/2563
f 2552/2552 2563/2563 2555/2555
f 2470/2470 2523/2523 2442/2442
f 2470/2470 2442/2442 2483/2483
f 2550/2550 2521/2521 2142/2142
f 2550/2550 2142/2142 2175/2175
f 1996/1996 2536/2536 2558/2558
f 1996/1996 2558/2558 1999/1999
f 2549/2549 2564/2564 2560/2560
f 2549/2549 2560/2560 2553/2553
f 2000/2000 2559/2559 2565/2565
f 2000/2000 2565/2565 2065/2065
f 2541/2541 2540/2540 2528/2528
f 2541/2541 2528/2528 2546/2546
f 2284/2284 2283/2283 2189/2189
f 2284/2284 2189/2189 2188/2188
f 2566/2566 2154/2154 2120/2120
f 2566/2566 2120/2120 2547/2547
f 2154/2154 2566/2566 2561/2561
f 2154/2154 2561/2561 2148/2148
f 2027/2027 2554/2554 2557/2557
f 2027/2027 2557/2557 2022/2022
f 2444/2444 2422/2422 2442/2442
f 2444/2444 2442/2442 2523/2523
f 1986/1986 2514/2514 2529/2529
f 1986/1986 2529/2529 1987/1987
f 2139/2139 2520/2520 2171/2171
f 2139/2139 2171/2171 2170/2170
f 2525/2525 2412/2412 2414/2414
f 2525/2525 2414/2414 2526/2526
f 2567/2567 2541/2541 2546/2546
f 2567/2567 2546/2546 2555/2555
f 2520/2520 2139/2139 2142/2142
f 2520/2520 2142/2142 2521/2521
f 2457/2457 2568/2568 2512/2512
f 2457/2457 2512/2512 2436/2436
f 2538/2538 2001/2001 2066/2066
f 2538/2538 2066/2066 2539/2539
f 2065/2065 2565/2565 2568/2568
f 2065/2065 2568/2568 2457/2457
f 426/426 2004/2004 2551/2551
f 426/426 2551/2551 1013/1013
f 2230/2230 2320/2320 2522/2522
f 2230/2230 2522/2522 2426/2426
f 2520/2520 2519/2519 2210/2210
f 2520/2520 2210/2210 2171/2171
f 2515/2515 2330/2330 2282/2282
f 2515/2515 2282/2282 2534/2534
f 2511/2511 2510/2510 2416/2416
f 2511/2511 2416/2416 2419/2419
f 2501/2501 2500/2500 2541/2541
f 2501/2501 2541/2541 2567/2567
f 2519/2519 2518/2518 2537/2537
f 2519/2519 2537/2537 2320/2320
f 2542/2542 2451/2451 2562/2562
f 2542/2542 2562/2562 2552/2552
f 2569/2569 2570/2570 2571/2571
f 2569/2569 2571/2571 2572/2572
f 2573/2573 2574/2574 2575/2575
f 2573/2573 2575/2575 2576/2576
f 2225/2225 2325/2325 2577/2577
f 2225/2225 2577/2577 2391/2391
f 2391/2391 2577/2577 2578/2578
f 2391/2391 2578/2578 2377/2377
f 2304/2304 2579/2579 2327/2327
f 2304/2304 2327/2327 2303/2303
f 2535/2535 2547/2547 2548/2548
f 2535/2535 2548/2548 2536/2536
f 2315/2315 2358/2358 2580/2580
f 2315/2315 2580/2580 2581/2581
f 2582/2582 2583/2583 2214/2214
f 2582/2582 2214/2214 2316/2316
f 2584/2584 2449/2449 2448/2448
f 2584/2584 2448/2448 2497/2497
f 2284/2284 2531/2531 2534/2534
f 2284/2284 2534/2534 2282/2282
f 2585/2585 2584/2584 2586/2586
f 2585/2585 2586/2586 2587/2587
f 2588/2588 2589/2589 2590/2590
f 2588/2588 2590/2590 2591/2591
f 2553/2553 2560/2560 2561/2561
f 2553/2553 2561/2561 2554/2554
f 2592/2592 2580/2580 2358/2358
f 2592/2592 2358/2358 2357/2357
f 2593/2593 2594/2594 2595/2595
f 2593/2593 2595/2595 2596/2596
f 2579/2579 2300/2300 2328/2328
f 2579/2579 2328/2328 2327/2327
f 1060/1060 2592/2592 2357/2357
f 1060/1060 2357/2357 867/867
f 2565/2565 2524/2524 2527/2527
f 2565/2565 2527/2527 2568/2568
f 2597/2597 2598/2598 2312/2312
f 2597/2597 2312/2312 2215/2215
f 2599/2599 2600/2600 2601/2601
f 2599/2599 2601/2601 2602/2602
f 2530/2530 2083/2083 1966/1966
f 2530/2530 1966/1966 2471/2471
f 2536/2536 2548/2548 2503/2503
f 2536/2536 2503/2503 2558/2558
f 2603/2603 2604/2604 1920/1920
f 2603/2603 1920/1920 1923/1923
f 2605/2605 2599/2599 2602/2602
f 2605/2605 2602/2602 2606/2606
f 2531/2531 2284/2284 2188/2188
f 2531/2531 2188/2188 2607/2607
f 2608/2608 2609/2609 2610/2610
f 2608/2608 2610/2610 2611/2611
f 2574/2574 2612/2612 2613/2613
f 2574/2574 2613/2613 2575/2575
f 2614/2614 2611/2611 2610/2610
f 2614/2614 2610/2610 2615/2615
f 1969/1969 2415/2415 2471/2471
f 1969/1969 2471/2471 1966/1966
f 2616/2616 2617/2617 2606/2606
f 2616/2616 2606/2606 2602/2602
f 2557/2557 2566/2566 2547/2547
f 2557/2557 2547/2547 2535/2535
f 2558/2558 2503/2503 2506/2506
f 2558/2558 2506/2506 2559/2559
f 2615/2615 2610/2610 2574/2574
f 2615/2615 2574/2574 2573/2573
f 865/865 2378/2378 2618/2618
f 865/865 2618/2618 1082/1082
f 2566/2566 2557/2557 2554/2554
f 2566/2566 2554/2554 2561/2561
f 2299/2299 2300/2300 2579/2579
f 2299/2299 2579/2579 2598/2598
f 2308/2308 2619/2619 2620/2620
f 2308/2308 2620/2620 2305/2305
f 2236/2236 2235/2235 2597/2597
f 2236/2236 2597/2597 2583/2583
f 2325/2325 2236/2236 2583/2583
f 2325/2325 2583/2583 2582/2582
f 2621/2621 2622/2622 2623/2623
f 2621/2621 2623/2623 2624/2624
f 2312/2312 2598/2598 2579/2579
f 2312/2312 2579/2579 2304/2304
f 2378/2378 2377/2377 2578/2578
f 2378/2378 2578/2578 2618/2618
f 2564/2564 2607/2607 2183/2183
f 2564/2564 2183/2183 2560/2560
f 2625/2625 2626/2626 2575/2575
f 2625/2625 2575/2575 2613/2613
f 2627/2627 2616/2616 2602/2602
f 2627/2627 2602/2602 2601/2601
f 2590/2590 2628/2628 2629/2629
f 2590/2590 2629/2629 2630/2630
f 2533/2533 2014/2014 2083/2083
f 2533/2533 2083/2083 2530/2530
f 2215/2215 2214/2214 2583/2583
f 2215/2215 2583/2583 2597/2597
f 2618/2618 2578/2578 2580/2580
f 2618/2618 2580/2580 2592/2592
f 2612/2612 2574/2574 2610/2610
f 2612/2612 2610/2610 2609/2609
f 2631/2631 2632/2632 2633/2633
f 2631/2631 2633/2633 2634/2634
f 2545/2545 2513/2513 2512/2512
f 2545/2545 2512/2512 2544/2544
f 2635/2635 2636/2636 2637/2637
f 2635/2635 2637/2637 2638/2638
f 2568/2568 2527/2527 2544/2544
f 2568/2568 2544/2544 2512/2512
f 2639/2639 2640/2640 2605/2605
f 2639/2639 2605/2605 2606/2606
f 2641/2641 2596/2596 2595/2595
f 2641/2641 2595/2595 2631/2631
f 2640/2640 2588/2588 2591/2591
f 2640/2640 2591/2591 2605/2605
f 2584/2584 2585/2585 2431/2431
f 2584/2584 2431/2431 2449/2449
f 2642/2642 2643/2643 2644/2644
f 2642/2642 2644/2644 2645/2645
f 2316/2316 2315/2315 2581/2581
f 2316/2316 2581/2581 2582/2582
f 2576/2576 2575/2575 2626/2626
f 2576/2576 2626/2626 2646/2646
f 2327/2327 2328/2328 1990/1990
f 2327/2327 1990/1990 2292/2292
f 2015/2015 2532/2532 2564/2564
f 2015/2015 2564/2564 2549/2549
f 2606/2606 2617/2617 2647/2647
f 2606/2606 2647/2647 2639/2639
f 2617/2617 2616/2616 2648/2648
f 2617/2617 2648/2648 2649/2649
f 2647/2647 2617/2617 2649/2649
f 2647/2647 2649/2649 2650/2650
f 2299/2299 2598/2598 2597/2597
f 2299/2299 2597/2597 2235/2235
f 2577/2577 2325/2325 2582/2582
f 2577/2577 2582/2582 2581/2581
f 2577/2577 2581/2581 2580/2580
f 2577/2577 2580/2580 2578/2578
f 2589/2589 2651/2651 2628/2628
f 2589/2589 2628/2628 2590/2590
f 2652/2652 2624/2624 2653/2653
f 2652/2652 2653/2653 2491/2491
f 2654/2654 2655/2655 2656/2656
f 2654/2654 2656/2656 2657/2657
f 2607/2607 2564/2564 2532/2532
f 2607/2607 2532/2532 2531/2531
f 2648/2648 2658/2658 2659/2659
f 2648/2648 2659/2659 2649/2649
f 2014/2014 2533/2533 2532/2532
f 2014/2014 2532/2532 2015/2015
f 2660/2660 2648/2648 2616/2616
f 2660/2660 2616/2616 2627/2627
f 2559/2559 2506/2506 2524/2524
f 2559/2559 2524/2524 2565/2565
f 2660/2660 2661/2661 2658/2658
f 2660/2660 2658/2658 2648/2648
f 2662/2662 2642/2642 2645/2645
f 2662/2662 2645/2645 2663/2663
f 2607/2607 2188/2188 2184/2184
f 2607/2607 2184/2184 2183/2183
f 2482/2482 2432/2432 2619/2619
f 2482/2482 2619/2619 2308/2308
f 1082/1082 2618/2618 2592/2592
f 1082/1082 2592/2592 1060/1060
f 2180/2180 2498/2498 2055/2055
f 2180/2180 2055/2055 2137/2137
f 2586/2586 2584/2584 2497/2497
f 2586/2586 2497/2497 2496/2496
f 2590/2590 2630/2630 2664/2664
f 2590/2590 2664/2664 2591/2591
f 2665/2665 2666/2666 2667/2667
f 2665/2665 2667/2667 2668/2668
f 2669/2669 2670/2670 2671/2671
f 2669/2669 2671/2671 2672/2672
f 2673/2673 2674/2674 2675/2675
f 2673/2673 2675/2675 2676/2676
f 2595/2595 2594/2594 2677/2677
f 2595/2595 2677/2677 2631/2631
f 2678/2678 2679/2679 2642/2642
f 2678/2678 2642/2642 2662/2662
f 2680/2680 2681/2681 2630/2630
f 2680/2680 2630/2630 2629/2629
f 2682/2682 2683/2683 2684/2684
f 2682/2682 2684/2684 2685/2685
f 2686/2686 2687/2687 2638/2638
f 2686/2686 2638/2638 2637/2637
f 2688/2688 2689/2689 2690/2690
f 2688/2688 2690/2690 2691/2691
f 2692/2692 2693/2693 2694/2694
f 2692/2692 2694/2694 2695/2695
f 2696/2696 2697/2697 2698/2698
f 2696/2696 2698/2698 2699/2699
f 2700/2700 2701/2701 2702/2702
f 2700/2700 2702/2702 2703/2703
f 2704/2704 2705/2705 2706/2706
f 2704/2704 2706/2706 2707/2707
f 2676/2676 2708/2708 2709/2709
f 2676/2676 2709/2709 2710/2710
f 2711/2711 2686/2686 2637/2637
f 2711/2711 2637/2637 2636/2636
f 2700/2700 2703/2703 2614/2614
f 2700/2700 2614/2614 2712/2712
f 2713/2713 2714/2714 2715/2715
f 2713/2713 2715/2715 2716/2716
f 2615/2615 2717/2717 2712/2712
f 2615/2615 2712/2712 2614/2614
f 2697/2697 2718/2718 2719/2719
f 2697/2697 2719/2719 2698/2698
f 2720/2720 2671/2671 2670/2670
f 2720/2720 2670/2670 2721/2721
f 2722/2722 2711/2711 2636/2636
f 2722/2722 2636/2636 2635/2635
f 2628/2628 2723/2723 2724/2724
f 2628/2628 2724/2724 2629/2629
f 2725/2725 2726/2726 2727/2727
f 2725/2725 2727/2727 2728/2728
f 2717/2717 2615/2615 2573/2573
f 2717/2717 2573/2573 2729/2729
f 2687/2687 2730/2730 2731/2731
f 2687/2687 2731/2731 2638/2638
f 2677/2677 2594/2594 2683/2683
f 2677/2677 2683/2683 2682/2682
f 2732/2732 2733/2733 2734/2734
f 2732/2732 2734/2734 2735/2735
f 2702/2702 2736/2736 2608/2608
f 2702/2702 2608/2608 2611/2611
f 2599/2599 2605/2605 2591/2591
f 2599/2599 2591/2591 2664/2664
f 2737/2737 2738/2738 2681/2681
f 2737/2737 2681/2681 2680/2680
f 2739/2739 2708/2708 2676/2676
f 2739/2739 2676/2676 2675/2675
f 2708/2708 2739/2739 2724/2724
f 2708/2708 2724/2724 2740/2740
f 2689/2689 2688/2688 2741/2741
f 2689/2689 2741/2741 2674/2674
f 2742/2742 2743/2743 2687/2687
f 2742/2742 2687/2687 2686/2686
f 2625/2625 2744/2744 2745/2745
f 2625/2625 2745/2745 2626/2626
f 2676/2676 2710/2710 2746/2746
f 2676/2676 2746/2746 2673/2673
f 2679/2679 2747/2747 2643/2643
f 2679/2679 2643/2643 2642/2642
f 2609/2609 2670/2670 2669/2669
f 2609/2609 2669/2669 2612/2612
f 2748/2748 2658/2658 2661/2661
f 2748/2748 2661/2661 2742/2742
f 2678/2678 2749/2749 2750/2750
f 2678/2678 2750/2750 2679/2679
f 2672/2672 2751/2751 2752/2752
f 2672/2672 2752/2752 2669/2669
f 2401/2401 2569/2569 2572/2572
f 2401/2401 2572/2572 2490/2490
f 2723/2723 2628/2628 2651/2651
f 2723/2723 2651/2651 2753/2753
f 2754/2754 2728/2728 2691/2691
f 2754/2754 2691/2691 2690/2690
f 2728/2728 2754/2754 2755/2755
f 2728/2728 2755/2755 2725/2725
f 2756/2756 2712/2712 2717/2717
f 2756/2756 2717/2717 2757/2757
f 2740/2740 2724/2724 2723/2723
f 2740/2740 2723/2723 2758/2758
f 2613/2613 2752/2752 2759/2759
f 2613/2613 2759/2759 2625/2625
f 2632/2632 2631/2631 2677/2677
f 2632/2632 2677/2677 2749/2749
f 2701/2701 2760/2760 2736/2736
f 2701/2701 2736/2736 2702/2702
f 2680/2680 2739/2739 2675/2675
f 2680/2680 2675/2675 2737/2737
f 2761/2761 2762/2762 2763/2763
f 2761/2761 2763/2763 2764/2764
f 2761/2761 2764/2764 2725/2725
f 2761/2761 2725/2725 2755/2755
f 2739/2739 2680/2680 2629/2629
f 2739/2739 2629/2629 2724/2724
f 2718/2718 2697/2697 2758/2758
f 2718/2718 2758/2758 2765/2765
f 2665/2665 2668/2668 2766/2766
f 2665/2665 2766/2766 2767/2767
f 2753/2753 2765/2765 2758/2758
f 2753/2753 2758/2758 2723/2723
f 2600/2600 2599/2599 2664/2664
f 2600/2600 2664/2664 2768/2768
f 2769/2769 2683/2683 2594/2594
f 2769/2769 2594/2594 2593/2593
f 2706/2706 2770/2770 2771/2771
f 2706/2706 2771/2771 2707/2707
f 2588/2588 2640/2640 2772/2772
f 2588/2588 2772/2772 2773/2773
f 2726/2726 2725/2725 2764/2764
f 2726/2726 2764/2764 2774/2774
f 2773/2773 2714/2714 2589/2589
f 2773/2773 2589/2589 2588/2588
f 2752/2752 2613/2613 2612/2612
f 2752/2752 2612/2612 2669/2669
f 2707/2707 2771/2771 2671/2671
f 2707/2707 2671/2671 2720/2720
f 2759/2759 2775/2775 2744/2744
f 2759/2759 2744/2744 2625/2625
f 2744/2744 2775/2775 2776/2776
f 2744/2744 2776/2776 2777/2777
f 2737/2737 2675/2675 2674/2674
f 2737/2737 2674/2674 2741/2741
f 2718/2718 2705/2705 2778/2778
f 2718/2718 2778/2778 2719/2719
f 2770/2770 2713/2713 2716/2716
f 2770/2770 2716/2716 2771/2771
f 2747/2747 2679/2679 2750/2750
f 2747/2747 2750/2750 2779/2779
f 2780/2780 2781/2781 2782/2782
f 2780/2780 2782/2782 2783/2783
f 2689/2689 2674/2674 2673/2673
f 2689/2689 2673/2673 2784/2784
f 2753/2753 2651/2651 2713/2713
f 2753/2753 2713/2713 2770/2770
f 2740/2740 2758/2758 2697/2697
f 2740/2740 2697/2697 2696/2696
f 2785/2785 2704/2704 2707/2707
f 2785/2785 2707/2707 2720/2720
f 2672/2672 2671/2671 2771/2771
f 2672/2672 2771/2771 2716/2716
f 2751/2751 2672/2672 2716/2716
f 2751/2751 2716/2716 2715/2715
f 2670/2670 2609/2609 2608/2608
f 2670/2670 2608/2608 2721/2721
f 2786/2786 2787/2787 2710/2710
f 2786/2786 2710/2710 2709/2709
f 2788/2788 2789/2789 2779/2779
f 2788/2788 2779/2779 2750/2750
f 2685/2685 2788/2788 2750/2750
f 2685/2685 2750/2750 2682/2682
f 2764/2764 2763/2763 2780/2780
f 2764/2764 2780/2780 2774/2774
f 2705/2705 2718/2718 2765/2765
f 2705/2705 2765/2765 2706/2706
f 2776/2776 2775/2775 2790/2790
f 2776/2776 2790/2790 2791/2791
f 2658/2658 2748/2748 2792/2792
f 2658/2658 2792/2792 2659/2659
f 2793/2793 2794/2794 2727/2727
f 2793/2793 2727/2727 2795/2795
f 2572/2572 2571/2571 2666/2666
f 2572/2572 2666/2666 2665/2665
f 2708/2708 2740/2740 2696/2696
f 2708/2708 2696/2696 2709/2709
f 2791/2791 2790/2790 2796/2796
f 2791/2791 2796/2796 2797/2797
f 2651/2651 2589/2589 2714/2714
f 2651/2651 2714/2714 2713/2713
f 2794/2794 2691/2691 2728/2728
f 2794/2794 2728/2728 2727/2727
f 2773/2773 2772/2772 2796/2796
f 2773/2773 2796/2796 2798/2798
f 2703/2703 2702/2702 2611/2611
f 2703/2703 2611/2611 2614/2614
f 2729/2729 2799/2799 2757/2757
f 2729/2729 2757/2757 2717/2717
f 2490/2490 2572/2572 2800/2800
f 2490/2490 2800/2800 2801/2801
f 2770/2770 2706/2706 2765/2765
f 2770/2770 2765/2765 2753/2753
f 2802/2802 2684/2684 2683/2683
f 2802/2802 2683/2683 2769/2769
f 2709/2709 2696/2696 2699/2699
f 2709/2709 2699/2699 2786/2786
f 2803/2803 2768/2768 2681/2681
f 2803/2803 2681/2681 2738/2738
f 2804/2804 2600/2600 2768/2768
f 2804/2804 2768/2768 2803/2803
f 2805/2805 2806/2806 2807/2807
f 2805/2805 2807/2807 2808/2808
f 2809/2809 2810/2810 2650/2650
f 2809/2809 2650/2650 2811/2811
f 2576/2576 2812/2812 2729/2729
f 2576/2576 2729/2729 2573/2573
f 2812/2812 2813/2813 2799/2799
f 2812/2812 2799/2799 2729/2729
f 2782/2782 2799/2799 2813/2813
f 2782/2782 2813/2813 2693/2693
f 2692/2692 2814/2814 2815/2815
f 2692/2692 2815/2815 2783/2783
f 2714/2714 2773/2773 2798/2798
f 2714/2714 2798/2798 2715/2715
f 2816/2816 2694/2694 2693/2693
f 2816/2816 2693/2693 2817/2817
f 2818/2818 2726/2726 2774/2774
f 2818/2818 2774/2774 2815/2815
f 2819/2819 2820/2820 2821/2821
f 2819/2819 2821/2821 2822/2822
f 2775/2775 2759/2759 2823/2823
f 2775/2775 2823/2823 2790/2790
f 2824/2824 2822/2822 2821/2821
f 2824/2824 2821/2821 2825/2825
f 2826/2826 2809/2809 2811/2811
f 2826/2826 2811/2811 2827/2827
f 2759/2759 2752/2752 2751/2751
f 2759/2759 2751/2751 2823/2823
f 2693/2693 2813/2813 2828/2828
f 2693/2693 2828/2828 2817/2817
f 2829/2829 2830/2830 2808/2808
f 2829/2829 2808/2808 2807/2807
f 2831/2831 2832/2832 2816/2816
f 2831/2831 2816/2816 2817/2817
f 2694/2694 2816/2816 2832/2832
f 2694/2694 2832/2832 2711/2711
f 2722/2722 2635/2635 2833/2833
f 2722/2722 2833/2833 2834/2834
f 2823/2823 2751/2751 2715/2715
f 2823/2823 2715/2715 2798/2798
f 2695/2695 2694/2694 2711/2711
f 2695/2695 2711/2711 2722/2722
f 2835/2835 2836/2836 2837/2837
f 2835/2835 2837/2837 2828/2828
f 2825/2825 2821/2821 2838/2838
f 2825/2825 2838/2838 2839/2839
f 2840/2840 2732/2732 2735/2735
f 2840/2840 2735/2735 2841/2841
f 2818/2818 2815/2815 2814/2814
f 2818/2818 2814/2814 2805/2805
f 2842/2842 2843/2843 2844/2844
f 2842/2842 2844/2844 2845/2845
f 2639/2639 2647/2647 2846/2846
f 2639/2639 2846/2846 2847/2847
f 2848/2848 2849/2849 2850/2850
f 2848/2848 2850/2850 2851/2851
f 2852/2852 2848/2848 2851/2851
f 2852/2852 2851/2851 2853/2853
f 2777/2777 2776/2776 2825/2825
f 2777/2777 2825/2825 2839/2839
f 2854/2854 2855/2855 2826/2826
f 2854/2854 2826/2826 2827/2827
f 2840/2840 2794/2794 2793/2793
f 2840/2840 2793/2793 2732/2732
f 2841/2841 2741/2741 2688/2688
f 2841/2841 2688/2688 2840/2840
f 2659/2659 2811/2811 2650/2650
f 2659/2659 2650/2650 2649/2649
f 2856/2856 2646/2646 2857/2857
f 2856/2856 2857/2857 2858/2858
f 2730/2730 2687/2687 2743/2743
f 2730/2730 2743/2743 2859/2859
f 2738/2738 2737/2737 2741/2741
f 2738/2738 2741/2741 2841/2841
f 2829/2829 2627/2627 2601/2601
f 2829/2829 2601/2601 2860/2860
f 2834/2834 2833/2833 2731/2731
f 2834/2834 2731/2731 2730/2730
f 2831/2831 2748/2748 2742/2742
f 2831/2831 2742/2742 2832/2832
f 2847/2847 2772/2772 2640/2640
f 2847/2847 2640/2640 2639/2639
f 2748/2748 2831/2831 2837/2837
f 2748/2748 2837/2837 2792/2792
f 2646/2646 2856/2856 2812/2812
f 2646/2646 2812/2812 2576/2576
f 2822/2822 2824/2824 2861/2861
f 2822/2822 2861/2861 2862/2862
f 2832/2832 2742/2742 2686/2686
f 2832/2832 2686/2686 2711/2711
f 2638/2638 2731/2731 2833/2833
f 2638/2638 2833/2833 2635/2635
f 2812/2812 2856/2856 2858/2858
f 2812/2812 2858/2858 2813/2813
f 2650/2650 2810/2810 2846/2846
f 2650/2650 2846/2846 2647/2647
f 2835/2835 2828/2828 2813/2813
f 2835/2835 2813/2813 2858/2858
f 2836/2836 2827/2827 2792/2792
f 2836/2836 2792/2792 2837/2837
f 2626/2626 2745/2745 2839/2839
f 2626/2626 2839/2839 2838/2838
f 2835/2835 2858/2858 2857/2857
f 2835/2835 2857/2857 2820/2820
f 2862/2862 2863/2863 2855/2855
f 2862/2862 2855/2855 2854/2854
f 2820/2820 2857/2857 2838/2838
f 2820/2820 2838/2838 2821/2821
f 2844/2844 2843/2843 2864/2864
f 2844/2844 2864/2864 2865/2865
f 2693/2693 2692/2692 2783/2783
f 2693/2693 2783/2783 2782/2782
f 2627/2627 2829/2829 2807/2807
f 2627/2627 2807/2807 2660/2660
f 2735/2735 2803/2803 2738/2738
f 2735/2735 2738/2738 2841/2841
f 2781/2781 2757/2757 2799/2799
f 2781/2781 2799/2799 2782/2782
f 2768/2768 2664/2664 2630/2630
f 2768/2768 2630/2630 2681/2681
f 2695/2695 2866/2866 2814/2814
f 2695/2695 2814/2814 2692/2692
f 2867/2867 2860/2860 2804/2804
f 2867/2867 2804/2804 2734/2734
f 2866/2866 2859/2859 2805/2805
f 2866/2866 2805/2805 2814/2814
f 2834/2834 2730/2730 2859/2859
f 2834/2834 2859/2859 2866/2866
f 2809/2809 2826/2826 2855/2855
f 2809/2809 2855/2855 2810/2810
f 2822/2822 2862/2862 2854/2854
f 2822/2822 2854/2854 2819/2819
f 2743/2743 2742/2742 2661/2661
f 2743/2743 2661/2661 2806/2806
f 2860/2860 2601/2601 2600/2600
f 2860/2860 2600/2600 2804/2804
f 2815/2815 2774/2774 2780/2780
f 2815/2815 2780/2780 2783/2783
f 2827/2827 2836/2836 2819/2819
f 2827/2827 2819/2819 2854/2854
f 2836/2836 2835/2835 2820/2820
f 2836/2836 2820/2820 2819/2819
f 2791/2791 2824/2824 2825/2825
f 2791/2791 2825/2825 2776/2776
f 2757/2757 2763/2763 2762/2762
f 2757/2757 2762/2762 2756/2756
f 2867/2867 2734/2734 2733/2733
f 2867/2867 2733/2733 2830/2830
f 2795/2795 2808/2808 2830/2830
f 2795/2795 2830/2830 2733/2733
f 2834/2834 2866/2866 2695/2695
f 2834/2834 2695/2695 2722/2722
f 2831/2831 2817/2817 2828/2828
f 2831/2831 2828/2828 2837/2837
f 2734/2734 2804/2804 2803/2803
f 2734/2734 2803/2803 2735/2735
f 2733/2733 2732/2732 2793/2793
f 2733/2733 2793/2793 2795/2795
f 2781/2781 2780/2780 2763/2763
f 2781/2781 2763/2763 2757/2757
f 2863/2863 2797/2797 2847/2847
f 2863/2863 2847/2847 2846/2846
f 2806/2806 2805/2805 2859/2859
f 2806/2806 2859/2859 2743/2743
f 2777/2777 2839/2839 2745/2745
f 2777/2777 2745/2745 2744/2744
f 2843/2843 2842/2842 2868/2868
f 2843/2843 2868/2868 2869/2869
f 2830/2830 2829/2829 2860/2860
f 2830/2830 2860/2860 2867/2867
f 2797/2797 2861/2861 2824/2824
f 2797/2797 2824/2824 2791/2791
f 2808/2808 2795/2795 2818/2818
f 2808/2808 2818/2818 2805/2805
f 2840/2840 2688/2688 2691/2691
f 2840/2840 2691/2691 2794/2794
f 2811/2811 2659/2659 2792/2792
f 2811/2811 2792/2792 2827/2827
f 2660/2660 2807/2807 2806/2806
f 2660/2660 2806/2806 2661/2661
f 2790/2790 2823/2823 2798/2798
f 2790/2790 2798/2798 2796/2796
f 2772/2772 2847/2847 2797/2797
f 2772/2772 2797/2797 2796/2796
f 2863/2863 2862/2862 2861/2861
f 2863/2863 2861/2861 2797/2797
f 2646/2646 2626/2626 2838/2838
f 2646/2646 2838/2838 2857/2857
f 2726/2726 2818/2818 2795/2795
f 2726/2726 2795/2795 2727/2727
f 2810/2810 2855/2855 2863/2863
f 2810/2810 2863/2863 2846/2846
f 2870/2870 2842/2842 2845/2845
f 2870/2870 2845/2845 2871/2871
f 2872/2872 2873/2873 2874/2874
f 2872/2872 2874/2874 2875/2875
f 2876/2876 2877/2877 2878/2878
f 2876/2876 2878/2878 2879/2879
f 2880/2880 2881/2881 2882/2882
f 2880/2880 2882/2882 2883/2883
f 2884/2884 2885/2885 2886/2886
f 2884/2884 2886/2886 2887/2887
f 2875/2875 2874/2874 2886/2886
f 2875/2875 2886/2886 2885/2885
f 2888/2888 2889/2889 2890/2890
f 2888/2888 2890/2890 2891/2891
f 2872/2872 2892/2892 2893/2893
f 2872/2872 2893/2893 2873/2873
f 2789/2789 2667/2667 2666/2666
f 2789/2789 2666/2666 2779/2779
f 2891/2891 2894/2894 2895/2895
f 2891/2891 2895/2895 2896/2896
f 2897/2897 2898/2898 2899/2899
f 2897/2897 2899/2899 2900/2900
f 2901/2901 2902/2902 2903/2903
f 2901/2901 2903/2903 2904/2904
f 2905/2905 2882/2882 2881/2881
f 2905/2905 2881/2881 2906/2906
f 1372/1372 1375/1375 2907/2907
f 1372/1372 2907/2907 2908/2908
f 2643/2643 2655/2655 2654/2654
f 2643/2643 2654/2654 2644/2644
f 2909/2909 2888/2888 2891/2891
f 2909/2909 2891/2891 2896/2896
f 2910/2910 2911/2911 2877/2877
f 2910/2910 2877/2877 2912/2912
f 2913/2913 2914/2914 2915/2915
f 2913/2913 2915/2915 2916/2916
f 2882/2882 2905/2905 2900/2900
f 2882/2882 2900/2900 2899/2899
f 2917/2917 2918/2918 2876/2876
f 2917/2917 2876/2876 2879/2879
f 2655/2655 2643/2643 2747/2747
f 2655/2655 2747/2747 2571/2571
f 2898/2898 2919/2919 2920/2920
f 2898/2898 2920/2920 2899/2899
f 2921/2921 2922/2922 2923/2923
f 2921/2921 2923/2923 2924/2924
f 2852/2852 2925/2925 2926/2926
f 2852/2852 2926/2926 2848/2848
f 2927/2927 2873/2873 2893/2893
f 2927/2927 2893/2893 2928/2928
f 2929/2929 2930/2930 2931/2931
f 2929/2929 2931/2931 2932/2932
f 2933/2933 2934/2934 2907/2907
f 2933/2933 2907/2907 2935/2935
f 2932/2932 2931/2931 2936/2936
f 2932/2932 2936/2936 2937/2937
f 2934/2934 2938/2938 2908/2908
f 2934/2934 2908/2908 2907/2907
f 2904/2904 2939/2939 2940/2940
f 2904/2904 2940/2940 2901/2901
f 2939/2939 2904/2904 2941/2941
f 2939/2939 2941/2941 2942/2942
f 2874/2874 2943/2943 2890/2890
f 2874/2874 2890/2890 2886/2886
f 2944/2944 2945/2945 2927/2927
f 2944/2944 2927/2927 2928/2928
f 2894/2894 2900/2900 2905/2905
f 2894/2894 2905/2905 2895/2895
f 1413/1413 2918/2918 2917/2917
f 1413/1413 2917/2917 1414/1414
f 2896/2896 2895/2895 2946/2946
f 2896/2896 2946/2946 2914/2914
f 2947/2947 2948/2948 2903/2903
f 2947/2947 2903/2903 2915/2915
f 2947/2947 2915/2915 2914/2914
f 2947/2947 2914/2914 2946/2946
f 2887/2887 2886/2886 2890/2890
f 2887/2887 2890/2890 2889/2889
f 2895/2895 2905/2905 2906/2906
f 2895/2895 2906/2906 2946/2946
f 2883/2883 2882/2882 2899/2899
f 2883/2883 2899/2899 2920/2920
f 2949/2949 2928/2928 2893/2893
f 2949/2949 2893/2893 2912/2912
f 1419/1419 1421/1421 2950/2950
f 1419/1419 2950/2950 2945/2945
f 2937/2937 2936/2936 2923/2923
f 2937/2937 2923/2923 2951/2951
f 2936/2936 2952/2952 2924/2924
f 2936/2936 2924/2924 2923/2923
f 2931/2931 2953/2953 2952/2952
f 2931/2931 2952/2952 2936/2936
f 2604/2604 2603/2603 2954/2954
f 2604/2604 2954/2954 2925/2925
f 2919/2919 2955/2955 2908/2908
f 2919/2919 2908/2908 2938/2938
f 2898/2898 2897/2897 2945/2945
f 2898/2898 2945/2945 2950/2950
f 2956/2956 2903/2903 2902/2902
f 2956/2956 2902/2902 2957/2957
f 1375/1375 1429/1429 2935/2935
f 1375/1375 2935/2935 2907/2907
f 2958/2958 2927/2927 2945/2945
f 2958/2958 2945/2945 2897/2897
f 1413/1413 1432/1432 2959/2959
f 1413/1413 2959/2959 2918/2918
f 2842/2842 2870/2870 2960/2960
f 2842/2842 2960/2960 2868/2868
f 2961/2961 2962/2962 2963/2963
f 2961/2961 2963/2963 2930/2930
f 2892/2892 2910/2910 2912/2912
f 2892/2892 2912/2912 2893/2893
f 2919/2919 2924/2924 2952/2952
f 2919/2919 2952/2952 2920/2920
f 2959/2959 2944/2944 2928/2928
f 2959/2959 2928/2928 2949/2949
f 1432/1432 1437/1437 2944/2944
f 1432/1432 2944/2944 2959/2959
f 2880/2880 2964/2964 2965/2965
f 2880/2880 2965/2965 2881/2881
f 2903/2903 2956/2956 2916/2916
f 2903/2903 2916/2916 2915/2915
f 2918/2918 2959/2959 2949/2949
f 2918/2918 2949/2949 2876/2876
f 2943/2943 2874/2874 2873/2873
f 2943/2943 2873/2873 2966/2966
f 2943/2943 2894/2894 2891/2891
f 2943/2943 2891/2891 2890/2890
f 2964/2964 2941/2941 2904/2904
f 2964/2964 2904/2904 2965/2965
f 1441/1441 1372/1372 2908/2908
f 1441/1441 2908/2908 2955/2955
f 2926/2926 2967/2967 2968/2968
f 2926/2926 2968/2968 2969/2969
f 2920/2920 2952/2952 2953/2953
f 2920/2920 2953/2953 2883/2883
f 1445/1445 2879/2879 2878/2878
f 1445/1445 2878/2878 1446/1446
f 2962/2962 2883/2883 2953/2953
f 2962/2962 2953/2953 2963/2963
f 1437/1437 1419/1419 2945/2945
f 1437/1437 2945/2945 2944/2944
f 2909/2909 2896/2896 2914/2914
f 2909/2909 2914/2914 2913/2913
f 2898/2898 2950/2950 2955/2955
f 2898/2898 2955/2955 2919/2919
f 2966/2966 2900/2900 2894/2894
f 2966/2966 2894/2894 2943/2943
f 2921/2921 2938/2938 2934/2934
f 2921/2921 2934/2934 2922/2922
f 2906/2906 2881/2881 2965/2965
f 2906/2906 2965/2965 2948/2948
f 2911/2911 1446/1446 2878/2878
f 2911/2911 2878/2878 2877/2877
f 2970/2970 2961/2961 2930/2930
f 2970/2970 2930/2930 2929/2929
f 2958/2958 2897/2897 2900/2900
f 2958/2958 2900/2900 2966/2966
f 2925/2925 2954/2954 2967/2967
f 2925/2925 2967/2967 2926/2926
f 1414/1414 2917/2917 2879/2879
f 1414/1414 2879/2879 1445/1445
f 2848/2848 2926/2926 2969/2969
f 2848/2848 2969/2969 2849/2849
f 2930/2930 2963/2963 2953/2953
f 2930/2930 2953/2953 2931/2931
f 2876/2876 2949/2949 2912/2912
f 2876/2876 2912/2912 2877/2877
f 2779/2779 2666/2666 2571/2571
f 2779/2779 2571/2571 2747/2747
f 2924/2924 2919/2919 2938/2938
f 2924/2924 2938/2938 2921/2921
f 1421/1421 1441/1441 2955/2955
f 1421/1421 2955/2955 2950/2950
f 2948/2948 2947/2947 2946/2946
f 2948/2948 2946/2946 2906/2906
f 2966/2966 2873/2873 2927/2927
f 2966/2966 2927/2927 2958/2958
f 2948/2948 2965/2965 2904/2904
f 2948/2948 2904/2904 2903/2903
f 2971/2971 2941/2941 2972/2972
f 2971/2971 2972/2972 2973/2973
f 2942/2942 2941/2941 2971/2971
f 2942/2942 2971/2971 2974/2974
f 2975/2975 2972/2972 2941/2941
f 2975/2975 2941/2941 2964/2964
f 2976/2976 2880/2880 2883/2883
f 2976/2976 2883/2883 2962/2962
f 2977/2977 2976/2976 2962/2962
f 2977/2977 2962/2962 2961/2961
f 2976/2976 2975/2975 2964/2964
f 2976/2976 2964/2964 2880/2880
f 2978/2978 2939/2939 2942/2942
f 2978/2978 2942/2942 2974/2974
f 2979/2979 2940/2940 2939/2939
f 2979/2979 2939/2939 2978/2978
f 2980/2980 2977/2977 2961/2961
f 2980/2980 2961/2961 2970/2970
f 2981/2981 2982/2982 2973/2973
f 2981/2981 2973/2973 2972/2972
f 2983/2983 2984/2984 2974/2974
f 2983/2983 2974/2974 2971/2971
f 2984/2984 2985/2985 2978/2978
f 2984/2984 2978/2978 2974/2974
f 2982/2982 2983/2983 2971/2971
f 2982/2982 2971/2971 2973/2973
f 2986/2986 2981/2981 2972/2972
f 2986/2986 2972/2972 2975/2975
f 2977/2977 2986/2986 2975/2975
f 2977/2977 2975/2975 2976/2976
f 2979/2979 2978/2978 2985/2985
f 2979/2979 2985/2985 2987/2987
f 2988/2988 2989/2989 2984/2984
f 2988/2988 2984/2984 2983/2983
f 2985/2985 2984/2984 2989/2989
f 2985/2985 2989/2989 2990/2990
f 2987/2987 2985/2985 2990/2990
f 2987/2987 2990/2990 2991/2991
f 2992/2992 2988/2988 2983/2983
f 2992/2992 2983/2983 2982/2982
f 2993/2993 2992/2992 2982/2982
f 2993/2993 2982/2982 2981/2981
f 2994/2994 2993/2993 2981/2981
f 2994/2994 2981/2981 2986/2986
f 2986/2986 2977/2977 2980/2980
f 2986/2986 2980/2980 2994/2994
f 2995/2995 2996/2996 2997/2997
f 2995/2995 2997/2997 2998/2998
f 2996/2996 2852/2852 2853/2853
f 2996/2996 2853/2853 2997/2997
f 2736/2736 2999/2999 2721/2721
f 2736/2736 2721/2721 2608/2608
f 2999/2999 2785/2785 2720/2720
f 2999/2999 2720/2720 2721/2721
f 2999/2999 2736/2736 2760/2760
f 2999/2999 2760/2760 3000/3000
f 2871/2871 2845/2845 2969/2969
f 2871/2871 2969/2969 2968/2968
f 2845/2845 2844/2844 2849/2849
f 2845/2845 2849/2849 2969/2969
f 2849/2849 2844/2844 2865/2865
f 2849/2849 2865/2865 2850/2850
f 2663/2663 2633/2633 2632/2632
f 2663/2663 2632/2632 2662/2662
f 2662/2662 2632/2632 2749/2749
f 2662/2662 2749/2749 2678/2678
f 2682/2682 2750/2750 2749/2749
f 2682/2682 2749/2749 2677/2677
f 1921/1921 1883/1883 1850/1850
f 1921/1921 1850/1850 1922/1922
f 1881/1881 2163/2163 2207/2207
f 1881/1881 2207/2207 1882/1882
f 2115/2115 2207/2207 2209/2209
f 2115/2115 2209/2209 2116/2116
f 2136/2136 2116/2116 2209/2209
f 2136/2136 2209/2209 2137/2137
f 1825/1825 1805/1805 1804/1804
f 1825/1825 1804/1804 1758/1758
f 1804/1804 1781/1781 1755/1755
f 1804/1804 1755/1755 1758/1758
f 2705/2705 2704/2704 3001/3001
f 2705/2705 3001/3001 2778/2778
f 2704/2704 2785/2785 3002/3002
f 2704/2704 3002/3002 3001/3001
f 2999/2999 3000/3000 3002/3002
f 2999/2999 3002/3002 2785/2785
f 2657/2657 2998/2998 2997/2997
f 2657/2657 2997/2997 2654/2654
f 2997/2997 2853/2853 2644/2644
f 2997/2997 2644/2644 2654/2654
f 2853/2853 2851/2851 2645/2645
f 2853/2853 2645/2645 2644/2644
f 2851/2851 2850/2850 2663/2663
f 2851/2851 2663/2663 2645/2645
f 2850/2850 2865/2865 2633/2633
f 2850/2850 2633/2633 2663/2663
f 2865/2865 2864/2864 2634/2634
f 2865/2865 2634/2634 2633/2633
f 2570/2570 2656/2656 2655/2655
f 2570/2570 2655/2655 2571/2571
f 1949/1949 1943/1943 1921/1921
f 1949/1949 1921/1921 1920/1920
f 1930/1930 1933/1933 2604/2604
f 1930/1930 2604/2604 2996/2996
f 2925/2925 2852/2852 2996/2996
f 2925/2925 2996/2996 2604/2604
f 1949/1949 1920/1920 2604/2604
f 1949/1949 2604/2604 1933/1933
f 2995/2995 1931/1931 1930/1930
f 2995/2995 1930/1930 2996/2996
f 2951/2951 2923/2923 2922/2922
f 2951/2951 2922/2922 3003/3003
f 2934/2934 2933/2933 3003/3003
f 2934/2934 3003/3003 2922/2922
f 1728/1728 1727/1727 3004/3004
f 1728/1728 3004/3004 1658/1658
f 1658/1658 3004/3004 1687/1687
f 1658/1658 1687/1687 1659/1659
f 2641/2641 2631/2631 2634/2634
f 2641/2641 2634/2634 3005/3005
f 2864/2864 2843/2843 2869/2869
f 2864/2864 2869/2869 3006/3006
f 3005/3005 2634/2634 2864/2864
f 3005/3005 2864/2864 3006/3006
f 2957/2957 3007/3007 3008/3008
f 2957/2957 3008/3008 2956/2956
f 2956/2956 3008/3008 3009/3009
f 2956/2956 3009/3009 2916/2916
f 2916/2916 3009/3009 2909/2909
f 2916/2916 2909/2909 2913/2913
f 3008/3008 3007/3007 2884/2884
f 3008/3008 2884/2884 2887/2887
f 3009/3009 3008/3008 2887/2887
f 3009/3009 2887/2887 2889/2889
f 2909/2909 3009/3009 2889/2889
f 2909/2909 2889/2889 2888/2888
f 2390/2390 2489/2489 3010/3010
f 2390/2390 3010/3010 3011/3011
f 2072/2072 2020/2020 2494/2494
f 2072/2072 2494/2494 2489/2489
f 2699/2699 2698/2698 3012/3012
f 2699/2699 3012/3012 3013/3013
f 2698/2698 2719/2719 3014/3014
f 2698/2698 3014/3014 3012/3012
f 2719/2719 2778/2778 3015/3015
f 2719/2719 3015/3015 3014/3014
f 2786/2786 2699/2699 3013/3013
f 2786/2786 3013/3013 2787/2787
f 2778/2778 3001/3001 3016/3016
f 2778/2778 3016/3016 3015/3015
f 3001/3001 3002/3002 3000/3000
f 3001/3001 3000/3000 3016/3016
f 3017/3017 3018/3018 3019/3019
f 3017/3017 3019/3019 3020/3020
f 3021/3021 3022/3022 3023/3023
f 3021/3021 3023/3023 3024/3024
f 3025/3025 3026/3026 3027/3027
f 3025/3025 3027/3027 3028/3028
f 3029/3029 3030/3030 3031/3031
f 3029/3029 3031/3031 3027/3027
f 3022/3022 3021/3021 3032/3032
f 3022/3022 3032/3032 3033/3033
f 3033/3033 3032/3032 3034/3034
f 3033/3033 3034/3034 3035/3035
f 3035/3035 3034/3034 3036/3036
f 3035/3035 3036/3036 3037/3037
f 3038/3038 3039/3039 3040/3040
f 3038/3038 3040/3040 3041/3041
f 3042/3042 3043/3043 3024/3024
f 3042/3042 3024/3024 3023/3023
f 3043/3043 3042/3042 3017/3017
f 3043/3043 3017/3017 3020/3020
f 3044/3044 3045/3045 3039/3039
f 3044/3044 3039/3039 3038/3038
f 3045/3045 3044/3044 3046/3046
f 3045/3045 3046/3046 3047/3047
f 3048/3048 3049/3049 3029/3029
f 3048/3048 3029/3029 3050/3050
f 3051/3051 3052/3052 3018/3018
f 3051/3051 3018/3018 3017/3017
f 3053/3053 3054/3054 3023/3023
f 3053/3053 3023/3023 3022/3022
f 3055/3055 3027/3027 3026/3026
f 3055/3055 3026/3026 3056/3056
f 3050/3050 3029/3029 3027/3027
f 3050/3050 3027/3027 3055/3055
f 3053/3053 3022/3022 3033/3033
f 3053/3053 3033/3033 3057/3057
f 3057/3057 3033/3033 3035/3035
f 3057/3057 3035/3035 3058/3058
f 3058/3058 3035/3035 3037/3037
f 3058/3058 3037/3037 3059/3059
f 3048/3048 3060/3060 3041/3041
f 3048/3048 3041/3041 3049/3049
f 3060/3060 3061/3061 3038/3038
f 3060/3060 3038/3038 3041/3041
f 3054/3054 3062/3062 3042/3042
f 3054/3054 3042/3042 3023/3023
f 3062/3062 3051/3051 3017/3017
f 3062/3062 3017/3017 3042/3042
f 3063/3063 3044/3044 3038/3038
f 3063/3063 3038/3038 3061/3061
f 3059/3059 3046/3046 3044/3044
f 3059/3059 3044/3044 3063/3063
f 3064/3064 3052/3052 3051/3051
f 3064/3064 3051/3051 3065/3065
f 3066/3066 3065/3065 3054/3054
f 3066/3066 3054/3054 3053/3053
f 3066/3066 3053/3053 3057/3057
f 3066/3066 3057/3057 3067/3067
f 3067/3067 3057/3057 3058/3058
f 3067/3067 3058/3058 3059/3059
f 3065/3065 3051/3051 3062/3062
f 3065/3065 3062/3062 3054/3054
f 3068/3068 3069/3069 3064/3064
f 3068/3068 3064/3064 3065/3065
f 3070/3070 3068/3068 3065/3065
f 3070/3070 3065/3065 3066/3066
f 3071/3071 3070/3070 3066/3066
f 3071/3071 3066/3066 3067/3067
f 3063/3063 3071/3071 3067/3067
f 3063/3063 3067/3067 3059/3059
f 3048/3048 3050/3050 3068/3068
f 3048/3048 3068/3068 3070/3070
f 3060/3060 3048/3048 3070/3070
f 3060/3060 3070/3070 3071/3071
f 3061/3061 3060/3060 3071/3071
f 3061/3061 3071/3071 3063/3063
f 3050/3050 3055/3055 3069/3069
f 3050/3050 3069/3069 3068/3068
f 3040/3040 3072/3072 3049/3049
f 3040/3040 3049/3049 3041/3041
f 3073/3073 3030/3030 3074/3074
f 3073/3073 3074/3074 3075/3075
f 3076/3076 3019/3019 3018/3018
f 3076/3076 3018/3018 3077/3077
f 3077/3077 3018/3018 3052/3052
f 3077/3077 3052/3052 3078/3078
f 3052/3052 3064/3064 3079/3079
f 3052/3052 3079/3079 3078/3078
f 3055/3055 3056/3056 3080/3080
f 3055/3055 3080/3080 3069/3069
f 3079/3079 3064/3064 3069/3069
f 3079/3079 3069/3069 3080/3080
f 3081/3081 3082/3082 3083/3083
f 3081/3081 3083/3083 3084/3084
f 3085/3085 3086/3086 3087/3087
f 3085/3085 3087/3087 3088/3088
f 3085/3085 3084/3084 3083/3083
f 3085/3085 3083/3083 3086/3086
f 3089/3089 3090/3090 3088/3088
f 3089/3089 3088/3088 3087/3087
f 3091/3091 3092/3092 3093/3093
f 3091/3091 3093/3093 3094/3094
f 3095/3095 3096/3096 3091/3091
f 3095/3095 3091/3091 3094/3094
f 3082/3082 3097/3097 3095/3095
f 3082/3082 3095/3095 3083/3083
f 3097/3097 3098/3098 3096/3096
f 3097/3097 3096/3096 3095/3095
f 3099/3099 3100/3100 3098/3098
f 3099/3099 3098/3098 3097/3097
f 3101/3101 3102/3102 3100/3100
f 3101/3101 3100/3100 3099/3099
f 3081/3081 3103/3103 3101/3101
f 3081/3081 3101/3101 3082/3082
f 3103/3103 3104/3104 3102/3102
f 3103/3103 3102/3102 3101/3101
f 3097/3097 3082/3082 3101/3101
f 3097/3097 3101/3101 3099/3099
f 3087/3087 3093/3093 3092/3092
f 3087/3087 3092/3092 3089/3089
f 3083/3083 3095/3095 3094/3094
f 3083/3083 3094/3094 3086/3086
f 3094/3094 3093/3093 3087/3087
f 3094/3094 3087/3087 3086/3086
f 3105/3105 3102/3102 3104/3104
f 3105/3105 3104/3104 3106/3106
f 3107/3107 3100/3100 3102/3102
f 3107/3107 3102/3102 3105/3105
f 3108/3108 3098/3098 3100/3100
f 3108/3108 3100/3100 3107/3107
f 3109/3109 3096/3096 3098/3098
f 3109/3109 3098/3098 3108/3108
f 3110/3110 3091/3091 3096/3096
f 3110/3110 3096/3096 3109/3109
f 3111/3111 3092/3092 3091/3091
f 3111/3111 3091/3091 3110/3110
f 3111/3111 3112/3112 3089/3089
f 3111/3111 3089/3089 3092/3092
f 3112/3112 3113/3113 3090/3090
f 3112/3112 3090/3090 3089/3089
f 3114/3114 3115/3115 3104/3104
f 3114/3114 3104/3104 3103/3103
f 3114/3114 3088/3088 3090/3090
f 3114/3114 3090/3090 3115/3115
f 3084/3084 3114/3114 3103/3103
f 3084/3084 3103/3103 3081/3081
f 3084/3084 3085/3085 3088/3088
f 3084/3084 3088/3088 3114/3114
f 3116/3116 3106/3106 3104/3104
f 3116/3116 3104/3104 3115/3115
f 3113/3113 3116/3116 3115/3115
f 3113/3113 3115/3115 3090/3090
f 2480/2480 2479/2479 3117/3117
f 2480/2480 3117/3117 3118/3118
f 2494/2494 2480/2480 3118/3118
f 2494/2494 3118/3118 3119/3119
f 2489/2489 2494/2494 3119/3119
f 2489/2489 3119/3119 3010/3010
f 1744/1744 1743/1743 1773/1773
f 1744/1744 1773/1773 1791/1791
f 3120/3120 3121/3121 3076/3076
f 3120/3120 3076/3076 3077/3077
f 3056/3056 3120/3120 3077/3077
f 3056/3056 3077/3077 3078/3078
f 3078/3078 3079/3079 3080/3080
f 3078/3078 3080/3080 3056/3056
f 1743/1743 1900/1900 1774/1774
f 1743/1743 1774/1774 1773/1773
f 1900/1900 2262/2262 2261/2261
f 1900/1900 2261/2261 1774/1774
f 2135/2135 2134/2134 2162/2162
f 2135/2135 2162/2162 2161/2161
f 2134/2134 2201/2201 2195/2195
f 2134/2134 2195/2195 2162/2162
f 2204/2204 2203/2203 2206/2206
f 2204/2204 2206/2206 2208/2208
f 2201/2201 2205/2205 2011/2011
f 2201/2201 2011/2011 2195/2195
f 2203/2203 2135/2135 2161/2161
f 2203/2203 2161/2161 2206/2206
f 2057/2057 2205/2205 2167/2167
f 2057/2057 2167/2167 2058/2058
f 2286/2286 2204/2204 2208/2208
f 2286/2286 2208/2208 2319/2319
f 2321/2321 2286/2286 2319/2319
f 2321/2321 2319/2319 2263/2263
f 2321/2321 2329/2329 2219/2219
f 2321/2321 2219/2219 2218/2218
f 2329/2329 1800/1800 1784/1784
f 2329/2329 1784/1784 2219/2219
f 2499/2499 2479/2479 2064/2064
f 2499/2499 2064/2064 2056/2056
f 2057/2057 2056/2056 2064/2064
f 2057/2057 2064/2064 2012/2012
f 2499/2499 2498/2498 3117/3117
f 2499/2499 3117/3117 2479/2479
f 1746/1746 3122/3122 1815/1815
f 1746/1746 1815/1815 1747/1747
f 1789/1789 1792/1792 1759/1759
f 1789/1789 1759/1759 1790/1790
f 1814/1814 1820/1820 1748/1748
f 1814/1814 1748/1748 1747/1747
f 1821/1821 1762/1762 3122/3122
f 1821/1821 3122/3122 1746/1746
f 1790/1790 1759/1759 1762/1762
f 1790/1790 1762/1762 1821/1821
f 2406/2406 2394/2394 2366/2366
f 2406/2406 2366/2366 2407/2407
f 2407/2407 2366/2366 2369/2369
f 2407/2407 2369/2369 2410/2410
f 2410/2410 2369/2369 2402/2402
f 2410/2410 2402/2402 2411/2411
f 2406/2406 2405/2405 1820/1820
f 2406/2406 1820/1820 1814/1814
f 1760/1760 1766/1766 1768/1768
f 1760/1760 1768/1768 1761/1761
f 1808/1808 1815/1815 3122/3122
f 1808/1808 3122/3122 1809/1809
f 1795/1795 1816/1816 1766/1766
f 1795/1795 1766/1766 1760/1760
f 1808/1808 1807/1807 1818/1818
f 1808/1808 1818/1818 1819/1819
f 1809/1809 3122/3122 1762/1762
f 1809/1809 1762/1762 1761/1761
f 2367/2367 2339/2339 2392/2392
f 2367/2367 2392/2392 2368/2368
f 2395/2395 2338/2338 2339/2339
f 2395/2395 2339/2339 2367/2367
f 2368/2368 2392/2392 2351/2351
f 2368/2368 2351/2351 2380/2380
f 2395/2395 2394/2394 1813/1813
f 2395/2395 1813/1813 1819/1819
f 1925/1925 1915/1915 1916/1916
f 1925/1925 1916/1916 2411/2411
f 1935/1935 1934/1934 2402/2402
f 1935/1935 2402/2402 2380/2380
f 3123/3123 3031/3031 3030/3030
f 3123/3123 3030/3030 3073/3073
f 3075/3075 3074/3074 3049/3049
f 3075/3075 3049/3049 3072/3072
f 3049/3049 3074/3074 3030/3030
f 3049/3049 3030/3030 3029/3029
f 3027/3027 3031/3031 3123/3123
f 3027/3027 3123/3123 3028/3028
f 1795/1795 1794/1794 1823/1823
f 1795/1795 1823/1823 1816/1816
f 1789/1789 1817/1817 1793/1793
f 1789/1789 1793/1793 1792/1792
f 2306/2306 2563/2563 2562/2562
f 2306/2306 2562/2562 2307/2307
f 2432/2432 2482/2482 3124/3124
f 2432/2432 3124/3124 2433/2433
f 2413/2413 3124/3124 2482/2482
f 2413/2413 2482/2482 2450/2450
f 2307/2307 2562/2562 2451/2451
f 2307/2307 2451/2451 2450/2450
f 2619/2619 2585/2585 2587/2587
f 2619/2619 2587/2587 2620/2620
f 2432/2432 2431/2431 2585/2585
f 2432/2432 2585/2585 2619/2619
f 1924/1924 1937/1937 1965/1965
f 1924/1924 1965/1965 1950/1950
f 1864/1864 1945/1945 1944/1944
f 1864/1864 1944/1944 3125/3125
f 2060/2060 2059/2059 1939/1939
f 2060/2060 1939/1939 1908/1908
f 1950/1950 1965/1965 2061/2061
f 1950/1950 2061/2061 2060/2060
f 2059/2059 1864/1864 1863/1863
f 2059/2059 1863/1863 1939/1939
f 1925/1925 1934/1934 1937/1937
f 1925/1925 1937/1937 1924/1924
f 2411/2411 2402/2402 1934/1934
f 2411/2411 1934/1934 1925/1925
f 1936/1936 1935/1935 1845/1845
f 1936/1936 1845/1845 1844/1844
f 1947/1947 1946/1946 1898/1898
f 1947/1947 1898/1898 1928/1928
f 1946/1946 1955/1955 1899/1899
f 1946/1946 1899/1899 1898/1898
f 1957/1957 3125/3125 1944/1944
f 1957/1957 1944/1944 1947/1947
f 1964/1964 1936/1936 1844/1844
f 1964/1964 1844/1844 1917/1917
f 1935/1935 1919/1919 1867/1867
f 1935/1935 1867/1867 1845/1845
f 2091/2091 2007/2007 2038/2038
f 2091/2091 2038/2038 1992/1992
f 2007/2007 2091/2091 1964/1964
f 2007/2007 1964/1964 1917/1917
f 1955/1955 2091/2091 1992/1992
f 1955/1955 1992/1992 1899/1899
f 3125/3125 1957/1957 1894/1894
f 3125/3125 1894/1894 1893/1893
f 1865/1865 1864/1864 3125/3125
f 1865/1865 3125/3125 1893/1893
f 1894/1894 1957/1957 1890/1890
f 1894/1894 1890/1890 1886/1886
f 1892/1892 1866/1866 1865/1865
f 1892/1892 1865/1865 1893/1893
f 1977/1977 2412/2412 2543/2543
f 1977/1977 2543/2543 1978/1978
f 1981/1981 1976/1976 1979/1979
f 1981/1981 1979/1979 1982/1982
f 1977/1977 1976/1976 3124/3124
f 1977/1977 3124/3124 2413/2413
f 2433/2433 3124/3124 1976/1976
f 2433/2433 1976/1976 1981/1981
f 1978/1978 2095/2095 2094/2094
f 1978/1978 2094/2094 1979/1979
f 1979/1979 2094/2094 2047/2047
f 1979/1979 2047/2047 1982/1982
f 2050/2050 2046/2046 2047/2047
f 2050/2050 2047/2047 2094/2094
f 2543/2543 2096/2096 2095/2095
f 2543/2543 2095/2095 1978/1978
f 2624/2624 2623/2623 3126/3126
f 2624/2624 3126/3126 2653/2653
f 2767/2767 2766/2766 2622/2622
f 2767/2767 2622/2622 2621/2621
f 2652/2652 2491/2491 2490/2490
f 2652/2652 2490/2490 2801/2801
f 2800/2800 2767/2767 2621/2621
f 2800/2800 2621/2621 2801/2801
f 2800/2800 2572/2572 2665/2665
f 2800/2800 2665/2665 2767/2767
f 2624/2624 2652/2652 2801/2801
f 2624/2624 2801/2801 2621/2621

