# https://github.com/mikedh/trimesh
mtllib material.mtl
usemtl MetalPins
v 0.01143899 0.25077549 -0.25332499
v 0.01141376 0.25079831 -0.25354835
v 0.01138771 0.25068890 -0.25357607
v 0.01141231 0.25065555 -0.25335498
v 0.01137398 0.25063355 -0.25313800
v 0.01139950 0.25075084 -0.25310507
v 0.01127678 0.25058077 -0.25292209
v 0.01130014 0.25069330 -0.25288621
v 0.01112654 0.25053496 -0.25274332
v 0.01114520 0.25065389 -0.25269731
v 0.01093320 0.25059960 -0.25253546
v 0.01092108 0.25048597 -0.25258315
v 0.01047411 0.25008564 -0.25253357
v 0.01047583 0.24998933 -0.25258973
v 0.01023860 0.24998578 -0.25259369
v 0.01022837 0.25009475 -0.25254556
v 0.01001448 0.25003555 -0.25266788
v 0.00999694 0.25012702 -0.25261009
v 0.00982614 0.25006801 -0.25277587
v 0.00980251 0.25018198 -0.25273301
v 0.00968339 0.25014243 -0.25294145
v 0.00965533 0.25023972 -0.25289608
v 0.00959457 0.25022261 -0.25313172
v 0.00956471 0.25029889 -0.25308290
v 0.00956885 0.25028674 -0.25333139
v 0.00953677 0.25039425 -0.25329754
v 0.00960559 0.25037915 -0.25353563
v 0.00957698 0.25046238 -0.25350644
v 0.00970636 0.25043352 -0.25371821
v 0.00968077 0.25052884 -0.25369836
v 0.00985830 0.25051311 -0.25388567
v 0.00983537 0.25061553 -0.25386853
v 0.01005090 0.25059894 -0.25402907
v 0.01003552 0.25070355 -0.25402093
v 0.01027561 0.25063615 -0.25411919
v 0.01026610 0.25075378 -0.25411475
v 0.01051279 0.25078440 -0.25415731
v 0.01051392 0.25067462 -0.25416064
v 0.01075173 0.25069448 -0.25414102
v 0.01075850 0.25080602 -0.25413324
v 0.01098453 0.25083324 -0.25406441
v 0.01097282 0.25071768 -0.25407160
v 0.01115933 0.25070946 -0.25393846
v 0.01117652 0.25082730 -0.25392934
v 0.01132223 0.25082421 -0.25375806
v 0.01130134 0.25070871 -0.25377634
v 0.01152291 0.25087893 -0.25331162
v 0.01149410 0.25091853 -0.25355864
v 0.01148328 0.25083258 -0.25306311
v 0.01137108 0.25078703 -0.25282369
v 0.01120283 0.25074209 -0.25262050
v 0.01097458 0.25066882 -0.25243748
v 0.01047068 0.25015623 -0.25242924
v 0.01020216 0.25016522 -0.25244430
v 0.00995010 0.25020855 -0.25252422
v 0.00973722 0.25025683 -0.25265003
v 0.00957742 0.25029964 -0.25281958
v 0.00947873 0.25037278 -0.25303508
v 0.00944882 0.25046580 -0.25327092
v 0.00949008 0.25055753 -0.25349731
v 0.00960417 0.25062292 -0.25371497
v 0.00977349 0.25071134 -0.25390814
v 0.00999231 0.25078266 -0.25405922
v 0.01024518 0.25084646 -0.25417251
v 0.01051379 0.25089711 -0.25421702
v 0.01078063 0.25090984 -0.25419388
v 0.01102863 0.25092317 -0.25410894
v 0.01123824 0.25093074 -0.25396438
v 0.01139677 0.25091915 -0.25377302
v 0.01161808 0.25098035 -0.25359291
v 0.01164967 0.25091868 -0.25330129
v 0.01160425 0.25087274 -0.25302653
v 0.01147998 0.25083258 -0.25276734
v 0.01128880 0.25077241 -0.25253526
v 0.01103661 0.25070201 -0.25233291
v 0.01016349 0.25019867 -0.25232787
v 0.01046668 0.25016960 -0.25230053
v 0.00988257 0.25021760 -0.25240368
v 0.00964432 0.25027165 -0.25255395
v 0.00946557 0.25031446 -0.25275062
v 0.00935389 0.25041056 -0.25299765
v 0.00932153 0.25048671 -0.25325676
v 0.00936771 0.25058347 -0.25351701
v 0.00949537 0.25064415 -0.25375784
v 0.00968668 0.25075011 -0.25397793
v 0.00993114 0.25082651 -0.25414939
v 0.01021589 0.25089112 -0.25427567
v 0.01051667 0.25094886 -0.25433104
v 0.01081679 0.25095907 -0.25429829
v 0.01109396 0.25098956 -0.25420837
v 0.01133166 0.25098848 -0.25405134
v 0.01150953 0.25098409 -0.25383692
v 0.01177761 0.25091046 -0.25332388
v 0.01174303 0.25095167 -0.25362750
v 0.01172802 0.25085733 -0.25301491
v 0.01159086 0.25080207 -0.25272130
v 0.01137703 0.25074850 -0.25247318
v 0.01109917 0.25067484 -0.25224978
v 0.01046462 0.25012682 -0.25219989
v 0.01012724 0.25015012 -0.25222147
v 0.00981568 0.25017443 -0.25231569
v 0.00955549 0.25019588 -0.25247300
v 0.00935577 0.25028416 -0.25270742
v 0.00923348 0.25035134 -0.25296857
v 0.00919602 0.25044546 -0.25326590
v 0.00924577 0.25055334 -0.25355959
v 0.00938374 0.25064568 -0.25383259
v 0.00960003 0.25071911 -0.25406894
v 0.00987096 0.25081173 -0.25426431
v 0.01018518 0.25088683 -0.25440195
v 0.01052053 0.25091312 -0.25444810
v 0.01085459 0.25094201 -0.25441962
v 0.01116105 0.25097350 -0.25432343
v 0.01142300 0.25097541 -0.25414443
v 0.01162126 0.25098351 -0.25391245
v 0.01182821 0.25087074 -0.25367736
v 0.01186584 0.25082602 -0.25335043
v 0.01181214 0.25078128 -0.25302271
v 0.01166512 0.25071888 -0.25271265
v 0.01144035 0.25063369 -0.25242865
v 0.01114378 0.25056697 -0.25220505
v 0.01010527 0.25003873 -0.25215977
v 0.01046377 0.25004474 -0.25215150
v 0.00977488 0.25008166 -0.25227527
v 0.00949624 0.25011254 -0.25244700
v 0.00928322 0.25018449 -0.25268831
v 0.00915256 0.25024790 -0.25296719
v 0.00911325 0.25034154 -0.25328019
v 0.00916412 0.25046464 -0.25359896
v 0.00930933 0.25058014 -0.25390340
v 0.00953937 0.25066208 -0.25415607
v 0.00983090 0.25074933 -0.25436750
v 0.01016705 0.25079996 -0.25450094
v 0.01052473 0.25085271 -0.25456092
v 0.01088104 0.25088300 -0.25452912
v 0.01120566 0.25091958 -0.25442258
v 0.01148691 0.25091806 -0.25423456
v 0.01169811 0.25091329 -0.25398306
v 0.01189476 0.25072292 -0.25338318
v 0.01185533 0.25078962 -0.25372666
v 0.01184183 0.25066040 -0.25304137
v 0.01169196 0.25062320 -0.25273689
v 0.01146296 0.25054024 -0.25244544
v 0.01115861 0.25046888 -0.25221325
v 0.01009747 0.24994567 -0.25217006
v 0.01046705 0.24991473 -0.25214751
v 0.00976132 0.24995668 -0.25227132
v 0.00947929 0.24998842 -0.25245452
v 0.00926168 0.25006178 -0.25269966
v 0.00912739 0.25013501 -0.25299001
v 0.00908574 0.25024222 -0.25331276
v 0.00913877 0.25034569 -0.25363429
v 0.00928570 0.25045298 -0.25393132
v 0.00952263 0.25053938 -0.25419839
v 0.00981830 0.25063216 -0.25441235
v 0.01016064 0.25071143 -0.25456016
v 0.01052720 0.25075872 -0.25462426
v 0.01088965 0.25078413 -0.25458608
v 0.01122559 0.25080450 -0.25447285
v 0.01151124 0.25080519 -0.25427716
v 0.01172398 0.25080410 -0.25401711
v 0.01186665 0.25062641 -0.25341895
v 0.01182904 0.25065714 -0.25374378
v 0.01181541 0.25055650 -0.25307742
v 0.01166935 0.25049292 -0.25276680
v 0.01144385 0.25041931 -0.25248845
v 0.01114649 0.25037888 -0.25227721
v 0.01010884 0.24983535 -0.25222893
v 0.01046839 0.24983757 -0.25221705
v 0.00978101 0.24983953 -0.25232590
v 0.00950134 0.24989364 -0.25250765
v 0.00928993 0.24996194 -0.25274722
v 0.00915922 0.25004109 -0.25303636
v 0.00911797 0.25012994 -0.25334233
v 0.00916855 0.25023777 -0.25365308
v 0.00931241 0.25035806 -0.25395561
v 0.00954407 0.25042641 -0.25420484
v 0.00983315 0.25054631 -0.25442899
v 0.01016926 0.25059368 -0.25455931
v 0.01052638 0.25065931 -0.25462757
v 0.01088202 0.25067812 -0.25459277
v 0.01121234 0.25071158 -0.25448815
v 0.01149191 0.25069764 -0.25428847
v 0.01170127 0.25070402 -0.25404722
v 0.01178421 0.25053334 -0.25343809
v 0.01174729 0.25055555 -0.25373885
v 0.01173292 0.25045877 -0.25311619
v 0.01159806 0.25040096 -0.25282734
v 0.01138504 0.25033437 -0.25256732
v 0.01110675 0.25027814 -0.25235624
v 0.01013445 0.24976362 -0.25233058
v 0.01047195 0.24975458 -0.25231495
v 0.00982627 0.24977601 -0.25242222
v 0.00956508 0.24982853 -0.25259379
v 0.00936708 0.24988248 -0.25281182
v 0.00924433 0.24995697 -0.25307621
v 0.00920423 0.25006658 -0.25336831
v 0.00925196 0.25017325 -0.25366464
v 0.00938856 0.25026951 -0.25394250
v 0.00960521 0.25033087 -0.25416866
v 0.00987762 0.25042967 -0.25437159
v 0.01019142 0.25048394 -0.25449747
v 0.01052727 0.25053686 -0.25455723
v 0.01086056 0.25058030 -0.25454182
v 0.01116772 0.25059804 -0.25443372
v 0.01143001 0.25059482 -0.25425316
v 0.01162661 0.25060594 -0.25402743
v 0.01165778 0.25049196 -0.25344406
v 0.01162659 0.25051803 -0.25371441
v 0.01161052 0.25042521 -0.25315199
v 0.01149001 0.25036758 -0.25289305
v 0.01129807 0.25032699 -0.25266705
v 0.01104421 0.25027336 -0.25247304
v 0.01016935 0.24975431 -0.25245065
v 0.01047612 0.24972817 -0.25244116
v 0.00989225 0.24976922 -0.25253693
v 0.00965722 0.24981695 -0.25269227
v 0.00947710 0.24987455 -0.25288797
v 0.00936683 0.24994248 -0.25312513
v 0.00933266 0.25003028 -0.25337936
v 0.00937512 0.25013391 -0.25364591
v 0.00949715 0.25025639 -0.25390349
v 0.00969377 0.25030037 -0.25410302
v 0.00993974 0.25038686 -0.25428442
v 0.01022314 0.25045616 -0.25440544
v 0.01052386 0.25049623 -0.25445443
v 0.01082317 0.25054132 -0.25443417
v 0.01110263 0.25055122 -0.25434589
v 0.01133688 0.25054252 -0.25417275
v 0.01151625 0.25052893 -0.25395973
v 0.01152971 0.25051156 -0.25343112
v 0.01150355 0.25051672 -0.25366049
v 0.01148902 0.25045736 -0.25317578
v 0.01137961 0.25041894 -0.25294265
v 0.01121076 0.25035186 -0.25272957
v 0.01098211 0.25029546 -0.25255380
v 0.01020592 0.24981060 -0.25256024
v 0.01047890 0.24978563 -0.25254831
v 0.00995826 0.24981826 -0.25263182
v 0.00974482 0.24986825 -0.25275889
v 0.00958529 0.24993875 -0.25294477
v 0.00948558 0.25000090 -0.25314541
v 0.00945625 0.25007846 -0.25337393
v 0.00949750 0.25017317 -0.25361172
v 0.00960787 0.25026670 -0.25382994
v 0.00978075 0.25033103 -0.25401426
v 0.00999812 0.25042029 -0.25417460
v 0.01025133 0.25047554 -0.25428434
v 0.01051923 0.25052002 -0.25432821
v 0.01078788 0.25054098 -0.25431078
v 0.01103648 0.25054705 -0.25422196
v 0.01124638 0.25055796 -0.25407939
v 0.01140661 0.25052987 -0.25388364
v 0.01144411 0.25056047 -0.25339313
v 0.01141790 0.25058938 -0.25361698
v 0.01140302 0.25052038 -0.25315715
v 0.01130479 0.25049524 -0.25294898
v 0.01114731 0.25044605 -0.25276100
v 0.01093765 0.25037895 -0.25259356
v 0.01023218 0.24988681 -0.25260719
v 0.01048005 0.24987017 -0.25259625
v 0.01000014 0.24993612 -0.25268112
v 0.00980738 0.24997136 -0.25280122
v 0.00965954 0.25003355 -0.25296077
v 0.00957050 0.25008307 -0.25314312
v 0.00954179 0.25016687 -0.25335326
v 0.00957759 0.25027174 -0.25356879
v 0.00968220 0.25033403 -0.25376040
v 0.00983939 0.25041135 -0.25393528
v 0.01003943 0.25049266 -0.25408301
v 0.01027023 0.25055300 -0.25418552
v 0.01051699 0.25057112 -0.25421804
v 0.01076203 0.25061293 -0.25421013
v 0.01098832 0.25062905 -0.25412819
v 0.01118228 0.25062615 -0.25399859
v 0.01132850 0.25061936 -0.25382275
v 0.01141231 0.25065555 -0.25335498
v 0.01138771 0.25068890 -0.25357607
v 0.01137398 0.25063355 -0.25313800
v 0.01127678 0.25058077 -0.25292209
v 0.01112654 0.25053496 -0.25274332
v 0.01092108 0.25048597 -0.25258315
v 0.01023860 0.24998578 -0.25259369
v 0.01047583 0.24998933 -0.25258973
v 0.01001448 0.25003555 -0.25266788
v 0.00982614 0.25006801 -0.25277587
v 0.00968339 0.25014243 -0.25294145
v 0.00959457 0.25022261 -0.25313172
v 0.00956885 0.25028674 -0.25333139
v 0.00960559 0.25037915 -0.25353563
v 0.00970636 0.25043352 -0.25371821
v 0.00985830 0.25051311 -0.25388567
v 0.01005090 0.25059894 -0.25402907
v 0.01027561 0.25063615 -0.25411919
v 0.01051392 0.25067462 -0.25416064
v 0.01075173 0.25069448 -0.25414102
v 0.01097282 0.25071768 -0.25407160
v 0.01115933 0.25070946 -0.25393846
v 0.01130134 0.25070871 -0.25377634
v 0.01144842 0.25031329 -0.25346384
v 0.01142102 0.25032878 -0.25368065
v 0.01139580 0.25022755 -0.25371173
v 0.01142141 0.25019313 -0.25348922
v 0.01141065 0.25026593 -0.25322975
v 0.01138345 0.25015874 -0.25327311
v 0.01130901 0.25020468 -0.25300727
v 0.01128636 0.25012334 -0.25306483
v 0.01113715 0.25005695 -0.25287291
v 0.01115254 0.25018862 -0.25283343
v 0.01095301 0.25014270 -0.25268458
v 0.01094214 0.25001786 -0.25273239
v 0.01071701 0.24999753 -0.25263515
v 0.01072192 0.25009046 -0.25257501
v 0.01050696 0.25032529 -0.25429857
v 0.01050648 0.25022119 -0.25429998
v 0.01076039 0.25023985 -0.25427561
v 0.01076688 0.25033471 -0.25426711
v 0.01099241 0.25036653 -0.25419551
v 0.01097913 0.25026867 -0.25421382
v 0.01118571 0.25035557 -0.25406083
v 0.01116601 0.25026152 -0.25408230
v 0.01133182 0.25035047 -0.25389065
v 0.01130859 0.25023710 -0.25390695
v 0.01153281 0.25040363 -0.25344487
v 0.01150340 0.25044105 -0.25369321
v 0.01149029 0.25036298 -0.25319074
v 0.01138077 0.25031253 -0.25295827
v 0.01121195 0.25026639 -0.25275338
v 0.01099223 0.25020670 -0.25258075
v 0.01073977 0.25018363 -0.25248065
v 0.01078932 0.25044808 -0.25432929
v 0.01050718 0.25043722 -0.25435807
v 0.01103648 0.25045680 -0.25424095
v 0.01124641 0.25047204 -0.25410153
v 0.01140623 0.25046443 -0.25391570
v 0.01162666 0.25050316 -0.25372018
v 0.01165785 0.25047434 -0.25344912
v 0.01161183 0.25041786 -0.25316711
v 0.01149051 0.25034663 -0.25289388
v 0.01129816 0.25028642 -0.25266078
v 0.01105312 0.25025165 -0.25248709
v 0.01076803 0.25019140 -0.25235041
v 0.01051194 0.25048980 -0.25447065
v 0.01082446 0.25051052 -0.25443842
v 0.01110176 0.25053678 -0.25434804
v 0.01133811 0.25051758 -0.25417530
v 0.01151810 0.25050702 -0.25396308
v 0.01178495 0.25042647 -0.25345187
v 0.01174604 0.25047835 -0.25375821
v 0.01173533 0.25040169 -0.25315590
v 0.01160000 0.25032551 -0.25285372
v 0.01138638 0.25027346 -0.25260360
v 0.01111527 0.25021595 -0.25240339
v 0.01079900 0.25015337 -0.25225368
v 0.01051708 0.25046920 -0.25459512
v 0.01086014 0.25050639 -0.25456311
v 0.01116962 0.25050858 -0.25445646
v 0.01142845 0.25052696 -0.25427884
v 0.01162699 0.25051579 -0.25404677
v 0.01187128 0.25036089 -0.25349014
v 0.01183054 0.25040202 -0.25380954
v 0.01181783 0.25031841 -0.25316224
v 0.01167652 0.25022752 -0.25283929
v 0.01144804 0.25018982 -0.25257569
v 0.01115900 0.25010512 -0.25235069
v 0.01082249 0.25008177 -0.25221811
v 0.01088532 0.25044374 -0.25466760
v 0.01052275 0.25039062 -0.25469892
v 0.01121503 0.25043995 -0.25454823
v 0.01149435 0.25045111 -0.25436832
v 0.01170241 0.25043872 -0.25411712
v 0.01189818 0.25025539 -0.25351876
v 0.01185915 0.25029829 -0.25385048
v 0.01184794 0.25018809 -0.25318013
v 0.01170246 0.25014676 -0.25286606
v 0.01147245 0.25007759 -0.25258568
v 0.01117430 0.25001227 -0.25236985
v 0.01083179 0.24994486 -0.25221335
v 0.01052478 0.25030486 -0.25476355
v 0.01089609 0.25033940 -0.25472770
v 0.01123248 0.25034356 -0.25460802
v 0.01151557 0.25035016 -0.25441882
v 0.01172657 0.25035173 -0.25416653
v 0.01187193 0.25013199 -0.25354313
v 0.01183325 0.25020505 -0.25388039
v 0.01182072 0.25009709 -0.25322319
v 0.01167828 0.25002480 -0.25290503
v 0.01145373 0.24997669 -0.25264045
v 0.01116319 0.24989881 -0.25241774
v 0.01082780 0.24985952 -0.25227939
v 0.01089194 0.25022572 -0.25473515
v 0.01052387 0.25019652 -0.25476217
v 0.01121908 0.25023858 -0.25461867
v 0.01149369 0.25024301 -0.25442519
v 0.01170527 0.25021814 -0.25417364
v 0.01178821 0.25007094 -0.25358179
v 0.01175002 0.25010788 -0.25388274
v 0.01173951 0.25000531 -0.25326394
v 0.01160655 0.24995465 -0.25297282
v 0.01139533 0.24989396 -0.25271662
v 0.01112382 0.24980478 -0.25250402
v 0.01080899 0.24978295 -0.25237746
v 0.01086659 0.25011539 -0.25466961
v 0.01052341 0.25010281 -0.25471414
v 0.01117560 0.25014540 -0.25457412
v 0.01143585 0.25014884 -0.25439296
v 0.01163099 0.25012315 -0.25415610
v 0.01166582 0.24999761 -0.25356933
v 0.01163094 0.25004379 -0.25385398
v 0.01162105 0.24997041 -0.25330482
v 0.01149915 0.24991513 -0.25303645
v 0.01130771 0.24985344 -0.25280151
v 0.01106279 0.24979432 -0.25261712
v 0.01077865 0.24975082 -0.25248871
v 0.01083211 0.25007037 -0.25456954
v 0.01052056 0.25004595 -0.25460230
v 0.01110963 0.25007328 -0.25447088
v 0.01134583 0.25008260 -0.25431459
v 0.01152309 0.25006414 -0.25410344
v 0.01154059 0.25001557 -0.25355517
v 0.01150934 0.25005875 -0.25379901
v 0.01149928 0.24997560 -0.25330749
v 0.01139062 0.24991944 -0.25306844
v 0.01122043 0.24986961 -0.25286565
v 0.01100184 0.24981917 -0.25270098
v 0.01074948 0.24978411 -0.25258681
v 0.01079575 0.25006515 -0.25443304
v 0.01051431 0.25003408 -0.25445697
v 0.01104250 0.25008852 -0.25435747
v 0.01125344 0.25010360 -0.25422150
v 0.01141383 0.25007065 -0.25402302
v 0.01145001 0.25009452 -0.25351925
v 0.01142521 0.25011622 -0.25374010
v 0.01141439 0.25004585 -0.25329416
v 0.01131494 0.25000167 -0.25307829
v 0.01115881 0.24995274 -0.25288950
v 0.01095733 0.24991439 -0.25273979
v 0.01072650 0.24988132 -0.25263935
v 0.01077117 0.25013443 -0.25433586
v 0.01051099 0.25012505 -0.25436952
v 0.01099734 0.25015982 -0.25426428
v 0.01118921 0.25014817 -0.25412452
v 0.01133742 0.25014017 -0.25395624
v 0.01142141 0.25019313 -0.25348922
v 0.01139580 0.25022755 -0.25371173
v 0.01138345 0.25015874 -0.25327311
v 0.01128636 0.25012334 -0.25306483
v 0.01113715 0.25005695 -0.25287291
v 0.01094214 0.25001786 -0.25273239
v 0.01071701 0.24999753 -0.25263515
v 0.01076039 0.25023985 -0.25427561
v 0.01050648 0.25022119 -0.25429998
v 0.01097913 0.25026867 -0.25421382
v 0.01116601 0.25026152 -0.25408230
v 0.01130859 0.25023710 -0.25390695
v 0.01060401 0.25042823 -0.25238806
v 0.01061025 0.25055388 -0.25234823
v 0.01063925 0.25062409 -0.25224956
v 0.01068174 0.25063736 -0.25212223
v 0.01072544 0.25060555 -0.25202969
v 0.01075841 0.25049665 -0.25197441
v 0.01076986 0.25041366 -0.25199316
v 0.01076257 0.25028150 -0.25203470
v 0.01073382 0.25020891 -0.25213873
v 0.01068858 0.25020908 -0.25225900
v 0.01064508 0.25023954 -0.25235269
v 0.01061605 0.25031992 -0.25240077
v 0.01060401 0.25042823 -0.25238806
v 0.01013379 0.25028160 -0.25429146
v 0.01013997 0.25017588 -0.25429673
v 0.01012196 0.25036356 -0.25433919
v 0.01010661 0.25041552 -0.25444832
v 0.01008956 0.25042321 -0.25458497
v 0.01008032 0.25034276 -0.25468729
v 0.01007807 0.25024502 -0.25474596
v 0.01008408 0.25013655 -0.25475004
v 0.01009623 0.25004043 -0.25469758
v 0.01011233 0.24998604 -0.25458617
v 0.01012787 0.25000024 -0.25445925
v 0.01013864 0.25007612 -0.25435524
v 0.01013997 0.25017588 -0.25429673
v 0.00950943 0.25036613 -0.25176302
v 0.00950412 0.25026407 -0.25182029
v 0.00842401 0.25010427 -0.25131133
v 0.00842831 0.25021020 -0.25125388
v 0.00725796 0.24994972 -0.25080267
v 0.00726193 0.25005707 -0.25074664
v 0.00608581 0.24977977 -0.25032797
v 0.00609228 0.24988390 -0.25027093
v 0.00491585 0.24960080 -0.24987980
v 0.00492162 0.24971422 -0.24982948
v 0.00373600 0.24958927 -0.24957609
v 0.00374140 0.24967736 -0.24951102
v 0.00256929 0.24915324 -0.24899374
v 0.00257311 0.24926650 -0.24893652
v 0.00128679 0.24909135 -0.24823787
v 0.00129118 0.24918287 -0.24817619
v 0.00002477 0.24900419 -0.24760937
v 0.00003096 0.24906046 -0.24751905
v -0.00122442 0.24895451 -0.24703044
v -0.00121722 0.24903472 -0.24696385
v -0.00242422 0.24878521 -0.24661746
v -0.00241454 0.24889214 -0.24656489
v -0.00370251 0.24858522 -0.24616596
v -0.00369435 0.24869786 -0.24611510
v 0.00844800 0.25028362 -0.25115250
v 0.00952977 0.25043753 -0.25166471
v 0.00728154 0.25012669 -0.25064419
v 0.00611135 0.24995391 -0.25016239
v 0.00494125 0.24978235 -0.24972595
v 0.00376157 0.24974892 -0.24940663
v 0.00259360 0.24933639 -0.24883848
v 0.00131254 0.24928010 -0.24808822
v 0.00004997 0.24915640 -0.24742834
v -0.00119505 0.24911346 -0.24686789
v -0.00239331 0.24895665 -0.24646320
v -0.00367367 0.24875098 -0.24600676
v 0.00956071 0.25048464 -0.25155210
v 0.00847847 0.25031921 -0.25103985
v 0.00731161 0.25013393 -0.25051314
v 0.00614333 0.24996409 -0.25003516
v 0.00497222 0.24979748 -0.24959824
v 0.00379235 0.24976140 -0.24927474
v 0.00262416 0.24933865 -0.24870167
v 0.00134195 0.24929175 -0.24795936
v 0.00008197 0.24916754 -0.24729998
v -0.00116597 0.24913315 -0.24673863
v -0.00236525 0.24898146 -0.24633991
v -0.00364416 0.24877736 -0.24588716
v 0.00959271 0.25043430 -0.25144785
v 0.00850936 0.25026409 -0.25092834
v 0.00734354 0.25009780 -0.25041796
v 0.00617433 0.24990838 -0.24992724
v 0.00500444 0.24973948 -0.24949296
v 0.00382434 0.24970571 -0.24917228
v 0.00265472 0.24928707 -0.24859439
v 0.00137371 0.24923807 -0.24785464
v 0.00011357 0.24911689 -0.24719941
v -0.00113499 0.24908069 -0.24663107
v -0.00233490 0.24891562 -0.24622621
v -0.00361263 0.24873169 -0.24578188
v 0.00853234 0.25018061 -0.25088267
v 0.00961751 0.25032099 -0.25139033
v 0.00736771 0.24998389 -0.25035695
v 0.00619490 0.24982572 -0.24988421
v 0.00502556 0.24964214 -0.24943332
v 0.00384653 0.24961353 -0.24912129
v 0.00267910 0.24919872 -0.24855016
v 0.00139442 0.24914752 -0.24780148
v 0.00013402 0.24902431 -0.24714639
v -0.00111432 0.24899130 -0.24658224
v -0.00231395 0.24882397 -0.24616274
v -0.00359302 0.24863294 -0.24572516
v 0.00962581 0.25020169 -0.25138124
v 0.00854437 0.25004441 -0.25087674
v 0.00737901 0.24986981 -0.25036300
v 0.00620355 0.24971017 -0.24988858
v 0.00503511 0.24954695 -0.24944687
v 0.00385528 0.24951396 -0.24913462
v 0.00264197 0.24918593 -0.24843027
v 0.00140319 0.24901831 -0.24779129
v 0.00014269 0.24893567 -0.24716184
v -0.00110825 0.24887523 -0.24657863
v -0.00230661 0.24871064 -0.24616931
v -0.00358581 0.24850395 -0.24571400
v 0.00854003 0.24994549 -0.25093828
v 0.00962432 0.25009471 -0.25144361
v 0.00737374 0.24976652 -0.25041619
v 0.00619993 0.24960386 -0.24994502
v 0.00503151 0.24941921 -0.24949514
v 0.00385118 0.24940844 -0.24919025
v 0.00257851 0.24919671 -0.24831743
v 0.00132538 0.24906900 -0.24764461
v 0.00013334 0.24882409 -0.24720517
v -0.00111661 0.24877447 -0.24663005
v -0.00231337 0.24861053 -0.24622262
v -0.00359293 0.24840398 -0.24577011
v 0.00851879 0.24988635 -0.25104158
v 0.00960317 0.25003551 -0.25155250
v 0.00735401 0.24970359 -0.25052142
v 0.00618114 0.24953062 -0.25004957
v 0.00501029 0.24936272 -0.24960724
v 0.00383198 0.24933931 -0.24929903
v 0.00256099 0.24911960 -0.24841842
v 0.00137721 0.24883771 -0.24794655
v 0.00011505 0.24875850 -0.24731535
v -0.00113699 0.24870806 -0.24673902
v -0.00233562 0.24853557 -0.24632492
v -0.00361231 0.24835682 -0.24588571
v 0.00848911 0.24985072 -0.25115769
v 0.00957163 0.25002833 -0.25167498
v 0.00732392 0.24967432 -0.25064083
v 0.00614953 0.24951596 -0.25017007
v 0.00497925 0.24934689 -0.24972707
v 0.00379848 0.24932363 -0.24942048
v 0.00258524 0.24899112 -0.24870333
v 0.00134585 0.24882998 -0.24807853
v 0.00008631 0.24874317 -0.24744306
v -0.00116796 0.24869085 -0.24686029
v -0.00236623 0.24851727 -0.24644627
v -0.00364450 0.24832925 -0.24600111
v 0.00845791 0.24991994 -0.25127224
v 0.00953709 0.25007807 -0.25177956
v 0.00729302 0.24973282 -0.25074859
v 0.00611770 0.24956715 -0.25027817
v 0.00494872 0.24939926 -0.24983892
v 0.00376805 0.24937601 -0.24952515
v 0.00259900 0.24895894 -0.24895317
v 0.00131666 0.24889441 -0.24819071
v 0.00005850 0.24877972 -0.24755071
v -0.00119832 0.24874597 -0.24697246
v -0.00239586 0.24856830 -0.24655573
v -0.00367574 0.24837594 -0.24610361
v 0.00843285 0.25001143 -0.25132240
v 0.00951458 0.25016984 -0.25183200
v 0.00726845 0.24984917 -0.25081224
v 0.00609639 0.24966133 -0.25033168
v 0.00492487 0.24949702 -0.24988577
v 0.00374584 0.24948371 -0.24958482
v 0.00257763 0.24903789 -0.24899593
v 0.00129593 0.24897341 -0.24824329
v 0.00003569 0.24888012 -0.24761184
v -0.00121776 0.24884511 -0.24703263
v -0.00241546 0.24867895 -0.24662204
v -0.00369491 0.24848004 -0.24617141
v 0.00842401 0.25010427 -0.25131133
v 0.00950412 0.25026407 -0.25182029
v 0.00725796 0.24994972 -0.25080267
v 0.00608581 0.24977977 -0.25032797
v 0.00491585 0.24960080 -0.24987980
v 0.00373600 0.24958927 -0.24957609
v 0.00256929 0.24915324 -0.24899374
v 0.00128679 0.24909135 -0.24823787
v 0.00002477 0.24900419 -0.24760937
v -0.00122442 0.24895451 -0.24703044
v -0.00242422 0.24878521 -0.24661746
v -0.00370251 0.24858522 -0.24616596
v -0.00316128 0.24855128 -0.25122318
v -0.00443500 0.24834252 -0.25078002
v -0.00442971 0.24824495 -0.25078059
v -0.00315616 0.24845941 -0.25122982
v -0.00196552 0.24873779 -0.25167068
v -0.00195833 0.24863283 -0.25166944
v -0.00076174 0.24889418 -0.25206747
v -0.00075440 0.24879895 -0.25207692
v 0.00042008 0.24907298 -0.25242269
v 0.00042800 0.24896256 -0.25242370
v 0.00161095 0.24931946 -0.25279919
v 0.00161799 0.24919162 -0.25279422
v 0.00280294 0.24945884 -0.25306297
v 0.00280630 0.24944962 -0.25312369
v 0.00400712 0.24971511 -0.25343217
v 0.00401572 0.24967027 -0.25349064
v 0.00522321 0.24987546 -0.25372269
v 0.00523095 0.24977262 -0.25373176
v 0.00645951 0.25003129 -0.25394676
v 0.00646853 0.24994047 -0.25395725
v 0.00771463 0.25015438 -0.25413143
v 0.00772338 0.25004724 -0.25413364
v 0.00889892 0.25018899 -0.25421544
v 0.00890769 0.25008595 -0.25422561
v -0.00318074 0.24862310 -0.25127480
v -0.00445334 0.24845752 -0.25085400
v -0.00198341 0.24883629 -0.25172869
v -0.00080407 0.24908066 -0.25210003
v 0.00039897 0.24918794 -0.25249199
v 0.00158881 0.24939766 -0.25284898
v 0.00278010 0.24955591 -0.25312175
v 0.00398653 0.24985125 -0.25352978
v 0.00520347 0.24997468 -0.25378020
v 0.00643933 0.25014613 -0.25401140
v 0.00769231 0.25026884 -0.25419643
v 0.00887632 0.25030480 -0.25427468
v -0.00448384 0.24851933 -0.25097410
v -0.00320763 0.24868081 -0.25138363
v -0.00201397 0.24885342 -0.25182538
v -0.00083522 0.24911915 -0.25220230
v 0.00037020 0.24921370 -0.25258435
v 0.00155926 0.24943519 -0.25294818
v 0.00275072 0.24957967 -0.25321524
v 0.00395761 0.24991961 -0.25364567
v 0.00517276 0.25001226 -0.25388214
v 0.00640837 0.25019423 -0.25411180
v 0.00766113 0.25031913 -0.25429738
v 0.00884828 0.25034744 -0.25438118
v -0.00451387 0.24850705 -0.25110275
v -0.00323740 0.24866922 -0.25151074
v -0.00204301 0.24885452 -0.25195500
v -0.00086511 0.24909583 -0.25232555
v 0.00034109 0.24919797 -0.25271032
v 0.00153031 0.24942265 -0.25307532
v 0.00271891 0.24967943 -0.25340459
v 0.00392864 0.24990153 -0.25376898
v 0.00514479 0.25001280 -0.25401407
v 0.00637932 0.25018678 -0.25424284
v 0.00763444 0.25028990 -0.25441983
v 0.00881892 0.25034404 -0.25451263
v -0.00325867 0.24857450 -0.25160233
v -0.00453546 0.24843133 -0.25119606
v -0.00206165 0.24878889 -0.25205812
v -0.00088962 0.24901497 -0.25240323
v 0.00032258 0.24914444 -0.25282267
v 0.00151151 0.24936986 -0.25318967
v 0.00269897 0.24959672 -0.25350316
v 0.00390978 0.24976264 -0.25381634
v 0.00512494 0.24992391 -0.25410927
v 0.00636111 0.25011502 -0.25435075
v 0.00761566 0.25021768 -0.25452027
v 0.00880124 0.25026481 -0.25460697
v -0.00326566 0.24850690 -0.25166731
v -0.00454236 0.24831369 -0.25123667
v -0.00207138 0.24868337 -0.25210706
v -0.00086924 0.24883907 -0.25251045
v 0.00031527 0.24902193 -0.25286630
v 0.00150557 0.24926008 -0.25324020
v 0.00269283 0.24950612 -0.25356305
v 0.00390304 0.24966773 -0.25387633
v 0.00511866 0.24985262 -0.25418037
v 0.00635573 0.24999937 -0.25439799
v 0.00761019 0.25013449 -0.25458591
v 0.00879777 0.25015999 -0.25466600
v -0.00326158 0.24838657 -0.25166423
v -0.00453478 0.24819135 -0.25122853
v -0.00206556 0.24856462 -0.25210515
v -0.00086266 0.24873871 -0.25251532
v 0.00032238 0.24892522 -0.25287424
v 0.00151301 0.24914450 -0.25324066
v 0.00270188 0.24939189 -0.25356455
v 0.00391172 0.24956654 -0.25388522
v 0.00512607 0.24975535 -0.25419076
v 0.00636495 0.24988398 -0.25439298
v 0.00761951 0.25002587 -0.25459178
v 0.00880724 0.25003676 -0.25466185
v -0.00324427 0.24829116 -0.25160698
v -0.00451645 0.24810882 -0.25117138
v -0.00204413 0.24847769 -0.25205343
v -0.00084061 0.24864641 -0.25245912
v 0.00034314 0.24883291 -0.25281562
v 0.00153301 0.24906121 -0.25319059
v 0.00272185 0.24930373 -0.25351631
v 0.00393031 0.24947284 -0.25382896
v 0.00514850 0.24965122 -0.25413032
v 0.00638729 0.24979730 -0.25434681
v 0.00764078 0.24991525 -0.25453151
v 0.00882954 0.24994187 -0.25461045
v -0.00321426 0.24827093 -0.25150668
v -0.00448679 0.24806023 -0.25106346
v -0.00201504 0.24843107 -0.25194728
v -0.00080996 0.24860054 -0.25235256
v 0.00037483 0.24878731 -0.25271390
v 0.00156465 0.24901759 -0.25308807
v 0.00275206 0.24925252 -0.25340697
v 0.00396188 0.24941335 -0.25372406
v 0.00517836 0.24958808 -0.25402532
v 0.00641484 0.24976732 -0.25425004
v 0.00767196 0.24985964 -0.25442208
v 0.00885698 0.24991857 -0.25451608
v -0.00318585 0.24828802 -0.25138191
v -0.00445907 0.24807230 -0.25093554
v -0.00198600 0.24845553 -0.25182323
v -0.00078185 0.24861739 -0.25222669
v 0.00040385 0.24881360 -0.25259188
v 0.00159276 0.24904122 -0.25296124
v 0.00278182 0.24927773 -0.25328675
v 0.00399020 0.24944263 -0.25360002
v 0.00520843 0.24961739 -0.25389970
v 0.00644614 0.24976004 -0.25411503
v 0.00769900 0.24989970 -0.25430456
v 0.00888538 0.24992449 -0.25438936
v -0.00316419 0.24835821 -0.25128049
v -0.00443701 0.24814612 -0.25083712
v -0.00196505 0.24854047 -0.25173007
v -0.00076218 0.24868346 -0.25211960
v 0.00042202 0.24888002 -0.25248766
v 0.00161290 0.24909403 -0.25285106
v 0.00280012 0.24935108 -0.25318131
v 0.00400989 0.24950418 -0.25349371
v 0.00522598 0.24967854 -0.25379346
v 0.00646299 0.24985407 -0.25402089
v 0.00771849 0.24995262 -0.25419504
v 0.00890322 0.24999244 -0.25428411
v -0.00315616 0.24845941 -0.25122982
v -0.00442971 0.24824495 -0.25078059
v -0.00195833 0.24863283 -0.25166944
v -0.00075440 0.24879895 -0.25207692
v 0.00042800 0.24896256 -0.25242370
v 0.00161799 0.24919162 -0.25279422
v 0.00280630 0.24944962 -0.25312369
v 0.00401572 0.24967027 -0.25349064
v 0.00523095 0.24977262 -0.25373176
v 0.00646853 0.24994047 -0.25395725
v 0.00772338 0.25004724 -0.25413364
v 0.00890769 0.25008595 -0.25422561
v 0.01013898 0.25046411 -0.25208267
v 0.01013236 0.25035315 -0.25213420
v 0.01016399 0.25053329 -0.25197953
v 0.01020084 0.25055027 -0.25185720
v 0.01023952 0.25050286 -0.25175883
v 0.01026471 0.25043531 -0.25171776
v 0.01027350 0.25032758 -0.25171945
v 0.01026646 0.25022821 -0.25177990
v 0.01024223 0.25015588 -0.25188121
v 0.01020578 0.25011812 -0.25199064
v 0.01016621 0.25017027 -0.25209045
v 0.01014062 0.25027157 -0.25214896
v 0.01013236 0.25035315 -0.25213420
v 0.00960088 0.25022077 -0.25426087
v 0.00960590 0.25012824 -0.25426822
v 0.00958479 0.25031886 -0.25431907
v 0.00956098 0.25037272 -0.25442347
v 0.00953864 0.25035470 -0.25455162
v 0.00952520 0.25028384 -0.25465742
v 0.00952196 0.25017623 -0.25471187
v 0.00952715 0.25009233 -0.25471965
v 0.00954410 0.24999189 -0.25466783
v 0.00956633 0.24995135 -0.25456297
v 0.00958901 0.24996895 -0.25444161
v 0.00960308 0.25002503 -0.25432451
v 0.00960590 0.25012824 -0.25426822
v -0.00546319 0.24838542 -0.24560672
v -0.00545415 0.24848812 -0.24555642
v -0.00726193 0.24824737 -0.24515016
v -0.00725256 0.24834026 -0.24509387
v -0.00543157 0.24857792 -0.24546753
v -0.00723154 0.24842496 -0.24500260
v -0.00540190 0.24856819 -0.24532881
v -0.00719919 0.24843794 -0.24487654
v -0.00537339 0.24852290 -0.24522356
v -0.00717409 0.24837369 -0.24475863
v -0.00535033 0.24842328 -0.24516294
v -0.00715587 0.24828769 -0.24470150
v -0.00534502 0.24829679 -0.24515447
v -0.00714852 0.24818621 -0.24470402
v -0.00535097 0.24818668 -0.24520637
v -0.00715509 0.24808026 -0.24475089
v -0.00536839 0.24812077 -0.24531068
v -0.00717557 0.24801604 -0.24485136
v -0.00540195 0.24812142 -0.24544185
v -0.00720748 0.24800314 -0.24497980
v -0.00543234 0.24816394 -0.24554524
v -0.00723840 0.24804121 -0.24508534
v -0.00545115 0.24826692 -0.24560417
v -0.00725762 0.24813946 -0.24514594
v -0.00546319 0.24838542 -0.24560672
v -0.00726193 0.24824737 -0.24515016
v -0.00812240 0.24784593 -0.24916091
v -0.00616056 0.24796139 -0.25021607
v -0.00616584 0.24809985 -0.25024476
v -0.00812753 0.24796219 -0.24917061
v -0.00618253 0.24819228 -0.25030795
v -0.00814281 0.24807337 -0.24924506
v -0.00621215 0.24823310 -0.25041739
v -0.00817381 0.24810152 -0.24934574
v -0.00624154 0.24821675 -0.25054431
v -0.00820369 0.24800804 -0.24939670
v -0.00626273 0.24814756 -0.25064655
v -0.00822477 0.24799798 -0.24955291
v -0.00627199 0.24807295 -0.25070462
v -0.00823281 0.24789710 -0.24960186
v -0.00626801 0.24794473 -0.25068676
v -0.00822910 0.24778259 -0.24959305
v -0.00624939 0.24784545 -0.25061182
v -0.00820945 0.24771979 -0.24954615
v -0.00622779 0.24779211 -0.25045273
v -0.00818277 0.24766580 -0.24943169
v -0.00619826 0.24778996 -0.25031987
v -0.00815465 0.24766665 -0.24929397
v -0.00616965 0.24786666 -0.25025851
v -0.00813060 0.24777408 -0.24922040
v -0.00616056 0.24796139 -0.25021607
v -0.00812240 0.24784593 -0.24916091
v 0.03650040 0.25494415 -0.24788570
v 0.03656973 0.25484179 -0.24789099
v 0.03667007 0.25490058 -0.24808390
v 0.03660509 0.25498874 -0.24807840
v 0.03645107 0.25491748 -0.24766681
v 0.03652272 0.25480617 -0.24767008
v 0.03646342 0.25489202 -0.24742365
v 0.03653646 0.25477783 -0.24743760
v 0.03653665 0.25487703 -0.24718198
v 0.03660277 0.25478878 -0.24721122
v 0.03666585 0.25489538 -0.24695405
v 0.03673290 0.25477483 -0.24697497
v 0.03721987 0.25453521 -0.24672235
v 0.03743566 0.25461771 -0.24663692
v 0.03748127 0.25451900 -0.24668146
v 0.03727358 0.25444674 -0.24677641
v 0.03764948 0.25473656 -0.24661278
v 0.03768709 0.25465333 -0.24666664
v 0.03785160 0.25484281 -0.24664234
v 0.03788402 0.25473988 -0.24668894
v 0.03802586 0.25494467 -0.24672429
v 0.03805047 0.25486343 -0.24678384
v 0.03815731 0.25507128 -0.24687696
v 0.03818072 0.25496748 -0.24692500
v 0.03824292 0.25516554 -0.24706832
v 0.03826023 0.25505811 -0.24709647
v 0.03826962 0.25523180 -0.24727106
v 0.03828457 0.25513732 -0.24730261
v 0.03823686 0.25529455 -0.24750395
v 0.03825458 0.25517181 -0.24751338
v 0.03814606 0.25533245 -0.24772682
v 0.03816610 0.25521671 -0.24773195
v 0.03800748 0.25535673 -0.24794115
v 0.03803210 0.25524455 -0.24794778
v 0.03783334 0.25533008 -0.24812292
v 0.03785982 0.25524355 -0.24813393
v 0.03762786 0.25529550 -0.24826855
v 0.03766062 0.25520575 -0.24827200
v 0.03740241 0.25525494 -0.24836418
v 0.03744236 0.25514202 -0.24834873
v 0.03717175 0.25517829 -0.24837359
v 0.03721914 0.25509184 -0.24837367
v 0.03695197 0.25510983 -0.24833204
v 0.03700532 0.25503008 -0.24833188
v 0.03675875 0.25504544 -0.24823220
v 0.03682111 0.25495578 -0.24823306
v 0.03639050 0.25499766 -0.24790510
v 0.03650222 0.25505869 -0.24812037
v 0.03633604 0.25498186 -0.24767056
v 0.03635194 0.25493025 -0.24739842
v 0.03643122 0.25492125 -0.24713742
v 0.03657177 0.25492529 -0.24687740
v 0.03715884 0.25460027 -0.24663274
v 0.03739323 0.25469330 -0.24653721
v 0.03762927 0.25481460 -0.24651250
v 0.03785180 0.25492634 -0.24654470
v 0.03804236 0.25504663 -0.24664351
v 0.03819121 0.25515474 -0.24680181
v 0.03828277 0.25526144 -0.24700684
v 0.03831333 0.25535126 -0.24724164
v 0.03828209 0.25538639 -0.24748570
v 0.03818306 0.25543172 -0.24773197
v 0.03803707 0.25544737 -0.24796986
v 0.03784487 0.25543689 -0.24817901
v 0.03762035 0.25539445 -0.24832822
v 0.03737355 0.25533054 -0.24841774
v 0.03712161 0.25527042 -0.24844791
v 0.03688145 0.25519729 -0.24839965
v 0.03667145 0.25511876 -0.24828713
v 0.03639189 0.25507892 -0.24820064
v 0.03626441 0.25500741 -0.24795887
v 0.03620508 0.25497181 -0.24768497
v 0.03621967 0.25493856 -0.24738796
v 0.03630697 0.25493679 -0.24709796
v 0.03646825 0.25492642 -0.24680839
v 0.03736859 0.25472120 -0.24640742
v 0.03710634 0.25460313 -0.24651482
v 0.03763787 0.25483414 -0.24637512
v 0.03788957 0.25495248 -0.24641506
v 0.03810540 0.25507882 -0.24652754
v 0.03827281 0.25521700 -0.24671555
v 0.03838015 0.25533318 -0.24695066
v 0.03841753 0.25541485 -0.24720818
v 0.03838566 0.25545005 -0.24748282
v 0.03827562 0.25552251 -0.24777308
v 0.03811259 0.25551074 -0.24802583
v 0.03789886 0.25549366 -0.24825995
v 0.03764605 0.25544689 -0.24843076
v 0.03736924 0.25538096 -0.24853555
v 0.03708679 0.25530291 -0.24855645
v 0.03681750 0.25522310 -0.24851031
v 0.03658042 0.25515590 -0.24839254
v 0.03616476 0.25497236 -0.24803443
v 0.03630578 0.25504012 -0.24829512
v 0.03610299 0.25489897 -0.24771666
v 0.03612004 0.25486325 -0.24738704
v 0.03621378 0.25487276 -0.24707506
v 0.03639069 0.25487201 -0.24675550
v 0.03707835 0.25456616 -0.24642013
v 0.03737402 0.25467754 -0.24629993
v 0.03767371 0.25479073 -0.24625823
v 0.03795223 0.25492243 -0.24630774
v 0.03819338 0.25507346 -0.24644378
v 0.03838499 0.25519386 -0.24663950
v 0.03850573 0.25531587 -0.24689639
v 0.03854997 0.25541330 -0.24718866
v 0.03851374 0.25547126 -0.24749837
v 0.03839653 0.25551914 -0.24781455
v 0.03821630 0.25551672 -0.24810465
v 0.03797864 0.25549285 -0.24835679
v 0.03769758 0.25546082 -0.24856129
v 0.03739156 0.25537614 -0.24866928
v 0.03707732 0.25528657 -0.24869216
v 0.03677936 0.25519968 -0.24864010
v 0.03651541 0.25512127 -0.24850507
v 0.03627828 0.25493640 -0.24836633
v 0.03612508 0.25486135 -0.24808187
v 0.03605673 0.25479443 -0.24774817
v 0.03607476 0.25476197 -0.24740455
v 0.03617705 0.25476350 -0.24705902
v 0.03636077 0.25478392 -0.24673646
v 0.03740210 0.25459101 -0.24623286
v 0.03708926 0.25446114 -0.24636348
v 0.03772398 0.25470570 -0.24619325
v 0.03802196 0.25485243 -0.24625112
v 0.03827962 0.25499745 -0.24638771
v 0.03848429 0.25513362 -0.24660721
v 0.03861611 0.25523620 -0.24686380
v 0.03866401 0.25536320 -0.24718743
v 0.03862492 0.25544267 -0.24752605
v 0.03850420 0.25545979 -0.24785485
v 0.03831168 0.25546841 -0.24816999
v 0.03805955 0.25542608 -0.24842912
v 0.03775936 0.25539281 -0.24865084
v 0.03743407 0.25529106 -0.24875752
v 0.03709698 0.25521650 -0.24879522
v 0.03677905 0.25512247 -0.24873764
v 0.03649531 0.25504600 -0.24859949
v 0.03614208 0.25476663 -0.24812178
v 0.03629939 0.25484001 -0.24840867
v 0.03607230 0.25469518 -0.24777802
v 0.03609135 0.25464789 -0.24742011
v 0.03619866 0.25464034 -0.24707014
v 0.03638171 0.25466799 -0.24673458
v 0.03744449 0.25448324 -0.24622823
v 0.03712260 0.25437074 -0.24636427
v 0.03777125 0.25460578 -0.24618826
v 0.03807640 0.25474496 -0.24624100
v 0.03834201 0.25488558 -0.24637532
v 0.03854982 0.25502453 -0.24659581
v 0.03868410 0.25516872 -0.24689281
v 0.03873358 0.25527159 -0.24720424
v 0.03869568 0.25534915 -0.24754751
v 0.03857161 0.25537902 -0.24788812
v 0.03837423 0.25538501 -0.24820875
v 0.03811734 0.25535444 -0.24848520
v 0.03781163 0.25529987 -0.24869735
v 0.03747769 0.25521836 -0.24881809
v 0.03713726 0.25511279 -0.24884251
v 0.03681056 0.25501999 -0.24878250
v 0.03652581 0.25494206 -0.24864463
v 0.03636432 0.25475429 -0.24841590
v 0.03621382 0.25465985 -0.24812283
v 0.03614112 0.25462267 -0.24780426
v 0.03615848 0.25457980 -0.24745083
v 0.03626412 0.25456583 -0.24710626
v 0.03644981 0.25455663 -0.24676756
v 0.03717761 0.25426341 -0.24640890
v 0.03749052 0.25438265 -0.24627897
v 0.03780852 0.25451622 -0.24624158
v 0.03810817 0.25464531 -0.24629152
v 0.03836747 0.25480135 -0.24643591
v 0.03857098 0.25492619 -0.24664073
v 0.03870150 0.25505133 -0.24691592
v 0.03875033 0.25515029 -0.24722361
v 0.03871062 0.25525423 -0.24757523
v 0.03859210 0.25525594 -0.24789308
v 0.03839836 0.25526474 -0.24820730
v 0.03814491 0.25524874 -0.24848331
v 0.03784615 0.25518091 -0.24868158
v 0.03751711 0.25512046 -0.24881134
v 0.03718532 0.25502783 -0.24884667
v 0.03686753 0.25491399 -0.24877314
v 0.03658967 0.25481972 -0.24862965
v 0.03646491 0.25468497 -0.24837724
v 0.03632351 0.25460566 -0.24810286
v 0.03625660 0.25456090 -0.24780444
v 0.03627515 0.25450753 -0.24746355
v 0.03637318 0.25448746 -0.24713981
v 0.03654755 0.25451622 -0.24683974
v 0.03723772 0.25420346 -0.24650292
v 0.03753117 0.25431265 -0.24637800
v 0.03782982 0.25444591 -0.24634946
v 0.03810701 0.25456193 -0.24638397
v 0.03834934 0.25470947 -0.24652074
v 0.03853920 0.25483646 -0.24671573
v 0.03866062 0.25495027 -0.24696641
v 0.03870277 0.25506801 -0.24726411
v 0.03866769 0.25513672 -0.24757952
v 0.03855365 0.25515126 -0.24788188
v 0.03837216 0.25516241 -0.24817800
v 0.03813477 0.25513769 -0.24843151
v 0.03785616 0.25508506 -0.24862638
v 0.03754593 0.25502297 -0.24874436
v 0.03723441 0.25492405 -0.24876495
v 0.03693669 0.25484554 -0.24871913
v 0.03667455 0.25474667 -0.24857490
v 0.03657591 0.25465148 -0.24828693
v 0.03644613 0.25461098 -0.24806121
v 0.03638938 0.25454569 -0.24777673
v 0.03640714 0.25450864 -0.24748193
v 0.03649302 0.25449250 -0.24718212
v 0.03665232 0.25450600 -0.24690378
v 0.03729242 0.25417821 -0.24661321
v 0.03755310 0.25431230 -0.24651367
v 0.03782280 0.25440594 -0.24646777
v 0.03807110 0.25452654 -0.24650951
v 0.03828720 0.25466209 -0.24662739
v 0.03845588 0.25479354 -0.24681033
v 0.03856515 0.25490608 -0.24703994
v 0.03860000 0.25500642 -0.24730255
v 0.03856479 0.25507293 -0.24758269
v 0.03846023 0.25508176 -0.24785204
v 0.03829546 0.25509443 -0.24811795
v 0.03808168 0.25508426 -0.24834962
v 0.03782896 0.25502676 -0.24851820
v 0.03755132 0.25498399 -0.24863518
v 0.03726997 0.25488724 -0.24864920
v 0.03700079 0.25481251 -0.24860486
v 0.03676409 0.25472752 -0.24847796
v 0.03665894 0.25470429 -0.24819920
v 0.03654429 0.25465075 -0.24798478
v 0.03649115 0.25462157 -0.24774551
v 0.03650920 0.25457083 -0.24747494
v 0.03658426 0.25457650 -0.24721920
v 0.03672977 0.25457743 -0.24696574
v 0.03731610 0.25423810 -0.24671182
v 0.03754782 0.25435818 -0.24661846
v 0.03778650 0.25445074 -0.24658907
v 0.03800598 0.25457472 -0.24662381
v 0.03819936 0.25467904 -0.24672087
v 0.03834686 0.25479026 -0.24687506
v 0.03844213 0.25490049 -0.24708073
v 0.03846872 0.25500531 -0.24732192
v 0.03843509 0.25504908 -0.24756244
v 0.03833946 0.25508616 -0.24781251
v 0.03819103 0.25510750 -0.24805094
v 0.03800076 0.25508926 -0.24825943
v 0.03777497 0.25504163 -0.24840693
v 0.03752739 0.25498262 -0.24849548
v 0.03727888 0.25491436 -0.24852191
v 0.03703994 0.25483857 -0.24847559
v 0.03682970 0.25476134 -0.24836706
v 0.03669264 0.25479239 -0.24812568
v 0.03658721 0.25473730 -0.24792674
v 0.03653888 0.25469996 -0.24769941
v 0.03655166 0.25468785 -0.24746612
v 0.03662178 0.25468274 -0.24722668
v 0.03675400 0.25467283 -0.24698332
v 0.03730916 0.25433720 -0.24677258
v 0.03752155 0.25442887 -0.24667858
v 0.03773512 0.25454367 -0.24665754
v 0.03793760 0.25464679 -0.24668451
v 0.03811131 0.25476518 -0.24677750
v 0.03824827 0.25486158 -0.24691831
v 0.03833091 0.25495290 -0.24709933
v 0.03835271 0.25507086 -0.24732841
v 0.03832472 0.25508005 -0.24753544
v 0.03823178 0.25514117 -0.24777137
v 0.03809580 0.25514461 -0.24797634
v 0.03792093 0.25512491 -0.24816140
v 0.03771464 0.25509019 -0.24830533
v 0.03748733 0.25506281 -0.24840637
v 0.03725931 0.25498581 -0.24842033
v 0.03703988 0.25491093 -0.24837157
v 0.03684603 0.25485910 -0.24828021
v 0.03667007 0.25490058 -0.24808390
v 0.03656973 0.25484179 -0.24789099
v 0.03652272 0.25480617 -0.24767008
v 0.03653646 0.25477783 -0.24743760
v 0.03660277 0.25478878 -0.24721122
v 0.03673290 0.25477483 -0.24697497
v 0.03727358 0.25444674 -0.24677641
v 0.03748127 0.25451900 -0.24668146
v 0.03768709 0.25465333 -0.24666664
v 0.03788402 0.25473988 -0.24668894
v 0.03805047 0.25486343 -0.24678384
v 0.03818072 0.25496748 -0.24692500
v 0.03826023 0.25505811 -0.24709647
v 0.03828457 0.25513732 -0.24730261
v 0.03825458 0.25517181 -0.24751338
v 0.03816610 0.25521671 -0.24773195
v 0.03803210 0.25524455 -0.24794778
v 0.03785982 0.25524355 -0.24813393
v 0.03766062 0.25520575 -0.24827200
v 0.03744236 0.25514202 -0.24834873
v 0.03721914 0.25509184 -0.24837367
v 0.03700532 0.25503008 -0.24833188
v 0.03682111 0.25495578 -0.24823306
v 0.03669223 0.25448963 -0.24797081
v 0.03676083 0.25440780 -0.24798574
v 0.03686170 0.25446376 -0.24817986
v 0.03679555 0.25454595 -0.24817068
v 0.03664450 0.25446009 -0.24774955
v 0.03671389 0.25437099 -0.24777010
v 0.03665660 0.25442454 -0.24750665
v 0.03672585 0.25434052 -0.24753201
v 0.03672958 0.25441801 -0.24726978
v 0.03679790 0.25432684 -0.24729893
v 0.03685483 0.25443259 -0.24705269
v 0.03691858 0.25433139 -0.24708302
v 0.03702210 0.25447194 -0.24686461
v 0.03708135 0.25438599 -0.24691282
v 0.03783286 0.25486673 -0.24835948
v 0.03759172 0.25481408 -0.24844764
v 0.03763349 0.25470798 -0.24843927
v 0.03786771 0.25475755 -0.24835227
v 0.03736181 0.25473632 -0.24845986
v 0.03741089 0.25464915 -0.24846619
v 0.03714091 0.25469081 -0.24843216
v 0.03719613 0.25459851 -0.24843145
v 0.03694787 0.25462755 -0.24833521
v 0.03701145 0.25451123 -0.24832587
v 0.03657895 0.25458163 -0.24800916
v 0.03669265 0.25462686 -0.24821756
v 0.03652780 0.25453721 -0.24776174
v 0.03654147 0.25449217 -0.24748675
v 0.03661717 0.25449750 -0.24723485
v 0.03675672 0.25450606 -0.24699437
v 0.03694131 0.25453550 -0.24678847
v 0.03756371 0.25490253 -0.24851259
v 0.03782216 0.25498392 -0.24843100
v 0.03731255 0.25483068 -0.24853645
v 0.03707401 0.25475422 -0.24848800
v 0.03686330 0.25468928 -0.24838507
v 0.03658266 0.25463533 -0.24828892
v 0.03645417 0.25457385 -0.24805298
v 0.03639748 0.25451858 -0.24777532
v 0.03641422 0.25449515 -0.24748728
v 0.03650019 0.25448431 -0.24719150
v 0.03665163 0.25451220 -0.24692624
v 0.03686049 0.25454719 -0.24669571
v 0.03784874 0.25502041 -0.24852893
v 0.03755881 0.25496232 -0.24863457
v 0.03727624 0.25487214 -0.24865437
v 0.03700803 0.25478896 -0.24860193
v 0.03677246 0.25470953 -0.24848155
v 0.03635981 0.25451745 -0.24811638
v 0.03650008 0.25460352 -0.24838859
v 0.03629088 0.25448740 -0.24782624
v 0.03630712 0.25445250 -0.24749655
v 0.03640818 0.25440913 -0.24715745
v 0.03657886 0.25443946 -0.24686475
v 0.03680785 0.25448468 -0.24661020
v 0.03789980 0.25502740 -0.24865572
v 0.03757953 0.25495884 -0.24876557
v 0.03726953 0.25485915 -0.24879358
v 0.03697052 0.25476123 -0.24872947
v 0.03671031 0.25467414 -0.24859789
v 0.03632153 0.25443206 -0.24818357
v 0.03647183 0.25451275 -0.24846710
v 0.03624842 0.25436933 -0.24784998
v 0.03626520 0.25434165 -0.24750800
v 0.03636913 0.25433044 -0.24716603
v 0.03655244 0.25433768 -0.24684020
v 0.03679838 0.25437724 -0.24656629
v 0.03762171 0.25489276 -0.24887190
v 0.03796039 0.25495717 -0.24873807
v 0.03728694 0.25478462 -0.24889111
v 0.03697142 0.25467604 -0.24882454
v 0.03669552 0.25458984 -0.24868547
v 0.03633796 0.25433265 -0.24821556
v 0.03649630 0.25441188 -0.24851063
v 0.03626794 0.25427450 -0.24788728
v 0.03628326 0.25421179 -0.24751900
v 0.03639057 0.25418927 -0.24715958
v 0.03657473 0.25423557 -0.24685424
v 0.03682514 0.25427828 -0.24657077
v 0.03801335 0.25486107 -0.24878485
v 0.03766712 0.25477843 -0.24890395
v 0.03732688 0.25468328 -0.24893908
v 0.03700520 0.25458679 -0.24888088
v 0.03672214 0.25448998 -0.24873076
v 0.03656493 0.25429706 -0.24850407
v 0.03640920 0.25423575 -0.24822325
v 0.03634072 0.25416026 -0.24789188
v 0.03635160 0.25414012 -0.24755331
v 0.03645634 0.25412673 -0.24720332
v 0.03664169 0.25412847 -0.24688690
v 0.03688478 0.25419468 -0.24661825
v 0.03804677 0.25475712 -0.24877853
v 0.03770887 0.25469146 -0.24890901
v 0.03737477 0.25458634 -0.24893151
v 0.03706003 0.25449057 -0.24887454
v 0.03678513 0.25439444 -0.24872650
v 0.03665975 0.25424847 -0.24847132
v 0.03652315 0.25415327 -0.24819586
v 0.03645243 0.25412448 -0.24790122
v 0.03646553 0.25408551 -0.24757433
v 0.03656322 0.25407566 -0.24725046
v 0.03673461 0.25408802 -0.24695009
v 0.03696566 0.25412926 -0.24669357
v 0.03805683 0.25466118 -0.24872393
v 0.03773592 0.25460018 -0.24884000
v 0.03742531 0.25450162 -0.24886596
v 0.03713003 0.25440899 -0.24880893
v 0.03687235 0.25430808 -0.24866885
v 0.03677133 0.25421900 -0.24839171
v 0.03664535 0.25414882 -0.24814685
v 0.03658163 0.25411223 -0.24787379
v 0.03659654 0.25407908 -0.24757967
v 0.03668520 0.25406055 -0.24728397
v 0.03683877 0.25408620 -0.24702339
v 0.03704865 0.25411163 -0.24678736
v 0.03803176 0.25461396 -0.24862370
v 0.03774147 0.25453752 -0.24871710
v 0.03746106 0.25445266 -0.24874833
v 0.03719093 0.25438061 -0.24869915
v 0.03695934 0.25429721 -0.24858009
v 0.03685157 0.25426091 -0.24829339
v 0.03673775 0.25420325 -0.24807884
v 0.03668534 0.25416549 -0.24783688
v 0.03670087 0.25412448 -0.24756801
v 0.03677864 0.25411996 -0.24731267
v 0.03691500 0.25413331 -0.24707074
v 0.03710009 0.25417169 -0.24686672
v 0.03797964 0.25462061 -0.24850646
v 0.03772030 0.25455550 -0.24859476
v 0.03746850 0.25447567 -0.24861449
v 0.03722966 0.25440513 -0.24857295
v 0.03701795 0.25434324 -0.24846867
v 0.03688336 0.25434837 -0.24821343
v 0.03677822 0.25429579 -0.24801858
v 0.03673073 0.25426009 -0.24779495
v 0.03674583 0.25423546 -0.24756012
v 0.03681534 0.25422049 -0.24731240
v 0.03694153 0.25424116 -0.24710074
v 0.03711020 0.25426582 -0.24690412
v 0.03791972 0.25467188 -0.24840436
v 0.03767929 0.25460270 -0.24848217
v 0.03744875 0.25456478 -0.24852316
v 0.03722979 0.25448099 -0.24847206
v 0.03703844 0.25441698 -0.24837766
v 0.03686170 0.25446376 -0.24817986
v 0.03676083 0.25440780 -0.24798574
v 0.03671389 0.25437099 -0.24777010
v 0.03672585 0.25434052 -0.24753201
v 0.03679790 0.25432684 -0.24729893
v 0.03691858 0.25433139 -0.24708302
v 0.03708135 0.25438599 -0.24691282
v 0.03786771 0.25475755 -0.24835227
v 0.03763349 0.25470798 -0.24843927
v 0.03741089 0.25464915 -0.24846619
v 0.03719613 0.25459851 -0.24843145
v 0.03701145 0.25451123 -0.24832587
v 0.03688409 0.25492745 -0.24664216
v 0.03694795 0.25480907 -0.24666532
v 0.03679587 0.25498717 -0.24656746
v 0.03670729 0.25496369 -0.24647189
v 0.03664336 0.25489998 -0.24639697
v 0.03662608 0.25479486 -0.24635619
v 0.03665180 0.25468770 -0.24635992
v 0.03671273 0.25459795 -0.24640152
v 0.03679713 0.25456258 -0.24648331
v 0.03688760 0.25455842 -0.24656362
v 0.03695106 0.25462133 -0.24664297
v 0.03697378 0.25470492 -0.24667300
v 0.03694795 0.25480907 -0.24666532
v 0.03819604 0.25483055 -0.24819764
v 0.03816308 0.25494399 -0.24820075
v 0.03816682 0.25504657 -0.24825804
v 0.03820877 0.25511609 -0.24835761
v 0.03827933 0.25509874 -0.24845930
v 0.03835067 0.25504750 -0.24854965
v 0.03840592 0.25496257 -0.24859683
v 0.03843655 0.25485957 -0.24859451
v 0.03843446 0.25475392 -0.24854191
v 0.03839346 0.25468328 -0.24844015
v 0.03832395 0.25468813 -0.24833272
v 0.03825273 0.25474113 -0.24824403
v 0.03819604 0.25483055 -0.24819764
v 0.03765194 0.25506527 -0.24565753
v 0.03842601 0.25520439 -0.24473393
v 0.03848693 0.25510538 -0.24478081
v 0.03771395 0.25494651 -0.24569072
v 0.03927423 0.25536089 -0.24378294
v 0.03933104 0.25528163 -0.24383458
v 0.04014282 0.25554696 -0.24287427
v 0.04020209 0.25544755 -0.24291203
v 0.04102070 0.25570880 -0.24197557
v 0.04108182 0.25561645 -0.24202163
v 0.04191923 0.25602916 -0.24121639
v 0.04197854 0.25594836 -0.24126638
v 0.04282250 0.25595644 -0.24019377
v 0.04288296 0.25585161 -0.24022538
v 0.04373634 0.25602599 -0.23927373
v 0.04379936 0.25592033 -0.23931037
v 0.04466646 0.25608352 -0.23836250
v 0.04472297 0.25603468 -0.23843161
v 0.04549185 0.25648347 -0.23723419
v 0.04554911 0.25641531 -0.23728191
v 0.04633252 0.25685778 -0.23617963
v 0.04639644 0.25675147 -0.23621490
v 0.04724881 0.25716088 -0.23504352
v 0.04730839 0.25706896 -0.23508146
v 0.03834399 0.25528214 -0.24466549
v 0.03757342 0.25510012 -0.24557122
v 0.03919231 0.25541707 -0.24369836
v 0.04005910 0.25559417 -0.24278353
v 0.04094109 0.25576657 -0.24189887
v 0.04183808 0.25608323 -0.24113213
v 0.04274163 0.25600807 -0.24010863
v 0.04365440 0.25608489 -0.23919566
v 0.04458231 0.25616087 -0.23829120
v 0.04541038 0.25654060 -0.23715473
v 0.04625295 0.25690721 -0.23610097
v 0.04716854 0.25721776 -0.23496602
v 0.03748817 0.25512448 -0.24548472
v 0.03826277 0.25527467 -0.24456667
v 0.03910964 0.25543116 -0.24360598
v 0.03997769 0.25559645 -0.24268953
v 0.04085963 0.25575344 -0.24179341
v 0.04175708 0.25607706 -0.24103012
v 0.04266072 0.25599945 -0.24000256
v 0.04357737 0.25607126 -0.23908865
v 0.04449963 0.25615661 -0.23818728
v 0.04532799 0.25653222 -0.23704913
v 0.04616959 0.25689207 -0.23598701
v 0.04708775 0.25720878 -0.23486382
v 0.03743535 0.25504147 -0.24538836
v 0.03821094 0.25518923 -0.24447209
v 0.03905614 0.25535835 -0.24352305
v 0.03992456 0.25552877 -0.24260164
v 0.04080560 0.25569145 -0.24170742
v 0.04170367 0.25601065 -0.24094421
v 0.04260532 0.25593754 -0.23991705
v 0.04352110 0.25601749 -0.23900708
v 0.04444787 0.25608374 -0.23809873
v 0.04527461 0.25647164 -0.23696134
v 0.04611608 0.25683122 -0.23590075
v 0.04703205 0.25715344 -0.23478004
v 0.03819638 0.25511422 -0.24443907
v 0.03742264 0.25495243 -0.24535281
v 0.03904674 0.25525532 -0.24347638
v 0.03991401 0.25541729 -0.24255244
v 0.04079627 0.25559572 -0.24167192
v 0.04169263 0.25590809 -0.24090268
v 0.04259784 0.25582657 -0.23987477
v 0.04351020 0.25592686 -0.23896730
v 0.04439420 0.25608887 -0.23793124
v 0.04526363 0.25637892 -0.23691803
v 0.04610382 0.25671110 -0.23583441
v 0.04702400 0.25703712 -0.23472168
v 0.03745030 0.25482868 -0.24534176
v 0.03822525 0.25499100 -0.24442901
v 0.03907326 0.25516201 -0.24348397
v 0.03994183 0.25532441 -0.24255934
v 0.04082382 0.25547865 -0.24165983
v 0.04172058 0.25581145 -0.24090837
v 0.04262172 0.25572489 -0.23987117
v 0.04354021 0.25578624 -0.23895289
v 0.04436817 0.25611671 -0.23777666
v 0.04529129 0.25627129 -0.23691032
v 0.04613263 0.25662363 -0.23584083
v 0.04705121 0.25693877 -0.23472181
v 0.03750940 0.25475398 -0.24539621
v 0.03828422 0.25491038 -0.24448054
v 0.03913091 0.25506315 -0.24351996
v 0.04000079 0.25522656 -0.24259753
v 0.04088452 0.25538989 -0.24170851
v 0.04178124 0.25571886 -0.24095195
v 0.04268318 0.25562772 -0.23991800
v 0.04359719 0.25571018 -0.23900223
v 0.04442690 0.25602816 -0.23782486
v 0.04528111 0.25635507 -0.23676323
v 0.04613372 0.25665969 -0.23569701
v 0.04710997 0.25685355 -0.23476120
v 0.03758996 0.25469494 -0.24547206
v 0.03836448 0.25485115 -0.24455847
v 0.03921225 0.25500707 -0.24360383
v 0.04008181 0.25515903 -0.24267273
v 0.04096483 0.25534479 -0.24179297
v 0.04186220 0.25566433 -0.24103750
v 0.04276464 0.25556570 -0.23998789
v 0.04367681 0.25565827 -0.23908334
v 0.04450844 0.25596615 -0.23790008
v 0.04536373 0.25628850 -0.23683235
v 0.04627454 0.25647269 -0.23595055
v 0.04719297 0.25678728 -0.23483493
v 0.03767202 0.25469272 -0.24556742
v 0.03844469 0.25485281 -0.24465603
v 0.03929539 0.25499640 -0.24369798
v 0.04016352 0.25516936 -0.24277662
v 0.04104514 0.25536426 -0.24190332
v 0.04194421 0.25566686 -0.24113408
v 0.04284623 0.25558686 -0.24010347
v 0.04376253 0.25564518 -0.23917979
v 0.04458954 0.25597673 -0.23799950
v 0.04551228 0.25613695 -0.23712820
v 0.04635292 0.25647868 -0.23604868
v 0.04727425 0.25678662 -0.23493228
v 0.03772614 0.25476686 -0.24565797
v 0.03850278 0.25490348 -0.24474180
v 0.03934927 0.25506045 -0.24378156
v 0.04021710 0.25523831 -0.24286647
v 0.04110200 0.25541306 -0.24198632
v 0.04199708 0.25573841 -0.24122209
v 0.04289940 0.25564445 -0.24018685
v 0.04381228 0.25573505 -0.23927742
v 0.04470035 0.25590519 -0.23825456
v 0.04556792 0.25619342 -0.23721801
v 0.04641098 0.25653811 -0.23614563
v 0.04732641 0.25685995 -0.23502573
v 0.03774068 0.25484159 -0.24569003
v 0.03851378 0.25499969 -0.24478113
v 0.03936034 0.25516454 -0.24382766
v 0.04022903 0.25533865 -0.24291195
v 0.04110917 0.25551785 -0.24202687
v 0.04200963 0.25583393 -0.24126481
v 0.04291013 0.25575805 -0.24023954
v 0.04382651 0.25581930 -0.23931554
v 0.04475154 0.25591546 -0.23842508
v 0.04557625 0.25630486 -0.23727196
v 0.04642058 0.25664094 -0.23620027
v 0.04733536 0.25696856 -0.23508291
v 0.03771395 0.25494651 -0.24569072
v 0.03848693 0.25510538 -0.24478081
v 0.03933104 0.25528163 -0.24383458
v 0.04020209 0.25544755 -0.24291203
v 0.04108182 0.25561645 -0.24202163
v 0.04197854 0.25594836 -0.24126638
v 0.04288296 0.25585161 -0.24022538
v 0.04379936 0.25592033 -0.23931037
v 0.04472297 0.25603468 -0.23843161
v 0.04554911 0.25641531 -0.23728191
v 0.04639644 0.25675147 -0.23621490
v 0.04730839 0.25706896 -0.23508146
v 0.04890115 0.25721292 -0.23991999
v 0.04892599 0.25713349 -0.23992618
v 0.04990644 0.25727684 -0.23897379
v 0.04988312 0.25737466 -0.23897500
v 0.04799381 0.25706891 -0.24083491
v 0.04801919 0.25697301 -0.24083652
v 0.04707375 0.25689338 -0.24170891
v 0.04710139 0.25679879 -0.24171645
v 0.04614445 0.25679115 -0.24257687
v 0.04617616 0.25665725 -0.24256061
v 0.04519919 0.25663368 -0.24338623
v 0.04522806 0.25652247 -0.24338338
v 0.04423900 0.25642425 -0.24412755
v 0.04426475 0.25641376 -0.24418570
v 0.04326955 0.25630494 -0.24495621
v 0.04329918 0.25618844 -0.24494966
v 0.04228583 0.25604436 -0.24567228
v 0.04231601 0.25593512 -0.24567129
v 0.04125992 0.25583962 -0.24639392
v 0.04128862 0.25573450 -0.24639307
v 0.04022031 0.25557611 -0.24707380
v 0.04024864 0.25546228 -0.24706961
v 0.03922358 0.25524355 -0.24763417
v 0.03925333 0.25511709 -0.24762478
v 0.04891292 0.25730333 -0.23996871
v 0.04989280 0.25750793 -0.23905164
v 0.04800375 0.25717224 -0.24089462
v 0.04706411 0.25702900 -0.24169134
v 0.04615635 0.25687967 -0.24262110
v 0.04521025 0.25671414 -0.24342154
v 0.04424703 0.25654275 -0.24418879
v 0.04327819 0.25640069 -0.24499903
v 0.04229787 0.25613814 -0.24571986
v 0.04127308 0.25593766 -0.24644202
v 0.04023020 0.25567784 -0.24711986
v 0.03923408 0.25535114 -0.24768674
v 0.04994704 0.25757791 -0.23915087
v 0.04896847 0.25736536 -0.24006236
v 0.04806131 0.25720326 -0.24096616
v 0.04711522 0.25709101 -0.24177570
v 0.04621080 0.25695163 -0.24271759
v 0.04526659 0.25677827 -0.24351611
v 0.04430211 0.25660257 -0.24427679
v 0.04333294 0.25646952 -0.24509362
v 0.04234910 0.25619713 -0.24580321
v 0.04132830 0.25598586 -0.24652243
v 0.04028460 0.25574544 -0.24721445
v 0.03928651 0.25541130 -0.24777046
v 0.05002915 0.25757305 -0.23924934
v 0.04904394 0.25738344 -0.24016759
v 0.04813969 0.25722493 -0.24107569
v 0.04719674 0.25708458 -0.24186954
v 0.04629183 0.25694613 -0.24281134
v 0.04534730 0.25678055 -0.24361764
v 0.04437914 0.25668940 -0.24442740
v 0.04341326 0.25646514 -0.24518979
v 0.04242854 0.25621746 -0.24591534
v 0.04140794 0.25598364 -0.24661839
v 0.04036517 0.25574754 -0.24731525
v 0.03936626 0.25540860 -0.24787104
v 0.04912414 0.25732218 -0.24023981
v 0.05010886 0.25751751 -0.23932629
v 0.04822211 0.25718153 -0.24116038
v 0.04727736 0.25711890 -0.24201018
v 0.04637332 0.25688883 -0.24289175
v 0.04542770 0.25672259 -0.24369690
v 0.04446070 0.25662955 -0.24450701
v 0.04349302 0.25641411 -0.24527168
v 0.04251074 0.25616491 -0.24599784
v 0.04148676 0.25594716 -0.24671084
v 0.04044616 0.25568325 -0.24739488
v 0.03944503 0.25534882 -0.24794908
v 0.04918329 0.25724088 -0.24028372
v 0.05016957 0.25740818 -0.23934812
v 0.04827715 0.25708686 -0.24119352
v 0.04735980 0.25691773 -0.24207866
v 0.04642969 0.25680114 -0.24293486
v 0.04548789 0.25663004 -0.24373773
v 0.04451945 0.25653342 -0.24454310
v 0.04355197 0.25633057 -0.24531946
v 0.04257150 0.25607149 -0.24603614
v 0.04154264 0.25586014 -0.24675438
v 0.04050362 0.25559559 -0.24743470
v 0.03950286 0.25526479 -0.24799375
v 0.05019573 0.25729938 -0.23933565
v 0.04921273 0.25714217 -0.24028236
v 0.04830660 0.25698265 -0.24119191
v 0.04738664 0.25680846 -0.24206970
v 0.04645796 0.25669135 -0.24292782
v 0.04551209 0.25654073 -0.24374129
v 0.04454663 0.25644054 -0.24454868
v 0.04358137 0.25621947 -0.24531416
v 0.04259778 0.25596461 -0.24603382
v 0.04157313 0.25573766 -0.24674813
v 0.04053092 0.25548624 -0.24743089
v 0.03953094 0.25515541 -0.24799420
v 0.05018505 0.25720052 -0.23928428
v 0.04920193 0.25704972 -0.24022982
v 0.04829389 0.25689563 -0.24114788
v 0.04737353 0.25671283 -0.24201868
v 0.04644566 0.25659877 -0.24288242
v 0.04550153 0.25643555 -0.24369186
v 0.04453652 0.25634330 -0.24450457
v 0.04356784 0.25611459 -0.24526197
v 0.04258642 0.25587511 -0.24599679
v 0.04156172 0.25564467 -0.24670486
v 0.04051970 0.25537763 -0.24738385
v 0.03951906 0.25507197 -0.24795493
v 0.05013076 0.25714002 -0.23919402
v 0.04914971 0.25698444 -0.24014438
v 0.04824140 0.25682849 -0.24105763
v 0.04732311 0.25664333 -0.24193329
v 0.04639208 0.25653784 -0.24279327
v 0.04544682 0.25637919 -0.24360312
v 0.04448522 0.25627355 -0.24441623
v 0.04351427 0.25605714 -0.24517545
v 0.04253079 0.25581683 -0.24590831
v 0.04150834 0.25557743 -0.24661640
v 0.04046583 0.25534018 -0.24730931
v 0.03946840 0.25498249 -0.24785445
v 0.05004805 0.25713283 -0.23909225
v 0.04906469 0.25699509 -0.24004728
v 0.04816419 0.25680924 -0.24095066
v 0.04723855 0.25664579 -0.24183144
v 0.04631491 0.25652373 -0.24269176
v 0.04536746 0.25637690 -0.24350533
v 0.04440417 0.25626868 -0.24431510
v 0.04343600 0.25605783 -0.24508249
v 0.04245317 0.25581558 -0.24580830
v 0.04142803 0.25557904 -0.24651578
v 0.04038452 0.25533169 -0.24720280
v 0.03939010 0.25498048 -0.24775536
v 0.04996640 0.25718463 -0.23900977
v 0.04898429 0.25705409 -0.23996984
v 0.04807825 0.25688660 -0.24088066
v 0.04715837 0.25670236 -0.24174875
v 0.04623398 0.25657937 -0.24260845
v 0.04528578 0.25643416 -0.24341905
v 0.04432353 0.25631213 -0.24422476
v 0.04335746 0.25610131 -0.24499175
v 0.04237218 0.25586829 -0.24572529
v 0.04134846 0.25563194 -0.24643061
v 0.04030586 0.25537510 -0.24711013
v 0.03930790 0.25505722 -0.24768104
v 0.04990644 0.25727684 -0.23897379
v 0.04892599 0.25713349 -0.23992618
v 0.04801919 0.25697301 -0.24083652
v 0.04710139 0.25679879 -0.24171645
v 0.04617616 0.25665725 -0.24256061
v 0.04522806 0.25652247 -0.24338338
v 0.04426475 0.25641376 -0.24418570
v 0.04329918 0.25618844 -0.24494966
v 0.04231601 0.25593512 -0.24567129
v 0.04128862 0.25573450 -0.24639307
v 0.04024864 0.25546228 -0.24706961
v 0.03925333 0.25511709 -0.24762478
v 0.03721000 0.25497953 -0.24620716
v 0.03726974 0.25488765 -0.24624777
v 0.03712829 0.25500575 -0.24611367
v 0.03703808 0.25503507 -0.24603674
v 0.03698116 0.25496835 -0.24595527
v 0.03696590 0.25487685 -0.24591864
v 0.03699261 0.25475948 -0.24591616
v 0.03705305 0.25466635 -0.24595605
v 0.03713643 0.25461479 -0.24603393
v 0.03722039 0.25463267 -0.24613218
v 0.03728043 0.25468731 -0.24620813
v 0.03729794 0.25477253 -0.24624691
v 0.03726974 0.25488765 -0.24624777
v 0.03865695 0.25495737 -0.24795954
v 0.03862957 0.25504631 -0.24795547
v 0.03863714 0.25514625 -0.24800754
v 0.03868364 0.25521441 -0.24810060
v 0.03875805 0.25522430 -0.24821103
v 0.03883540 0.25514627 -0.24828245
v 0.03889221 0.25506975 -0.24833551
v 0.03892181 0.25497228 -0.24833904
v 0.03891438 0.25487386 -0.24828653
v 0.03886447 0.25483580 -0.24820756
v 0.03879005 0.25481997 -0.24808948
v 0.03871337 0.25487661 -0.24800855
v 0.03865695 0.25495737 -0.24795954
v 0.04860459 0.25747641 -0.23381019
v 0.04865887 0.25739571 -0.23385388
v 0.05001171 0.25787735 -0.23266505
v 0.05007020 0.25777542 -0.23268997
v 0.04852362 0.25753376 -0.23373427
v 0.04992828 0.25791989 -0.23257592
v 0.04844273 0.25751632 -0.23362554
v 0.04984837 0.25793298 -0.23248506
v 0.04838832 0.25745921 -0.23354109
v 0.04979374 0.25784747 -0.23238320
v 0.04837864 0.25733936 -0.23347581
v 0.04978056 0.25774908 -0.23232696
v 0.04840841 0.25722908 -0.23347428
v 0.04981025 0.25765203 -0.23232483
v 0.04846396 0.25714794 -0.23351543
v 0.04987157 0.25755524 -0.23235866
v 0.04854994 0.25708269 -0.23359038
v 0.04995107 0.25749812 -0.23242817
v 0.04862739 0.25710083 -0.23370087
v 0.05003207 0.25750426 -0.23252967
v 0.04868180 0.25716043 -0.23378680
v 0.05008394 0.25757437 -0.23262857
v 0.04869483 0.25724474 -0.23382737
v 0.05009590 0.25767464 -0.23268406
v 0.04865887 0.25739571 -0.23385388
v 0.05007020 0.25777542 -0.23268997
v 0.05268451 0.25763882 -0.23635599
v 0.05265655 0.25774306 -0.23636543
v 0.05123279 0.25762326 -0.23776700
v 0.05125715 0.25750631 -0.23773969
v 0.05266969 0.25783351 -0.23641676
v 0.05124257 0.25773033 -0.23782567
v 0.05272634 0.25788347 -0.23650892
v 0.05130042 0.25778231 -0.23791857
v 0.05280376 0.25780814 -0.23654419
v 0.05137848 0.25779647 -0.23802251
v 0.05288439 0.25784057 -0.23668765
v 0.05146152 0.25773123 -0.23809263
v 0.05294636 0.25773444 -0.23671120
v 0.05151923 0.25765841 -0.23813956
v 0.05297037 0.25764190 -0.23670189
v 0.05154058 0.25756822 -0.23812913
v 0.05295782 0.25754748 -0.23664750
v 0.05153065 0.25743787 -0.23805089
v 0.05290393 0.25748559 -0.23655471
v 0.05146196 0.25737782 -0.23791269
v 0.05282293 0.25748418 -0.23645369
v 0.05138365 0.25735274 -0.23780048
v 0.05274125 0.25754854 -0.23638691
v 0.05131161 0.25742082 -0.23776808
v 0.05268451 0.25763882 -0.23635599
v 0.05125715 0.25750631 -0.23773969
vt 0.43258601 0.06847489
vt 0.43765900 0.06847090
vt 0.43765900 0.06391388
vt 0.43258601 0.06392503
vt 0.42751899 0.06391299
vt 0.42751899 0.06848788
vt 0.42245299 0.06391102
vt 0.42245299 0.06848103
vt 0.41738501 0.06392002
vt 0.41738501 0.06846702
vt 0.41232300 0.06847489
vt 0.41232300 0.06391603
vt 0.52474499 0.06846488
vt 0.52474499 0.06392092
vt 0.51963788 0.06390703
vt 0.51963788 0.06846392
vt 0.51452798 0.06391889
vt 0.51452798 0.06847388
vt 0.50937802 0.06392002
vt 0.50937802 0.06847388
vt 0.50419402 0.06390703
vt 0.50419402 0.06846392
vt 0.49902099 0.06391102
vt 0.49902099 0.06848389
vt 0.49382600 0.06392401
vt 0.49382600 0.06848788
vt 0.48860401 0.06391698
vt 0.48860401 0.06846988
vt 0.48341799 0.06391788
vt 0.48341799 0.06849289
vt 0.47822100 0.06390792
vt 0.47822100 0.06847489
vt 0.47311699 0.06390989
vt 0.47311699 0.06846392
vt 0.46805400 0.06391299
vt 0.46805400 0.06845891
vt 0.46298301 0.06848288
vt 0.46298301 0.06392199
vt 0.45791700 0.06392598
vt 0.45791700 0.06849903
vt 0.45284900 0.06846893
vt 0.45284900 0.06391191
vt 0.44778100 0.06392092
vt 0.44778100 0.06849688
vt 0.44271699 0.06849992
vt 0.44271699 0.06391603
vt 0.43258601 0.07346702
vt 0.43765900 0.07347602
vt 0.42751899 0.07349098
vt 0.42245299 0.07347298
vt 0.41738501 0.07347602
vt 0.41232300 0.07347101
vt 0.52474499 0.07346898
vt 0.51963788 0.07347298
vt 0.51452798 0.07347602
vt 0.50937802 0.07347792
vt 0.50419402 0.07346898
vt 0.49902099 0.07347202
vt 0.49382600 0.07348198
vt 0.48860401 0.07346398
vt 0.48341799 0.07347202
vt 0.47822100 0.07346803
vt 0.47311699 0.07346803
vt 0.46805400 0.07347000
vt 0.46298301 0.07348698
vt 0.45791700 0.07348901
vt 0.45284900 0.07347602
vt 0.44778100 0.07348698
vt 0.44271699 0.07349902
vt 0.43765900 0.07881999
vt 0.43258601 0.07881099
vt 0.42751899 0.07883501
vt 0.42245299 0.07881403
vt 0.41738501 0.07882398
vt 0.41232300 0.07880598
vt 0.51963788 0.07880700
vt 0.52474499 0.07881200
vt 0.51452798 0.07882297
vt 0.50937802 0.07882899
vt 0.50419402 0.07881898
vt 0.49902099 0.07881802
vt 0.49382600 0.07882899
vt 0.48860401 0.07880902
vt 0.48341799 0.07882100
vt 0.47822100 0.07881802
vt 0.47311699 0.07881898
vt 0.46805400 0.07879800
vt 0.46298301 0.07882601
vt 0.45791700 0.07883787
vt 0.45284900 0.07881802
vt 0.44778100 0.07882500
vt 0.44271699 0.07884699
vt 0.43258601 0.08415300
vt 0.43765900 0.08416599
vt 0.42751899 0.08418691
vt 0.42245299 0.08416301
vt 0.41738501 0.08415699
vt 0.41232300 0.08414298
vt 0.52474499 0.08417201
vt 0.51963788 0.08415502
vt 0.51452798 0.08415699
vt 0.50937802 0.08416802
vt 0.50419402 0.08416098
vt 0.49902099 0.08415502
vt 0.49382600 0.08417302
vt 0.48860401 0.08415300
vt 0.48341799 0.08416301
vt 0.47822100 0.08415788
vt 0.47311699 0.08416802
vt 0.46805400 0.08415300
vt 0.46298301 0.08416891
vt 0.45791700 0.08417088
vt 0.45284900 0.08414698
vt 0.44778100 0.08417702
vt 0.44271699 0.08417702
vt 0.43765900 0.08915389
vt 0.43258601 0.08914691
vt 0.42751899 0.08918089
vt 0.42245299 0.08917302
vt 0.41738501 0.08916998
vt 0.41232300 0.08914691
vt 0.51963788 0.08916801
vt 0.52474499 0.08915299
vt 0.51452798 0.08913988
vt 0.50937802 0.08915699
vt 0.50419402 0.08916003
vt 0.49902099 0.08915389
vt 0.49382600 0.08917588
vt 0.48860401 0.08914489
vt 0.48341799 0.08915502
vt 0.47822100 0.08914793
vt 0.47311699 0.08916402
vt 0.46805400 0.08915198
vt 0.46298301 0.08915102
vt 0.45791700 0.08915901
vt 0.45284900 0.08914793
vt 0.44778100 0.08917987
vt 0.44271699 0.08918202
vt 0.43258601 0.09370703
vt 0.43765900 0.09372598
vt 0.42751899 0.09375000
vt 0.42245299 0.09371400
vt 0.41738501 0.09373403
vt 0.41232300 0.09371901
vt 0.51963788 0.09374100
vt 0.52474499 0.09373403
vt 0.51452798 0.09371698
vt 0.50937802 0.09371501
vt 0.50419402 0.09371299
vt 0.49902099 0.09372711
vt 0.49382600 0.09374201
vt 0.48860401 0.09370601
vt 0.48341799 0.09372401
vt 0.47822100 0.09371299
vt 0.47311699 0.09373498
vt 0.46805400 0.09372008
vt 0.46298301 0.09371698
vt 0.45791700 0.09372509
vt 0.45284900 0.09372509
vt 0.44778100 0.09373498
vt 0.44271699 0.09373891
vt 0.43258601 0.09827387
vt 0.43765900 0.09828389
vt 0.42751899 0.09831208
vt 0.42245299 0.09828389
vt 0.41738501 0.09828103
vt 0.41232300 0.09829003
vt 0.51963788 0.09829700
vt 0.52474499 0.09829903
vt 0.51452798 0.09827203
vt 0.50937802 0.09830201
vt 0.50419402 0.09829199
vt 0.49902099 0.09829903
vt 0.49382600 0.09828699
vt 0.48860401 0.09827489
vt 0.48341799 0.09828198
vt 0.47822100 0.09829599
vt 0.47311699 0.09828788
vt 0.46805400 0.09828001
vt 0.46298301 0.09829700
vt 0.45791700 0.09829700
vt 0.45284900 0.09828198
vt 0.44778100 0.09829289
vt 0.44271699 0.09830701
vt 0.43258601 0.10326612
vt 0.43765900 0.10328197
vt 0.42751899 0.10330409
vt 0.42245299 0.10329008
vt 0.41738501 0.10328799
vt 0.41232300 0.10328501
vt 0.51963788 0.10330898
vt 0.52474499 0.10328197
vt 0.51452798 0.10327399
vt 0.50937802 0.10328197
vt 0.50419402 0.10327500
vt 0.49902099 0.10328698
vt 0.49382600 0.10328108
vt 0.48860401 0.10327011
vt 0.48341799 0.10328001
vt 0.47822100 0.10328108
vt 0.47311699 0.10328609
vt 0.46805400 0.10329199
vt 0.46298301 0.10327798
vt 0.45791700 0.10328698
vt 0.45284900 0.10328901
vt 0.44778100 0.10328197
vt 0.44271699 0.10330611
vt 0.43258601 0.10860997
vt 0.43765900 0.10863012
vt 0.42751899 0.10864908
vt 0.42245299 0.10863101
vt 0.41738501 0.10862797
vt 0.41232300 0.10863298
vt 0.51963788 0.10864198
vt 0.52474499 0.10862398
vt 0.51452798 0.10862207
vt 0.50937802 0.10863209
vt 0.50419402 0.10861999
vt 0.49902099 0.10863298
vt 0.49382600 0.10862797
vt 0.48860401 0.10861498
vt 0.48341799 0.10862797
vt 0.47822100 0.10863012
vt 0.47311699 0.10863698
vt 0.46805400 0.10862708
vt 0.46298301 0.10863900
vt 0.45791700 0.10863608
vt 0.45284900 0.10863209
vt 0.44778100 0.10862112
vt 0.44271699 0.10865408
vt 0.43258601 0.11395198
vt 0.43765900 0.11397398
vt 0.42751899 0.11399299
vt 0.42245299 0.11398399
vt 0.41738501 0.11396009
vt 0.41232300 0.11396497
vt 0.51963788 0.11399108
vt 0.52474499 0.11396301
vt 0.51452798 0.11396497
vt 0.50937802 0.11397898
vt 0.50419402 0.11396801
vt 0.49902099 0.11397898
vt 0.49382600 0.11397201
vt 0.48860401 0.11395401
vt 0.48341799 0.11397099
vt 0.47822100 0.11396909
vt 0.47311699 0.11397398
vt 0.46805400 0.11396801
vt 0.46298301 0.11398101
vt 0.45791700 0.11396998
vt 0.45284900 0.11396009
vt 0.44778100 0.11397201
vt 0.44271699 0.11398399
vt 0.43258601 0.11894608
vt 0.43765900 0.11898297
vt 0.42751899 0.11900198
vt 0.42245299 0.11896408
vt 0.41738501 0.11896509
vt 0.41232300 0.11896199
vt 0.51963788 0.11898297
vt 0.52474499 0.11896801
vt 0.51452798 0.11897302
vt 0.50937802 0.11897200
vt 0.50419402 0.11897302
vt 0.49902099 0.11896598
vt 0.49382600 0.11897498
vt 0.48860401 0.11895901
vt 0.48341799 0.11896312
vt 0.47822100 0.11897701
vt 0.47311699 0.11896801
vt 0.46805400 0.11896801
vt 0.46298301 0.11896312
vt 0.45791700 0.11895698
vt 0.45284900 0.11896199
vt 0.44778100 0.11897391
vt 0.44271699 0.11898798
vt 0.43258601 0.12352508
vt 0.43765900 0.12353599
vt 0.42751899 0.12353700
vt 0.42245299 0.12353891
vt 0.41738501 0.12352908
vt 0.41232300 0.12353402
vt 0.51963788 0.12354201
vt 0.52474499 0.12352908
vt 0.51452798 0.12353098
vt 0.50937802 0.12352997
vt 0.50419402 0.12354302
vt 0.49902099 0.12353802
vt 0.49382600 0.12352598
vt 0.48860401 0.12353301
vt 0.48341799 0.12353200
vt 0.47822100 0.12354201
vt 0.47311699 0.12353891
vt 0.46805400 0.12353700
vt 0.46298301 0.12352800
vt 0.45791700 0.12352312
vt 0.45284900 0.12353802
vt 0.44778100 0.12352800
vt 0.44271699 0.12353402
vt 0.55516207 0.06847292
vt 0.56023502 0.06847489
vt 0.56023502 0.06391788
vt 0.55516207 0.06392401
vt 0.55010498 0.06847292
vt 0.55010498 0.06391102
vt 0.54502898 0.06848103
vt 0.54502898 0.06391191
vt 0.53996199 0.06392002
vt 0.53996199 0.06846589
vt 0.53490001 0.06848103
vt 0.53490001 0.06392092
vt 0.52982908 0.06391889
vt 0.52982908 0.06848693
vt 0.58556211 0.06848902
vt 0.58556211 0.06392789
vt 0.58049500 0.06392598
vt 0.58049500 0.06849903
vt 0.57542598 0.06846893
vt 0.57542598 0.06391191
vt 0.57036602 0.06848192
vt 0.57036602 0.06392503
vt 0.56529301 0.06850088
vt 0.56529301 0.06391603
vt 0.55516207 0.07347792
vt 0.56023502 0.07348001
vt 0.55010498 0.07347792
vt 0.54502898 0.07347298
vt 0.53996199 0.07347387
vt 0.53490001 0.07347703
vt 0.52982908 0.07348698
vt 0.58049500 0.07348901
vt 0.58556211 0.07349402
vt 0.57542598 0.07347602
vt 0.57036602 0.07347202
vt 0.56529301 0.07349998
vt 0.56023502 0.07882398
vt 0.55516207 0.07881802
vt 0.55010498 0.07881999
vt 0.54502898 0.07881498
vt 0.53996199 0.07882500
vt 0.53490001 0.07881200
vt 0.52982908 0.07882899
vt 0.58556211 0.07883191
vt 0.58049500 0.07883698
vt 0.57542598 0.07881802
vt 0.57036602 0.07881099
vt 0.56529301 0.07884789
vt 0.55516207 0.08415788
vt 0.56023502 0.08416802
vt 0.55010498 0.08417302
vt 0.54502898 0.08416402
vt 0.53996199 0.08415699
vt 0.53490001 0.08414888
vt 0.52982908 0.08415699
vt 0.58556211 0.08417487
vt 0.58049500 0.08417088
vt 0.57542598 0.08414698
vt 0.57036602 0.08416098
vt 0.56529301 0.08417791
vt 0.55516207 0.08915299
vt 0.56023502 0.08915788
vt 0.55010498 0.08916801
vt 0.54502898 0.08917189
vt 0.53996199 0.08916998
vt 0.53490001 0.08915198
vt 0.52982908 0.08916801
vt 0.58049500 0.08915788
vt 0.58556211 0.08915699
vt 0.57542598 0.08914793
vt 0.57036602 0.08916491
vt 0.56529301 0.08918202
vt 0.55516207 0.09371299
vt 0.56023502 0.09372997
vt 0.55010498 0.09373689
vt 0.54502898 0.09371400
vt 0.53996199 0.09371901
vt 0.53490001 0.09372401
vt 0.52982908 0.09371400
vt 0.58556211 0.09372312
vt 0.58049500 0.09372509
vt 0.57542598 0.09372401
vt 0.57036602 0.09372008
vt 0.56529301 0.09373891
vt 0.55516207 0.09826398
vt 0.56023502 0.09828699
vt 0.55010498 0.09829801
vt 0.54502898 0.09828198
vt 0.53996199 0.09828389
vt 0.53490001 0.09828389
vt 0.52982908 0.09828299
vt 0.58049500 0.09829801
vt 0.58556211 0.09830302
vt 0.57542598 0.09828198
vt 0.57036602 0.09827691
vt 0.56529301 0.09830701
vt 0.55516207 0.10326701
vt 0.56023502 0.10328799
vt 0.55010498 0.10329008
vt 0.54502898 0.10328901
vt 0.53996199 0.10329098
vt 0.53490001 0.10327899
vt 0.52982908 0.10328299
vt 0.58049500 0.10328698
vt 0.58556211 0.10328400
vt 0.57542598 0.10328799
vt 0.57036602 0.10326809
vt 0.56529301 0.10330611
vt 0.55516207 0.10861099
vt 0.56023502 0.10862511
vt 0.55010498 0.10863400
vt 0.54502898 0.10863209
vt 0.53996199 0.10863298
vt 0.53490001 0.10862613
vt 0.52982908 0.10862398
vt 0.58049500 0.10863608
vt 0.58556211 0.10864508
vt 0.57542598 0.10863101
vt 0.57036602 0.10860598
vt 0.56529301 0.10865408
vt 0.55516207 0.11395311
vt 0.56023502 0.11397099
vt 0.55010498 0.11397803
vt 0.54502898 0.11398298
vt 0.53996199 0.11398000
vt 0.53490001 0.11395901
vt 0.52982908 0.11395901
vt 0.58049500 0.11396909
vt 0.58556211 0.11397398
vt 0.57542598 0.11396009
vt 0.57036602 0.11395597
vt 0.56529301 0.11398399
vt 0.55516207 0.11894703
vt 0.56023502 0.11897898
vt 0.55010498 0.11898702
vt 0.54502898 0.11896312
vt 0.53996199 0.11896509
vt 0.53490001 0.11895609
vt 0.52982908 0.11897099
vt 0.58049500 0.11895698
vt 0.58556211 0.11895609
vt 0.57542598 0.11896098
vt 0.57036602 0.11895901
vt 0.56529301 0.11898899
vt 0.55516207 0.12352598
vt 0.56023502 0.12353200
vt 0.55010498 0.12353802
vt 0.54502898 0.12353802
vt 0.53996199 0.12352997
vt 0.53490001 0.12352800
vt 0.52982908 0.12353098
vt 0.58049500 0.12352401
vt 0.58556211 0.12352198
vt 0.57542598 0.12353802
vt 0.57036602 0.12352508
vt 0.56529301 0.12353402
vt 0.40469700 0.06396103
vt 0.40469700 0.06852788
vt 0.40469700 0.07352400
vt 0.40469700 0.07886899
vt 0.40469700 0.08419299
vt 0.40469700 0.08920503
vt 0.40469700 0.09376597
vt 0.40469700 0.09833300
vt 0.40469700 0.10333008
vt 0.40469700 0.10863608
vt 0.40469700 0.11394298
vt 0.40469700 0.11892712
vt 0.40469700 0.12348902
vt 0.59313709 0.06850302
vt 0.59313709 0.06393993
vt 0.59313709 0.07348901
vt 0.59313709 0.07884300
vt 0.59313709 0.08417988
vt 0.59313709 0.08916903
vt 0.59313709 0.09371799
vt 0.59313709 0.09828103
vt 0.59313709 0.10329199
vt 0.59313709 0.10862309
vt 0.59313709 0.11396009
vt 0.59313709 0.11895108
vt 0.59313709 0.12351000
vt 0.38006300 0.06851488
vt 0.38006300 0.06396502
vt 0.35323599 0.06395888
vt 0.35323599 0.06851989
vt 0.32658300 0.06394988
vt 0.32658300 0.06851989
vt 0.30002299 0.06396103
vt 0.30002299 0.06853092
vt 0.27356401 0.06395102
vt 0.27356401 0.06852198
vt 0.24714699 0.06395602
vt 0.24714699 0.06850493
vt 0.22074901 0.06395489
vt 0.22074901 0.06850493
vt 0.19436499 0.06395602
vt 0.19436499 0.06852502
vt 0.16798501 0.06394988
vt 0.16798501 0.06851989
vt 0.14160800 0.06394988
vt 0.14160800 0.06851888
vt 0.11522500 0.06394988
vt 0.11522500 0.06849802
vt 0.08884580 0.06396300
vt 0.08884580 0.06851089
vt 0.35323599 0.07352698
vt 0.38006300 0.07352108
vt 0.32658300 0.07352799
vt 0.30002299 0.07353598
vt 0.27356401 0.07352501
vt 0.24714699 0.07350999
vt 0.22074901 0.07350701
vt 0.19436499 0.07350802
vt 0.16798501 0.07352108
vt 0.14160800 0.07352000
vt 0.11522500 0.07349902
vt 0.08884580 0.07351208
vt 0.38006300 0.07885998
vt 0.35323599 0.07885098
vt 0.32658300 0.07884991
vt 0.30002299 0.07887101
vt 0.27356401 0.07885998
vt 0.24714699 0.07884699
vt 0.22074901 0.07885498
vt 0.19436499 0.07884198
vt 0.16798501 0.07885098
vt 0.14160800 0.07886398
vt 0.11522500 0.07884300
vt 0.08884580 0.07885498
vt 0.38006300 0.08419788
vt 0.35323599 0.08420998
vt 0.32658300 0.08420801
vt 0.30002299 0.08420700
vt 0.27356401 0.08419389
vt 0.24714699 0.08420199
vt 0.22074901 0.08420998
vt 0.19436499 0.08420199
vt 0.16798501 0.08420998
vt 0.14160800 0.08419591
vt 0.11522500 0.08417892
vt 0.08884580 0.08419102
vt 0.35323599 0.08920002
vt 0.38006300 0.08919299
vt 0.32658300 0.08919787
vt 0.30002299 0.08919698
vt 0.27356401 0.08920699
vt 0.24714699 0.08919191
vt 0.22074901 0.08919889
vt 0.19436499 0.08919603
vt 0.16798501 0.08919889
vt 0.14160800 0.08920789
vt 0.11522500 0.08919102
vt 0.08884580 0.08917892
vt 0.38006300 0.09373802
vt 0.35323599 0.09376001
vt 0.32658300 0.09375799
vt 0.30002299 0.09375608
vt 0.27356401 0.09376699
vt 0.24714699 0.09375209
vt 0.22074901 0.09375900
vt 0.19436499 0.09374100
vt 0.16798501 0.09375900
vt 0.14160800 0.09376699
vt 0.11522500 0.09375209
vt 0.08884580 0.09375799
vt 0.35323599 0.09833002
vt 0.38006300 0.09830803
vt 0.32658300 0.09832698
vt 0.30002299 0.09831601
vt 0.27356401 0.09831601
vt 0.24714699 0.09832108
vt 0.22074901 0.09830803
vt 0.19436499 0.09831101
vt 0.16798501 0.09832799
vt 0.14160800 0.09831601
vt 0.11522500 0.09832001
vt 0.08884580 0.09830499
vt 0.35323599 0.10331511
vt 0.38006300 0.10331613
vt 0.32658300 0.10331208
vt 0.30002299 0.10332310
vt 0.27356401 0.10332012
vt 0.24714699 0.10332513
vt 0.22074901 0.10331112
vt 0.19436499 0.10331208
vt 0.16798501 0.10333008
vt 0.14160800 0.10331708
vt 0.11522500 0.10332310
vt 0.08884580 0.10330611
vt 0.35323599 0.10862708
vt 0.38006300 0.10859901
vt 0.32658300 0.10862309
vt 0.30002299 0.10860199
vt 0.27356401 0.10861212
vt 0.24714699 0.10861611
vt 0.22074901 0.10861701
vt 0.19436499 0.10861808
vt 0.16798501 0.10861808
vt 0.14160800 0.10861999
vt 0.11522500 0.10860997
vt 0.08884580 0.10860711
vt 0.35323599 0.11393601
vt 0.38006300 0.11393100
vt 0.32658300 0.11393100
vt 0.30002299 0.11393899
vt 0.27356401 0.11392701
vt 0.24714699 0.11392099
vt 0.22074901 0.11392212
vt 0.19436499 0.11392212
vt 0.16798501 0.11392808
vt 0.14160800 0.11395109
vt 0.11522500 0.11393303
vt 0.08884580 0.11391509
vt 0.35323599 0.11893100
vt 0.38006300 0.11892498
vt 0.32658300 0.11892098
vt 0.30002299 0.11892909
vt 0.27356401 0.11893898
vt 0.24714699 0.11893398
vt 0.22074901 0.11893398
vt 0.19436499 0.11893398
vt 0.16798501 0.11894000
vt 0.14160800 0.11893898
vt 0.11522500 0.11892098
vt 0.08884580 0.11892712
vt 0.35323599 0.12348998
vt 0.38006300 0.12348503
vt 0.32658300 0.12349999
vt 0.30002299 0.12348789
vt 0.27356401 0.12349898
vt 0.24714699 0.12349403
vt 0.22074901 0.12349403
vt 0.19436499 0.12349403
vt 0.16798501 0.12349999
vt 0.14160800 0.12349999
vt 0.11522500 0.12349999
vt 0.08884580 0.12348700
vt 0.88265002 0.06849003
vt 0.90903097 0.06846702
vt 0.90903097 0.06390703
vt 0.88265002 0.06390989
vt 0.85626698 0.06849188
vt 0.85626698 0.06393188
vt 0.82988399 0.06845891
vt 0.82988399 0.06391191
vt 0.80349809 0.06848502
vt 0.80349809 0.06392401
vt 0.77711111 0.06850702
vt 0.77711111 0.06392699
vt 0.75070900 0.06848502
vt 0.75070900 0.06392401
vt 0.72429192 0.06849188
vt 0.72429192 0.06393093
vt 0.69782811 0.06849092
vt 0.69782811 0.06392998
vt 0.67126602 0.06849092
vt 0.67126602 0.06392998
vt 0.64459997 0.06848389
vt 0.64459997 0.06392199
vt 0.61777198 0.06849402
vt 0.61777198 0.06393188
vt 0.88265002 0.07347703
vt 0.90903097 0.07347792
vt 0.85626698 0.07349801
vt 0.82988399 0.07344502
vt 0.80349809 0.07349402
vt 0.77711111 0.07349300
vt 0.75070900 0.07346702
vt 0.72429192 0.07349598
vt 0.69782811 0.07349998
vt 0.67126602 0.07349491
vt 0.64459997 0.07349098
vt 0.61777198 0.07349700
vt 0.90903097 0.07881200
vt 0.88265002 0.07883191
vt 0.85626698 0.07883000
vt 0.82988399 0.07879698
vt 0.80349809 0.07882398
vt 0.77711111 0.07884902
vt 0.75070900 0.07881498
vt 0.72429192 0.07882100
vt 0.69782811 0.07883102
vt 0.67126602 0.07881701
vt 0.64459997 0.07884091
vt 0.61777198 0.07881701
vt 0.90903097 0.08415198
vt 0.88265002 0.08416891
vt 0.85626698 0.08416599
vt 0.82988399 0.08413202
vt 0.80349809 0.08416891
vt 0.77711111 0.08418101
vt 0.75070900 0.08414388
vt 0.72429192 0.08416599
vt 0.69782811 0.08416998
vt 0.67126602 0.08417302
vt 0.64459997 0.08416402
vt 0.61777198 0.08416802
vt 0.88265002 0.08916491
vt 0.90903097 0.08915102
vt 0.85626698 0.08916199
vt 0.82988399 0.08912700
vt 0.80349809 0.08918393
vt 0.77711111 0.08917189
vt 0.75070900 0.08915699
vt 0.72429192 0.08915699
vt 0.69782811 0.08917987
vt 0.67126602 0.08916003
vt 0.64459997 0.08917302
vt 0.61777198 0.08915299
vt 0.88265002 0.09373403
vt 0.90903097 0.09371901
vt 0.85626698 0.09372908
vt 0.82988399 0.09369391
vt 0.80349809 0.09372997
vt 0.77711111 0.09373891
vt 0.75070900 0.09370399
vt 0.72429192 0.09372401
vt 0.69782811 0.09372598
vt 0.67126602 0.09372509
vt 0.64459997 0.09373999
vt 0.61777198 0.09371901
vt 0.88265002 0.09829402
vt 0.90903097 0.09827888
vt 0.85626698 0.09827602
vt 0.82988399 0.09827387
vt 0.80349809 0.09829098
vt 0.77711111 0.09829998
vt 0.75070900 0.09826398
vt 0.72429192 0.09827000
vt 0.69782811 0.09828591
vt 0.67126602 0.09828699
vt 0.64459997 0.09830600
vt 0.61777198 0.09828001
vt 0.88265002 0.10328108
vt 0.90903097 0.10329008
vt 0.85626698 0.10328609
vt 0.82988399 0.10325998
vt 0.80349809 0.10330099
vt 0.77711111 0.10328197
vt 0.75070900 0.10327297
vt 0.72429192 0.10327899
vt 0.69782811 0.10329509
vt 0.67126602 0.10329008
vt 0.64459997 0.10329008
vt 0.61777198 0.10328799
vt 0.88265002 0.10863608
vt 0.90903097 0.10862398
vt 0.85626698 0.10861701
vt 0.82988399 0.10861212
vt 0.80349809 0.10862899
vt 0.77711111 0.10863012
vt 0.75070900 0.10862207
vt 0.72429192 0.10860401
vt 0.69782811 0.10862708
vt 0.67126602 0.10861301
vt 0.64459997 0.10863298
vt 0.61777198 0.10861611
vt 0.88265002 0.11397302
vt 0.90903097 0.11397702
vt 0.85626698 0.11395401
vt 0.82988399 0.11396408
vt 0.80349809 0.11396301
vt 0.77711111 0.11396211
vt 0.75070900 0.11396909
vt 0.72429192 0.11396211
vt 0.69782811 0.11396599
vt 0.67126602 0.11396712
vt 0.64459997 0.11397302
vt 0.61777198 0.11396712
vt 0.88265002 0.11897099
vt 0.90903097 0.11897391
vt 0.85626698 0.11895108
vt 0.82988399 0.11895901
vt 0.80349809 0.11897802
vt 0.77711111 0.11895609
vt 0.75070900 0.11895901
vt 0.72429192 0.11895299
vt 0.69782811 0.11895400
vt 0.67126602 0.11895400
vt 0.64459997 0.11898208
vt 0.61777198 0.11895198
vt 0.88265002 0.12353891
vt 0.90903097 0.12354302
vt 0.85626698 0.12351799
vt 0.82988399 0.12353700
vt 0.80349809 0.12352598
vt 0.77711111 0.12352198
vt 0.75070900 0.12352598
vt 0.72429192 0.12351900
vt 0.69782811 0.12352008
vt 0.67126602 0.12352008
vt 0.64459997 0.12352711
vt 0.61777198 0.12351698
vt 0.39328101 0.06853288
vt 0.39328101 0.06395698
vt 0.39328101 0.07352501
vt 0.39328101 0.07887000
vt 0.39328101 0.08421499
vt 0.39328101 0.08920002
vt 0.39328101 0.09376901
vt 0.39328101 0.09832501
vt 0.39328101 0.10333800
vt 0.39328101 0.10862511
vt 0.39328101 0.11394101
vt 0.39328101 0.11894399
vt 0.39328101 0.12349302
vt 0.60455608 0.06850302
vt 0.60455608 0.06393093
vt 0.60455608 0.07350600
vt 0.60455608 0.07883388
vt 0.60455608 0.08416700
vt 0.60455608 0.08917689
vt 0.60455608 0.09373599
vt 0.60455608 0.09829491
vt 0.60455608 0.10329711
vt 0.60455608 0.10862511
vt 0.60455608 0.11397201
vt 0.60455608 0.11897999
vt 0.60455608 0.12351900
vt 0.04810911 0.06395388
vt 0.04810911 0.06851792
vt 0.00817501 0.06394702
vt 0.00817501 0.06850892
vt 0.04810911 0.07351702
vt 0.00817501 0.07350802
vt 0.04810911 0.07885891
vt 0.00817501 0.07884902
vt 0.04810911 0.08419299
vt 0.00817501 0.08420402
vt 0.04810911 0.08920401
vt 0.00817501 0.08919191
vt 0.04810911 0.09376198
vt 0.00817501 0.09376901
vt 0.04810911 0.09832698
vt 0.00817501 0.09833091
vt 0.04810911 0.10332412
vt 0.00817501 0.10333198
vt 0.04810911 0.10862112
vt 0.00817501 0.10862708
vt 0.04810911 0.11392808
vt 0.00817501 0.11393499
vt 0.04810911 0.11893898
vt 0.00817501 0.11894608
vt 0.04810911 0.12349600
vt 0.00817501 0.12350303
vt 0.98971212 0.06391501
vt 0.94896913 0.06390291
vt 0.94896913 0.06848192
vt 0.98971212 0.06847990
vt 0.94896913 0.07347000
vt 0.98971212 0.07346803
vt 0.94896913 0.07882500
vt 0.98971212 0.07879609
vt 0.94896913 0.08416599
vt 0.98971212 0.08415198
vt 0.94896913 0.08916402
vt 0.98971212 0.08915001
vt 0.94896913 0.09373200
vt 0.98971212 0.09371799
vt 0.94896913 0.09829289
vt 0.98971212 0.09827888
vt 0.94896913 0.10330409
vt 0.98971212 0.10329008
vt 0.94896913 0.10863799
vt 0.98971212 0.10862511
vt 0.94896913 0.11397898
vt 0.98971212 0.11396599
vt 0.94896913 0.11897802
vt 0.98971212 0.11896598
vt 0.94896913 0.12354702
vt 0.98971212 0.12353498
vt 0.56530100 0.06847489
vt 0.56530100 0.06392503
vt 0.56022799 0.06391388
vt 0.56022799 0.06847090
vt 0.57036901 0.06848788
vt 0.57036901 0.06391299
vt 0.57543403 0.06848103
vt 0.57543403 0.06391102
vt 0.58050299 0.06846702
vt 0.58050299 0.06392002
vt 0.58556497 0.06847489
vt 0.58556497 0.06391603
vt 0.47314200 0.06846488
vt 0.47824901 0.06846392
vt 0.47824901 0.06390703
vt 0.47314200 0.06392092
vt 0.48335901 0.06847388
vt 0.48335901 0.06391889
vt 0.48850900 0.06847388
vt 0.48850900 0.06392002
vt 0.49369299 0.06846392
vt 0.49369299 0.06390703
vt 0.49886599 0.06848389
vt 0.49886599 0.06391102
vt 0.50406098 0.06848788
vt 0.50406098 0.06392401
vt 0.50928289 0.06846988
vt 0.50928289 0.06391698
vt 0.51446909 0.06849289
vt 0.51446909 0.06391788
vt 0.51966602 0.06847489
vt 0.51966602 0.06390792
vt 0.52477002 0.06846392
vt 0.52477002 0.06390989
vt 0.52983302 0.06845891
vt 0.52983302 0.06391299
vt 0.53490388 0.06848288
vt 0.53490388 0.06392199
vt 0.53996992 0.06849903
vt 0.53996992 0.06392598
vt 0.54503793 0.06846893
vt 0.54503793 0.06391191
vt 0.55010599 0.06849688
vt 0.55010599 0.06392092
vt 0.55517101 0.06849992
vt 0.55517101 0.06391603
vt 0.56530100 0.07346702
vt 0.56022799 0.07347602
vt 0.57036901 0.07349098
vt 0.57543403 0.07347298
vt 0.58050299 0.07347602
vt 0.58556497 0.07347101
vt 0.47314200 0.07346898
vt 0.47824901 0.07347298
vt 0.48335901 0.07347602
vt 0.48850900 0.07347792
vt 0.49369299 0.07346898
vt 0.49886599 0.07347202
vt 0.50406098 0.07348198
vt 0.50928289 0.07346398
vt 0.51446909 0.07347202
vt 0.51966602 0.07346803
vt 0.52477002 0.07346803
vt 0.52983302 0.07347000
vt 0.53490388 0.07348698
vt 0.53996992 0.07348901
vt 0.54503793 0.07347602
vt 0.55010599 0.07348698
vt 0.55517101 0.07349902
vt 0.56022799 0.07881999
vt 0.56530100 0.07881099
vt 0.57036901 0.07883501
vt 0.57543403 0.07881403
vt 0.58050299 0.07882398
vt 0.58556497 0.07880598
vt 0.47824901 0.07880700
vt 0.47314200 0.07881200
vt 0.48335901 0.07882297
vt 0.48850900 0.07882899
vt 0.49369299 0.07881898
vt 0.49886599 0.07881802
vt 0.50406098 0.07882899
vt 0.50928289 0.07880902
vt 0.51446909 0.07882100
vt 0.51966602 0.07881802
vt 0.52477002 0.07881898
vt 0.52983302 0.07879800
vt 0.53490388 0.07882601
vt 0.53996992 0.07883787
vt 0.54503793 0.07881802
vt 0.55010599 0.07882500
vt 0.55517101 0.07884699
vt 0.56530100 0.08415300
vt 0.56022799 0.08416599
vt 0.57036901 0.08418691
vt 0.57543403 0.08416301
vt 0.58050299 0.08415699
vt 0.58556497 0.08414298
vt 0.47314200 0.08417201
vt 0.47824901 0.08415502
vt 0.48335901 0.08415699
vt 0.48850900 0.08416802
vt 0.49369299 0.08416098
vt 0.49886599 0.08415502
vt 0.50406098 0.08417302
vt 0.50928289 0.08415300
vt 0.51446909 0.08416301
vt 0.51966602 0.08415788
vt 0.52477002 0.08416802
vt 0.52983302 0.08415300
vt 0.53490388 0.08416891
vt 0.53996992 0.08417088
vt 0.54503793 0.08414698
vt 0.55010599 0.08417702
vt 0.55517101 0.08417702
vt 0.56022799 0.08915389
vt 0.56530100 0.08914691
vt 0.57036901 0.08918089
vt 0.57543403 0.08917302
vt 0.58050299 0.08916998
vt 0.58556497 0.08914691
vt 0.47824901 0.08916801
vt 0.47314200 0.08915299
vt 0.48335901 0.08913988
vt 0.48850900 0.08915699
vt 0.49369299 0.08916003
vt 0.49886599 0.08915389
vt 0.50406098 0.08917588
vt 0.50928289 0.08914489
vt 0.51446909 0.08915502
vt 0.51966602 0.08914793
vt 0.52477002 0.08916402
vt 0.52983302 0.08915198
vt 0.53490388 0.08915102
vt 0.53996992 0.08915901
vt 0.54503793 0.08914793
vt 0.55010599 0.08917987
vt 0.55517101 0.08918202
vt 0.56530100 0.09370703
vt 0.56022799 0.09372598
vt 0.57036901 0.09375000
vt 0.57543403 0.09371400
vt 0.58050299 0.09373403
vt 0.58556497 0.09371901
vt 0.47824901 0.09374100
vt 0.47314200 0.09373403
vt 0.48335901 0.09371698
vt 0.48850900 0.09371501
vt 0.49369299 0.09371299
vt 0.49886599 0.09372711
vt 0.50406098 0.09374201
vt 0.50928289 0.09370601
vt 0.51446909 0.09372401
vt 0.51966602 0.09371299
vt 0.52477002 0.09373498
vt 0.52983302 0.09372008
vt 0.53490388 0.09371698
vt 0.53996992 0.09372509
vt 0.54503793 0.09372509
vt 0.55010599 0.09373498
vt 0.55517101 0.09373891
vt 0.56022799 0.09828389
vt 0.56530100 0.09827387
vt 0.57036901 0.09831208
vt 0.57543403 0.09828389
vt 0.58050299 0.09828103
vt 0.58556497 0.09829003
vt 0.47314200 0.09829903
vt 0.47824901 0.09829700
vt 0.48335901 0.09827203
vt 0.48850900 0.09830201
vt 0.49369299 0.09829199
vt 0.49886599 0.09829903
vt 0.50406098 0.09828699
vt 0.50928289 0.09827489
vt 0.51446909 0.09828198
vt 0.51966602 0.09829599
vt 0.52477002 0.09828788
vt 0.52983302 0.09828001
vt 0.53490388 0.09829700
vt 0.53996992 0.09829700
vt 0.54503793 0.09828198
vt 0.55010599 0.09829289
vt 0.55517101 0.09830701
vt 0.56022799 0.10328197
vt 0.56530100 0.10326612
vt 0.57036901 0.10330409
vt 0.57543403 0.10329008
vt 0.58050299 0.10328799
vt 0.58556497 0.10328501
vt 0.47314200 0.10328197
vt 0.47824901 0.10330898
vt 0.48335901 0.10327399
vt 0.48850900 0.10328197
vt 0.49369299 0.10327500
vt 0.49886599 0.10328698
vt 0.50406098 0.10328108
vt 0.50928289 0.10327011
vt 0.51446909 0.10328001
vt 0.51966602 0.10328108
vt 0.52477002 0.10328609
vt 0.52983302 0.10329199
vt 0.53490388 0.10327798
vt 0.53996992 0.10328698
vt 0.54503793 0.10328901
vt 0.55010599 0.10328197
vt 0.55517101 0.10330611
vt 0.56022799 0.10863012
vt 0.56530100 0.10860997
vt 0.57036901 0.10864908
vt 0.57543403 0.10863101
vt 0.58050299 0.10862797
vt 0.58556497 0.10863298
vt 0.47314200 0.10862398
vt 0.47824901 0.10864198
vt 0.48335901 0.10862207
vt 0.48850900 0.10863209
vt 0.49369299 0.10861999
vt 0.49886599 0.10863298
vt 0.50406098 0.10862797
vt 0.50928289 0.10861498
vt 0.51446909 0.10862797
vt 0.51966602 0.10863012
vt 0.52477002 0.10863698
vt 0.52983302 0.10862708
vt 0.53490388 0.10863900
vt 0.53996992 0.10863608
vt 0.54503793 0.10863209
vt 0.55010599 0.10862112
vt 0.55517101 0.10865408
vt 0.56022799 0.11397398
vt 0.56530100 0.11395198
vt 0.57036901 0.11399299
vt 0.57543403 0.11398399
vt 0.58050299 0.11396009
vt 0.58556497 0.11396497
vt 0.47314200 0.11396301
vt 0.47824901 0.11399108
vt 0.48335901 0.11396497
vt 0.48850900 0.11397898
vt 0.49369299 0.11396801
vt 0.49886599 0.11397898
vt 0.50406098 0.11397201
vt 0.50928289 0.11395401
vt 0.51446909 0.11397099
vt 0.51966602 0.11396909
vt 0.52477002 0.11397398
vt 0.52983302 0.11396801
vt 0.53490388 0.11398101
vt 0.53996992 0.11396998
vt 0.54503793 0.11396009
vt 0.55010599 0.11397201
vt 0.55517101 0.11398399
vt 0.56022799 0.11898297
vt 0.56530100 0.11894608
vt 0.57036901 0.11900198
vt 0.57543403 0.11896408
vt 0.58050299 0.11896509
vt 0.58556497 0.11896199
vt 0.47314200 0.11896801
vt 0.47824901 0.11898297
vt 0.48335901 0.11897302
vt 0.48850900 0.11897200
vt 0.49369299 0.11897302
vt 0.49886599 0.11896598
vt 0.50406098 0.11897498
vt 0.50928289 0.11895901
vt 0.51446909 0.11896312
vt 0.51966602 0.11897701
vt 0.52477002 0.11896801
vt 0.52983302 0.11896801
vt 0.53490388 0.11896312
vt 0.53996992 0.11895698
vt 0.54503793 0.11896199
vt 0.55010599 0.11897391
vt 0.55517101 0.11898798
vt 0.56022799 0.12353599
vt 0.56530100 0.12352508
vt 0.57036901 0.12353700
vt 0.57543403 0.12353891
vt 0.58050299 0.12352908
vt 0.58556497 0.12353402
vt 0.47314200 0.12352908
vt 0.47824901 0.12354201
vt 0.48335901 0.12353098
vt 0.48850900 0.12352997
vt 0.49369299 0.12354302
vt 0.49886599 0.12353802
vt 0.50406098 0.12352598
vt 0.50928289 0.12353301
vt 0.51446909 0.12353200
vt 0.51966602 0.12354201
vt 0.52477002 0.12353891
vt 0.52983302 0.12353700
vt 0.53490388 0.12352800
vt 0.53996992 0.12352312
vt 0.54503793 0.12353802
vt 0.55010599 0.12352800
vt 0.55517101 0.12353402
vt 0.44272599 0.06847292
vt 0.44272599 0.06392401
vt 0.43765199 0.06391788
vt 0.43765199 0.06847489
vt 0.44778201 0.06847292
vt 0.44778201 0.06391102
vt 0.45285800 0.06848103
vt 0.45285800 0.06391191
vt 0.45792499 0.06846589
vt 0.45792499 0.06392002
vt 0.46298701 0.06848103
vt 0.46298701 0.06392092
vt 0.46805799 0.06848693
vt 0.46805799 0.06391889
vt 0.41232499 0.06848902
vt 0.41739199 0.06849903
vt 0.41739199 0.06392598
vt 0.41232499 0.06392789
vt 0.42246100 0.06846893
vt 0.42246100 0.06391191
vt 0.42752099 0.06848192
vt 0.42752099 0.06392503
vt 0.43259400 0.06850088
vt 0.43259400 0.06391603
vt 0.44272599 0.07347792
vt 0.43765199 0.07348001
vt 0.44778201 0.07347792
vt 0.45285800 0.07347298
vt 0.45792499 0.07347387
vt 0.46298701 0.07347703
vt 0.46805799 0.07348698
vt 0.41739199 0.07348901
vt 0.41232499 0.07349402
vt 0.42246100 0.07347602
vt 0.42752099 0.07347202
vt 0.43259400 0.07349998
vt 0.43765199 0.07882398
vt 0.44272599 0.07881802
vt 0.44778201 0.07881999
vt 0.45285800 0.07881498
vt 0.45792499 0.07882500
vt 0.46298701 0.07881200
vt 0.46805799 0.07882899
vt 0.41232499 0.07883191
vt 0.41739199 0.07883698
vt 0.42246100 0.07881802
vt 0.42752099 0.07881099
vt 0.43259400 0.07884789
vt 0.44272599 0.08415788
vt 0.43765199 0.08416802
vt 0.44778201 0.08417302
vt 0.45285800 0.08416402
vt 0.45792499 0.08415699
vt 0.46298701 0.08414888
vt 0.46805799 0.08415699
vt 0.41232499 0.08417487
vt 0.41739199 0.08417088
vt 0.42246100 0.08414698
vt 0.42752099 0.08416098
vt 0.43259400 0.08417791
vt 0.44272599 0.08915299
vt 0.43765199 0.08915788
vt 0.44778201 0.08916801
vt 0.45285800 0.08917189
vt 0.45792499 0.08916998
vt 0.46298701 0.08915198
vt 0.46805799 0.08916801
vt 0.41739199 0.08915788
vt 0.41232499 0.08915699
vt 0.42246100 0.08914793
vt 0.42752099 0.08916491
vt 0.43259400 0.08918202
vt 0.44272599 0.09371299
vt 0.43765199 0.09372997
vt 0.44778201 0.09373689
vt 0.45285800 0.09371400
vt 0.45792499 0.09371901
vt 0.46298701 0.09372401
vt 0.46805799 0.09371400
vt 0.41232499 0.09372312
vt 0.41739199 0.09372509
vt 0.42246100 0.09372401
vt 0.42752099 0.09372008
vt 0.43259400 0.09373891
vt 0.43765199 0.09828699
vt 0.44272599 0.09826398
vt 0.44778201 0.09829801
vt 0.45285800 0.09828198
vt 0.45792499 0.09828389
vt 0.46298701 0.09828389
vt 0.46805799 0.09828299
vt 0.41232499 0.09830302
vt 0.41739199 0.09829801
vt 0.42246100 0.09828198
vt 0.42752099 0.09827691
vt 0.43259400 0.09830701
vt 0.43765199 0.10328799
vt 0.44272599 0.10326701
vt 0.44778201 0.10329008
vt 0.45285800 0.10328901
vt 0.45792499 0.10329098
vt 0.46298701 0.10327899
vt 0.46805799 0.10328299
vt 0.41232499 0.10328400
vt 0.41739199 0.10328698
vt 0.42246100 0.10328799
vt 0.42752099 0.10326809
vt 0.43259400 0.10330611
vt 0.43765199 0.10862511
vt 0.44272599 0.10861099
vt 0.44778201 0.10863400
vt 0.45285800 0.10863209
vt 0.45792499 0.10863298
vt 0.46298701 0.10862613
vt 0.46805799 0.10862398
vt 0.41232499 0.10864508
vt 0.41739199 0.10863608
vt 0.42246100 0.10863101
vt 0.42752099 0.10860598
vt 0.43259400 0.10865408
vt 0.43765199 0.11397099
vt 0.44272599 0.11395311
vt 0.44778201 0.11397803
vt 0.45285800 0.11398298
vt 0.45792499 0.11398000
vt 0.46298701 0.11395901
vt 0.46805799 0.11395901
vt 0.41232499 0.11397398
vt 0.41739199 0.11396909
vt 0.42246100 0.11396009
vt 0.42752099 0.11395597
vt 0.43259400 0.11398399
vt 0.43765199 0.11897898
vt 0.44272599 0.11894703
vt 0.44778201 0.11898702
vt 0.45285800 0.11896312
vt 0.45792499 0.11896509
vt 0.46298701 0.11895609
vt 0.46805799 0.11897099
vt 0.41232499 0.11895609
vt 0.41739199 0.11895698
vt 0.42246100 0.11896098
vt 0.42752099 0.11895901
vt 0.43259400 0.11898899
vt 0.43765199 0.12353200
vt 0.44272599 0.12352598
vt 0.44778201 0.12353802
vt 0.45285800 0.12353802
vt 0.45792499 0.12352997
vt 0.46298701 0.12352800
vt 0.46805799 0.12353098
vt 0.41232499 0.12352198
vt 0.41739199 0.12352401
vt 0.42246100 0.12353802
vt 0.42752099 0.12352508
vt 0.43259400 0.12353402
vt 0.59319007 0.06852788
vt 0.59319007 0.06396103
vt 0.59319007 0.07352400
vt 0.59319007 0.07886899
vt 0.59319007 0.08419299
vt 0.59319007 0.08920503
vt 0.59319007 0.09376597
vt 0.59319007 0.09833300
vt 0.59319007 0.10333008
vt 0.59319007 0.10863608
vt 0.59319007 0.11394298
vt 0.59319007 0.11892712
vt 0.59319007 0.12348902
vt 0.40474999 0.06393993
vt 0.40474999 0.06850302
vt 0.40474999 0.07348901
vt 0.40474999 0.07884300
vt 0.40474999 0.08417988
vt 0.40474999 0.08916903
vt 0.40474999 0.09371799
vt 0.40474999 0.09828103
vt 0.40474999 0.10329199
vt 0.40474999 0.10862309
vt 0.40474999 0.11396009
vt 0.40474999 0.11895108
vt 0.40474999 0.12351000
vt 0.61782408 0.06851488
vt 0.64465111 0.06851989
vt 0.64465111 0.06395888
vt 0.61782408 0.06396502
vt 0.67130399 0.06851989
vt 0.67130399 0.06394988
vt 0.69786412 0.06853092
vt 0.69786412 0.06396103
vt 0.72432297 0.06852198
vt 0.72432297 0.06395102
vt 0.75073999 0.06850493
vt 0.75073999 0.06395602
vt 0.77713799 0.06850493
vt 0.77713799 0.06395489
vt 0.80352211 0.06852502
vt 0.80352211 0.06395602
vt 0.82990199 0.06851989
vt 0.82990199 0.06394988
vt 0.85627902 0.06851888
vt 0.85627902 0.06394988
vt 0.88266200 0.06849802
vt 0.88266200 0.06394988
vt 0.90904099 0.06851089
vt 0.90904099 0.06396300
vt 0.64465111 0.07352698
vt 0.61782408 0.07352108
vt 0.67130399 0.07352799
vt 0.69786412 0.07353598
vt 0.72432297 0.07352501
vt 0.75073999 0.07350999
vt 0.77713799 0.07350701
vt 0.80352211 0.07350802
vt 0.82990199 0.07352108
vt 0.85627902 0.07352000
vt 0.88266200 0.07349902
vt 0.90904099 0.07351208
vt 0.61782408 0.07885998
vt 0.64465111 0.07885098
vt 0.67130399 0.07884991
vt 0.69786412 0.07887101
vt 0.72432297 0.07885998
vt 0.75073999 0.07884699
vt 0.77713799 0.07885498
vt 0.80352211 0.07884198
vt 0.82990199 0.07885098
vt 0.85627902 0.07886398
vt 0.88266200 0.07884300
vt 0.90904099 0.07885498
vt 0.61782408 0.08419788
vt 0.64465111 0.08420998
vt 0.67130399 0.08420801
vt 0.69786412 0.08420700
vt 0.72432297 0.08419389
vt 0.75073999 0.08420199
vt 0.77713799 0.08420998
vt 0.80352211 0.08420199
vt 0.82990199 0.08420998
vt 0.85627902 0.08419591
vt 0.88266200 0.08417892
vt 0.90904099 0.08419102
vt 0.64465111 0.08920002
vt 0.61782408 0.08919299
vt 0.67130399 0.08919787
vt 0.69786412 0.08919698
vt 0.72432297 0.08920699
vt 0.75073999 0.08919191
vt 0.77713799 0.08919889
vt 0.80352211 0.08919603
vt 0.82990199 0.08919889
vt 0.85627902 0.08920789
vt 0.88266200 0.08919102
vt 0.90904099 0.08917892
vt 0.61782408 0.09373802
vt 0.64465111 0.09376001
vt 0.67130399 0.09375799
vt 0.69786412 0.09375608
vt 0.72432297 0.09376699
vt 0.75073999 0.09375209
vt 0.77713799 0.09375900
vt 0.80352211 0.09374100
vt 0.82990199 0.09375900
vt 0.85627902 0.09376699
vt 0.88266200 0.09375209
vt 0.90904099 0.09375799
vt 0.61782408 0.09830803
vt 0.64465111 0.09833002
vt 0.67130399 0.09832698
vt 0.69786412 0.09831601
vt 0.72432297 0.09831601
vt 0.75073999 0.09832108
vt 0.77713799 0.09830803
vt 0.80352211 0.09831101
vt 0.82990199 0.09832799
vt 0.85627902 0.09831601
vt 0.88266200 0.09832001
vt 0.90904099 0.09830499
vt 0.61782408 0.10331613
vt 0.64465111 0.10331511
vt 0.67130399 0.10331208
vt 0.69786412 0.10332310
vt 0.72432297 0.10332012
vt 0.75073999 0.10332513
vt 0.77713799 0.10331112
vt 0.80352211 0.10331208
vt 0.82990199 0.10333008
vt 0.85627902 0.10331708
vt 0.88266200 0.10332310
vt 0.90904099 0.10330611
vt 0.61782408 0.10859901
vt 0.64465111 0.10862708
vt 0.67130399 0.10862309
vt 0.69786412 0.10860199
vt 0.72432297 0.10861212
vt 0.75073999 0.10861611
vt 0.77713799 0.10861701
vt 0.80352211 0.10861808
vt 0.82990199 0.10861808
vt 0.85627902 0.10861999
vt 0.88266200 0.10860997
vt 0.90904099 0.10860711
vt 0.61782408 0.11393100
vt 0.64465111 0.11393601
vt 0.67130399 0.11393100
vt 0.69786412 0.11393899
vt 0.72432297 0.11392701
vt 0.75073999 0.11392099
vt 0.77713799 0.11392212
vt 0.80352211 0.11392212
vt 0.82990199 0.11392808
vt 0.85627902 0.11395109
vt 0.88266200 0.11393303
vt 0.90904099 0.11391509
vt 0.61782408 0.11892498
vt 0.64465111 0.11893100
vt 0.67130399 0.11892098
vt 0.69786412 0.11892909
vt 0.72432297 0.11893898
vt 0.75073999 0.11893398
vt 0.77713799 0.11893398
vt 0.80352211 0.11893398
vt 0.82990199 0.11894000
vt 0.85627902 0.11893898
vt 0.88266200 0.11892098
vt 0.90904099 0.11892712
vt 0.61782408 0.12348503
vt 0.64465111 0.12348998
vt 0.67130399 0.12349999
vt 0.69786412 0.12348789
vt 0.72432297 0.12349898
vt 0.75073999 0.12349403
vt 0.77713799 0.12349403
vt 0.80352211 0.12349403
vt 0.82990199 0.12349999
vt 0.85627902 0.12349999
vt 0.88266200 0.12349999
vt 0.90904099 0.12348700
vt 0.11523700 0.06849003
vt 0.11523700 0.06390989
vt 0.08885571 0.06390703
vt 0.08885571 0.06846702
vt 0.14162000 0.06849188
vt 0.14162000 0.06393188
vt 0.16800299 0.06845891
vt 0.16800299 0.06391191
vt 0.19438900 0.06848502
vt 0.19438900 0.06392401
vt 0.22077601 0.06850702
vt 0.22077601 0.06392699
vt 0.24717900 0.06848502
vt 0.24717900 0.06392401
vt 0.27359599 0.06849188
vt 0.27359599 0.06393093
vt 0.30005899 0.06849092
vt 0.30005899 0.06392998
vt 0.32662109 0.06849092
vt 0.32662109 0.06392998
vt 0.35328701 0.06848389
vt 0.35328701 0.06392199
vt 0.38011500 0.06849402
vt 0.38011500 0.06393188
vt 0.11523700 0.07347703
vt 0.08885571 0.07347792
vt 0.14162000 0.07349801
vt 0.16800299 0.07344502
vt 0.19438900 0.07349402
vt 0.22077601 0.07349300
vt 0.24717900 0.07346702
vt 0.27359599 0.07349598
vt 0.30005899 0.07349998
vt 0.32662109 0.07349491
vt 0.35328701 0.07349098
vt 0.38011500 0.07349700
vt 0.08885571 0.07881200
vt 0.11523700 0.07883191
vt 0.14162000 0.07883000
vt 0.16800299 0.07879698
vt 0.19438900 0.07882398
vt 0.22077601 0.07884902
vt 0.24717900 0.07881498
vt 0.27359599 0.07882100
vt 0.30005899 0.07883102
vt 0.32662109 0.07881701
vt 0.35328701 0.07884091
vt 0.38011500 0.07881701
vt 0.08885571 0.08415198
vt 0.11523700 0.08416891
vt 0.14162000 0.08416599
vt 0.16800299 0.08413202
vt 0.19438900 0.08416891
vt 0.22077601 0.08418101
vt 0.24717900 0.08414388
vt 0.27359599 0.08416599
vt 0.30005899 0.08416998
vt 0.32662109 0.08417302
vt 0.35328701 0.08416402
vt 0.38011500 0.08416802
vt 0.11523700 0.08916491
vt 0.08885571 0.08915102
vt 0.14162000 0.08916199
vt 0.16800299 0.08912700
vt 0.19438900 0.08918393
vt 0.22077601 0.08917189
vt 0.24717900 0.08915699
vt 0.27359599 0.08915699
vt 0.30005899 0.08917987
vt 0.32662109 0.08916003
vt 0.35328701 0.08917302
vt 0.38011500 0.08915299
vt 0.11523700 0.09373403
vt 0.08885571 0.09371901
vt 0.14162000 0.09372908
vt 0.16800299 0.09369391
vt 0.19438900 0.09372997
vt 0.22077601 0.09373891
vt 0.24717900 0.09370399
vt 0.27359599 0.09372401
vt 0.30005899 0.09372598
vt 0.32662109 0.09372509
vt 0.35328701 0.09373999
vt 0.38011500 0.09371901
vt 0.08885571 0.09827888
vt 0.11523700 0.09829402
vt 0.14162000 0.09827602
vt 0.16800299 0.09827387
vt 0.19438900 0.09829098
vt 0.22077601 0.09829998
vt 0.24717900 0.09826398
vt 0.27359599 0.09827000
vt 0.30005899 0.09828591
vt 0.32662109 0.09828699
vt 0.35328701 0.09830600
vt 0.38011500 0.09828001
vt 0.08885571 0.10329008
vt 0.11523700 0.10328108
vt 0.14162000 0.10328609
vt 0.16800299 0.10325998
vt 0.19438900 0.10330099
vt 0.22077601 0.10328197
vt 0.24717900 0.10327297
vt 0.27359599 0.10327899
vt 0.30005899 0.10329509
vt 0.32662109 0.10329008
vt 0.35328701 0.10329008
vt 0.38011500 0.10328799
vt 0.08885571 0.10862398
vt 0.11523700 0.10863608
vt 0.14162000 0.10861701
vt 0.16800299 0.10861212
vt 0.19438900 0.10862899
vt 0.22077601 0.10863012
vt 0.24717900 0.10862207
vt 0.27359599 0.10860401
vt 0.30005899 0.10862708
vt 0.32662109 0.10861301
vt 0.35328701 0.10863298
vt 0.38011500 0.10861611
vt 0.08885571 0.11397702
vt 0.11523700 0.11397302
vt 0.14162000 0.11395401
vt 0.16800299 0.11396408
vt 0.19438900 0.11396301
vt 0.22077601 0.11396211
vt 0.24717900 0.11396909
vt 0.27359599 0.11396211
vt 0.30005899 0.11396599
vt 0.32662109 0.11396712
vt 0.35328701 0.11397302
vt 0.38011500 0.11396712
vt 0.08885571 0.11897391
vt 0.11523700 0.11897099
vt 0.14162000 0.11895108
vt 0.16800299 0.11895901
vt 0.19438900 0.11897802
vt 0.22077601 0.11895609
vt 0.24717900 0.11895901
vt 0.27359599 0.11895299
vt 0.30005899 0.11895400
vt 0.32662109 0.11895400
vt 0.35328701 0.11898208
vt 0.38011500 0.11895198
vt 0.08885571 0.12354302
vt 0.11523700 0.12353891
vt 0.14162000 0.12351799
vt 0.16800299 0.12353700
vt 0.19438900 0.12352598
vt 0.22077601 0.12352198
vt 0.24717900 0.12352598
vt 0.27359599 0.12351900
vt 0.30005899 0.12352008
vt 0.32662109 0.12352008
vt 0.35328701 0.12352711
vt 0.38011500 0.12351698
vt 0.60460699 0.06853288
vt 0.60460699 0.06395698
vt 0.60460699 0.07352501
vt 0.60460699 0.07887000
vt 0.60460699 0.08421499
vt 0.60460699 0.08920002
vt 0.60460699 0.09376901
vt 0.60460699 0.09832501
vt 0.60460699 0.10333800
vt 0.60460699 0.10862511
vt 0.60460699 0.11394101
vt 0.60460699 0.11894399
vt 0.60460699 0.12349302
vt 0.39333099 0.06393093
vt 0.39333099 0.06850302
vt 0.39333099 0.07350600
vt 0.39333099 0.07883388
vt 0.39333099 0.08416700
vt 0.39333099 0.08917689
vt 0.39333099 0.09373599
vt 0.39333099 0.09829491
vt 0.39333099 0.10329711
vt 0.39333099 0.10862511
vt 0.39333099 0.11397201
vt 0.39333099 0.11897999
vt 0.39333099 0.12351900
vt 0.94977802 0.06851792
vt 0.94977802 0.06395388
vt 0.98971212 0.06850892
vt 0.98971212 0.06394702
vt 0.94977802 0.07351702
vt 0.98971212 0.07350802
vt 0.94977802 0.07885891
vt 0.98971212 0.07884902
vt 0.94977802 0.08419299
vt 0.98971212 0.08420402
vt 0.94977802 0.08920401
vt 0.98971212 0.08919191
vt 0.94977802 0.09376198
vt 0.98971212 0.09376901
vt 0.94977802 0.09832698
vt 0.98971212 0.09833091
vt 0.94977802 0.10332412
vt 0.98971212 0.10333198
vt 0.94977802 0.10862112
vt 0.98971212 0.10862708
vt 0.94977802 0.11392808
vt 0.98971212 0.11393499
vt 0.94977802 0.11893898
vt 0.98971212 0.11894608
vt 0.94977802 0.12349600
vt 0.98971212 0.12350303
vt 0.00817502 0.06391501
vt 0.00817502 0.06847990
vt 0.04891800 0.06848192
vt 0.04891800 0.06390291
vt 0.00817502 0.07346803
vt 0.04891800 0.07347000
vt 0.00817502 0.07879609
vt 0.04891800 0.07882500
vt 0.00817502 0.08415198
vt 0.04891800 0.08416599
vt 0.00817502 0.08915001
vt 0.04891800 0.08916402
vt 0.00817502 0.09371799
vt 0.04891800 0.09373200
vt 0.00817502 0.09827888
vt 0.04891800 0.09829289
vt 0.00817502 0.10329008
vt 0.04891800 0.10330409
vt 0.00817502 0.10862511
vt 0.04891800 0.10863799
vt 0.00817502 0.11396599
vt 0.04891800 0.11397898
vt 0.00817502 0.11896598
vt 0.04891800 0.11897802
vt 0.00817502 0.12353498
vt 0.04891800 0.12354702
f 1/1 2/2 3/3
f 1/1 3/3 4/4
f 1/1 4/4 5/5
f 1/1 5/5 6/6
f 6/6 5/5 7/7
f 6/6 7/7 8/8
f 8/8 7/7 9/9
f 8/8 9/9 10/10
f 11/11 10/10 9/9
f 11/11 9/9 12/12
f 13/13 14/14 15/15
f 13/13 15/15 16/16
f 16/16 15/15 17/17
f 16/16 17/17 18/18
f 18/18 17/17 19/19
f 18/18 19/19 20/20
f 20/20 19/19 21/21
f 20/20 21/21 22/22
f 22/22 21/21 23/23
f 22/22 23/23 24/24
f 24/24 23/23 25/25
f 24/24 25/25 26/26
f 26/26 25/25 27/27
f 26/26 27/27 28/28
f 28/28 27/27 29/29
f 28/28 29/29 30/30
f 30/30 29/29 31/31
f 30/30 31/31 32/32
f 32/32 31/31 33/33
f 32/32 33/33 34/34
f 34/34 33/33 35/35
f 34/34 35/35 36/36
f 37/37 36/36 35/35
f 37/37 35/35 38/38
f 37/37 38/38 39/39
f 37/37 39/39 40/40
f 41/41 40/40 39/39
f 41/41 39/39 42/42
f 41/41 42/42 43/43
f 41/41 43/43 44/44
f 45/45 44/44 43/43
f 45/45 43/43 46/46
f 45/45 46/46 3/3
f 45/45 3/3 2/2
f 47/47 48/48 2/2
f 47/47 2/2 1/1
f 49/49 47/47 1/1
f 49/49 1/1 6/6
f 49/49 6/6 8/8
f 49/49 8/8 50/50
f 51/51 50/50 8/8
f 51/51 8/8 10/10
f 51/51 10/10 11/11
f 51/51 11/11 52/52
f 53/53 13/13 16/16
f 53/53 16/16 54/54
f 55/55 54/54 16/16
f 55/55 16/16 18/18
f 55/55 18/18 20/20
f 55/55 20/20 56/56
f 56/56 20/20 22/22
f 56/56 22/22 57/57
f 57/57 22/22 24/24
f 57/57 24/24 58/58
f 58/58 24/24 26/26
f 58/58 26/26 59/59
f 60/60 59/59 26/26
f 60/60 26/26 28/28
f 60/60 28/28 30/30
f 60/60 30/30 61/61
f 62/62 61/61 30/30
f 62/62 30/30 32/32
f 62/62 32/32 34/34
f 62/62 34/34 63/63
f 63/63 34/34 36/36
f 63/63 36/36 64/64
f 65/65 64/64 36/36
f 65/65 36/36 37/37
f 66/66 65/65 37/37
f 66/66 37/37 40/40
f 66/66 40/40 41/41
f 66/66 41/41 67/67
f 68/68 67/67 41/41
f 68/68 41/41 44/44
f 68/68 44/44 45/45
f 68/68 45/45 69/69
f 69/69 45/45 2/2
f 69/69 2/2 48/48
f 70/70 48/48 47/47
f 70/70 47/47 71/71
f 71/71 47/47 49/49
f 71/71 49/49 72/72
f 73/73 72/72 49/49
f 73/73 49/49 50/50
f 73/73 50/50 51/51
f 73/73 51/51 74/74
f 74/74 51/51 52/52
f 74/74 52/52 75/75
f 76/76 77/77 53/53
f 76/76 53/53 54/54
f 76/76 54/54 55/55
f 76/76 55/55 78/78
f 79/79 78/78 55/55
f 79/79 55/55 56/56
f 79/79 56/56 57/57
f 79/79 57/57 80/80
f 81/81 80/80 57/57
f 81/81 57/57 58/58
f 81/81 58/58 59/59
f 81/81 59/59 82/82
f 82/82 59/59 60/60
f 82/82 60/60 83/83
f 84/84 83/83 60/60
f 84/84 60/60 61/61
f 84/84 61/61 62/62
f 84/84 62/62 85/85
f 86/86 85/85 62/62
f 86/86 62/62 63/63
f 87/87 86/86 63/63
f 87/87 63/63 64/64
f 87/87 64/64 65/65
f 87/87 65/65 88/88
f 88/88 65/65 66/66
f 88/88 66/66 89/89
f 90/90 89/89 66/66
f 90/90 66/66 67/67
f 90/90 67/67 68/68
f 90/90 68/68 91/91
f 92/92 91/91 68/68
f 92/92 68/68 69/69
f 70/70 92/92 69/69
f 70/70 69/69 48/48
f 93/93 94/94 70/70
f 93/93 70/70 71/71
f 93/93 71/71 72/72
f 93/93 72/72 95/95
f 96/96 95/95 72/72
f 96/96 72/72 73/73
f 96/96 73/73 74/74
f 96/96 74/74 97/97
f 98/98 97/97 74/74
f 98/98 74/74 75/75
f 99/99 77/77 76/76
f 99/99 76/76 100/100
f 101/101 100/100 76/76
f 101/101 76/76 78/78
f 101/101 78/78 79/79
f 101/101 79/79 102/102
f 103/103 102/102 79/79
f 103/103 79/79 80/80
f 103/103 80/80 81/81
f 103/103 81/81 104/104
f 105/105 104/104 81/81
f 105/105 81/81 82/82
f 105/105 82/82 83/83
f 105/105 83/83 106/106
f 107/107 106/106 83/83
f 107/107 83/83 84/84
f 107/107 84/84 85/85
f 107/107 85/85 108/108
f 109/109 108/108 85/85
f 109/109 85/85 86/86
f 109/109 86/86 87/87
f 109/109 87/87 110/110
f 111/111 110/110 87/87
f 111/111 87/87 88/88
f 111/111 88/88 89/89
f 111/111 89/89 112/112
f 113/113 112/112 89/89
f 113/113 89/89 90/90
f 113/113 90/90 91/91
f 113/113 91/91 114/114
f 115/115 114/114 91/91
f 115/115 91/91 92/92
f 115/115 92/92 70/70
f 115/115 70/70 94/94
f 116/116 94/94 93/93
f 116/116 93/93 117/117
f 117/117 93/93 95/95
f 117/117 95/95 118/118
f 119/119 118/118 95/95
f 119/119 95/95 96/96
f 120/120 119/119 96/96
f 120/120 96/96 97/97
f 120/120 97/97 98/98
f 120/120 98/98 121/121
f 122/122 123/123 99/99
f 122/122 99/99 100/100
f 122/122 100/100 101/101
f 122/122 101/101 124/124
f 125/125 124/124 101/101
f 125/125 101/101 102/102
f 125/125 102/102 103/103
f 125/125 103/103 126/126
f 127/127 126/126 103/103
f 127/127 103/103 104/104
f 128/128 127/127 104/104
f 128/128 104/104 105/105
f 129/129 128/128 105/105
f 129/129 105/105 106/106
f 130/130 129/129 106/106
f 130/130 106/106 107/107
f 130/130 107/107 108/108
f 130/130 108/108 131/131
f 131/131 108/108 109/109
f 131/131 109/109 132/132
f 133/133 132/132 109/109
f 133/133 109/109 110/110
f 133/133 110/110 111/111
f 133/133 111/111 134/134
f 135/135 134/134 111/111
f 135/135 111/111 112/112
f 136/136 135/135 112/112
f 136/136 112/112 113/113
f 136/136 113/113 114/114
f 136/136 114/114 137/137
f 137/137 114/114 115/115
f 137/137 115/115 138/138
f 116/116 138/138 115/115
f 116/116 115/115 94/94
f 139/139 140/140 116/116
f 139/139 116/116 117/117
f 141/141 139/139 117/117
f 141/141 117/117 118/118
f 141/141 118/118 119/119
f 141/141 119/119 142/142
f 142/142 119/119 120/120
f 142/142 120/120 143/143
f 144/144 143/143 120/120
f 144/144 120/120 121/121
f 145/145 146/146 123/123
f 145/145 123/123 122/122
f 147/147 145/145 122/122
f 147/147 122/122 124/124
f 148/148 147/147 124/124
f 148/148 124/124 125/125
f 149/149 148/148 125/125
f 149/149 125/125 126/126
f 150/150 149/149 126/126
f 150/150 126/126 127/127
f 151/151 150/150 127/127
f 151/151 127/127 128/128
f 152/152 151/151 128/128
f 152/152 128/128 129/129
f 153/153 152/152 129/129
f 153/153 129/129 130/130
f 154/154 153/153 130/130
f 154/154 130/130 131/131
f 155/155 154/154 131/131
f 155/155 131/131 132/132
f 156/156 155/155 132/132
f 156/156 132/132 133/133
f 157/157 156/156 133/133
f 157/157 133/133 134/134
f 157/157 134/134 135/135
f 157/157 135/135 158/158
f 159/159 158/158 135/135
f 159/159 135/135 136/136
f 159/159 136/136 137/137
f 159/159 137/137 160/160
f 161/161 160/160 137/137
f 161/161 137/137 138/138
f 161/161 138/138 116/116
f 161/161 116/116 140/140
f 140/140 139/139 162/162
f 140/140 162/162 163/163
f 139/139 141/141 164/164
f 139/139 164/164 162/162
f 142/142 165/165 164/164
f 142/142 164/164 141/141
f 142/142 143/143 166/166
f 142/142 166/166 165/165
f 144/144 167/167 166/166
f 144/144 166/166 143/143
f 146/146 145/145 168/168
f 146/146 168/168 169/169
f 145/145 147/147 170/170
f 145/145 170/170 168/168
f 147/147 148/148 171/171
f 147/147 171/171 170/170
f 148/148 149/149 172/172
f 148/148 172/172 171/171
f 149/149 150/150 173/173
f 149/149 173/173 172/172
f 150/150 151/151 174/174
f 150/150 174/174 173/173
f 151/151 152/152 175/175
f 151/151 175/175 174/174
f 152/152 153/153 176/176
f 152/152 176/176 175/175
f 153/153 154/154 177/177
f 153/153 177/177 176/176
f 154/154 155/155 178/178
f 154/154 178/178 177/177
f 155/155 156/156 179/179
f 155/155 179/179 178/178
f 156/156 157/157 180/180
f 156/156 180/180 179/179
f 157/157 158/158 181/181
f 157/157 181/181 180/180
f 159/159 182/182 181/181
f 159/159 181/181 158/158
f 159/159 160/160 183/183
f 159/159 183/183 182/182
f 161/161 184/184 183/183
f 161/161 183/183 160/160
f 140/140 163/163 184/184
f 140/140 184/184 161/161
f 163/163 162/162 185/185
f 163/163 185/185 186/186
f 164/164 187/187 185/185
f 164/164 185/185 162/162
f 164/164 165/165 188/188
f 164/164 188/188 187/187
f 166/166 189/189 188/188
f 166/166 188/188 165/165
f 166/166 167/167 190/190
f 166/166 190/190 189/189
f 169/169 168/168 191/191
f 169/169 191/191 192/192
f 170/170 193/193 191/191
f 170/170 191/191 168/168
f 170/170 171/171 194/194
f 170/170 194/194 193/193
f 171/171 172/172 195/195
f 171/171 195/195 194/194
f 172/172 173/173 196/196
f 172/172 196/196 195/195
f 173/173 174/174 197/197
f 173/173 197/197 196/196
f 175/175 198/198 197/197
f 175/175 197/197 174/174
f 175/175 176/176 199/199
f 175/175 199/199 198/198
f 177/177 200/200 199/199
f 177/177 199/199 176/176
f 177/177 178/178 201/201
f 177/177 201/201 200/200
f 178/178 179/179 202/202
f 178/178 202/202 201/201
f 179/179 180/180 203/203
f 179/179 203/203 202/202
f 181/181 204/204 203/203
f 181/181 203/203 180/180
f 181/181 182/182 205/205
f 181/181 205/205 204/204
f 183/183 206/206 205/205
f 183/183 205/205 182/182
f 183/183 184/184 207/207
f 183/183 207/207 206/206
f 163/163 186/186 207/207
f 163/163 207/207 184/184
f 185/185 208/208 209/209
f 185/185 209/209 186/186
f 185/185 187/187 210/210
f 185/185 210/210 208/208
f 188/188 211/211 210/210
f 188/188 210/210 187/187
f 188/188 189/189 212/212
f 188/188 212/212 211/211
f 190/190 213/213 212/212
f 190/190 212/212 189/189
f 192/192 191/191 214/214
f 192/192 214/214 215/215
f 193/193 216/216 214/214
f 193/193 214/214 191/191
f 193/193 194/194 217/217
f 193/193 217/217 216/216
f 195/195 218/218 217/217
f 195/195 217/217 194/194
f 195/195 196/196 219/219
f 195/195 219/219 218/218
f 197/197 220/220 219/219
f 197/197 219/219 196/196
f 197/197 198/198 221/221
f 197/197 221/221 220/220
f 198/198 199/199 222/222
f 198/198 222/222 221/221
f 200/200 223/223 222/222
f 200/200 222/222 199/199
f 201/201 224/224 223/223
f 201/201 223/223 200/200
f 201/201 202/202 225/225
f 201/201 225/225 224/224
f 203/203 226/226 225/225
f 203/203 225/225 202/202
f 203/203 204/204 227/227
f 203/203 227/227 226/226
f 204/204 205/205 228/228
f 204/204 228/228 227/227
f 206/206 229/229 228/228
f 206/206 228/228 205/205
f 207/207 230/230 229/229
f 207/207 229/229 206/206
f 207/207 186/186 209/209
f 207/207 209/209 230/230
f 209/209 208/208 231/231
f 209/209 231/231 232/232
f 210/210 233/233 231/231
f 210/210 231/231 208/208
f 211/211 234/234 233/233
f 211/211 233/233 210/210
f 211/211 212/212 235/235
f 211/211 235/235 234/234
f 212/212 213/213 236/236
f 212/212 236/236 235/235
f 214/214 237/237 238/238
f 214/214 238/238 215/215
f 216/216 239/239 237/237
f 216/216 237/237 214/214
f 216/216 217/217 240/240
f 216/216 240/240 239/239
f 217/217 218/218 241/241
f 217/217 241/241 240/240
f 219/219 242/242 241/241
f 219/219 241/241 218/218
f 219/219 220/220 243/243
f 219/219 243/243 242/242
f 220/220 221/221 244/244
f 220/220 244/244 243/243
f 222/222 245/245 244/244
f 222/222 244/244 221/221
f 222/222 223/223 246/246
f 222/222 246/246 245/245
f 224/224 247/247 246/246
f 224/224 246/246 223/223
f 225/225 248/248 247/247
f 225/225 247/247 224/224
f 225/225 226/226 249/249
f 225/225 249/249 248/248
f 226/226 227/227 250/250
f 226/226 250/250 249/249
f 228/228 251/251 250/250
f 228/228 250/250 227/227
f 228/228 229/229 252/252
f 228/228 252/252 251/251
f 230/230 253/253 252/252
f 230/230 252/252 229/229
f 209/209 232/232 253/253
f 209/209 253/253 230/230
f 231/231 254/254 255/255
f 231/231 255/255 232/232
f 233/233 256/256 254/254
f 233/233 254/254 231/231
f 233/233 234/234 257/257
f 233/233 257/257 256/256
f 235/235 258/258 257/257
f 235/235 257/257 234/234
f 235/235 236/236 259/259
f 235/235 259/259 258/258
f 237/237 260/260 261/261
f 237/237 261/261 238/238
f 237/237 239/239 262/262
f 237/237 262/262 260/260
f 240/240 263/263 262/262
f 240/240 262/262 239/239
f 240/240 241/241 264/264
f 240/240 264/264 263/263
f 242/242 265/265 264/264
f 242/242 264/264 241/241
f 243/243 266/266 265/265
f 243/243 265/265 242/242
f 244/244 267/267 266/266
f 244/244 266/266 243/243
f 244/244 245/245 268/268
f 244/244 268/268 267/267
f 246/246 269/269 268/268
f 246/246 268/268 245/245
f 246/246 247/247 270/270
f 246/246 270/270 269/269
f 248/248 271/271 270/270
f 248/248 270/270 247/247
f 249/249 272/272 271/271
f 249/249 271/271 248/248
f 250/250 273/273 272/272
f 250/250 272/272 249/249
f 250/250 251/251 274/274
f 250/250 274/274 273/273
f 252/252 275/275 274/274
f 252/252 274/274 251/251
f 252/252 253/253 276/276
f 252/252 276/276 275/275
f 253/253 232/232 255/255
f 253/253 255/255 276/276
f 255/255 254/254 277/277
f 255/255 277/277 278/278
f 256/256 279/279 277/277
f 256/256 277/277 254/254
f 257/257 280/280 279/279
f 257/257 279/279 256/256
f 258/258 281/281 280/280
f 258/258 280/280 257/257
f 258/258 259/259 282/282
f 258/258 282/282 281/281
f 260/260 283/283 284/284
f 260/260 284/284 261/261
f 262/262 285/285 283/283
f 262/262 283/283 260/260
f 263/263 286/286 285/285
f 263/263 285/285 262/262
f 264/264 287/287 286/286
f 264/264 286/286 263/263
f 265/265 288/288 287/287
f 265/265 287/287 264/264
f 266/266 289/289 288/288
f 266/266 288/288 265/265
f 267/267 290/290 289/289
f 267/267 289/289 266/266
f 268/268 291/291 290/290
f 268/268 290/290 267/267
f 269/269 292/292 291/291
f 269/269 291/291 268/268
f 270/270 293/293 292/292
f 270/270 292/292 269/269
f 271/271 294/294 293/293
f 271/271 293/293 270/270
f 271/271 272/272 295/295
f 271/271 295/295 294/294
f 272/272 273/273 296/296
f 272/272 296/296 295/295
f 274/274 297/297 296/296
f 274/274 296/296 273/273
f 274/274 275/275 298/298
f 274/274 298/298 297/297
f 276/276 299/299 298/298
f 276/276 298/298 275/275
f 255/255 278/278 299/299
f 255/255 299/299 276/276
f 300/300 301/301 302/302
f 300/300 302/302 303/303
f 304/304 300/300 303/303
f 304/304 303/303 305/305
f 306/306 304/304 305/305
f 306/306 305/305 307/307
f 306/306 307/307 308/308
f 306/306 308/308 309/309
f 310/310 309/309 308/308
f 310/310 308/308 311/311
f 310/310 311/311 312/312
f 310/310 312/312 313/313
f 314/314 315/315 316/316
f 314/314 316/316 317/317
f 318/318 317/317 316/316
f 318/318 316/316 319/319
f 320/320 318/318 319/319
f 320/320 319/319 321/321
f 322/322 320/320 321/321
f 322/322 321/321 323/323
f 322/322 323/323 302/302
f 322/322 302/302 301/301
f 324/324 325/325 301/301
f 324/324 301/301 300/300
f 326/326 324/324 300/300
f 326/326 300/300 304/304
f 326/326 304/304 306/306
f 326/326 306/306 327/327
f 328/328 327/327 306/306
f 328/328 306/306 309/309
f 328/328 309/309 310/310
f 328/328 310/310 329/329
f 329/329 310/310 313/313
f 329/329 313/313 330/330
f 331/331 332/332 314/314
f 331/331 314/314 317/317
f 331/331 317/317 318/318
f 331/331 318/318 333/333
f 334/334 333/333 318/318
f 334/334 318/318 320/320
f 334/334 320/320 322/322
f 334/334 322/322 335/335
f 335/335 322/322 301/301
f 335/335 301/301 325/325
f 336/336 325/325 324/324
f 336/336 324/324 337/337
f 337/337 324/324 326/326
f 337/337 326/326 338/338
f 339/339 338/338 326/326
f 339/339 326/326 327/327
f 339/339 327/327 328/328
f 339/339 328/328 340/340
f 340/340 328/328 329/329
f 340/340 329/329 341/341
f 342/342 341/341 329/329
f 342/342 329/329 330/330
f 343/343 332/332 331/331
f 343/343 331/331 344/344
f 345/345 344/344 331/331
f 345/345 331/331 333/333
f 345/345 333/333 334/334
f 345/345 334/334 346/346
f 347/347 346/346 334/334
f 347/347 334/334 335/335
f 336/336 347/347 335/335
f 336/336 335/335 325/325
f 348/348 349/349 336/336
f 348/348 336/336 337/337
f 348/348 337/337 338/338
f 348/348 338/338 350/350
f 351/351 350/350 338/338
f 351/351 338/338 339/339
f 351/351 339/339 340/340
f 351/351 340/340 352/352
f 353/353 352/352 340/340
f 353/353 340/340 341/341
f 353/353 341/341 342/342
f 353/353 342/342 354/354
f 355/355 343/343 344/344
f 355/355 344/344 356/356
f 357/357 356/356 344/344
f 357/357 344/344 345/345
f 357/357 345/345 346/346
f 357/357 346/346 358/358
f 359/359 358/358 346/346
f 359/359 346/346 347/347
f 359/359 347/347 336/336
f 359/359 336/336 349/349
f 360/360 361/361 349/349
f 360/360 349/349 348/348
f 360/360 348/348 350/350
f 360/360 350/350 362/362
f 363/363 362/362 350/350
f 363/363 350/350 351/351
f 364/364 363/363 351/351
f 364/364 351/351 352/352
f 364/364 352/352 353/353
f 364/364 353/353 365/365
f 366/366 365/365 353/353
f 366/366 353/353 354/354
f 367/367 368/368 355/355
f 367/367 355/355 356/356
f 369/369 367/367 356/356
f 369/369 356/356 357/357
f 369/369 357/357 358/358
f 369/369 358/358 370/370
f 370/370 358/358 359/359
f 370/370 359/359 371/371
f 371/371 359/359 349/349
f 371/371 349/349 361/361
f 372/372 373/373 361/361
f 372/372 361/361 360/360
f 374/374 372/372 360/360
f 374/374 360/360 362/362
f 374/374 362/362 363/363
f 374/374 363/363 375/375
f 375/375 363/363 364/364
f 375/375 364/364 376/376
f 377/377 376/376 364/364
f 377/377 364/364 365/365
f 378/378 377/377 365/365
f 378/378 365/365 366/366
f 379/379 368/368 367/367
f 379/379 367/367 380/380
f 381/381 380/380 367/367
f 381/381 367/367 369/369
f 381/381 369/369 370/370
f 381/381 370/370 382/382
f 383/383 382/382 370/370
f 383/383 370/370 371/371
f 383/383 371/371 361/361
f 383/383 361/361 373/373
f 373/373 372/372 384/384
f 373/373 384/384 385/385
f 372/372 374/374 386/386
f 372/372 386/386 384/384
f 375/375 387/387 386/386
f 375/375 386/386 374/374
f 375/375 376/376 388/388
f 375/375 388/388 387/387
f 377/377 389/389 388/388
f 377/377 388/388 376/376
f 377/377 378/378 390/390
f 377/377 390/390 389/389
f 379/379 380/380 391/391
f 379/379 391/391 392/392
f 381/381 393/393 391/391
f 381/381 391/391 380/380
f 381/381 382/382 394/394
f 381/381 394/394 393/393
f 383/383 395/395 394/394
f 383/383 394/394 382/382
f 373/373 385/385 395/395
f 373/373 395/395 383/383
f 385/385 384/384 396/396
f 385/385 396/396 397/397
f 386/386 398/398 396/396
f 386/386 396/396 384/384
f 386/386 387/387 399/399
f 386/386 399/399 398/398
f 388/388 400/400 399/399
f 388/388 399/399 387/387
f 388/388 389/389 401/401
f 388/388 401/401 400/400
f 389/389 390/390 402/402
f 389/389 402/402 401/401
f 391/391 403/403 404/404
f 391/391 404/404 392/392
f 391/391 393/393 405/405
f 391/391 405/405 403/403
f 394/394 406/406 405/405
f 394/394 405/405 393/393
f 394/394 395/395 407/407
f 394/394 407/407 406/406
f 395/395 385/385 397/397
f 395/395 397/397 407/407
f 396/396 408/408 409/409
f 396/396 409/409 397/397
f 396/396 398/398 410/410
f 396/396 410/410 408/408
f 399/399 411/411 410/410
f 399/399 410/410 398/398
f 399/399 400/400 412/412
f 399/399 412/412 411/411
f 401/401 413/413 412/412
f 401/401 412/412 400/400
f 401/401 402/402 414/414
f 401/401 414/414 413/413
f 404/404 403/403 415/415
f 404/404 415/415 416/416
f 403/403 405/405 417/417
f 403/403 417/417 415/415
f 406/406 418/418 417/417
f 406/406 417/417 405/405
f 407/407 419/419 418/418
f 407/407 418/418 406/406
f 407/407 397/397 409/409
f 407/407 409/409 419/419
f 409/409 408/408 420/420
f 409/409 420/420 421/421
f 410/410 422/422 420/420
f 410/410 420/420 408/408
f 411/411 423/423 422/422
f 411/411 422/422 410/410
f 411/411 412/412 424/424
f 411/411 424/424 423/423
f 412/412 413/413 425/425
f 412/412 425/425 424/424
f 414/414 426/426 425/425
f 414/414 425/425 413/413
f 416/416 415/415 427/427
f 416/416 427/427 428/428
f 417/417 429/429 427/427
f 417/417 427/427 415/415
f 417/417 418/418 430/430
f 417/417 430/430 429/429
f 419/419 431/431 430/430
f 419/419 430/430 418/418
f 409/409 421/421 431/431
f 409/409 431/431 419/419
f 420/420 432/432 433/433
f 420/420 433/433 421/421
f 422/422 434/434 432/432
f 422/422 432/432 420/420
f 422/422 423/423 435/435
f 422/422 435/435 434/434
f 424/424 436/436 435/435
f 424/424 435/435 423/423
f 424/424 425/425 437/437
f 424/424 437/437 436/436
f 426/426 438/438 437/437
f 426/426 437/437 425/425
f 427/427 439/439 440/440
f 427/427 440/440 428/428
f 427/427 429/429 441/441
f 427/427 441/441 439/439
f 430/430 442/442 441/441
f 430/430 441/441 429/429
f 430/430 431/431 443/443
f 430/430 443/443 442/442
f 431/431 421/421 433/433
f 431/431 433/433 443/443
f 433/433 432/432 444/444
f 433/433 444/444 445/445
f 434/434 446/446 444/444
f 434/434 444/444 432/432
f 434/434 435/435 447/447
f 434/434 447/447 446/446
f 436/436 448/448 447/447
f 436/436 447/447 435/435
f 436/436 437/437 449/449
f 436/436 449/449 448/448
f 438/438 450/450 449/449
f 438/438 449/449 437/437
f 440/440 439/439 451/451
f 440/440 451/451 452/452
f 441/441 453/453 451/451
f 441/441 451/451 439/439
f 441/441 442/442 454/454
f 441/441 454/454 453/453
f 443/443 455/455 454/454
f 443/443 454/454 442/442
f 433/433 445/445 455/455
f 433/433 455/455 443/443
f 313/313 312/312 14/14
f 313/313 14/14 13/13
f 330/330 313/313 13/13
f 330/330 13/13 53/53
f 342/342 330/330 53/53
f 342/342 53/53 77/77
f 99/99 354/354 342/342
f 99/99 342/342 77/77
f 123/123 366/366 354/354
f 123/123 354/354 99/99
f 146/146 378/378 366/366
f 146/146 366/366 123/123
f 378/378 146/146 169/169
f 378/378 169/169 390/390
f 390/390 169/169 192/192
f 390/390 192/192 402/402
f 192/192 215/215 414/414
f 192/192 414/414 402/402
f 414/414 215/215 238/238
f 414/414 238/238 426/426
f 238/238 261/261 438/438
f 238/238 438/438 426/426
f 261/261 284/284 450/450
f 261/261 450/450 438/438
f 11/11 12/12 456/456
f 11/11 456/456 457/457
f 52/52 11/11 457/457
f 52/52 457/457 458/458
f 75/75 52/52 458/458
f 75/75 458/458 459/459
f 98/98 75/75 459/459
f 98/98 459/459 460/460
f 461/461 121/121 98/98
f 461/461 98/98 460/460
f 144/144 121/121 461/461
f 144/144 461/461 462/462
f 462/462 463/463 167/167
f 462/462 167/167 144/144
f 167/167 463/463 464/464
f 167/167 464/464 190/190
f 190/190 464/464 465/465
f 190/190 465/465 213/213
f 213/213 465/465 466/466
f 213/213 466/466 236/236
f 236/236 466/466 467/467
f 236/236 467/467 259/259
f 467/467 468/468 282/282
f 467/467 282/282 259/259
f 314/314 469/469 470/470
f 314/314 470/470 315/315
f 332/332 471/471 469/469
f 332/332 469/469 314/314
f 343/343 472/472 471/471
f 343/343 471/471 332/332
f 355/355 473/473 472/472
f 355/355 472/472 343/343
f 368/368 474/474 473/473
f 368/368 473/473 355/355
f 379/379 475/475 474/474
f 379/379 474/474 368/368
f 475/475 379/379 392/392
f 475/475 392/392 476/476
f 476/476 392/392 404/404
f 476/476 404/404 477/477
f 404/404 416/416 478/478
f 404/404 478/478 477/477
f 416/416 428/428 479/479
f 416/416 479/479 478/478
f 428/428 440/440 480/480
f 428/428 480/480 479/479
f 480/480 440/440 452/452
f 480/480 452/452 481/481
f 482/482 483/483 484/484
f 482/482 484/484 485/485
f 485/485 484/484 486/486
f 485/485 486/486 487/487
f 487/487 486/486 488/488
f 487/487 488/488 489/489
f 489/489 488/488 490/490
f 489/489 490/490 491/491
f 491/491 490/490 492/492
f 491/491 492/492 493/493
f 493/493 492/492 494/494
f 493/493 494/494 495/495
f 495/495 494/494 496/496
f 495/495 496/496 497/497
f 497/497 496/496 498/498
f 497/497 498/498 499/499
f 499/499 498/498 500/500
f 499/499 500/500 501/501
f 501/501 500/500 502/502
f 501/501 502/502 503/503
f 503/503 502/502 504/504
f 503/503 504/504 505/505
f 506/506 507/507 482/482
f 506/506 482/482 485/485
f 508/508 506/506 485/485
f 508/508 485/485 487/487
f 509/509 508/508 487/487
f 509/509 487/487 489/489
f 510/510 509/509 489/489
f 510/510 489/489 491/491
f 511/511 510/510 491/491
f 511/511 491/491 493/493
f 512/512 511/511 493/493
f 512/512 493/493 495/495
f 513/513 512/512 495/495
f 513/513 495/495 497/497
f 514/514 513/513 497/497
f 514/514 497/497 499/499
f 515/515 514/514 499/499
f 515/515 499/499 501/501
f 516/516 515/515 501/501
f 516/516 501/501 503/503
f 517/517 516/516 503/503
f 517/517 503/503 505/505
f 518/518 507/507 506/506
f 518/518 506/506 519/519
f 519/519 506/506 508/508
f 519/519 508/508 520/520
f 521/521 520/520 508/508
f 521/521 508/508 509/509
f 522/522 521/521 509/509
f 522/522 509/509 510/510
f 523/523 522/522 510/510
f 523/523 510/510 511/511
f 524/524 523/523 511/511
f 524/524 511/511 512/512
f 525/525 524/524 512/512
f 525/525 512/512 513/513
f 526/526 525/525 513/513
f 526/526 513/513 514/514
f 527/527 526/526 514/514
f 527/527 514/514 515/515
f 528/528 527/527 515/515
f 528/528 515/515 516/516
f 529/529 528/528 516/516
f 529/529 516/516 517/517
f 530/530 518/518 519/519
f 530/530 519/519 531/531
f 531/531 519/519 520/520
f 531/531 520/520 532/532
f 533/533 532/532 520/520
f 533/533 520/520 521/521
f 534/534 533/533 521/521
f 534/534 521/521 522/522
f 535/535 534/534 522/522
f 535/535 522/522 523/523
f 536/536 535/535 523/523
f 536/536 523/523 524/524
f 537/537 536/536 524/524
f 537/537 524/524 525/525
f 538/538 537/537 525/525
f 538/538 525/525 526/526
f 539/539 538/538 526/526
f 539/539 526/526 527/527
f 540/540 539/539 527/527
f 540/540 527/527 528/528
f 541/541 540/540 528/528
f 541/541 528/528 529/529
f 542/542 543/543 530/530
f 542/542 530/530 531/531
f 544/544 542/542 531/531
f 544/544 531/531 532/532
f 545/545 544/544 532/532
f 545/545 532/532 533/533
f 546/546 545/545 533/533
f 546/546 533/533 534/534
f 547/547 546/546 534/534
f 547/547 534/534 535/535
f 548/548 547/547 535/535
f 548/548 535/535 536/536
f 549/549 548/548 536/536
f 549/549 536/536 537/537
f 550/550 549/549 537/537
f 550/550 537/537 538/538
f 551/551 550/550 538/538
f 551/551 538/538 539/539
f 552/552 551/551 539/539
f 552/552 539/539 540/540
f 553/553 552/552 540/540
f 553/553 540/540 541/541
f 554/554 543/543 542/542
f 554/554 542/542 555/555
f 555/555 542/542 544/544
f 555/555 544/544 556/556
f 556/556 544/544 545/545
f 556/556 545/545 557/557
f 557/557 545/545 546/546
f 557/557 546/546 558/558
f 558/558 546/546 547/547
f 558/558 547/547 559/559
f 559/559 547/547 548/548
f 559/559 548/548 560/560
f 560/560 548/548 549/549
f 560/560 549/549 561/561
f 561/561 549/549 550/550
f 561/561 550/550 562/562
f 562/562 550/550 551/551
f 562/562 551/551 563/563
f 563/563 551/551 552/552
f 563/563 552/552 564/564
f 564/564 552/552 553/553
f 564/564 553/553 565/565
f 555/555 566/566 567/567
f 555/555 567/567 554/554
f 556/556 568/568 566/566
f 556/556 566/566 555/555
f 557/557 569/569 568/568
f 557/557 568/568 556/556
f 558/558 570/570 569/569
f 558/558 569/569 557/557
f 559/559 571/571 570/570
f 559/559 570/570 558/558
f 560/560 572/572 571/571
f 560/560 571/571 559/559
f 561/561 573/573 572/572
f 561/561 572/572 560/560
f 562/562 574/574 573/573
f 562/562 573/573 561/561
f 563/563 575/575 574/574
f 563/563 574/574 562/562
f 564/564 576/576 575/575
f 564/564 575/575 563/563
f 565/565 577/577 576/576
f 565/565 576/576 564/564
f 567/567 566/566 578/578
f 567/567 578/578 579/579
f 566/566 568/568 580/580
f 566/566 580/580 578/578
f 568/568 569/569 581/581
f 568/568 581/581 580/580
f 569/569 570/570 582/582
f 569/569 582/582 581/581
f 570/570 571/571 583/583
f 570/570 583/583 582/582
f 571/571 572/572 584/584
f 571/571 584/584 583/583
f 572/572 573/573 585/585
f 572/572 585/585 584/584
f 573/573 574/574 586/586
f 573/573 586/586 585/585
f 574/574 575/575 587/587
f 574/574 587/587 586/586
f 575/575 576/576 588/588
f 575/575 588/588 587/587
f 576/576 577/577 589/589
f 576/576 589/589 588/588
f 579/579 578/578 590/590
f 579/579 590/590 591/591
f 578/578 580/580 592/592
f 578/578 592/592 590/590
f 581/581 593/593 592/592
f 581/581 592/592 580/580
f 582/582 594/594 593/593
f 582/582 593/593 581/581
f 583/583 595/595 594/594
f 583/583 594/594 582/582
f 584/584 596/596 595/595
f 584/584 595/595 583/583
f 585/585 597/597 596/596
f 585/585 596/596 584/584
f 586/586 598/598 597/597
f 586/586 597/597 585/585
f 587/587 599/599 598/598
f 587/587 598/598 586/586
f 588/588 600/600 599/599
f 588/588 599/599 587/587
f 589/589 601/601 600/600
f 589/589 600/600 588/588
f 591/591 590/590 602/602
f 591/591 602/602 603/603
f 590/590 592/592 604/604
f 590/590 604/604 602/602
f 593/593 605/605 604/604
f 593/593 604/604 592/592
f 594/594 606/606 605/605
f 594/594 605/605 593/593
f 595/595 607/607 606/606
f 595/595 606/606 594/594
f 596/596 608/608 607/607
f 596/596 607/607 595/595
f 597/597 609/609 608/608
f 597/597 608/608 596/596
f 598/598 610/610 609/609
f 598/598 609/609 597/597
f 599/599 611/611 610/610
f 599/599 610/610 598/598
f 600/600 612/612 611/611
f 600/600 611/611 599/599
f 601/601 613/613 612/612
f 601/601 612/612 600/600
f 603/603 602/602 614/614
f 603/603 614/614 615/615
f 602/602 604/604 616/616
f 602/602 616/616 614/614
f 604/604 605/605 617/617
f 604/604 617/617 616/616
f 605/605 606/606 618/618
f 605/605 618/618 617/617
f 606/606 607/607 619/619
f 606/606 619/619 618/618
f 607/607 608/608 620/620
f 607/607 620/620 619/619
f 608/608 609/609 621/621
f 608/608 621/621 620/620
f 609/609 610/610 622/622
f 609/609 622/622 621/621
f 610/610 611/611 623/623
f 610/610 623/623 622/622
f 611/611 612/612 624/624
f 611/611 624/624 623/623
f 612/612 613/613 625/625
f 612/612 625/625 624/624
f 614/614 626/626 627/627
f 614/614 627/627 615/615
f 616/616 628/628 626/626
f 616/616 626/626 614/614
f 617/617 629/629 628/628
f 617/617 628/628 616/616
f 618/618 630/630 629/629
f 618/618 629/629 617/617
f 619/619 631/631 630/630
f 619/619 630/630 618/618
f 620/620 632/632 631/631
f 620/620 631/631 619/619
f 621/621 633/633 632/632
f 621/621 632/632 620/620
f 622/622 634/634 633/633
f 622/622 633/633 621/621
f 623/623 635/635 634/634
f 623/623 634/634 622/622
f 624/624 636/636 635/635
f 624/624 635/635 623/623
f 625/625 637/637 636/636
f 625/625 636/636 624/624
f 638/638 639/639 640/640
f 638/638 640/640 641/641
f 642/642 638/638 641/641
f 642/642 641/641 643/643
f 644/644 642/642 643/643
f 644/644 643/643 645/645
f 646/646 644/644 645/645
f 646/646 645/645 647/647
f 648/648 646/646 647/647
f 648/648 647/647 649/649
f 650/650 648/648 649/649
f 650/650 649/649 651/651
f 652/652 650/650 651/651
f 652/652 651/651 653/653
f 654/654 652/652 653/653
f 654/654 653/653 655/655
f 656/656 654/654 655/655
f 656/656 655/655 657/657
f 658/658 656/656 657/657
f 658/658 657/657 659/659
f 660/660 658/658 659/659
f 660/660 659/659 661/661
f 662/662 663/663 639/639
f 662/662 639/639 638/638
f 664/664 662/662 638/638
f 664/664 638/638 642/642
f 665/665 664/664 642/642
f 665/665 642/642 644/644
f 666/666 665/665 644/644
f 666/666 644/644 646/646
f 667/667 666/666 646/646
f 667/667 646/646 648/648
f 668/668 667/667 648/648
f 668/668 648/648 650/650
f 669/669 668/668 650/650
f 669/669 650/650 652/652
f 670/670 669/669 652/652
f 670/670 652/652 654/654
f 671/671 670/670 654/654
f 671/671 654/654 656/656
f 672/672 671/671 656/656
f 672/672 656/656 658/658
f 673/673 672/672 658/658
f 673/673 658/658 660/660
f 674/674 663/663 662/662
f 674/674 662/662 675/675
f 675/675 662/662 664/664
f 675/675 664/664 676/676
f 676/676 664/664 665/665
f 676/676 665/665 677/677
f 677/677 665/665 666/666
f 677/677 666/666 678/678
f 678/678 666/666 667/667
f 678/678 667/667 679/679
f 679/679 667/667 668/668
f 679/679 668/668 680/680
f 680/680 668/668 669/669
f 680/680 669/669 681/681
f 681/681 669/669 670/670
f 681/681 670/670 682/682
f 682/682 670/670 671/671
f 682/682 671/671 683/683
f 684/684 683/683 671/671
f 684/684 671/671 672/672
f 685/685 684/684 672/672
f 685/685 672/672 673/673
f 686/686 674/674 675/675
f 686/686 675/675 687/687
f 687/687 675/675 676/676
f 687/687 676/676 688/688
f 688/688 676/676 677/677
f 688/688 677/677 689/689
f 689/689 677/677 678/678
f 689/689 678/678 690/690
f 690/690 678/678 679/679
f 690/690 679/679 691/691
f 691/691 679/679 680/680
f 691/691 680/680 692/692
f 692/692 680/680 681/681
f 692/692 681/681 693/693
f 693/693 681/681 682/682
f 693/693 682/682 694/694
f 694/694 682/682 683/683
f 694/694 683/683 695/695
f 696/696 695/695 683/683
f 696/696 683/683 684/684
f 697/697 696/696 684/684
f 697/697 684/684 685/685
f 698/698 699/699 686/686
f 698/698 686/686 687/687
f 700/700 698/698 687/687
f 700/700 687/687 688/688
f 701/701 700/700 688/688
f 701/701 688/688 689/689
f 702/702 701/701 689/689
f 702/702 689/689 690/690
f 703/703 702/702 690/690
f 703/703 690/690 691/691
f 704/704 703/703 691/691
f 704/704 691/691 692/692
f 705/705 704/704 692/692
f 705/705 692/692 693/693
f 706/706 705/705 693/693
f 706/706 693/693 694/694
f 707/707 706/706 694/694
f 707/707 694/694 695/695
f 708/708 707/707 695/695
f 708/708 695/695 696/696
f 709/709 708/708 696/696
f 709/709 696/696 697/697
f 710/710 711/711 699/699
f 710/710 699/699 698/698
f 712/712 710/710 698/698
f 712/712 698/698 700/700
f 713/713 712/712 700/700
f 713/713 700/700 701/701
f 714/714 713/713 701/701
f 714/714 701/701 702/702
f 715/715 714/714 702/702
f 715/715 702/702 703/703
f 716/716 715/715 703/703
f 716/716 703/703 704/704
f 717/717 716/716 704/704
f 717/717 704/704 705/705
f 718/718 717/717 705/705
f 718/718 705/705 706/706
f 719/719 718/718 706/706
f 719/719 706/706 707/707
f 720/720 719/719 707/707
f 720/720 707/707 708/708
f 721/721 720/720 708/708
f 721/721 708/708 709/709
f 711/711 710/710 722/722
f 711/711 722/722 723/723
f 710/710 712/712 724/724
f 710/710 724/724 722/722
f 712/712 713/713 725/725
f 712/712 725/725 724/724
f 713/713 714/714 726/726
f 713/713 726/726 725/725
f 714/714 715/715 727/727
f 714/714 727/727 726/726
f 715/715 716/716 728/728
f 715/715 728/728 727/727
f 716/716 717/717 729/729
f 716/716 729/729 728/728
f 717/717 718/718 730/730
f 717/717 730/730 729/729
f 718/718 719/719 731/731
f 718/718 731/731 730/730
f 719/719 720/720 732/732
f 719/719 732/732 731/731
f 720/720 721/721 733/733
f 720/720 733/733 732/732
f 723/723 722/722 734/734
f 723/723 734/734 735/735
f 722/722 724/724 736/736
f 722/722 736/736 734/734
f 724/724 725/725 737/737
f 724/724 737/737 736/736
f 725/725 726/726 738/738
f 725/725 738/738 737/737
f 726/726 727/727 739/739
f 726/726 739/739 738/738
f 727/727 728/728 740/740
f 727/727 740/740 739/739
f 728/728 729/729 741/741
f 728/728 741/741 740/740
f 729/729 730/730 742/742
f 729/729 742/742 741/741
f 730/730 731/731 743/743
f 730/730 743/743 742/742
f 731/731 732/732 744/744
f 731/731 744/744 743/743
f 732/732 733/733 745/745
f 732/732 745/745 744/744
f 735/735 734/734 746/746
f 735/735 746/746 747/747
f 734/734 736/736 748/748
f 734/734 748/748 746/746
f 736/736 737/737 749/749
f 736/736 749/749 748/748
f 737/737 738/738 750/750
f 737/737 750/750 749/749
f 738/738 739/739 751/751
f 738/738 751/751 750/750
f 739/739 740/740 752/752
f 739/739 752/752 751/751
f 740/740 741/741 753/753
f 740/740 753/753 752/752
f 741/741 742/742 754/754
f 741/741 754/754 753/753
f 742/742 743/743 755/755
f 742/742 755/755 754/754
f 744/744 756/756 755/755
f 744/744 755/755 743/743
f 745/745 757/757 756/756
f 745/745 756/756 744/744
f 747/747 746/746 758/758
f 747/747 758/758 759/759
f 746/746 748/748 760/760
f 746/746 760/760 758/758
f 748/748 749/749 761/761
f 748/748 761/761 760/760
f 749/749 750/750 762/762
f 749/749 762/762 761/761
f 750/750 751/751 763/763
f 750/750 763/763 762/762
f 751/751 752/752 764/764
f 751/751 764/764 763/763
f 752/752 753/753 765/765
f 752/752 765/765 764/764
f 753/753 754/754 766/766
f 753/753 766/766 765/765
f 754/754 755/755 767/767
f 754/754 767/767 766/766
f 756/756 768/768 767/767
f 756/756 767/767 755/755
f 757/757 769/769 768/768
f 757/757 768/768 756/756
f 759/759 758/758 770/770
f 759/759 770/770 771/771
f 758/758 760/760 772/772
f 758/758 772/772 770/770
f 760/760 761/761 773/773
f 760/760 773/773 772/772
f 761/761 762/762 774/774
f 761/761 774/774 773/773
f 762/762 763/763 775/775
f 762/762 775/775 774/774
f 763/763 764/764 776/776
f 763/763 776/776 775/775
f 764/764 765/765 777/777
f 764/764 777/777 776/776
f 765/765 766/766 778/778
f 765/765 778/778 777/777
f 766/766 767/767 779/779
f 766/766 779/779 778/778
f 767/767 768/768 780/780
f 767/767 780/780 779/779
f 768/768 769/769 781/781
f 768/768 781/781 780/780
f 771/771 770/770 782/782
f 771/771 782/782 783/783
f 770/770 772/772 784/784
f 770/770 784/784 782/782
f 772/772 773/773 785/785
f 772/772 785/785 784/784
f 773/773 774/774 786/786
f 773/773 786/786 785/785
f 774/774 775/775 787/787
f 774/774 787/787 786/786
f 775/775 776/776 788/788
f 775/775 788/788 787/787
f 776/776 777/777 789/789
f 776/776 789/789 788/788
f 777/777 778/778 790/790
f 777/777 790/790 789/789
f 778/778 779/779 791/791
f 778/778 791/791 790/790
f 779/779 780/780 792/792
f 779/779 792/792 791/791
f 780/780 781/781 793/793
f 780/780 793/793 792/792
f 794/794 795/795 483/483
f 794/794 483/483 482/482
f 457/457 456/456 795/795
f 457/457 795/795 794/794
f 507/507 796/796 794/794
f 507/507 794/794 482/482
f 796/796 458/458 457/457
f 796/796 457/457 794/794
f 797/797 796/796 507/507
f 797/797 507/507 518/518
f 459/459 458/458 796/796
f 459/459 796/796 797/797
f 798/798 797/797 518/518
f 798/798 518/518 530/530
f 460/460 459/459 797/797
f 460/460 797/797 798/798
f 543/543 799/799 798/798
f 543/543 798/798 530/530
f 799/799 461/461 460/460
f 799/799 460/460 798/798
f 800/800 799/799 543/543
f 800/800 543/543 554/554
f 462/462 461/461 799/799
f 462/462 799/799 800/800
f 554/554 567/567 801/801
f 554/554 801/801 800/800
f 800/800 801/801 463/463
f 800/800 463/463 462/462
f 801/801 567/567 579/579
f 801/801 579/579 802/802
f 463/463 801/801 802/802
f 463/463 802/802 464/464
f 802/802 579/579 591/591
f 802/802 591/591 803/803
f 464/464 802/802 803/803
f 464/464 803/803 465/465
f 803/803 591/591 603/603
f 803/803 603/603 804/804
f 465/465 803/803 804/804
f 465/465 804/804 466/466
f 804/804 603/603 615/615
f 804/804 615/615 805/805
f 466/466 804/804 805/805
f 466/466 805/805 467/467
f 615/615 627/627 806/806
f 615/615 806/806 805/805
f 805/805 806/806 468/468
f 805/805 468/468 467/467
f 469/469 807/807 808/808
f 469/469 808/808 470/470
f 807/807 660/660 661/661
f 807/807 661/661 808/808
f 471/471 809/809 807/807
f 471/471 807/807 469/469
f 809/809 673/673 660/660
f 809/809 660/660 807/807
f 472/472 810/810 809/809
f 472/472 809/809 471/471
f 810/810 685/685 673/673
f 810/810 673/673 809/809
f 473/473 811/811 810/810
f 473/473 810/810 472/472
f 811/811 697/697 685/685
f 811/811 685/685 810/810
f 474/474 812/812 811/811
f 474/474 811/811 473/473
f 812/812 709/709 697/697
f 812/812 697/697 811/811
f 475/475 813/813 812/812
f 475/475 812/812 474/474
f 813/813 721/721 709/709
f 813/813 709/709 812/812
f 813/813 475/475 476/476
f 813/813 476/476 814/814
f 721/721 813/813 814/814
f 721/721 814/814 733/733
f 814/814 476/476 477/477
f 814/814 477/477 815/815
f 733/733 814/814 815/815
f 733/733 815/815 745/745
f 477/477 478/478 816/816
f 477/477 816/816 815/815
f 815/815 816/816 757/757
f 815/815 757/757 745/745
f 478/478 479/479 817/817
f 478/478 817/817 816/816
f 816/816 817/817 769/769
f 816/816 769/769 757/757
f 817/817 479/479 480/480
f 817/817 480/480 818/818
f 769/769 817/817 818/818
f 769/769 818/818 781/781
f 818/818 480/480 481/481
f 818/818 481/481 819/819
f 781/781 818/818 819/819
f 781/781 819/819 793/793
f 504/504 820/820 821/821
f 504/504 821/821 505/505
f 820/820 822/822 823/823
f 820/820 823/823 821/821
f 505/505 821/821 824/824
f 505/505 824/824 517/517
f 821/821 823/823 825/825
f 821/821 825/825 824/824
f 517/517 824/824 826/826
f 517/517 826/826 529/529
f 824/824 825/825 827/827
f 824/824 827/827 826/826
f 529/529 826/826 828/828
f 529/529 828/828 541/541
f 826/826 827/827 829/829
f 826/826 829/829 828/828
f 541/541 828/828 830/830
f 541/541 830/830 553/553
f 828/828 829/829 831/831
f 828/828 831/831 830/830
f 553/553 830/830 832/832
f 553/553 832/832 565/565
f 830/830 831/831 833/833
f 830/830 833/833 832/832
f 565/565 832/832 834/834
f 565/565 834/834 577/577
f 832/832 833/833 835/835
f 832/832 835/835 834/834
f 577/577 834/834 836/836
f 577/577 836/836 589/589
f 834/834 835/835 837/837
f 834/834 837/837 836/836
f 589/589 836/836 838/838
f 589/589 838/838 601/601
f 836/836 837/837 839/839
f 836/836 839/839 838/838
f 601/601 838/838 840/840
f 601/601 840/840 613/613
f 838/838 839/839 841/841
f 838/838 841/841 840/840
f 613/613 840/840 842/842
f 613/613 842/842 625/625
f 840/840 841/841 843/843
f 840/840 843/843 842/842
f 625/625 842/842 844/844
f 625/625 844/844 637/637
f 842/842 843/843 845/845
f 842/842 845/845 844/844
f 846/846 847/847 848/848
f 846/846 848/848 849/849
f 847/847 640/640 639/639
f 847/847 639/639 848/848
f 849/849 848/848 850/850
f 849/849 850/850 851/851
f 848/848 639/639 663/663
f 848/848 663/663 850/850
f 851/851 850/850 852/852
f 851/851 852/852 853/853
f 850/850 663/663 674/674
f 850/850 674/674 852/852
f 853/853 852/852 854/854
f 853/853 854/854 855/855
f 852/852 674/674 686/686
f 852/852 686/686 854/854
f 855/855 854/854 856/856
f 855/855 856/856 857/857
f 854/854 686/686 699/699
f 854/854 699/699 856/856
f 857/857 856/856 858/858
f 857/857 858/858 859/859
f 856/856 699/699 711/711
f 856/856 711/711 858/858
f 859/859 858/858 860/860
f 859/859 860/860 861/861
f 858/858 711/711 723/723
f 858/858 723/723 860/860
f 861/861 860/860 862/862
f 861/861 862/862 863/863
f 860/860 723/723 735/735
f 860/860 735/735 862/862
f 863/863 862/862 864/864
f 863/863 864/864 865/865
f 862/862 735/735 747/747
f 862/862 747/747 864/864
f 865/865 864/864 866/866
f 865/865 866/866 867/867
f 864/864 747/747 759/759
f 864/864 759/759 866/866
f 867/867 866/866 868/868
f 867/867 868/868 869/869
f 866/866 759/759 771/771
f 866/866 771/771 868/868
f 869/869 868/868 870/870
f 869/869 870/870 871/871
f 868/868 771/771 783/783
f 868/868 783/783 870/870
f 872/872 873/873 874/874
f 872/872 874/874 875/875
f 872/872 876/876 877/877
f 872/872 877/877 873/873
f 876/876 878/878 879/879
f 876/876 879/879 877/877
f 878/878 880/880 881/881
f 878/878 881/881 879/879
f 882/882 883/883 881/881
f 882/882 881/881 880/880
f 884/884 885/885 886/886
f 884/884 886/886 887/887
f 885/885 888/888 889/889
f 885/885 889/889 886/886
f 888/888 890/890 891/891
f 888/888 891/891 889/889
f 890/890 892/892 893/893
f 890/890 893/893 891/891
f 892/892 894/894 895/895
f 892/892 895/895 893/893
f 894/894 896/896 897/897
f 894/894 897/897 895/895
f 896/896 898/898 899/899
f 896/896 899/899 897/897
f 898/898 900/900 901/901
f 898/898 901/901 899/899
f 900/900 902/902 903/903
f 900/900 903/903 901/901
f 902/902 904/904 905/905
f 902/902 905/905 903/903
f 904/904 906/906 907/907
f 904/904 907/907 905/905
f 908/908 909/909 907/907
f 908/908 907/907 906/906
f 908/908 910/910 911/911
f 908/908 911/911 909/909
f 912/912 913/913 911/911
f 912/912 911/911 910/910
f 912/912 914/914 915/915
f 912/912 915/915 913/913
f 916/916 917/917 915/915
f 916/916 915/915 914/914
f 916/916 875/875 874/874
f 916/916 874/874 917/917
f 918/918 872/872 875/875
f 918/918 875/875 919/919
f 920/920 876/876 872/872
f 920/920 872/872 918/918
f 920/920 921/921 878/878
f 920/920 878/878 876/876
f 922/922 880/880 878/878
f 922/922 878/878 921/921
f 922/922 923/923 882/882
f 922/922 882/882 880/880
f 924/924 925/925 885/885
f 924/924 885/885 884/884
f 926/926 888/888 885/885
f 926/926 885/885 925/925
f 926/926 927/927 890/890
f 926/926 890/890 888/888
f 927/927 928/928 892/892
f 927/927 892/892 890/890
f 928/928 929/929 894/894
f 928/928 894/894 892/892
f 929/929 930/930 896/896
f 929/929 896/896 894/894
f 931/931 898/898 896/896
f 931/931 896/896 930/930
f 931/931 932/932 900/900
f 931/931 900/900 898/898
f 933/933 902/902 900/900
f 933/933 900/900 932/932
f 933/933 934/934 904/904
f 933/933 904/904 902/902
f 934/934 935/935 906/906
f 934/934 906/906 904/904
f 936/936 908/908 906/906
f 936/936 906/906 935/935
f 937/937 910/910 908/908
f 937/937 908/908 936/936
f 937/937 938/938 912/912
f 937/937 912/912 910/910
f 939/939 914/914 912/912
f 939/939 912/912 938/938
f 939/939 940/940 916/916
f 939/939 916/916 914/914
f 940/940 919/919 875/875
f 940/940 875/875 916/916
f 941/941 942/942 918/918
f 941/941 918/918 919/919
f 942/942 943/943 920/920
f 942/942 920/920 918/918
f 944/944 921/921 920/920
f 944/944 920/920 943/943
f 944/944 945/945 922/922
f 944/944 922/922 921/921
f 945/945 946/946 923/923
f 945/945 923/923 922/922
f 947/947 925/925 924/924
f 947/947 924/924 948/948
f 947/947 949/949 926/926
f 947/947 926/926 925/925
f 950/950 927/927 926/926
f 950/950 926/926 949/949
f 950/950 951/951 928/928
f 950/950 928/928 927/927
f 952/952 929/929 928/928
f 952/952 928/928 951/951
f 952/952 953/953 930/930
f 952/952 930/930 929/929
f 953/953 954/954 931/931
f 953/953 931/931 930/930
f 955/955 932/932 931/931
f 955/955 931/931 954/954
f 955/955 956/956 933/933
f 955/955 933/933 932/932
f 957/957 934/934 933/933
f 957/957 933/933 956/956
f 958/958 935/935 934/934
f 958/958 934/934 957/957
f 958/958 959/959 936/936
f 958/958 936/936 935/935
f 959/959 960/960 937/937
f 959/959 937/937 936/936
f 961/961 938/938 937/937
f 961/961 937/937 960/960
f 961/961 962/962 939/939
f 961/961 939/939 938/938
f 963/963 940/940 939/939
f 963/963 939/939 962/962
f 941/941 919/919 940/940
f 941/941 940/940 963/963
f 964/964 942/942 941/941
f 964/964 941/941 965/965
f 964/964 966/966 943/943
f 964/964 943/943 942/942
f 967/967 944/944 943/943
f 967/967 943/943 966/966
f 967/967 968/968 945/945
f 967/967 945/945 944/944
f 969/969 946/946 945/945
f 969/969 945/945 968/968
f 970/970 971/971 947/947
f 970/970 947/947 948/948
f 972/972 949/949 947/947
f 972/972 947/947 971/971
f 972/972 973/973 950/950
f 972/972 950/950 949/949
f 974/974 951/951 950/950
f 974/974 950/950 973/973
f 974/974 975/975 952/952
f 974/974 952/952 951/951
f 976/976 953/953 952/952
f 976/976 952/952 975/975
f 976/976 977/977 954/954
f 976/976 954/954 953/953
f 978/978 955/955 954/954
f 978/978 954/954 977/977
f 978/978 979/979 956/956
f 978/978 956/956 955/955
f 980/980 957/957 956/956
f 980/980 956/956 979/979
f 980/980 981/981 958/958
f 980/980 958/958 957/957
f 982/982 959/959 958/958
f 982/982 958/958 981/981
f 982/982 983/983 960/960
f 982/982 960/960 959/959
f 984/984 961/961 960/960
f 984/984 960/960 983/983
f 984/984 985/985 962/962
f 984/984 962/962 961/961
f 986/986 963/963 962/962
f 986/986 962/962 985/985
f 986/986 965/965 941/941
f 986/986 941/941 963/963
f 987/987 988/988 964/964
f 987/987 964/964 965/965
f 988/988 989/989 966/966
f 988/988 966/966 964/964
f 990/990 967/967 966/966
f 990/990 966/966 989/989
f 991/991 968/968 967/967
f 991/991 967/967 990/990
f 991/991 992/992 969/969
f 991/991 969/969 968/968
f 993/993 971/971 970/970
f 993/993 970/970 994/994
f 993/993 995/995 972/972
f 993/993 972/972 971/971
f 996/996 973/973 972/972
f 996/996 972/972 995/995
f 996/996 997/997 974/974
f 996/996 974/974 973/973
f 998/998 975/975 974/974
f 998/998 974/974 997/997
f 999/999 976/976 975/975
f 999/999 975/975 998/998
f 1000/1000 977/977 976/976
f 1000/1000 976/976 999/999
f 1001/1001 978/978 977/977
f 1001/1001 977/977 1000/1000
f 1001/1001 1002/1002 979/979
f 1001/1001 979/979 978/978
f 1002/1002 1003/1003 980/980
f 1002/1002 980/980 979/979
f 1004/1004 981/981 980/980
f 1004/1004 980/980 1003/1003
f 1004/1004 1005/1005 982/982
f 1004/1004 982/982 981/981
f 1006/1006 983/983 982/982
f 1006/1006 982/982 1005/1005
f 1007/1007 984/984 983/983
f 1007/1007 983/983 1006/1006
f 1007/1007 1008/1008 985/985
f 1007/1007 985/985 984/984
f 1008/1008 1009/1009 986/986
f 1008/1008 986/986 985/985
f 987/987 965/965 986/986
f 987/987 986/986 1009/1009
f 1010/1010 988/988 987/987
f 1010/1010 987/987 1011/1011
f 1012/1012 989/989 988/988
f 1012/1012 988/988 1010/1010
f 1012/1012 1013/1013 990/990
f 1012/1012 990/990 989/989
f 1013/1013 1014/1014 991/991
f 1013/1013 991/991 990/990
f 1015/1015 992/992 991/991
f 1015/1015 991/991 1014/1014
f 1016/1016 993/993 994/994
f 1016/1016 994/994 1017/1017
f 1018/1018 995/995 993/993
f 1018/1018 993/993 1016/1016
f 1019/1019 996/996 995/995
f 1019/1019 995/995 1018/1018
f 1020/1020 997/997 996/996
f 1020/1020 996/996 1019/1019
f 1021/1021 998/998 997/997
f 1021/1021 997/997 1020/1020
f 1022/1022 999/999 998/998
f 1022/1022 998/998 1021/1021
f 1023/1023 1000/1000 999/999
f 1023/1023 999/999 1022/1022
f 1024/1024 1001/1001 1000/1000
f 1024/1024 1000/1000 1023/1023
f 1025/1025 1002/1002 1001/1001
f 1025/1025 1001/1001 1024/1024
f 1026/1026 1003/1003 1002/1002
f 1026/1026 1002/1002 1025/1025
f 1027/1027 1004/1004 1003/1003
f 1027/1027 1003/1003 1026/1026
f 1028/1028 1005/1005 1004/1004
f 1028/1028 1004/1004 1027/1027
f 1028/1028 1029/1029 1006/1006
f 1028/1028 1006/1006 1005/1005
f 1030/1030 1007/1007 1006/1006
f 1030/1030 1006/1006 1029/1029
f 1030/1030 1031/1031 1008/1008
f 1030/1030 1008/1008 1007/1007
f 1032/1032 1009/1009 1008/1008
f 1032/1032 1008/1008 1031/1031
f 1032/1032 1011/1011 987/987
f 1032/1032 987/987 1009/1009
f 1011/1011 1033/1033 1034/1034
f 1011/1011 1034/1034 1010/1010
f 1010/1010 1034/1034 1035/1035
f 1010/1010 1035/1035 1012/1012
f 1013/1013 1012/1012 1035/1035
f 1013/1013 1035/1035 1036/1036
f 1013/1013 1036/1036 1037/1037
f 1013/1013 1037/1037 1014/1014
f 1015/1015 1014/1014 1037/1037
f 1015/1015 1037/1037 1038/1038
f 1017/1017 1039/1039 1040/1040
f 1017/1017 1040/1040 1016/1016
f 1016/1016 1040/1040 1041/1041
f 1016/1016 1041/1041 1018/1018
f 1018/1018 1041/1041 1042/1042
f 1018/1018 1042/1042 1019/1019
f 1019/1019 1042/1042 1043/1043
f 1019/1019 1043/1043 1020/1020
f 1020/1020 1043/1043 1044/1044
f 1020/1020 1044/1044 1021/1021
f 1021/1021 1044/1044 1045/1045
f 1021/1021 1045/1045 1022/1022
f 1022/1022 1045/1045 1046/1046
f 1022/1022 1046/1046 1023/1023
f 1023/1023 1046/1046 1047/1047
f 1023/1023 1047/1047 1024/1024
f 1024/1024 1047/1047 1048/1048
f 1024/1024 1048/1048 1025/1025
f 1025/1025 1048/1048 1049/1049
f 1025/1025 1049/1049 1026/1026
f 1026/1026 1049/1049 1050/1050
f 1026/1026 1050/1050 1027/1027
f 1027/1027 1050/1050 1051/1051
f 1027/1027 1051/1051 1028/1028
f 1028/1028 1051/1051 1052/1052
f 1028/1028 1052/1052 1029/1029
f 1030/1030 1029/1029 1052/1052
f 1030/1030 1052/1052 1053/1053
f 1030/1030 1053/1053 1054/1054
f 1030/1030 1054/1054 1031/1031
f 1032/1032 1031/1031 1054/1054
f 1032/1032 1054/1054 1055/1055
f 1011/1011 1032/1032 1055/1055
f 1011/1011 1055/1055 1033/1033
f 1033/1033 1056/1056 1057/1057
f 1033/1033 1057/1057 1034/1034
f 1035/1035 1034/1034 1057/1057
f 1035/1035 1057/1057 1058/1058
f 1035/1035 1058/1058 1059/1059
f 1035/1035 1059/1059 1036/1036
f 1037/1037 1036/1036 1059/1059
f 1037/1037 1059/1059 1060/1060
f 1037/1037 1060/1060 1061/1061
f 1037/1037 1061/1061 1038/1038
f 1039/1039 1062/1062 1063/1063
f 1039/1039 1063/1063 1040/1040
f 1041/1041 1040/1040 1063/1063
f 1041/1041 1063/1063 1064/1064
f 1041/1041 1064/1064 1065/1065
f 1041/1041 1065/1065 1042/1042
f 1042/1042 1065/1065 1066/1066
f 1042/1042 1066/1066 1043/1043
f 1043/1043 1066/1066 1067/1067
f 1043/1043 1067/1067 1044/1044
f 1044/1044 1067/1067 1068/1068
f 1044/1044 1068/1068 1045/1045
f 1046/1046 1045/1045 1068/1068
f 1046/1046 1068/1068 1069/1069
f 1046/1046 1069/1069 1070/1070
f 1046/1046 1070/1070 1047/1047
f 1048/1048 1047/1047 1070/1070
f 1048/1048 1070/1070 1071/1071
f 1048/1048 1071/1071 1072/1072
f 1048/1048 1072/1072 1049/1049
f 1049/1049 1072/1072 1073/1073
f 1049/1049 1073/1073 1050/1050
f 1050/1050 1073/1073 1074/1074
f 1050/1050 1074/1074 1051/1051
f 1052/1052 1051/1051 1074/1074
f 1052/1052 1074/1074 1075/1075
f 1052/1052 1075/1075 1076/1076
f 1052/1052 1076/1076 1053/1053
f 1054/1054 1053/1053 1076/1076
f 1054/1054 1076/1076 1077/1077
f 1054/1054 1077/1077 1078/1078
f 1054/1054 1078/1078 1055/1055
f 1033/1033 1055/1055 1078/1078
f 1033/1033 1078/1078 1056/1056
f 1057/1057 1056/1056 1079/1079
f 1057/1057 1079/1079 1080/1080
f 1057/1057 1080/1080 1081/1081
f 1057/1057 1081/1081 1058/1058
f 1059/1059 1058/1058 1081/1081
f 1059/1059 1081/1081 1082/1082
f 1059/1059 1082/1082 1083/1083
f 1059/1059 1083/1083 1060/1060
f 1061/1061 1060/1060 1083/1083
f 1061/1061 1083/1083 1084/1084
f 1062/1062 1085/1085 1086/1086
f 1062/1062 1086/1086 1063/1063
f 1064/1064 1063/1063 1086/1086
f 1064/1064 1086/1086 1087/1087
f 1064/1064 1087/1087 1088/1088
f 1064/1064 1088/1088 1065/1065
f 1066/1066 1065/1065 1088/1088
f 1066/1066 1088/1088 1089/1089
f 1066/1066 1089/1089 1090/1090
f 1066/1066 1090/1090 1067/1067
f 1068/1068 1067/1067 1090/1090
f 1068/1068 1090/1090 1091/1091
f 1068/1068 1091/1091 1092/1092
f 1068/1068 1092/1092 1069/1069
f 1069/1069 1092/1092 1093/1093
f 1069/1069 1093/1093 1070/1070
f 1071/1071 1070/1070 1093/1093
f 1071/1071 1093/1093 1094/1094
f 1072/1072 1071/1071 1094/1094
f 1072/1072 1094/1094 1095/1095
f 1072/1072 1095/1095 1096/1096
f 1072/1072 1096/1096 1073/1073
f 1074/1074 1073/1073 1096/1096
f 1074/1074 1096/1096 1097/1097
f 1074/1074 1097/1097 1098/1098
f 1074/1074 1098/1098 1075/1075
f 1075/1075 1098/1098 1099/1099
f 1075/1075 1099/1099 1076/1076
f 1077/1077 1076/1076 1099/1099
f 1077/1077 1099/1099 1100/1100
f 1078/1078 1077/1077 1100/1100
f 1078/1078 1100/1100 1101/1101
f 1078/1078 1101/1101 1079/1079
f 1078/1078 1079/1079 1056/1056
f 1079/1079 1102/1102 1103/1103
f 1079/1079 1103/1103 1080/1080
f 1081/1081 1080/1080 1103/1103
f 1081/1081 1103/1103 1104/1104
f 1082/1082 1081/1081 1104/1104
f 1082/1082 1104/1104 1105/1105
f 1082/1082 1105/1105 1106/1106
f 1082/1082 1106/1106 1083/1083
f 1083/1083 1106/1106 1107/1107
f 1083/1083 1107/1107 1084/1084
f 1086/1086 1085/1085 1108/1108
f 1086/1086 1108/1108 1109/1109
f 1087/1087 1086/1086 1109/1109
f 1087/1087 1109/1109 1110/1110
f 1087/1087 1110/1110 1111/1111
f 1087/1087 1111/1111 1088/1088
f 1088/1088 1111/1111 1112/1112
f 1088/1088 1112/1112 1089/1089
f 1090/1090 1089/1089 1112/1112
f 1090/1090 1112/1112 1113/1113
f 1090/1090 1113/1113 1114/1114
f 1090/1090 1114/1114 1091/1091
f 1091/1091 1114/1114 1115/1115
f 1091/1091 1115/1115 1092/1092
f 1093/1093 1092/1092 1115/1115
f 1093/1093 1115/1115 1116/1116
f 1093/1093 1116/1116 1117/1117
f 1093/1093 1117/1117 1094/1094
f 1095/1095 1094/1094 1117/1117
f 1095/1095 1117/1117 1118/1118
f 1096/1096 1095/1095 1118/1118
f 1096/1096 1118/1118 1119/1119
f 1096/1096 1119/1119 1120/1120
f 1096/1096 1120/1120 1097/1097
f 1097/1097 1120/1120 1121/1121
f 1097/1097 1121/1121 1098/1098
f 1099/1099 1098/1098 1121/1121
f 1099/1099 1121/1121 1122/1122
f 1099/1099 1122/1122 1123/1123
f 1099/1099 1123/1123 1100/1100
f 1101/1101 1100/1100 1123/1123
f 1101/1101 1123/1123 1124/1124
f 1079/1079 1101/1101 1124/1124
f 1079/1079 1124/1124 1102/1102
f 1103/1103 1102/1102 1125/1125
f 1103/1103 1125/1125 1126/1126
f 1104/1104 1103/1103 1126/1126
f 1104/1104 1126/1126 1127/1127
f 1104/1104 1127/1127 1128/1128
f 1104/1104 1128/1128 1105/1105
f 1106/1106 1105/1105 1128/1128
f 1106/1106 1128/1128 1129/1129
f 1106/1106 1129/1129 1130/1130
f 1106/1106 1130/1130 1107/1107
f 1109/1109 1108/1108 1131/1131
f 1109/1109 1131/1131 1132/1132
f 1109/1109 1132/1132 1133/1133
f 1109/1109 1133/1133 1110/1110
f 1111/1111 1110/1110 1133/1133
f 1111/1111 1133/1133 1134/1134
f 1111/1111 1134/1134 1135/1135
f 1111/1111 1135/1135 1112/1112
f 1113/1113 1112/1112 1135/1135
f 1113/1113 1135/1135 1136/1136
f 1114/1114 1113/1113 1136/1136
f 1114/1114 1136/1136 1137/1137
f 1115/1115 1114/1114 1137/1137
f 1115/1115 1137/1137 1138/1138
f 1115/1115 1138/1138 1139/1139
f 1115/1115 1139/1139 1116/1116
f 1117/1117 1116/1116 1139/1139
f 1117/1117 1139/1139 1140/1140
f 1117/1117 1140/1140 1141/1141
f 1117/1117 1141/1141 1118/1118
f 1119/1119 1118/1118 1141/1141
f 1119/1119 1141/1141 1142/1142
f 1120/1120 1119/1119 1142/1142
f 1120/1120 1142/1142 1143/1143
f 1121/1121 1120/1120 1143/1143
f 1121/1121 1143/1143 1144/1144
f 1121/1121 1144/1144 1145/1145
f 1121/1121 1145/1145 1122/1122
f 1123/1123 1122/1122 1145/1145
f 1123/1123 1145/1145 1146/1146
f 1123/1123 1146/1146 1147/1147
f 1123/1123 1147/1147 1124/1124
f 1124/1124 1147/1147 1125/1125
f 1124/1124 1125/1125 1102/1102
f 1125/1125 1148/1148 1149/1149
f 1125/1125 1149/1149 1126/1126
f 1127/1127 1126/1126 1149/1149
f 1127/1127 1149/1149 1150/1150
f 1128/1128 1127/1127 1150/1150
f 1128/1128 1150/1150 1151/1151
f 1129/1129 1128/1128 1151/1151
f 1129/1129 1151/1151 1152/1152
f 1129/1129 1152/1152 1153/1153
f 1129/1129 1153/1153 1130/1130
f 1132/1132 1131/1131 1154/1154
f 1132/1132 1154/1154 1155/1155
f 1133/1133 1132/1132 1155/1155
f 1133/1133 1155/1155 1156/1156
f 1134/1134 1133/1133 1156/1156
f 1134/1134 1156/1156 1157/1157
f 1135/1135 1134/1134 1157/1157
f 1135/1135 1157/1157 1158/1158
f 1136/1136 1135/1135 1158/1158
f 1136/1136 1158/1158 1159/1159
f 1137/1137 1136/1136 1159/1159
f 1137/1137 1159/1159 1160/1160
f 1138/1138 1137/1137 1160/1160
f 1138/1138 1160/1160 1161/1161
f 1139/1139 1138/1138 1161/1161
f 1139/1139 1161/1161 1162/1162
f 1140/1140 1139/1139 1162/1162
f 1140/1140 1162/1162 1163/1163
f 1141/1141 1140/1140 1163/1163
f 1141/1141 1163/1163 1164/1164
f 1142/1142 1141/1141 1164/1164
f 1142/1142 1164/1164 1165/1165
f 1142/1142 1165/1165 1166/1166
f 1142/1142 1166/1166 1143/1143
f 1143/1143 1166/1166 1167/1167
f 1143/1143 1167/1167 1144/1144
f 1145/1145 1144/1144 1167/1167
f 1145/1145 1167/1167 1168/1168
f 1145/1145 1168/1168 1169/1169
f 1145/1145 1169/1169 1146/1146
f 1147/1147 1146/1146 1169/1169
f 1147/1147 1169/1169 1170/1170
f 1125/1125 1147/1147 1170/1170
f 1125/1125 1170/1170 1148/1148
f 1171/1171 1172/1172 1173/1173
f 1171/1171 1173/1173 1174/1174
f 1175/1175 1176/1176 1172/1172
f 1175/1175 1172/1172 1171/1171
f 1177/1177 1178/1178 1176/1176
f 1177/1177 1176/1176 1175/1175
f 1177/1177 1179/1179 1180/1180
f 1177/1177 1180/1180 1178/1178
f 1181/1181 1182/1182 1180/1180
f 1181/1181 1180/1180 1179/1179
f 1181/1181 1183/1183 1184/1184
f 1181/1181 1184/1184 1182/1182
f 1185/1185 1186/1186 1187/1187
f 1185/1185 1187/1187 1188/1188
f 1189/1189 1190/1190 1187/1187
f 1189/1189 1187/1187 1186/1186
f 1191/1191 1192/1192 1190/1190
f 1191/1191 1190/1190 1189/1189
f 1193/1193 1194/1194 1192/1192
f 1193/1193 1192/1192 1191/1191
f 1193/1193 1174/1174 1173/1173
f 1193/1193 1173/1173 1194/1194
f 1195/1195 1171/1171 1174/1174
f 1195/1195 1174/1174 1196/1196
f 1197/1197 1175/1175 1171/1171
f 1197/1197 1171/1171 1195/1195
f 1197/1197 1198/1198 1177/1177
f 1197/1197 1177/1177 1175/1175
f 1199/1199 1179/1179 1177/1177
f 1199/1199 1177/1177 1198/1198
f 1199/1199 1200/1200 1181/1181
f 1199/1199 1181/1181 1179/1179
f 1200/1200 1201/1201 1183/1183
f 1200/1200 1183/1183 1181/1181
f 1202/1202 1186/1186 1185/1185
f 1202/1202 1185/1185 1203/1203
f 1202/1202 1204/1204 1189/1189
f 1202/1202 1189/1189 1186/1186
f 1205/1205 1191/1191 1189/1189
f 1205/1205 1189/1189 1204/1204
f 1205/1205 1206/1206 1193/1193
f 1205/1205 1193/1193 1191/1191
f 1206/1206 1196/1196 1174/1174
f 1206/1206 1174/1174 1193/1193
f 1207/1207 1208/1208 1195/1195
f 1207/1207 1195/1195 1196/1196
f 1208/1208 1209/1209 1197/1197
f 1208/1208 1197/1197 1195/1195
f 1210/1210 1198/1198 1197/1197
f 1210/1210 1197/1197 1209/1209
f 1210/1210 1211/1211 1199/1199
f 1210/1210 1199/1199 1198/1198
f 1211/1211 1212/1212 1200/1200
f 1211/1211 1200/1200 1199/1199
f 1213/1213 1201/1201 1200/1200
f 1213/1213 1200/1200 1212/1212
f 1214/1214 1215/1215 1202/1202
f 1214/1214 1202/1202 1203/1203
f 1216/1216 1204/1204 1202/1202
f 1216/1216 1202/1202 1215/1215
f 1216/1216 1217/1217 1205/1205
f 1216/1216 1205/1205 1204/1204
f 1218/1218 1206/1206 1205/1205
f 1218/1218 1205/1205 1217/1217
f 1207/1207 1196/1196 1206/1206
f 1207/1207 1206/1206 1218/1218
f 1219/1219 1208/1208 1207/1207
f 1219/1219 1207/1207 1220/1220
f 1219/1219 1221/1221 1209/1209
f 1219/1219 1209/1209 1208/1208
f 1222/1222 1210/1210 1209/1209
f 1222/1222 1209/1209 1221/1221
f 1222/1222 1223/1223 1211/1211
f 1222/1222 1211/1211 1210/1210
f 1224/1224 1212/1212 1211/1211
f 1224/1224 1211/1211 1223/1223
f 1224/1224 1225/1225 1213/1213
f 1224/1224 1213/1213 1212/1212
f 1226/1226 1227/1227 1215/1215
f 1226/1226 1215/1215 1214/1214
f 1228/1228 1216/1216 1215/1215
f 1228/1228 1215/1215 1227/1227
f 1228/1228 1229/1229 1217/1217
f 1228/1228 1217/1217 1216/1216
f 1230/1230 1218/1218 1217/1217
f 1230/1230 1217/1217 1229/1229
f 1230/1230 1220/1220 1207/1207
f 1230/1230 1207/1207 1218/1218
f 1231/1231 1219/1219 1220/1220
f 1231/1231 1220/1220 1232/1232
f 1231/1231 1233/1233 1221/1221
f 1231/1231 1221/1221 1219/1219
f 1234/1234 1222/1222 1221/1221
f 1234/1234 1221/1221 1233/1233
f 1235/1235 1223/1223 1222/1222
f 1235/1235 1222/1222 1234/1234
f 1235/1235 1236/1236 1224/1224
f 1235/1235 1224/1224 1223/1223
f 1237/1237 1225/1225 1224/1224
f 1237/1237 1224/1224 1236/1236
f 1238/1238 1227/1227 1226/1226
f 1238/1238 1226/1226 1239/1239
f 1240/1240 1228/1228 1227/1227
f 1240/1240 1227/1227 1238/1238
f 1240/1240 1241/1241 1229/1229
f 1240/1240 1229/1229 1228/1228
f 1241/1241 1242/1242 1230/1230
f 1241/1241 1230/1230 1229/1229
f 1242/1242 1232/1232 1220/1220
f 1242/1242 1220/1220 1230/1230
f 1243/1243 1231/1231 1232/1232
f 1243/1243 1232/1232 1244/1244
f 1245/1245 1233/1233 1231/1231
f 1245/1245 1231/1231 1243/1243
f 1245/1245 1246/1246 1234/1234
f 1245/1245 1234/1234 1233/1233
f 1246/1246 1247/1247 1235/1235
f 1246/1246 1235/1235 1234/1234
f 1248/1248 1236/1236 1235/1235
f 1248/1248 1235/1235 1247/1247
f 1249/1249 1237/1237 1236/1236
f 1249/1249 1236/1236 1248/1248
f 1250/1250 1251/1251 1238/1238
f 1250/1250 1238/1238 1239/1239
f 1252/1252 1240/1240 1238/1238
f 1252/1252 1238/1238 1251/1251
f 1252/1252 1253/1253 1241/1241
f 1252/1252 1241/1241 1240/1240
f 1254/1254 1242/1242 1241/1241
f 1254/1254 1241/1241 1253/1253
f 1254/1254 1244/1244 1232/1232
f 1254/1254 1232/1232 1242/1242
f 1244/1244 1255/1255 1256/1256
f 1244/1244 1256/1256 1243/1243
f 1243/1243 1256/1256 1257/1257
f 1243/1243 1257/1257 1245/1245
f 1246/1246 1245/1245 1257/1257
f 1246/1246 1257/1257 1258/1258
f 1246/1246 1258/1258 1259/1259
f 1246/1246 1259/1259 1247/1247
f 1248/1248 1247/1247 1259/1259
f 1248/1248 1259/1259 1260/1260
f 1248/1248 1260/1260 1261/1261
f 1248/1248 1261/1261 1249/1249
f 1250/1250 1262/1262 1263/1263
f 1250/1250 1263/1263 1251/1251
f 1252/1252 1251/1251 1263/1263
f 1252/1252 1263/1263 1264/1264
f 1252/1252 1264/1264 1265/1265
f 1252/1252 1265/1265 1253/1253
f 1254/1254 1253/1253 1265/1265
f 1254/1254 1265/1265 1266/1266
f 1244/1244 1254/1254 1266/1266
f 1244/1244 1266/1266 1255/1255
f 1255/1255 1267/1267 1268/1268
f 1255/1255 1268/1268 1256/1256
f 1257/1257 1256/1256 1268/1268
f 1257/1257 1268/1268 1269/1269
f 1257/1257 1269/1269 1270/1270
f 1257/1257 1270/1270 1258/1258
f 1259/1259 1258/1258 1270/1270
f 1259/1259 1270/1270 1271/1271
f 1259/1259 1271/1271 1272/1272
f 1259/1259 1272/1272 1260/1260
f 1260/1260 1272/1272 1273/1273
f 1260/1260 1273/1273 1261/1261
f 1263/1263 1262/1262 1274/1274
f 1263/1263 1274/1274 1275/1275
f 1263/1263 1275/1275 1276/1276
f 1263/1263 1276/1276 1264/1264
f 1265/1265 1264/1264 1276/1276
f 1265/1265 1276/1276 1277/1277
f 1265/1265 1277/1277 1278/1278
f 1265/1265 1278/1278 1266/1266
f 1266/1266 1278/1278 1267/1267
f 1266/1266 1267/1267 1255/1255
f 1268/1268 1267/1267 1279/1279
f 1268/1268 1279/1279 1280/1280
f 1268/1268 1280/1280 1281/1281
f 1268/1268 1281/1281 1269/1269
f 1270/1270 1269/1269 1281/1281
f 1270/1270 1281/1281 1282/1282
f 1270/1270 1282/1282 1283/1283
f 1270/1270 1283/1283 1271/1271
f 1272/1272 1271/1271 1283/1283
f 1272/1272 1283/1283 1284/1284
f 1272/1272 1284/1284 1285/1285
f 1272/1272 1285/1285 1273/1273
f 1274/1274 1286/1286 1287/1287
f 1274/1274 1287/1287 1275/1275
f 1275/1275 1287/1287 1288/1288
f 1275/1275 1288/1288 1276/1276
f 1277/1277 1276/1276 1288/1288
f 1277/1277 1288/1288 1289/1289
f 1278/1278 1277/1277 1289/1289
f 1278/1278 1289/1289 1290/1290
f 1278/1278 1290/1290 1279/1279
f 1278/1278 1279/1279 1267/1267
f 1279/1279 1291/1291 1292/1292
f 1279/1279 1292/1292 1280/1280
f 1281/1281 1280/1280 1292/1292
f 1281/1281 1292/1292 1293/1293
f 1282/1282 1281/1281 1293/1293
f 1282/1282 1293/1293 1294/1294
f 1282/1282 1294/1294 1295/1295
f 1282/1282 1295/1295 1283/1283
f 1283/1283 1295/1295 1296/1296
f 1283/1283 1296/1296 1284/1284
f 1285/1285 1284/1284 1296/1296
f 1285/1285 1296/1296 1297/1297
f 1286/1286 1298/1298 1299/1299
f 1286/1286 1299/1299 1287/1287
f 1288/1288 1287/1287 1299/1299
f 1288/1288 1299/1299 1300/1300
f 1288/1288 1300/1300 1301/1301
f 1288/1288 1301/1301 1289/1289
f 1290/1290 1289/1289 1301/1301
f 1290/1290 1301/1301 1302/1302
f 1279/1279 1290/1290 1302/1302
f 1279/1279 1302/1302 1291/1291
f 1292/1292 1291/1291 1303/1303
f 1292/1292 1303/1303 1304/1304
f 1293/1293 1292/1292 1304/1304
f 1293/1293 1304/1304 1305/1305
f 1293/1293 1305/1305 1306/1306
f 1293/1293 1306/1306 1294/1294
f 1295/1295 1294/1294 1306/1306
f 1295/1295 1306/1306 1307/1307
f 1295/1295 1307/1307 1308/1308
f 1295/1295 1308/1308 1296/1296
f 1297/1297 1296/1296 1308/1308
f 1297/1297 1308/1308 1309/1309
f 1299/1299 1298/1298 1310/1310
f 1299/1299 1310/1310 1311/1311
f 1299/1299 1311/1311 1312/1312
f 1299/1299 1312/1312 1300/1300
f 1301/1301 1300/1300 1312/1312
f 1301/1301 1312/1312 1313/1313
f 1301/1301 1313/1313 1314/1314
f 1301/1301 1314/1314 1302/1302
f 1302/1302 1314/1314 1303/1303
f 1302/1302 1303/1303 1291/1291
f 1303/1303 1315/1315 1316/1316
f 1303/1303 1316/1316 1304/1304
f 1305/1305 1304/1304 1316/1316
f 1305/1305 1316/1316 1317/1317
f 1305/1305 1317/1317 1318/1318
f 1305/1305 1318/1318 1306/1306
f 1307/1307 1306/1306 1318/1318
f 1307/1307 1318/1318 1319/1319
f 1307/1307 1319/1319 1320/1320
f 1307/1307 1320/1320 1308/1308
f 1309/1309 1308/1308 1320/1320
f 1309/1309 1320/1320 1321/1321
f 1310/1310 1322/1322 1323/1323
f 1310/1310 1323/1323 1311/1311
f 1312/1312 1311/1311 1323/1323
f 1312/1312 1323/1323 1324/1324
f 1312/1312 1324/1324 1325/1325
f 1312/1312 1325/1325 1313/1313
f 1314/1314 1313/1313 1325/1325
f 1314/1314 1325/1325 1326/1326
f 1303/1303 1314/1314 1326/1326
f 1303/1303 1326/1326 1315/1315
f 1183/1183 884/884 887/887
f 1183/1183 887/887 1184/1184
f 1201/1201 924/924 884/884
f 1201/1201 884/884 1183/1183
f 1213/1213 948/948 924/924
f 1213/1213 924/924 1201/1201
f 970/970 948/948 1213/1213
f 970/970 1213/1213 1225/1225
f 994/994 970/970 1225/1225
f 994/994 1225/1225 1237/1237
f 1017/1017 994/994 1237/1237
f 1017/1017 1237/1237 1249/1249
f 1249/1249 1261/1261 1039/1039
f 1249/1249 1039/1039 1017/1017
f 1261/1261 1273/1273 1062/1062
f 1261/1261 1062/1062 1039/1039
f 1062/1062 1273/1273 1285/1285
f 1062/1062 1285/1285 1085/1085
f 1285/1285 1297/1297 1108/1108
f 1285/1285 1108/1108 1085/1085
f 1108/1108 1297/1297 1309/1309
f 1108/1108 1309/1309 1131/1131
f 1131/1131 1309/1309 1321/1321
f 1131/1131 1321/1321 1154/1154
f 882/882 1327/1327 1328/1328
f 882/882 1328/1328 883/883
f 923/923 1329/1329 1327/1327
f 923/923 1327/1327 882/882
f 946/946 1330/1330 1329/1329
f 946/946 1329/1329 923/923
f 969/969 1331/1331 1330/1330
f 969/969 1330/1330 946/946
f 1332/1332 1331/1331 969/969
f 1332/1332 969/969 992/992
f 1015/1015 1333/1333 1332/1332
f 1015/1015 1332/1332 992/992
f 1333/1333 1015/1015 1038/1038
f 1333/1333 1038/1038 1334/1334
f 1038/1038 1061/1061 1335/1335
f 1038/1038 1335/1335 1334/1334
f 1061/1061 1084/1084 1336/1336
f 1061/1061 1336/1336 1335/1335
f 1084/1084 1107/1107 1337/1337
f 1084/1084 1337/1337 1336/1336
f 1107/1107 1130/1130 1338/1338
f 1107/1107 1338/1338 1337/1337
f 1338/1338 1130/1130 1153/1153
f 1338/1338 1153/1153 1339/1339
f 1185/1185 1188/1188 1340/1340
f 1185/1185 1340/1340 1341/1341
f 1203/1203 1185/1185 1341/1341
f 1203/1203 1341/1341 1342/1342
f 1214/1214 1203/1203 1342/1342
f 1214/1214 1342/1342 1343/1343
f 1226/1226 1214/1214 1343/1343
f 1226/1226 1343/1343 1344/1344
f 1239/1239 1226/1226 1344/1344
f 1239/1239 1344/1344 1345/1345
f 1250/1250 1239/1239 1345/1345
f 1250/1250 1345/1345 1346/1346
f 1346/1346 1347/1347 1262/1262
f 1346/1346 1262/1262 1250/1250
f 1347/1347 1348/1348 1274/1274
f 1347/1347 1274/1274 1262/1262
f 1274/1274 1348/1348 1349/1349
f 1274/1274 1349/1349 1286/1286
f 1286/1286 1349/1349 1350/1350
f 1286/1286 1350/1350 1298/1298
f 1298/1298 1350/1350 1351/1351
f 1298/1298 1351/1351 1310/1310
f 1351/1351 1352/1352 1322/1322
f 1351/1351 1322/1322 1310/1310
f 1353/1353 1354/1354 1355/1355
f 1353/1353 1355/1355 1356/1356
f 1354/1354 1357/1357 1358/1358
f 1354/1354 1358/1358 1355/1355
f 1357/1357 1359/1359 1360/1360
f 1357/1357 1360/1360 1358/1358
f 1359/1359 1361/1361 1362/1362
f 1359/1359 1362/1362 1360/1360
f 1361/1361 1363/1363 1364/1364
f 1361/1361 1364/1364 1362/1362
f 1363/1363 1365/1365 1366/1366
f 1363/1363 1366/1366 1364/1364
f 1365/1365 1367/1367 1368/1368
f 1365/1365 1368/1368 1366/1366
f 1367/1367 1369/1369 1370/1370
f 1367/1367 1370/1370 1368/1368
f 1369/1369 1371/1371 1372/1372
f 1369/1369 1372/1372 1370/1370
f 1371/1371 1373/1373 1374/1374
f 1371/1371 1374/1374 1372/1372
f 1373/1373 1375/1375 1376/1376
f 1373/1373 1376/1376 1374/1374
f 1377/1377 1354/1354 1353/1353
f 1377/1377 1353/1353 1378/1378
f 1379/1379 1357/1357 1354/1354
f 1379/1379 1354/1354 1377/1377
f 1380/1380 1359/1359 1357/1357
f 1380/1380 1357/1357 1379/1379
f 1381/1381 1361/1361 1359/1359
f 1381/1381 1359/1359 1380/1380
f 1382/1382 1363/1363 1361/1361
f 1382/1382 1361/1361 1381/1381
f 1383/1383 1365/1365 1363/1363
f 1383/1383 1363/1363 1382/1382
f 1384/1384 1367/1367 1365/1365
f 1384/1384 1365/1365 1383/1383
f 1385/1385 1369/1369 1367/1367
f 1385/1385 1367/1367 1384/1384
f 1386/1386 1371/1371 1369/1369
f 1386/1386 1369/1369 1385/1385
f 1387/1387 1373/1373 1371/1371
f 1387/1387 1371/1371 1386/1386
f 1388/1388 1375/1375 1373/1373
f 1388/1388 1373/1373 1387/1387
f 1389/1389 1390/1390 1377/1377
f 1389/1389 1377/1377 1378/1378
f 1390/1390 1391/1391 1379/1379
f 1390/1390 1379/1379 1377/1377
f 1392/1392 1380/1380 1379/1379
f 1392/1392 1379/1379 1391/1391
f 1393/1393 1381/1381 1380/1380
f 1393/1393 1380/1380 1392/1392
f 1394/1394 1382/1382 1381/1381
f 1394/1394 1381/1381 1393/1393
f 1395/1395 1383/1383 1382/1382
f 1395/1395 1382/1382 1394/1394
f 1396/1396 1384/1384 1383/1383
f 1396/1396 1383/1383 1395/1395
f 1397/1397 1385/1385 1384/1384
f 1397/1397 1384/1384 1396/1396
f 1398/1398 1386/1386 1385/1385
f 1398/1398 1385/1385 1397/1397
f 1399/1399 1387/1387 1386/1386
f 1399/1399 1386/1386 1398/1398
f 1400/1400 1388/1388 1387/1387
f 1400/1400 1387/1387 1399/1399
f 1401/1401 1402/1402 1390/1390
f 1401/1401 1390/1390 1389/1389
f 1402/1402 1403/1403 1391/1391
f 1402/1402 1391/1391 1390/1390
f 1404/1404 1392/1392 1391/1391
f 1404/1404 1391/1391 1403/1403
f 1405/1405 1393/1393 1392/1392
f 1405/1405 1392/1392 1404/1404
f 1406/1406 1394/1394 1393/1393
f 1406/1406 1393/1393 1405/1405
f 1407/1407 1395/1395 1394/1394
f 1407/1407 1394/1394 1406/1406
f 1408/1408 1396/1396 1395/1395
f 1408/1408 1395/1395 1407/1407
f 1409/1409 1397/1397 1396/1396
f 1409/1409 1396/1396 1408/1408
f 1410/1410 1398/1398 1397/1397
f 1410/1410 1397/1397 1409/1409
f 1411/1411 1399/1399 1398/1398
f 1411/1411 1398/1398 1410/1410
f 1412/1412 1400/1400 1399/1399
f 1412/1412 1399/1399 1411/1411
f 1413/1413 1402/1402 1401/1401
f 1413/1413 1401/1401 1414/1414
f 1415/1415 1403/1403 1402/1402
f 1415/1415 1402/1402 1413/1413
f 1416/1416 1404/1404 1403/1403
f 1416/1416 1403/1403 1415/1415
f 1417/1417 1405/1405 1404/1404
f 1417/1417 1404/1404 1416/1416
f 1418/1418 1406/1406 1405/1405
f 1418/1418 1405/1405 1417/1417
f 1419/1419 1407/1407 1406/1406
f 1419/1419 1406/1406 1418/1418
f 1420/1420 1408/1408 1407/1407
f 1420/1420 1407/1407 1419/1419
f 1421/1421 1409/1409 1408/1408
f 1421/1421 1408/1408 1420/1420
f 1422/1422 1410/1410 1409/1409
f 1422/1422 1409/1409 1421/1421
f 1423/1423 1411/1411 1410/1410
f 1423/1423 1410/1410 1422/1422
f 1424/1424 1412/1412 1411/1411
f 1424/1424 1411/1411 1423/1423
f 1425/1425 1426/1426 1413/1413
f 1425/1425 1413/1413 1414/1414
f 1426/1426 1427/1427 1415/1415
f 1426/1426 1415/1415 1413/1413
f 1427/1427 1428/1428 1416/1416
f 1427/1427 1416/1416 1415/1415
f 1428/1428 1429/1429 1417/1417
f 1428/1428 1417/1417 1416/1416
f 1429/1429 1430/1430 1418/1418
f 1429/1429 1418/1418 1417/1417
f 1430/1430 1431/1431 1419/1419
f 1430/1430 1419/1419 1418/1418
f 1431/1431 1432/1432 1420/1420
f 1431/1431 1420/1420 1419/1419
f 1432/1432 1433/1433 1421/1421
f 1432/1432 1421/1421 1420/1420
f 1433/1433 1434/1434 1422/1422
f 1433/1433 1422/1422 1421/1421
f 1434/1434 1435/1435 1423/1423
f 1434/1434 1423/1423 1422/1422
f 1435/1435 1436/1436 1424/1424
f 1435/1435 1424/1424 1423/1423
f 1426/1426 1425/1425 1437/1437
f 1426/1426 1437/1437 1438/1438
f 1427/1427 1426/1426 1438/1438
f 1427/1427 1438/1438 1439/1439
f 1428/1428 1427/1427 1439/1439
f 1428/1428 1439/1439 1440/1440
f 1429/1429 1428/1428 1440/1440
f 1429/1429 1440/1440 1441/1441
f 1430/1430 1429/1429 1441/1441
f 1430/1430 1441/1441 1442/1442
f 1431/1431 1430/1430 1442/1442
f 1431/1431 1442/1442 1443/1443
f 1432/1432 1431/1431 1443/1443
f 1432/1432 1443/1443 1444/1444
f 1433/1433 1432/1432 1444/1444
f 1433/1433 1444/1444 1445/1445
f 1434/1434 1433/1433 1445/1445
f 1434/1434 1445/1445 1446/1446
f 1435/1435 1434/1434 1446/1446
f 1435/1435 1446/1446 1447/1447
f 1436/1436 1435/1435 1447/1447
f 1436/1436 1447/1447 1448/1448
f 1437/1437 1449/1449 1450/1450
f 1437/1437 1450/1450 1438/1438
f 1438/1438 1450/1450 1451/1451
f 1438/1438 1451/1451 1439/1439
f 1439/1439 1451/1451 1452/1452
f 1439/1439 1452/1452 1440/1440
f 1440/1440 1452/1452 1453/1453
f 1440/1440 1453/1453 1441/1441
f 1441/1441 1453/1453 1454/1454
f 1441/1441 1454/1454 1442/1442
f 1442/1442 1454/1454 1455/1455
f 1442/1442 1455/1455 1443/1443
f 1443/1443 1455/1455 1456/1456
f 1443/1443 1456/1456 1444/1444
f 1444/1444 1456/1456 1457/1457
f 1444/1444 1457/1457 1445/1445
f 1445/1445 1457/1457 1458/1458
f 1445/1445 1458/1458 1446/1446
f 1446/1446 1458/1458 1459/1459
f 1446/1446 1459/1459 1447/1447
f 1447/1447 1459/1459 1460/1460
f 1447/1447 1460/1460 1448/1448
f 1449/1449 1461/1461 1462/1462
f 1449/1449 1462/1462 1450/1450
f 1450/1450 1462/1462 1463/1463
f 1450/1450 1463/1463 1451/1451
f 1452/1452 1451/1451 1463/1463
f 1452/1452 1463/1463 1464/1464
f 1453/1453 1452/1452 1464/1464
f 1453/1453 1464/1464 1465/1465
f 1454/1454 1453/1453 1465/1465
f 1454/1454 1465/1465 1466/1466
f 1455/1455 1454/1454 1466/1466
f 1455/1455 1466/1466 1467/1467
f 1456/1456 1455/1455 1467/1467
f 1456/1456 1467/1467 1468/1468
f 1457/1457 1456/1456 1468/1468
f 1457/1457 1468/1468 1469/1469
f 1458/1458 1457/1457 1469/1469
f 1458/1458 1469/1469 1470/1470
f 1459/1459 1458/1458 1470/1470
f 1459/1459 1470/1470 1471/1471
f 1460/1460 1459/1459 1471/1471
f 1460/1460 1471/1471 1472/1472
f 1461/1461 1473/1473 1474/1474
f 1461/1461 1474/1474 1462/1462
f 1462/1462 1474/1474 1475/1475
f 1462/1462 1475/1475 1463/1463
f 1464/1464 1463/1463 1475/1475
f 1464/1464 1475/1475 1476/1476
f 1465/1465 1464/1464 1476/1476
f 1465/1465 1476/1476 1477/1477
f 1466/1466 1465/1465 1477/1477
f 1466/1466 1477/1477 1478/1478
f 1467/1467 1466/1466 1478/1478
f 1467/1467 1478/1478 1479/1479
f 1468/1468 1467/1467 1479/1479
f 1468/1468 1479/1479 1480/1480
f 1469/1469 1468/1468 1480/1480
f 1469/1469 1480/1480 1481/1481
f 1470/1470 1469/1469 1481/1481
f 1470/1470 1481/1481 1482/1482
f 1471/1471 1470/1470 1482/1482
f 1471/1471 1482/1482 1483/1483
f 1472/1472 1471/1471 1483/1483
f 1472/1472 1483/1483 1484/1484
f 1473/1473 1485/1485 1486/1486
f 1473/1473 1486/1486 1474/1474
f 1474/1474 1486/1486 1487/1487
f 1474/1474 1487/1487 1475/1475
f 1475/1475 1487/1487 1488/1488
f 1475/1475 1488/1488 1476/1476
f 1476/1476 1488/1488 1489/1489
f 1476/1476 1489/1489 1477/1477
f 1477/1477 1489/1489 1490/1490
f 1477/1477 1490/1490 1478/1478
f 1478/1478 1490/1490 1491/1491
f 1478/1478 1491/1491 1479/1479
f 1479/1479 1491/1491 1492/1492
f 1479/1479 1492/1492 1480/1480
f 1480/1480 1492/1492 1493/1493
f 1480/1480 1493/1493 1481/1481
f 1481/1481 1493/1493 1494/1494
f 1481/1481 1494/1494 1482/1482
f 1482/1482 1494/1494 1495/1495
f 1482/1482 1495/1495 1483/1483
f 1483/1483 1495/1495 1496/1496
f 1483/1483 1496/1496 1484/1484
f 1486/1486 1485/1485 1497/1497
f 1486/1486 1497/1497 1498/1498
f 1487/1487 1486/1486 1498/1498
f 1487/1487 1498/1498 1499/1499
f 1488/1488 1487/1487 1499/1499
f 1488/1488 1499/1499 1500/1500
f 1489/1489 1488/1488 1500/1500
f 1489/1489 1500/1500 1501/1501
f 1490/1490 1489/1489 1501/1501
f 1490/1490 1501/1501 1502/1502
f 1491/1491 1490/1490 1502/1502
f 1491/1491 1502/1502 1503/1503
f 1492/1492 1491/1491 1503/1503
f 1492/1492 1503/1503 1504/1504
f 1493/1493 1492/1492 1504/1504
f 1493/1493 1504/1504 1505/1505
f 1494/1494 1493/1493 1505/1505
f 1494/1494 1505/1505 1506/1506
f 1495/1495 1494/1494 1506/1506
f 1495/1495 1506/1506 1507/1507
f 1496/1496 1495/1495 1507/1507
f 1496/1496 1507/1507 1508/1508
f 1509/1509 1510/1510 1511/1511
f 1509/1509 1511/1511 1512/1512
f 1513/1513 1514/1514 1510/1510
f 1513/1513 1510/1510 1509/1509
f 1515/1515 1516/1516 1514/1514
f 1515/1515 1514/1514 1513/1513
f 1517/1517 1518/1518 1516/1516
f 1517/1517 1516/1516 1515/1515
f 1519/1519 1520/1520 1518/1518
f 1519/1519 1518/1518 1517/1517
f 1521/1521 1522/1522 1520/1520
f 1521/1521 1520/1520 1519/1519
f 1523/1523 1524/1524 1522/1522
f 1523/1523 1522/1522 1521/1521
f 1525/1525 1526/1526 1524/1524
f 1525/1525 1524/1524 1523/1523
f 1527/1527 1528/1528 1526/1526
f 1527/1527 1526/1526 1525/1525
f 1529/1529 1530/1530 1528/1528
f 1529/1529 1528/1528 1527/1527
f 1531/1531 1532/1532 1530/1530
f 1531/1531 1530/1530 1529/1529
f 1533/1533 1509/1509 1512/1512
f 1533/1533 1512/1512 1534/1534
f 1535/1535 1513/1513 1509/1509
f 1535/1535 1509/1509 1533/1533
f 1536/1536 1515/1515 1513/1513
f 1536/1536 1513/1513 1535/1535
f 1537/1537 1517/1517 1515/1515
f 1537/1537 1515/1515 1536/1536
f 1538/1538 1519/1519 1517/1517
f 1538/1538 1517/1517 1537/1537
f 1539/1539 1521/1521 1519/1519
f 1539/1539 1519/1519 1538/1538
f 1540/1540 1523/1523 1521/1521
f 1540/1540 1521/1521 1539/1539
f 1541/1541 1525/1525 1523/1523
f 1541/1541 1523/1523 1540/1540
f 1542/1542 1527/1527 1525/1525
f 1542/1542 1525/1525 1541/1541
f 1543/1543 1529/1529 1527/1527
f 1543/1543 1527/1527 1542/1542
f 1544/1544 1531/1531 1529/1529
f 1544/1544 1529/1529 1543/1543
f 1545/1545 1546/1546 1533/1533
f 1545/1545 1533/1533 1534/1534
f 1546/1546 1547/1547 1535/1535
f 1546/1546 1535/1535 1533/1533
f 1547/1547 1548/1548 1536/1536
f 1547/1547 1536/1536 1535/1535
f 1548/1548 1549/1549 1537/1537
f 1548/1548 1537/1537 1536/1536
f 1549/1549 1550/1550 1538/1538
f 1549/1549 1538/1538 1537/1537
f 1550/1550 1551/1551 1539/1539
f 1550/1550 1539/1539 1538/1538
f 1551/1551 1552/1552 1540/1540
f 1551/1551 1540/1540 1539/1539
f 1552/1552 1553/1553 1541/1541
f 1552/1552 1541/1541 1540/1540
f 1553/1553 1554/1554 1542/1542
f 1553/1553 1542/1542 1541/1541
f 1555/1555 1543/1543 1542/1542
f 1555/1555 1542/1542 1554/1554
f 1556/1556 1544/1544 1543/1543
f 1556/1556 1543/1543 1555/1555
f 1557/1557 1558/1558 1546/1546
f 1557/1557 1546/1546 1545/1545
f 1558/1558 1559/1559 1547/1547
f 1558/1558 1547/1547 1546/1546
f 1559/1559 1560/1560 1548/1548
f 1559/1559 1548/1548 1547/1547
f 1560/1560 1561/1561 1549/1549
f 1560/1560 1549/1549 1548/1548
f 1561/1561 1562/1562 1550/1550
f 1561/1561 1550/1550 1549/1549
f 1562/1562 1563/1563 1551/1551
f 1562/1562 1551/1551 1550/1550
f 1563/1563 1564/1564 1552/1552
f 1563/1563 1552/1552 1551/1551
f 1564/1564 1565/1565 1553/1553
f 1564/1564 1553/1553 1552/1552
f 1565/1565 1566/1566 1554/1554
f 1565/1565 1554/1554 1553/1553
f 1567/1567 1555/1555 1554/1554
f 1567/1567 1554/1554 1566/1566
f 1568/1568 1556/1556 1555/1555
f 1568/1568 1555/1555 1567/1567
f 1569/1569 1558/1558 1557/1557
f 1569/1569 1557/1557 1570/1570
f 1571/1571 1559/1559 1558/1558
f 1571/1571 1558/1558 1569/1569
f 1572/1572 1560/1560 1559/1559
f 1572/1572 1559/1559 1571/1571
f 1573/1573 1561/1561 1560/1560
f 1573/1573 1560/1560 1572/1572
f 1574/1574 1562/1562 1561/1561
f 1574/1574 1561/1561 1573/1573
f 1575/1575 1563/1563 1562/1562
f 1575/1575 1562/1562 1574/1574
f 1576/1576 1564/1564 1563/1563
f 1576/1576 1563/1563 1575/1575
f 1577/1577 1565/1565 1564/1564
f 1577/1577 1564/1564 1576/1576
f 1578/1578 1566/1566 1565/1565
f 1578/1578 1565/1565 1577/1577
f 1579/1579 1567/1567 1566/1566
f 1579/1579 1566/1566 1578/1578
f 1580/1580 1568/1568 1567/1567
f 1580/1580 1567/1567 1579/1579
f 1581/1581 1569/1569 1570/1570
f 1581/1581 1570/1570 1582/1582
f 1583/1583 1571/1571 1569/1569
f 1583/1583 1569/1569 1581/1581
f 1584/1584 1572/1572 1571/1571
f 1584/1584 1571/1571 1583/1583
f 1585/1585 1573/1573 1572/1572
f 1585/1585 1572/1572 1584/1584
f 1586/1586 1574/1574 1573/1573
f 1586/1586 1573/1573 1585/1585
f 1587/1587 1575/1575 1574/1574
f 1587/1587 1574/1574 1586/1586
f 1588/1588 1576/1576 1575/1575
f 1588/1588 1575/1575 1587/1587
f 1589/1589 1577/1577 1576/1576
f 1589/1589 1576/1576 1588/1588
f 1590/1590 1578/1578 1577/1577
f 1590/1590 1577/1577 1589/1589
f 1591/1591 1579/1579 1578/1578
f 1591/1591 1578/1578 1590/1590
f 1592/1592 1580/1580 1579/1579
f 1592/1592 1579/1579 1591/1591
f 1582/1582 1593/1593 1594/1594
f 1582/1582 1594/1594 1581/1581
f 1581/1581 1594/1594 1595/1595
f 1581/1581 1595/1595 1583/1583
f 1583/1583 1595/1595 1596/1596
f 1583/1583 1596/1596 1584/1584
f 1584/1584 1596/1596 1597/1597
f 1584/1584 1597/1597 1585/1585
f 1585/1585 1597/1597 1598/1598
f 1585/1585 1598/1598 1586/1586
f 1586/1586 1598/1598 1599/1599
f 1586/1586 1599/1599 1587/1587
f 1587/1587 1599/1599 1600/1600
f 1587/1587 1600/1600 1588/1588
f 1588/1588 1600/1600 1601/1601
f 1588/1588 1601/1601 1589/1589
f 1589/1589 1601/1601 1602/1602
f 1589/1589 1602/1602 1590/1590
f 1590/1590 1602/1602 1603/1603
f 1590/1590 1603/1603 1591/1591
f 1591/1591 1603/1603 1604/1604
f 1591/1591 1604/1604 1592/1592
f 1593/1593 1605/1605 1606/1606
f 1593/1593 1606/1606 1594/1594
f 1594/1594 1606/1606 1607/1607
f 1594/1594 1607/1607 1595/1595
f 1595/1595 1607/1607 1608/1608
f 1595/1595 1608/1608 1596/1596
f 1596/1596 1608/1608 1609/1609
f 1596/1596 1609/1609 1597/1597
f 1597/1597 1609/1609 1610/1610
f 1597/1597 1610/1610 1598/1598
f 1598/1598 1610/1610 1611/1611
f 1598/1598 1611/1611 1599/1599
f 1599/1599 1611/1611 1612/1612
f 1599/1599 1612/1612 1600/1600
f 1600/1600 1612/1612 1613/1613
f 1600/1600 1613/1613 1601/1601
f 1601/1601 1613/1613 1614/1614
f 1601/1601 1614/1614 1602/1602
f 1602/1602 1614/1614 1615/1615
f 1602/1602 1615/1615 1603/1603
f 1603/1603 1615/1615 1616/1616
f 1603/1603 1616/1616 1604/1604
f 1605/1605 1617/1617 1618/1618
f 1605/1605 1618/1618 1606/1606
f 1606/1606 1618/1618 1619/1619
f 1606/1606 1619/1619 1607/1607
f 1607/1607 1619/1619 1620/1620
f 1607/1607 1620/1620 1608/1608
f 1608/1608 1620/1620 1621/1621
f 1608/1608 1621/1621 1609/1609
f 1609/1609 1621/1621 1622/1622
f 1609/1609 1622/1622 1610/1610
f 1610/1610 1622/1622 1623/1623
f 1610/1610 1623/1623 1611/1611
f 1611/1611 1623/1623 1624/1624
f 1611/1611 1624/1624 1612/1612
f 1612/1612 1624/1624 1625/1625
f 1612/1612 1625/1625 1613/1613
f 1613/1613 1625/1625 1626/1626
f 1613/1613 1626/1626 1614/1614
f 1615/1615 1614/1614 1626/1626
f 1615/1615 1626/1626 1627/1627
f 1616/1616 1615/1615 1627/1627
f 1616/1616 1627/1627 1628/1628
f 1617/1617 1629/1629 1630/1630
f 1617/1617 1630/1630 1618/1618
f 1618/1618 1630/1630 1631/1631
f 1618/1618 1631/1631 1619/1619
f 1619/1619 1631/1631 1632/1632
f 1619/1619 1632/1632 1620/1620
f 1620/1620 1632/1632 1633/1633
f 1620/1620 1633/1633 1621/1621
f 1621/1621 1633/1633 1634/1634
f 1621/1621 1634/1634 1622/1622
f 1622/1622 1634/1634 1635/1635
f 1622/1622 1635/1635 1623/1623
f 1623/1623 1635/1635 1636/1636
f 1623/1623 1636/1636 1624/1624
f 1624/1624 1636/1636 1637/1637
f 1624/1624 1637/1637 1625/1625
f 1625/1625 1637/1637 1638/1638
f 1625/1625 1638/1638 1626/1626
f 1627/1627 1626/1626 1638/1638
f 1627/1627 1638/1638 1639/1639
f 1628/1628 1627/1627 1639/1639
f 1628/1628 1639/1639 1640/1640
f 1629/1629 1641/1641 1642/1642
f 1629/1629 1642/1642 1630/1630
f 1630/1630 1642/1642 1643/1643
f 1630/1630 1643/1643 1631/1631
f 1631/1631 1643/1643 1644/1644
f 1631/1631 1644/1644 1632/1632
f 1632/1632 1644/1644 1645/1645
f 1632/1632 1645/1645 1633/1633
f 1633/1633 1645/1645 1646/1646
f 1633/1633 1646/1646 1634/1634
f 1634/1634 1646/1646 1647/1647
f 1634/1634 1647/1647 1635/1635
f 1635/1635 1647/1647 1648/1648
f 1635/1635 1648/1648 1636/1636
f 1636/1636 1648/1648 1649/1649
f 1636/1636 1649/1649 1637/1637
f 1637/1637 1649/1649 1650/1650
f 1637/1637 1650/1650 1638/1638
f 1638/1638 1650/1650 1651/1651
f 1638/1638 1651/1651 1639/1639
f 1639/1639 1651/1651 1652/1652
f 1639/1639 1652/1652 1640/1640
f 1641/1641 1653/1653 1654/1654
f 1641/1641 1654/1654 1642/1642
f 1642/1642 1654/1654 1655/1655
f 1642/1642 1655/1655 1643/1643
f 1643/1643 1655/1655 1656/1656
f 1643/1643 1656/1656 1644/1644
f 1644/1644 1656/1656 1657/1657
f 1644/1644 1657/1657 1645/1645
f 1645/1645 1657/1657 1658/1658
f 1645/1645 1658/1658 1646/1646
f 1646/1646 1658/1658 1659/1659
f 1646/1646 1659/1659 1647/1647
f 1647/1647 1659/1659 1660/1660
f 1647/1647 1660/1660 1648/1648
f 1648/1648 1660/1660 1661/1661
f 1648/1648 1661/1661 1649/1649
f 1649/1649 1661/1661 1662/1662
f 1649/1649 1662/1662 1650/1650
f 1650/1650 1662/1662 1663/1663
f 1650/1650 1663/1663 1651/1651
f 1651/1651 1663/1663 1664/1664
f 1651/1651 1664/1664 1652/1652
f 1665/1665 1353/1353 1356/1356
f 1665/1665 1356/1356 1666/1666
f 1327/1327 1665/1665 1666/1666
f 1327/1327 1666/1666 1328/1328
f 1378/1378 1353/1353 1665/1665
f 1378/1378 1665/1665 1667/1667
f 1667/1667 1665/1665 1327/1327
f 1667/1667 1327/1327 1329/1329
f 1668/1668 1389/1389 1378/1378
f 1668/1668 1378/1378 1667/1667
f 1330/1330 1668/1668 1667/1667
f 1330/1330 1667/1667 1329/1329
f 1669/1669 1401/1401 1389/1389
f 1669/1669 1389/1389 1668/1668
f 1331/1331 1669/1669 1668/1668
f 1331/1331 1668/1668 1330/1330
f 1414/1414 1401/1401 1669/1669
f 1414/1414 1669/1669 1670/1670
f 1670/1670 1669/1669 1331/1331
f 1670/1670 1331/1331 1332/1332
f 1671/1671 1425/1425 1414/1414
f 1671/1671 1414/1414 1670/1670
f 1333/1333 1671/1671 1670/1670
f 1333/1333 1670/1670 1332/1332
f 1425/1425 1671/1671 1672/1672
f 1425/1425 1672/1672 1437/1437
f 1671/1671 1333/1333 1334/1334
f 1671/1671 1334/1334 1672/1672
f 1672/1672 1673/1673 1449/1449
f 1672/1672 1449/1449 1437/1437
f 1334/1334 1335/1335 1673/1673
f 1334/1334 1673/1673 1672/1672
f 1673/1673 1674/1674 1461/1461
f 1673/1673 1461/1461 1449/1449
f 1335/1335 1336/1336 1674/1674
f 1335/1335 1674/1674 1673/1673
f 1674/1674 1675/1675 1473/1473
f 1674/1674 1473/1473 1461/1461
f 1336/1336 1337/1337 1675/1675
f 1336/1336 1675/1675 1674/1674
f 1675/1675 1676/1676 1485/1485
f 1675/1675 1485/1485 1473/1473
f 1337/1337 1338/1338 1676/1676
f 1337/1337 1676/1676 1675/1675
f 1485/1485 1676/1676 1677/1677
f 1485/1485 1677/1677 1497/1497
f 1676/1676 1338/1338 1339/1339
f 1676/1676 1339/1339 1677/1677
f 1341/1341 1340/1340 1678/1678
f 1341/1341 1678/1678 1679/1679
f 1679/1679 1678/1678 1532/1532
f 1679/1679 1532/1532 1531/1531
f 1342/1342 1341/1341 1679/1679
f 1342/1342 1679/1679 1680/1680
f 1680/1680 1679/1679 1531/1531
f 1680/1680 1531/1531 1544/1544
f 1343/1343 1342/1342 1680/1680
f 1343/1343 1680/1680 1681/1681
f 1681/1681 1680/1680 1544/1544
f 1681/1681 1544/1544 1556/1556
f 1344/1344 1343/1343 1681/1681
f 1344/1344 1681/1681 1682/1682
f 1682/1682 1681/1681 1556/1556
f 1682/1682 1556/1556 1568/1568
f 1345/1345 1344/1344 1682/1682
f 1345/1345 1682/1682 1683/1683
f 1683/1683 1682/1682 1568/1568
f 1683/1683 1568/1568 1580/1580
f 1346/1346 1345/1345 1683/1683
f 1346/1346 1683/1683 1684/1684
f 1684/1684 1683/1683 1580/1580
f 1684/1684 1580/1580 1592/1592
f 1684/1684 1685/1685 1347/1347
f 1684/1684 1347/1347 1346/1346
f 1592/1592 1604/1604 1685/1685
f 1592/1592 1685/1685 1684/1684
f 1685/1685 1686/1686 1348/1348
f 1685/1685 1348/1348 1347/1347
f 1604/1604 1616/1616 1686/1686
f 1604/1604 1686/1686 1685/1685
f 1348/1348 1686/1686 1687/1687
f 1348/1348 1687/1687 1349/1349
f 1686/1686 1616/1616 1628/1628
f 1686/1686 1628/1628 1687/1687
f 1349/1349 1687/1687 1688/1688
f 1349/1349 1688/1688 1350/1350
f 1687/1687 1628/1628 1640/1640
f 1687/1687 1640/1640 1688/1688
f 1688/1688 1689/1689 1351/1351
f 1688/1688 1351/1351 1350/1350
f 1640/1640 1652/1652 1689/1689
f 1640/1640 1689/1689 1688/1688
f 1689/1689 1690/1690 1352/1352
f 1689/1689 1352/1352 1351/1351
f 1652/1652 1664/1664 1690/1690
f 1652/1652 1690/1690 1689/1689
f 1376/1376 1375/1375 1691/1691
f 1376/1376 1691/1691 1692/1692
f 1692/1692 1691/1691 1693/1693
f 1692/1692 1693/1693 1694/1694
f 1375/1375 1388/1388 1695/1695
f 1375/1375 1695/1695 1691/1691
f 1691/1691 1695/1695 1696/1696
f 1691/1691 1696/1696 1693/1693
f 1388/1388 1400/1400 1697/1697
f 1388/1388 1697/1697 1695/1695
f 1695/1695 1697/1697 1698/1698
f 1695/1695 1698/1698 1696/1696
f 1400/1400 1412/1412 1699/1699
f 1400/1400 1699/1699 1697/1697
f 1697/1697 1699/1699 1700/1700
f 1697/1697 1700/1700 1698/1698
f 1412/1412 1424/1424 1701/1701
f 1412/1412 1701/1701 1699/1699
f 1699/1699 1701/1701 1702/1702
f 1699/1699 1702/1702 1700/1700
f 1424/1424 1436/1436 1703/1703
f 1424/1424 1703/1703 1701/1701
f 1701/1701 1703/1703 1704/1704
f 1701/1701 1704/1704 1702/1702
f 1436/1436 1448/1448 1705/1705
f 1436/1436 1705/1705 1703/1703
f 1703/1703 1705/1705 1706/1706
f 1703/1703 1706/1706 1704/1704
f 1448/1448 1460/1460 1707/1707
f 1448/1448 1707/1707 1705/1705
f 1705/1705 1707/1707 1708/1708
f 1705/1705 1708/1708 1706/1706
f 1460/1460 1472/1472 1709/1709
f 1460/1460 1709/1709 1707/1707
f 1707/1707 1709/1709 1710/1710
f 1707/1707 1710/1710 1708/1708
f 1472/1472 1484/1484 1711/1711
f 1472/1472 1711/1711 1709/1709
f 1709/1709 1711/1711 1712/1712
f 1709/1709 1712/1712 1710/1710
f 1484/1484 1496/1496 1713/1713
f 1484/1484 1713/1713 1711/1711
f 1711/1711 1713/1713 1714/1714
f 1711/1711 1714/1714 1712/1712
f 1496/1496 1508/1508 1715/1715
f 1496/1496 1715/1715 1713/1713
f 1713/1713 1715/1715 1716/1716
f 1713/1713 1716/1716 1714/1714
f 1717/1717 1718/1718 1719/1719
f 1717/1717 1719/1719 1720/1720
f 1720/1720 1719/1719 1512/1512
f 1720/1720 1512/1512 1511/1511
f 1718/1718 1721/1721 1722/1722
f 1718/1718 1722/1722 1719/1719
f 1719/1719 1722/1722 1534/1534
f 1719/1719 1534/1534 1512/1512
f 1721/1721 1723/1723 1724/1724
f 1721/1721 1724/1724 1722/1722
f 1722/1722 1724/1724 1545/1545
f 1722/1722 1545/1545 1534/1534
f 1723/1723 1725/1725 1726/1726
f 1723/1723 1726/1726 1724/1724
f 1724/1724 1726/1726 1557/1557
f 1724/1724 1557/1557 1545/1545
f 1725/1725 1727/1727 1728/1728
f 1725/1725 1728/1728 1726/1726
f 1726/1726 1728/1728 1570/1570
f 1726/1726 1570/1570 1557/1557
f 1727/1727 1729/1729 1730/1730
f 1727/1727 1730/1730 1728/1728
f 1728/1728 1730/1730 1582/1582
f 1728/1728 1582/1582 1570/1570
f 1729/1729 1731/1731 1732/1732
f 1729/1729 1732/1732 1730/1730
f 1730/1730 1732/1732 1593/1593
f 1730/1730 1593/1593 1582/1582
f 1731/1731 1733/1733 1734/1734
f 1731/1731 1734/1734 1732/1732
f 1732/1732 1734/1734 1605/1605
f 1732/1732 1605/1605 1593/1593
f 1733/1733 1735/1735 1736/1736
f 1733/1733 1736/1736 1734/1734
f 1734/1734 1736/1736 1617/1617
f 1734/1734 1617/1617 1605/1605
f 1735/1735 1737/1737 1738/1738
f 1735/1735 1738/1738 1736/1736
f 1736/1736 1738/1738 1629/1629
f 1736/1736 1629/1629 1617/1617
f 1737/1737 1739/1739 1740/1740
f 1737/1737 1740/1740 1738/1738
f 1738/1738 1740/1740 1641/1641
f 1738/1738 1641/1641 1629/1629
f 1739/1739 1741/1741 1742/1742
f 1739/1739 1742/1742 1740/1740
f 1740/1740 1742/1742 1653/1653
f 1740/1740 1653/1653 1641/1641

