# https://github.com/mikedh/trimesh
mtllib material.mtl
usemtl Std_Skin_Leg
v 0.08632077 0.16075797 -0.06020682
v 0.09085896 0.15662516 -0.06707201
v 0.08944228 0.17066762 -0.07455859
v 0.08545998 0.17555226 -0.06924439
v 0.07371591 0.19539263 -0.07177693
v 0.06310223 0.19870108 -0.07015045
v 0.06293885 0.18410412 -0.05850994
v 0.07308436 0.18183009 -0.06026786
v 0.04003428 0.14427843 -0.02703986
v 0.04998872 0.14584794 -0.02360137
v 0.05056445 0.15784735 -0.03722277
v 0.04241451 0.15677202 -0.04085145
v 0.02964226 0.18002348 -0.06673641
v 0.03195003 0.19524329 -0.07746579
v 0.02685020 0.19278853 -0.08120040
v 0.02419335 0.17739528 -0.07045804
v 0.02747234 0.14329106 -0.03245987
v 0.03297157 0.15590266 -0.04522028
v 0.02485253 0.15230887 -0.05203738
v 0.01654377 0.13887169 -0.04223880
v 0.09175025 0.18133685 -0.10579387
v 0.09055964 0.19187192 -0.11499741
v 0.09022550 0.19760572 -0.10689877
v 0.09135919 0.18755403 -0.09808304
v 0.08844742 0.20928036 -0.13350827
v 0.08789458 0.23000863 -0.15508769
v 0.09058944 0.23729813 -0.14887791
v 0.08982482 0.21593548 -0.12745321
v 0.05185821 0.18495675 -0.05810849
v 0.05115307 0.16887135 -0.04753706
v 0.06237438 0.16727302 -0.04671466
v 0.04292956 0.18407956 -0.05964639
v 0.04314753 0.19873539 -0.07215415
v 0.03681194 0.19721985 -0.07460302
v 0.03505215 0.18242466 -0.06244840
v 0.08568181 0.19605753 -0.08761565
v 0.08916167 0.19159547 -0.09339867
v 0.08816194 0.20074212 -0.10199409
v 0.08487701 0.20507730 -0.09720712
v 0.08834123 0.22109675 -0.12291343
v 0.07355631 0.20556293 -0.08183920
v 0.06290729 0.20898765 -0.08020804
v 0.04229999 0.16871022 -0.05029803
v 0.03394707 0.16744507 -0.05338783
v 0.05230342 0.19987798 -0.07009688
v 0.06160923 0.21719248 -0.08840021
v 0.05129669 0.21837612 -0.08865613
v 0.05226178 0.21020994 -0.08025079
v 0.05962374 0.12618257 -0.00564343
v 0.07289890 0.12630130 -0.01031663
v 0.07372980 0.14332611 -0.02681401
v 0.06146121 0.14486439 -0.02457689
v 0.04281176 0.21741101 -0.09124922
v 0.04520738 0.24208154 -0.10515856
v 0.03594053 0.23919912 -0.11215541
v 0.01829216 0.17223713 -0.07794517
v 0.01803978 0.15329685 -0.07021997
v 0.02245360 0.16135344 -0.06195679
v 0.02419335 0.17739528 -0.07045804
v 0.02808647 0.16466290 -0.05726352
v 0.01128988 0.13137420 -0.05249950
v 0.00524124 0.10357036 -0.03792592
v 0.00731381 0.11262783 -0.02577966
v 0.07054260 0.23776141 -0.10703583
v 0.05790697 0.24055410 -0.10433389
v 0.07245102 0.21465960 -0.09094163
v 0.02780151 0.20439119 -0.09118189
v 0.03263789 0.20611711 -0.08743243
v 0.03227283 0.21441742 -0.09694391
v 0.02777709 0.21303192 -0.10074730
v 0.01874443 0.11993230 -0.01391618
v 0.03643137 0.21586610 -0.09456787
v 0.02761017 0.23491281 -0.12005710
v 0.02951194 0.22320556 -0.11098118
v 0.03720746 0.20757338 -0.08511817
v 0.02245360 0.16135344 -0.06195679
v 0.09848641 0.12616546 -0.05477768
v 0.09467443 0.14145321 -0.06530045
v 0.08920320 0.14788444 -0.05291282
v 0.09293439 0.13374542 -0.04343124
v 0.01820979 0.14755214 -0.05889168
v 0.09046388 0.24372761 -0.14380706
v 0.08850009 0.24914662 -0.13817487
v 0.08618406 0.22607305 -0.11824294
v 0.04666658 0.12605810 -0.00377646
v 0.08590555 0.18649924 -0.07858130
v 0.08994194 0.18121587 -0.08450882
v 0.04330657 0.20889617 -0.08258304
v 0.06127191 0.15670810 -0.03705804
v 0.01098982 0.12418149 -0.06321729
v 0.00890240 0.09366611 -0.04954843
v 0.00524124 0.10357036 -0.03792592
v 0.01128988 0.13137420 -0.05249950
v 0.03952008 0.26688478 -0.12133561
v 0.02896585 0.26226251 -0.13109548
v 0.02250154 0.25492885 -0.14020267
v 0.07288667 0.15519340 -0.03817423
v 0.07229763 0.16598101 -0.04822987
v 0.01820979 0.14755214 -0.05889168
v 0.01656295 0.14021798 -0.06885411
v 0.10123406 0.11230141 -0.04388043
v 0.09546931 0.11952786 -0.03221660
v 0.03356833 0.12339732 -0.00742418
v 0.07156533 0.26360889 -0.12238899
v 0.05582780 0.26669315 -0.11887613
v 0.04526558 0.15408003 -0.12504464
v 0.05474967 0.14681840 -0.12273745
v 0.04948283 0.14467141 -0.12162374
v 0.04369529 0.14781362 -0.12167687
v 0.04302051 0.16476501 -0.12930543
v 0.05154875 0.16119501 -0.13109026
v 0.05356548 0.15383583 -0.12730112
v 0.08721153 0.15241705 -0.10540541
v 0.09044350 0.16055620 -0.10334484
v 0.09181511 0.15993431 -0.09953062
v 0.08865313 0.15076852 -0.10159216
v 0.03193234 0.15128092 -0.11757768
v 0.03705715 0.14996491 -0.11985504
v 0.03686302 0.14122647 -0.11567991
v 0.03018896 0.14329862 -0.11182971
v 0.04839068 0.12457550 -0.10977235
v 0.05042471 0.11382134 -0.10635101
v 0.04236677 0.11611871 -0.10500666
v 0.03999233 0.12581708 -0.10790400
v 0.01513640 0.11726990 -0.07374564
v 0.01556119 0.08434058 -0.06284919
v 0.07265220 0.18912939 -0.14643303
v 0.07796786 0.19402582 -0.14420536
v 0.08043261 0.18270848 -0.13561231
v 0.07324897 0.18003901 -0.14080166
v 0.02345832 0.21408680 -0.11700208
v 0.02663989 0.21987786 -0.11291525
v 0.02535798 0.22815015 -0.12817699
v 0.02572567 0.22240878 -0.13381697
v 0.08301943 0.10221116 -0.08876803
v 0.07878985 0.11920926 -0.09657713
v 0.08991058 0.12152056 -0.08814990
v 0.09458282 0.10789541 -0.07960351
v 0.05042388 0.08101272 -0.08954180
v 0.05066142 0.09988435 -0.10032738
v 0.06089204 0.09743038 -0.09765948
v 0.06122736 0.07710951 -0.08783264
v 0.09494436 0.14744152 -0.07666994
v 0.09263605 0.15559796 -0.07370726
v 0.01634830 0.18205275 -0.10026303
v 0.02050553 0.18941436 -0.08815276
v 0.02147275 0.20091169 -0.09803866
v 0.01778314 0.19305470 -0.10838853
v 0.10052205 0.11777552 -0.06690414
v 0.10298586 0.10297608 -0.05582294
v 0.09785319 0.09371173 -0.06908830
v 0.05414594 0.20452248 -0.15706518
v 0.06157462 0.20330545 -0.15795275
v 0.06162882 0.18905084 -0.14901710
v 0.05259911 0.19253795 -0.14732825
v 0.01734698 0.14611940 -0.08068936
v 0.01750100 0.13331506 -0.07901949
v 0.07046934 0.20503194 -0.15744985
v 0.07330475 0.20661132 -0.15654048
v 0.08161213 0.17647724 -0.13050878
v 0.08417817 0.18486088 -0.13092584
v 0.08483825 0.17888349 -0.12722433
v 0.04010084 0.10482699 -0.09941056
v 0.08595368 0.08284334 -0.07936151
v 0.03691308 0.15702270 -0.12231149
v 0.03586513 0.16658387 -0.12645148
v 0.01542551 0.16465209 -0.09064555
v 0.07176092 0.09900552 -0.09431667
v 0.07072768 0.11969717 -0.10136833
v 0.05368272 0.13740547 -0.11721300
v 0.05752444 0.12425148 -0.10935081
v 0.04522502 0.13718912 -0.11601050
v 0.03521672 0.11959365 -0.10133611
v 0.02895404 0.12256220 -0.09566382
v 0.02583845 0.13322634 -0.09727695
v 0.03226044 0.12830068 -0.10292788
v 0.02244071 0.20891058 -0.10760560
v 0.01995815 0.20116282 -0.11753660
v 0.07370979 0.17356012 -0.13639581
v 0.09245592 0.15695601 -0.09705338
v 0.09359416 0.15720394 -0.08936278
v 0.09148417 0.14442906 -0.09181311
v 0.08990330 0.14800996 -0.09736185
v 0.02713634 0.23806792 -0.15267226
v 0.02958546 0.23282783 -0.15697358
v 0.02661175 0.21838580 -0.13798670
v 0.09237914 0.16985157 -0.09974445
v 0.09423679 0.13768610 -0.08309330
v 0.08951421 0.13062869 -0.09118380
v 0.08557661 0.13170354 -0.09607912
v 0.07963924 0.13943915 -0.10612757
v 0.08123949 0.13477055 -0.10089554
v 0.07823350 0.14352810 -0.11209077
v 0.06003216 0.11376847 -0.10483280
v 0.08277502 0.17174260 -0.12632621
v 0.07457812 0.16801903 -0.13225845
v 0.06540013 0.14033099 -0.11704251
v 0.05740550 0.14803179 -0.12400744
v 0.06632110 0.14618501 -0.12103359
v 0.07574010 0.16115456 -0.12732194
v 0.08383953 0.16542204 -0.12061549
v 0.08462881 0.15912939 -0.11495089
v 0.07688829 0.15389995 -0.12193085
v 0.02962092 0.15780655 -0.11858456
v 0.03512131 0.11165696 -0.09872434
v 0.09227250 0.17724511 -0.08911025
v 0.07312740 0.07712716 -0.08546457
v 0.09744266 0.12974358 -0.07556958
v 0.06844222 0.12985617 -0.10749606
v 0.02902628 0.16829503 -0.12310834
v 0.05830933 0.21230929 -0.16412260
v 0.04752378 0.21184266 -0.15990943
v 0.08793314 0.18412387 -0.12169632
v 0.08973607 0.17500437 -0.11195990
v 0.05086294 0.16896285 -0.13482886
v 0.06230200 0.16634481 -0.13612158
v 0.06320150 0.15947139 -0.13182786
v 0.06161174 0.17886044 -0.14334574
v 0.05128011 0.18057938 -0.14060823
v 0.08532778 0.20289667 -0.13974673
v 0.09215228 0.16607122 -0.07956454
v 0.03416521 0.17772352 -0.13166275
v 0.04353810 0.17824607 -0.13615296
v 0.06492828 0.15247587 -0.12602594
v 0.08570149 0.15435613 -0.10960181
v 0.07748987 0.14761298 -0.11669591
v 0.03697101 0.08688307 -0.08759418
v 0.02984320 0.10881677 -0.09284957
v 0.08133825 0.19731706 -0.14264637
v 0.05288029 0.17323068 -0.13798990
v 0.06204508 0.17180431 -0.13921201
v 0.04089788 0.19850047 -0.14519069
v 0.02961791 0.18868241 -0.13394509
v 0.08292247 0.22278103 -0.16005125
v 0.02390665 0.15385565 -0.10929720
v 0.02233757 0.12697340 -0.08797885
v 0.02241317 0.11063977 -0.08389970
v 0.08958652 0.28643889 -0.16533896
v 0.09157966 0.27833252 -0.17323492
v 0.08965087 0.29956984 -0.18891890
v 0.08373389 0.31225582 -0.17833682
v 0.07077898 0.29674419 -0.14576394
v 0.05481640 0.29999197 -0.14434447
v 0.05464309 0.28166776 -0.12966784
v 0.07193867 0.27851371 -0.13309650
v 0.01765722 0.15940246 -0.09973909
v 0.02024649 0.13875895 -0.08974483
v 0.08147024 0.19024239 -0.07554341
v 0.08136511 0.17823851 -0.06537755
v 0.08859085 0.16414688 -0.10981589
v 0.08741858 0.17003744 -0.11539418
v 0.08124865 0.19997030 -0.08499085
v 0.08115557 0.16264301 -0.05390879
v 0.02798760 0.21614614 -0.14131649
v 0.03265828 0.20949532 -0.14531021
v 0.02331775 0.19687011 -0.12713920
v 0.08252007 0.15035960 -0.04453644
v 0.04609847 0.23138442 -0.17363804
v 0.04742425 0.24999336 -0.19032319
v 0.06116100 0.24720559 -0.19271339
v 0.06081313 0.22784476 -0.17649344
v 0.08611599 0.17612685 -0.12206625
v 0.08056291 0.20932445 -0.09447155
v 0.02535798 0.22815015 -0.12817699
v 0.02411426 0.24513504 -0.14789190
v 0.07373594 0.25035880 -0.19247635
v 0.07212849 0.27217306 -0.21027871
v 0.07976700 0.27608823 -0.20734876
v 0.08118267 0.25598678 -0.19028323
v 0.08280262 0.25516403 -0.13001963
v 0.08214537 0.23078117 -0.11368677
v 0.02598168 0.29247536 -0.15629583
v 0.03691446 0.30082801 -0.14703452
v 0.03831119 0.31780700 -0.16180213
v 0.02751042 0.31190470 -0.17044064
v 0.08900267 0.15978004 -0.10637116
v 0.02226885 0.17074029 -0.11607885
v 0.09155759 0.26191778 -0.15915575
v 0.08954750 0.26759346 -0.15235236
v 0.08345140 0.27282201 -0.14244006
v 0.08263419 0.29189030 -0.15431897
v 0.03626607 0.24085982 -0.17356639
v 0.03661022 0.25497562 -0.18812563
v 0.08779773 0.26440865 -0.18661549
v 0.08825149 0.24737790 -0.17088184
v 0.08201840 0.23886379 -0.17487292
v 0.09139996 0.27198259 -0.17989090
v 0.09121719 0.25490501 -0.16479459
v 0.09068736 0.16737013 -0.10579680
v 0.07449841 0.23227903 -0.17645969
v 0.01773957 0.17556729 -0.10848886
v 0.02429346 0.18131577 -0.12413204
v 0.02900623 0.17613353 -0.12698490
v 0.06079440 0.26970540 -0.21072855
v 0.08501711 0.13863194 -0.03427657
v 0.08672718 0.12422258 -0.02139382
v 0.01881273 0.18652626 -0.11588570
v 0.02516231 0.08279718 -0.07471502
v 0.02647939 0.27507659 -0.14322480
v 0.03754788 0.28211571 -0.13238592
v 0.06822921 0.31338709 -0.15951636
v 0.05320608 0.31657568 -0.15845735
v 0.07951717 0.30722550 -0.16431026
v 0.08993640 0.29109118 -0.19749788
v 0.08572075 0.28284754 -0.20321225
v 0.02099768 0.30285507 -0.17876234
v 0.01957496 0.28219017 -0.16381616
v 0.02685020 0.19278853 -0.08120040
v 0.02411426 0.24513504 -0.14789190
v 0.02042921 0.26630254 -0.15042786
v 0.02780151 0.20439119 -0.09118189
v 0.04862513 0.27106180 -0.20820666
v 0.02582892 0.28395152 -0.19215703
v 0.02617116 0.26547020 -0.17844871
v 0.02102050 0.27214078 -0.17203812
v 0.02161601 0.29229629 -0.18590229
v 0.02102050 0.27214078 -0.17203812
v 0.02161601 0.29229629 -0.18590229
v 0.03932531 0.22146471 -0.16058404
v 0.03670767 0.27643853 -0.20513752
v 0.02977463 0.25991797 -0.18434981
v 0.03019921 0.27999611 -0.19888898
v 0.03094764 0.24577975 -0.17112799
v 0.02637779 0.25002363 -0.16546290
v 0.02777709 0.21303192 -0.10074730
v 0.03320660 0.22865352 -0.15970353
v 0.07612103 0.21552551 -0.16132706
v 0.02198862 0.25631516 -0.15813416
v 0.06707700 0.21499219 -0.16516064
v 0.02198862 0.25631516 -0.15813416
v 0.04944896 0.22169751 -0.16793697
v 0.01691033 0.09259487 0.00375749
v 0.03131601 0.09718103 0.01049134
v 0.10386259 0.04954535 -0.03548304
v 0.10293812 0.06229662 -0.04623358
v 0.10584141 0.07278102 -0.03221861
v 0.10573389 0.05904124 -0.02081936
v 0.03300186 0.04641733 -0.06099962
v 0.03424575 0.02712189 -0.05075256
v 0.02228944 0.03700306 -0.04481590
v 0.02463519 0.05749342 -0.05518941
v 0.01318838 0.06887882 -0.03960650
v 0.00709239 0.07757503 -0.02399753
v 0.05322788 0.10184321 0.01418740
v 0.06953368 0.10014901 0.01343084
v 0.00800900 0.08503134 -0.00931314
v 0.04158118 0.10115882 0.01418547
v 0.07569440 0.09013756 0.01685813
v 0.05986639 0.07917595 0.03248436
v 0.07237139 0.07858295 0.02841336
v 0.09721547 0.08883543 -0.00642998
v 0.09607332 0.07523738 0.00712567
v 0.10336090 0.06790157 -0.00556492
v 0.10373986 0.08287816 -0.01940994
v 0.09656327 0.10487360 -0.01974763
v 0.10273085 0.09786633 -0.03189030
v 0.00681394 0.06409752 0.00412291
v 0.00796833 0.07496630 -0.00280925
v 0.00798251 0.06697538 -0.01770969
v 0.00692854 0.05555982 -0.01109094
v 0.00692854 0.05555982 -0.01109094
v 0.00798251 0.06697538 -0.01770969
v 0.01154018 0.06282728 -0.02563357
v 0.00987937 0.05127079 -0.02015937
v 0.04627867 0.08014374 0.03121691
v 0.01446057 0.07402339 0.01675316
v 0.01578460 0.08362087 0.01014302
v 0.00709239 0.07757503 -0.02399753
v 0.10439206 0.08803221 -0.04428395
v 0.05536263 0.06080291 0.04673596
v 0.06945812 0.06322702 0.04213547
v 0.07941966 0.03504547 -0.05980742
v 0.07860122 0.04834961 -0.06879740
v 0.09276393 0.05345062 -0.05858688
v 0.09493211 0.04029862 -0.04927643
v 0.02244143 0.00670245 -0.02664041
v 0.01219202 0.02298472 -0.01431416
v 0.01218077 0.04753105 -0.02933669
v 0.04127869 0.06119727 0.04431690
v 0.07652833 0.06131517 -0.07639249
v 0.09002302 0.06703121 -0.06807096
v 0.10065749 0.07747877 -0.05793818
v 0.00629006 0.03430070 0.00141346
v 0.00634868 0.04074433 0.01673231
v 0.01330136 0.05424485 0.02735779
v 0.04356959 0.06451681 -0.07781729
v 0.05388025 0.06498619 -0.08069073
v 0.06430130 0.06122078 -0.07974290
v 0.10251607 0.04380256 0.01741507
v 0.09450206 0.05724139 0.02504004
v 0.06089546 0.03822194 -0.06606699
v 0.05024933 0.05219152 -0.07202080
v 0.05653329 0.05477125 -0.07523587
v 0.06530194 0.04953283 -0.07268088
v 0.06549100 0.00961865 -0.04544588
v 0.08235097 0.01501238 -0.04546843
v 0.10666398 0.03819887 -0.00429790
v 0.03644761 -0.00539239 -0.03022114
v 0.10493588 0.03017862 -0.02051063
v 0.09763124 0.02100078 -0.03530692
v 0.04077905 0.04977066 -0.06657696
v 0.03387408 0.06108513 -0.06873874
v 0.08652504 0.10662655 -0.00572161
v 0.08253306 0.06276430 0.03478754
v 0.08470919 0.07856706 0.01941803
v 0.08708746 0.09105586 0.00680860
v 0.04620869 0.03157312 -0.05864001
v 0.03015540 0.08873931 0.01669373
v 0.02650843 0.05991237 0.03663604
v 0.02883447 0.07895537 0.02410227
v 0.05126826 0.00354260 -0.03926999
v 0.03911282 0.09330693 0.02077822
v 0.02663989 0.21987786 -0.11291525
v 0.02218471 0.20952778 -0.12062558
v 0.05646059 0.22013411 -0.16986290
v 0.04104106 0.33481563 -0.17977040
v 0.02938652 0.32952593 -0.18496291
v 0.02648612 0.30240580 -0.20501995
v 0.02383843 0.31233530 -0.20035756
v 0.06820084 0.32811998 -0.17429249
v 0.05246250 0.33546663 -0.17644645
v 0.02383843 0.31233530 -0.20035756
v 0.02397819 0.32346114 -0.19217743
v 0.04706804 0.29942288 -0.23120337
v 0.05940338 0.29731634 -0.23304037
v 0.08706606 0.32712996 -0.21156871
v 0.08004208 0.33878179 -0.20061259
v 0.03627814 0.30624322 -0.22824261
v 0.02900577 0.31340633 -0.21839750
v 0.05279233 0.35522287 -0.19581766
v 0.04202447 0.35373967 -0.19803147
v 0.08654681 0.31733040 -0.21933871
v 0.06591745 0.35100280 -0.19690685
v 0.03135607 0.34855922 -0.20283181
v 0.02547104 0.34178084 -0.20965029
v 0.02421355 0.33050317 -0.21742290
v 0.06991776 0.29814054 -0.23043647
v 0.07769170 0.29899020 -0.22659335
v 0.02421355 0.33050317 -0.21742290
v 0.08345813 0.30735923 -0.22394266
v 0.04670524 0.31652513 -0.24515337
v 0.04715387 0.32873767 -0.25457540
v 0.06382721 0.32720704 -0.25771228
v 0.06081671 0.31480095 -0.24769153
v 0.07508782 0.35876144 -0.21481595
v 0.06210892 0.36608210 -0.20914563
v 0.03310327 0.36648108 -0.22474935
v 0.04021740 0.37467172 -0.21988032
v 0.03882056 0.38584731 -0.23111076
v 0.03170210 0.37818120 -0.23507625
v 0.06542702 0.38741360 -0.23662584
v 0.05578140 0.38825027 -0.23064767
v 0.05865947 0.37681787 -0.21986516
v 0.07028359 0.37267931 -0.22478358
v 0.08209385 0.34844284 -0.22627622
v 0.06516158 0.34173692 -0.26904905
v 0.04710811 0.34058978 -0.26768781
v 0.07684317 0.37680074 -0.24291409
v 0.07946629 0.36304776 -0.23399931
v 0.08209648 0.35035355 -0.24388987
v 0.08070465 0.36640330 -0.25539314
v 0.02809866 0.35978071 -0.22937121
v 0.02579843 0.35154850 -0.22099471
v 0.03255196 0.35817161 -0.21504853
v 0.02904452 0.34558920 -0.24001492
v 0.03466825 0.33634327 -0.24796359
v 0.03424658 0.32630856 -0.24135041
v 0.02708985 0.33571058 -0.23352768
v 0.04129493 0.36601934 -0.20981156
v 0.05104774 0.36779929 -0.20830178
v 0.08431521 0.33705191 -0.23391091
v 0.03241249 0.35161403 -0.26050080
v 0.04999146 0.37701734 -0.21896436
v 0.04774036 0.38775405 -0.23000908
v 0.02785103 0.35848708 -0.24828981
v 0.02802845 0.35278344 -0.23480286
v 0.02701047 0.36566422 -0.24338667
v 0.02752003 0.37194985 -0.23899066
v 0.02701047 0.36566422 -0.24338667
v 0.02802845 0.35278344 -0.23480286
v 0.02551471 0.34322786 -0.22758715
v 0.07150442 0.31531977 -0.24346375
v 0.07661097 0.33235975 -0.24863069
v 0.08117704 0.32423672 -0.23773757
v 0.07633088 0.31332729 -0.23768283
v 0.07638918 0.35078969 -0.26314582
v 0.02551471 0.34322786 -0.22758715
v 0.08375357 0.36145634 -0.36413863
v 0.08384028 0.36469697 -0.36547702
v 0.08316643 0.36558450 -0.36429893
v 0.08290466 0.36289808 -0.36285337
v 0.08085719 0.36851444 -0.36871757
v 0.08315710 0.36694109 -0.36677863
v 0.08340214 0.36630511 -0.36778502
v 0.08108684 0.36742771 -0.36904733
v 0.07861476 0.41261952 -0.32064822
v 0.08218506 0.41035627 -0.31783829
v 0.08804473 0.40384885 -0.32787151
v 0.08553414 0.40589288 -0.33058150
v 0.08350635 0.36514789 -0.36419039
v 0.08283947 0.36775286 -0.36567770
v 0.08325220 0.36722074 -0.36586198
v 0.07641797 0.39061574 -0.26964539
v 0.07827522 0.38262593 -0.26339205
v 0.07850636 0.38080596 -0.26879388
v 0.07707568 0.38779833 -0.27495575
v 0.05782355 0.43817572 -0.28204561
v 0.06129367 0.43523312 -0.28792077
v 0.05541979 0.43718619 -0.28937945
v 0.05175032 0.44004249 -0.28184219
v 0.03241357 0.42833725 -0.28829552
v 0.04024652 0.41730889 -0.30377923
v 0.03575755 0.41156637 -0.30038089
v 0.03128801 0.42210176 -0.28242900
v 0.07689045 0.39440635 -0.28053456
v 0.07546112 0.38312326 -0.28395591
v 0.07663201 0.39274035 -0.28896533
v 0.07816702 0.37518904 -0.27144112
v 0.06455833 0.35637702 -0.37006096
v 0.06964442 0.35727791 -0.36797581
v 0.06913244 0.35723927 -0.36703608
v 0.06388558 0.35650371 -0.36917264
v 0.07311620 0.35964667 -0.36784984
v 0.07236037 0.35955903 -0.36673998
v 0.03384865 0.40593231 -0.29518238
v 0.03185286 0.41453232 -0.27599709
v 0.04613002 0.44019218 -0.28160476
v 0.04405933 0.43850723 -0.27409357
v 0.05126808 0.43794210 -0.27439761
v 0.08548657 0.36264138 -0.36205635
v 0.08441362 0.36399750 -0.36650850
v 0.08412104 0.36009280 -0.36554701
v 0.08395418 0.35987745 -0.36720255
v 0.08453788 0.36367806 -0.36802640
v 0.03591964 0.43087735 -0.27047224
v 0.03185229 0.42684206 -0.27589784
v 0.03264302 0.41657852 -0.26905393
v 0.03634023 0.41966362 -0.26494377
v 0.05809571 0.43551814 -0.27691829
v 0.06451994 0.43123936 -0.28326067
v 0.05080102 0.40230082 -0.24425590
v 0.04499964 0.40269253 -0.24427287
v 0.07360139 0.39094398 -0.25435748
v 0.07811296 0.36783139 -0.36977820
v 0.07821955 0.36680834 -0.37009475
v 0.07443146 0.36534729 -0.36942171
v 0.07246901 0.36675794 -0.36939804
v 0.07224550 0.36957180 -0.37118899
v 0.07774435 0.36929698 -0.36886216
v 0.03847395 0.40106190 -0.24574343
v 0.03223719 0.39487831 -0.24879661
v 0.08315710 0.36694109 -0.36677863
v 0.07595625 0.36413240 -0.37168570
v 0.07555787 0.36430485 -0.37049426
v 0.07845031 0.36694604 -0.37141040
v 0.07552526 0.40041146 -0.28305386
v 0.07608260 0.39949264 -0.29097433
v 0.07447036 0.36235402 -0.36901557
v 0.07469804 0.36137926 -0.36990394
v 0.07513747 0.35907140 -0.36895796
v 0.07493540 0.36057248 -0.36777489
v 0.03128801 0.42210176 -0.28242900
v 0.03364932 0.43258637 -0.28262065
v 0.03241357 0.42833725 -0.28829552
v 0.05528209 0.42060069 -0.26510240
v 0.06142234 0.41669790 -0.27159406
v 0.06368797 0.42496411 -0.27840349
v 0.05719155 0.42978762 -0.27136316
v 0.09379013 0.39748308 -0.33884066
v 0.09073986 0.39941646 -0.34189995
v 0.08340214 0.36630511 -0.36778502
v 0.05025974 0.43288830 -0.26809357
v 0.05809571 0.43551814 -0.27691829
v 0.05126808 0.43794210 -0.27439761
v 0.08385868 0.37071777 -0.36643333
v 0.08325220 0.36722074 -0.36586198
v 0.08283947 0.36775286 -0.36567770
v 0.08053598 0.37012441 -0.36776630
v 0.04510883 0.41132131 -0.25310049
v 0.03848507 0.40969699 -0.25439377
v 0.07264881 0.37174700 -0.37159628
v 0.07726714 0.37299057 -0.37004332
v 0.07688111 0.35748900 -0.36769098
v 0.07652863 0.35849868 -0.36607453
v 0.06862748 0.35761650 -0.36547252
v 0.06291670 0.35704271 -0.36784152
v 0.07596881 0.39556906 -0.27460859
v 0.07495354 0.39933727 -0.27817765
v 0.08114239 0.38737857 -0.30803013
v 0.08221985 0.39406379 -0.30780443
v 0.07862048 0.39650761 -0.29961000
v 0.07701322 0.38988264 -0.29830185
v 0.04379582 0.43579311 -0.29148486
v 0.04023270 0.43848159 -0.28414441
v 0.04968520 0.43725029 -0.29025134
v 0.07528293 0.36171657 -0.37127550
v 0.07469804 0.36137926 -0.36990394
v 0.07182479 0.35994119 -0.36557972
v 0.07509936 0.36522750 -0.37008077
v 0.07447036 0.36235402 -0.36901557
v 0.03776528 0.43622349 -0.28779338
v 0.03364932 0.43258637 -0.28262065
v 0.03762887 0.43646847 -0.27740677
v 0.08077041 0.35770354 -0.36609214
v 0.08102903 0.35800661 -0.36792374
v 0.08061954 0.35890708 -0.36429952
v 0.04202340 0.43300677 -0.26788892
v 0.04405933 0.43850723 -0.27409357
v 0.03762887 0.43646847 -0.27740677
v 0.07560365 0.36214741 -0.37254165
v 0.07618388 0.36457540 -0.37302877
v 0.05042406 0.41032217 -0.25397292
v 0.07569444 0.35910051 -0.37043871
v 0.07528293 0.36171657 -0.37127550
v 0.03742324 0.43295649 -0.29189571
v 0.04504132 0.42228848 -0.30568995
v 0.07478078 0.38238984 -0.29694493
v 0.08413222 0.36003100 -0.36851249
v 0.08474069 0.36348344 -0.36919398
v 0.09330307 0.36767995 -0.35996021
v 0.09578493 0.36833485 -0.35931682
v 0.09573785 0.36846341 -0.35764375
v 0.09299626 0.36750753 -0.35856207
v 0.09282787 0.36408437 -0.36438687
v 0.09309355 0.36697734 -0.36501976
v 0.09238075 0.36706270 -0.36329942
v 0.09167239 0.36419727 -0.36197724
v 0.08944193 0.36243472 -0.36219178
v 0.09026769 0.36195249 -0.36464980
v 0.09136305 0.36984375 -0.36499502
v 0.09195008 0.37014154 -0.36680450
v 0.08451748 0.36679894 -0.37046299
v 0.08428018 0.36639149 -0.36856238
v 0.08496925 0.36855937 -0.36888896
v 0.08517061 0.36898652 -0.37091564
v 0.09300383 0.36448169 -0.36643926
v 0.09347527 0.36764794 -0.36733472
v 0.08703566 0.36196731 -0.36798244
v 0.09027602 0.36236035 -0.36684510
v 0.08662310 0.36134073 -0.36582135
v 0.09666531 0.37410593 -0.35719809
v 0.09771024 0.37425430 -0.35821106
v 0.09628347 0.37601589 -0.35928555
v 0.09528152 0.37599176 -0.35818535
v 0.08428018 0.36639149 -0.36856238
v 0.08451748 0.36679894 -0.37046299
v 0.08511240 0.36334829 -0.36923090
v 0.08455249 0.36344108 -0.36733745
v 0.09810332 0.37076964 -0.35892676
v 0.09778641 0.37107353 -0.35736440
v 0.09873678 0.37407772 -0.36131580
v 0.09727791 0.37612142 -0.36224357
v 0.09678435 0.37604165 -0.36054360
v 0.09824823 0.37380580 -0.35955093
v 0.09393139 0.36826245 -0.36156599
v 0.09137306 0.36875033 -0.36089982
v 0.09171383 0.36905806 -0.36257085
v 0.09807693 0.37092942 -0.36050020
v 0.08155280 0.36760725 -0.37036460
v 0.08370846 0.36613822 -0.36921020
v 0.08404291 0.36600154 -0.37021584
v 0.08171727 0.36800938 -0.37168190
v 0.09019399 0.37120186 -0.36180035
v 0.09041858 0.37139034 -0.36353964
v 0.09107704 0.36852348 -0.35965059
v 0.08582001 0.36191759 -0.36357749
v 0.08983201 0.37150697 -0.36793125
v 0.09195008 0.37014154 -0.36680450
v 0.09240847 0.37073574 -0.36889513
v 0.09021885 0.37199612 -0.37001721
v 0.09136305 0.36984375 -0.36499502
v 0.08940278 0.37134354 -0.36645753
v 0.08795985 0.37281844 -0.36460652
v 0.08987031 0.37028808 -0.36375333
v 0.09079836 0.36813656 -0.36212718
v 0.09042086 0.36483234 -0.36083695
v 0.08835194 0.36326469 -0.36113249
v 0.08380911 0.36618063 -0.36709187
v 0.08400994 0.36401648 -0.36557530
v 0.09058378 0.36911391 -0.35931086
v 0.09275324 0.36741676 -0.35811681
v 0.09001593 0.37080740 -0.36073794
v 0.08952215 0.37112641 -0.36018638
v 0.08987031 0.37028808 -0.36375333
v 0.09624761 0.36896640 -0.36080359
v 0.09691356 0.37119832 -0.35618891
v 0.09512028 0.36898990 -0.35649975
v 0.08370846 0.36613822 -0.36921020
v 0.09432634 0.37735354 -0.36037471
v 0.09628347 0.37601589 -0.35928555
v 0.09678435 0.37604165 -0.36054360
v 0.09432313 0.37727326 -0.36156411
v 0.08404291 0.36600154 -0.37021584
v 0.08766956 0.37131421 -0.37057680
v 0.08720402 0.37087819 -0.36862032
v 0.09240847 0.37073574 -0.36889513
v 0.09528152 0.37599176 -0.35818535
v 0.09322109 0.37749548 -0.35907939
v 0.09492476 0.37716651 -0.36303229
v 0.09227420 0.37617911 -0.36363714
v 0.09205571 0.37624256 -0.36218653
v 0.08380911 0.36618063 -0.36709187
v 0.08456016 0.36852686 -0.36751556
v 0.08701226 0.37086961 -0.36719406
v 0.07837765 0.36722073 -0.37278823
v 0.09727791 0.37612142 -0.36224357
v 0.09217629 0.36879233 -0.35288539
v 0.09357690 0.37000546 -0.35191476
v 0.09619800 0.38541118 -0.35708143
v 0.09828458 0.38607206 -0.35556151
v 0.09883572 0.38333246 -0.35615010
v 0.09686193 0.38109370 -0.35629924
v 0.10256628 0.37544500 -0.35463565
v 0.09919795 0.37416923 -0.35497264
v 0.09958391 0.37499329 -0.35625876
v 0.10219349 0.37600322 -0.35606154
v 0.10382994 0.37842571 -0.35622165
v 0.10416827 0.37810819 -0.35500192
v 0.09656238 0.37542567 -0.35509275
v 0.09696996 0.37541125 -0.35589859
v 0.09863667 0.37371786 -0.35370981
v 0.09579444 0.37846543 -0.35616245
v 0.09692944 0.38087486 -0.35666657
v 0.09651982 0.38144085 -0.35792942
v 0.09543282 0.37890057 -0.35739125
v 0.09834448 0.37528043 -0.34979847
v 0.09681702 0.37349939 -0.35030451
v 0.09806745 0.37362447 -0.35330085
v 0.10107995 0.37573947 -0.35213501
v 0.10207012 0.38271166 -0.35577727
v 0.09996275 0.38279280 -0.35653117
v 0.10100450 0.38364011 -0.35460895
v 0.10241384 0.37876826 -0.35222420
v 0.10042830 0.37964061 -0.34885026
v 0.09551652 0.37691444 -0.35541439
v 0.09582396 0.37705148 -0.35578219
v 0.09663620 0.37466948 -0.35475926
v 0.09452849 0.38913552 -0.35718187
v 0.09703526 0.39078701 -0.35473673
v 0.09591881 0.37694611 -0.35658893
v 0.09554437 0.37897406 -0.35837951
v 0.09610995 0.37689823 -0.35764883
v 0.09591881 0.37694611 -0.35658893
v 0.09524256 0.37890437 -0.35686641
v 0.10216441 0.37523106 -0.35307052
v 0.09673704 0.38152043 -0.35884030
v 0.10207012 0.38271166 -0.35577727
v 0.10341106 0.38120773 -0.35458300
v 0.10384820 0.38115399 -0.35611636
v 0.10256206 0.38248198 -0.35696503
v 0.10395129 0.37869046 -0.35339652
v 0.09708814 0.37564081 -0.35692910
v 0.10378722 0.38097091 -0.35707156
v 0.10244717 0.38228936 -0.35779135
v 0.09582396 0.37705148 -0.35578219
v 0.09551652 0.37691444 -0.35541439
v 0.10029004 0.38613651 -0.35359172
v 0.10256206 0.38248198 -0.35696503
v 0.09997006 0.38307734 -0.35763263
v 0.10244717 0.38228936 -0.35779135
v 0.10011954 0.38297043 -0.35852299
v 0.10227291 0.38156303 -0.35331911
v 0.09976308 0.38948036 -0.35135447
v 0.09610995 0.37689823 -0.35764883
v 0.05699738 0.41129556 -0.26105912
v 0.05211108 0.41318857 -0.25910427
v 0.03198718 0.40937663 -0.27254509
v 0.03120476 0.40170132 -0.27325139
v 0.03146761 0.40074976 -0.26785694
v 0.03250550 0.40524078 -0.26565584
v 0.09273892 0.38195587 -0.35974781
v 0.09479974 0.38408328 -0.35823290
v 0.05555254 0.40068119 -0.24492038
v 0.03198718 0.40937663 -0.27254509
v 0.03250550 0.40524078 -0.26565584
v 0.03185286 0.41453232 -0.27599709
v 0.06300441 0.35589221 -0.28262478
v 0.04812824 0.35599612 -0.28331333
v 0.07203398 0.39765264 -0.26285369
v 0.07611788 0.35943398 -0.37167600
v 0.07560365 0.36214741 -0.37254165
v 0.04809753 0.37227968 -0.30595553
v 0.04804620 0.37355503 -0.31923050
v 0.05815509 0.36638730 -0.31557991
v 0.05860698 0.36821633 -0.30424263
v 0.04157146 0.38061696 -0.30653683
v 0.04333866 0.38354209 -0.32228641
v 0.07615649 0.36771227 -0.32432722
v 0.07266147 0.37097317 -0.31071176
v 0.05951030 0.36454895 -0.32687982
v 0.07815746 0.35830008 -0.37054437
v 0.08127217 0.35830536 -0.36918264
v 0.07759619 0.35780302 -0.36926424
v 0.08351791 0.37741146 -0.32058257
v 0.08637482 0.38523364 -0.31930804
v 0.07853722 0.37985476 -0.30859622
v 0.09249288 0.38835503 -0.35896424
v 0.04808185 0.36747730 -0.29436823
v 0.05976497 0.36629945 -0.29366669
v 0.03273562 0.40049963 -0.29066579
v 0.03146761 0.40074976 -0.26785694
v 0.03023307 0.39651923 -0.26341092
v 0.03145634 0.40066081 -0.26085342
v 0.03885908 0.37396618 -0.29087691
v 0.03529110 0.38368413 -0.29407286
v 0.03870604 0.38716174 -0.30462590
v 0.02922128 0.39279467 -0.26628564
v 0.02742794 0.37765124 -0.25840991
v 0.02785802 0.38492448 -0.25475898
v 0.03023307 0.39651923 -0.26341092
v 0.07551509 0.36082790 -0.36406432
v 0.07968653 0.36063595 -0.36301200
v 0.07040814 0.40716817 -0.27735367
v 0.07097371 0.40422873 -0.27281318
v 0.06300912 0.36238661 -0.34204861
v 0.06568835 0.36080415 -0.35299566
v 0.07643372 0.36185023 -0.35095367
v 0.07470802 0.36302673 -0.34042156
v 0.08506922 0.36969273 -0.33651679
v 0.08942683 0.36913910 -0.34650263
v 0.09455534 0.37459889 -0.34478949
v 0.09019146 0.37675897 -0.33449476
v 0.07427570 0.41311159 -0.32275961
v 0.06935324 0.41841893 -0.31594318
v 0.07406780 0.41805692 -0.31361614
v 0.05954185 0.35853143 -0.37057970
v 0.06051815 0.35755749 -0.37140875
v 0.08017037 0.37363627 -0.36887832
v 0.05560926 0.40875272 -0.25504762
v 0.07122132 0.40102408 -0.26818969
v 0.02785802 0.38492448 -0.25475898
v 0.02918788 0.38995902 -0.25165834
v 0.06463762 0.39687733 -0.24727915
v 0.07039366 0.37396035 -0.29963227
v 0.07055251 0.37263673 -0.28801517
v 0.06030073 0.39846224 -0.24537177
v 0.05941307 0.40710557 -0.25610307
v 0.06270191 0.41106404 -0.26754145
v 0.06053757 0.40921812 -0.26219988
v 0.08064415 0.40640485 -0.33349723
v 0.03234637 0.37916190 -0.27886109
v 0.03156685 0.38674934 -0.28341569
v 0.07375218 0.36534386 -0.27738482
v 0.03649375 0.36226042 -0.27666313
v 0.03340785 0.40526762 -0.25753957
v 0.03483407 0.41002736 -0.26087575
v 0.09458452 0.39533432 -0.34946464
v 0.09758098 0.39346129 -0.34559718
v 0.06453443 0.40672808 -0.26356096
v 0.06376548 0.40445916 -0.25793971
v 0.02904382 0.38683443 -0.27047058
v 0.03047528 0.39558854 -0.27225180
v 0.03060579 0.39670587 -0.26893525
v 0.07030354 0.41270370 -0.28676432
v 0.02870441 0.37146306 -0.26518825
v 0.06510214 0.40819885 -0.26710378
v 0.07738394 0.41550252 -0.31062153
v 0.03168536 0.39368286 -0.28733825
v 0.05058276 0.37091769 -0.33078361
v 0.08938403 0.37496387 -0.36105565
v 0.08952215 0.37112641 -0.36018638
v 0.04669403 0.41451103 -0.25739023
v 0.06144204 0.35730596 -0.37275747
v 0.08411905 0.36459043 -0.35006223
v 0.08211691 0.36545664 -0.34190681
v 0.08347109 0.37388289 -0.36708737
v 0.03175757 0.37086105 -0.27393018
v 0.09658112 0.37953823 -0.34286877
v 0.09196073 0.38273886 -0.33257278
v 0.06144807 0.36292877 -0.37744180
v 0.06064293 0.36450321 -0.37642534
v 0.06419044 0.36707924 -0.37634897
v 0.06450862 0.36554395 -0.37763267
v 0.05531352 0.36667124 -0.36624871
v 0.05701841 0.36512368 -0.36797917
v 0.05947527 0.36104169 -0.36593681
v 0.05838215 0.36226338 -0.36235609
v 0.09064420 0.39496962 -0.35176536
v 0.08660408 0.39981742 -0.34443634
v 0.07306448 0.36363902 -0.36778422
v 0.07346382 0.36367683 -0.36893583
v 0.07250222 0.36674414 -0.37047767
v 0.06966728 0.36964673 -0.37373219
v 0.07813166 0.36096277 -0.35870577
v 0.08022736 0.36159190 -0.35819979
v 0.07600224 0.36078022 -0.35892884
v 0.09297742 0.39230404 -0.35581195
v 0.08990054 0.39068451 -0.35824365
v 0.08745334 0.39334316 -0.35372787
v 0.09089884 0.36744513 -0.35388708
v 0.06973728 0.36036784 -0.35870154
v 0.07269009 0.36655589 -0.37143762
v 0.07250222 0.36674414 -0.37047767
v 0.08794123 0.36473501 -0.35587049
v 0.08364539 0.37966718 -0.36594302
v 0.08201512 0.37812804 -0.36699917
v 0.07834518 0.38153854 -0.36553657
v 0.08280772 0.38461291 -0.36379648
v 0.08612020 0.36369796 -0.35654013
v 0.06960668 0.36856823 -0.37465014
v 0.07269009 0.36655589 -0.37143762
v 0.07375254 0.36613022 -0.37288527
v 0.06990082 0.36745859 -0.37612206
v 0.09034407 0.38653532 -0.36028387
v 0.08842090 0.38451189 -0.36122779
v 0.08659393 0.38816554 -0.36014081
v 0.08425588 0.36290049 -0.35733356
v 0.09061604 0.37996032 -0.36052989
v 0.09124350 0.37693788 -0.36023336
v 0.08885027 0.37792564 -0.36240435
v 0.08692789 0.38206667 -0.36280158
v 0.08297026 0.39817276 -0.34617634
v 0.07966113 0.37735988 -0.36811453
v 0.08731555 0.37570668 -0.36497322
v 0.07463068 0.36304425 -0.36993300
v 0.07375254 0.36613022 -0.37288527
v 0.07380166 0.36369197 -0.36814232
v 0.07406268 0.36243427 -0.36605990
v 0.07443146 0.36534729 -0.36942171
v 0.07292285 0.36484927 -0.36719946
v 0.07246901 0.36675794 -0.36939804
v 0.07107163 0.36153254 -0.36397915
v 0.05941814 0.36109473 -0.37464757
v 0.05861866 0.36190961 -0.37354379
v 0.06044180 0.36572317 -0.37563980
v 0.07215737 0.36294489 -0.36535548
v 0.07274436 0.36309469 -0.36650647
v 0.09171662 0.37637063 -0.36117476
v 0.08583715 0.37233050 -0.36584725
v 0.08536134 0.37480013 -0.36609951
v 0.06404032 0.36832586 -0.37557201
v 0.07729420 0.37731702 -0.36884193
v 0.09942165 0.38290514 -0.34570712
v 0.09398569 0.38805038 -0.33341634
v 0.08542616 0.38022003 -0.36474952
v 0.06326110 0.36030857 -0.36030333
v 0.05676042 0.36408808 -0.35669674
v 0.07256672 0.37561036 -0.37059262
v 0.07380166 0.36369197 -0.36814232
v 0.07483603 0.38836845 -0.35602958
v 0.07691411 0.39370734 -0.35018158
v 0.08143163 0.38856641 -0.35952293
v 0.07751657 0.38528178 -0.36235279
v 0.06028354 0.36051900 -0.37625360
v 0.05353822 0.36732841 -0.34486057
v 0.06687271 0.35993136 -0.35916765
v 0.06924791 0.37416079 -0.37201158
v 0.06859463 0.37080975 -0.37272742
v 0.04988690 0.37467904 -0.35152847
v 0.05340419 0.36923520 -0.36309415
v 0.04959619 0.38823308 -0.34114677
v 0.05289537 0.38270712 -0.35602436
v 0.04601576 0.38008042 -0.33567370
v 0.03873687 0.39701008 -0.30873044
v 0.03648639 0.39182186 -0.30184068
v 0.04208067 0.40260155 -0.31450469
v 0.07186079 0.37922522 -0.36807513
v 0.09045040 0.37403666 -0.36225647
v 0.09059190 0.37404329 -0.36388529
v 0.09041858 0.37139034 -0.36353964
v 0.09019399 0.37120186 -0.36180035
v 0.06680723 0.42673603 -0.30141323
v 0.07050912 0.42352717 -0.29812779
v 0.06157077 0.42789151 -0.30393861
v 0.10156769 0.38371993 -0.35101330
v 0.10029004 0.38613651 -0.35359172
v 0.09976308 0.38948036 -0.35135447
v 0.10005096 0.38611399 -0.34784006
v 0.07964576 0.39656044 -0.34774356
v 0.08457322 0.39164144 -0.35572510
v 0.06190806 0.40842485 -0.32475148
v 0.05490963 0.41141889 -0.31855917
v 0.06004721 0.41481095 -0.31738443
v 0.06556589 0.41050890 -0.32399655
v 0.06153742 0.37886703 -0.36903919
v 0.06738724 0.38093247 -0.36795692
v 0.06809288 0.37782544 -0.37055405
v 0.06287357 0.37496800 -0.37177453
v 0.03483575 0.38853345 -0.29540742
v 0.04994284 0.42493881 -0.30567720
v 0.06482438 0.38730351 -0.35554353
v 0.07034470 0.38762314 -0.35619141
v 0.07164310 0.38221170 -0.36528938
v 0.05780010 0.36333343 -0.37140544
v 0.05922486 0.36971890 -0.37215714
v 0.05912714 0.36679637 -0.37407453
v 0.04833712 0.42262926 -0.26177949
v 0.08980011 0.37376407 -0.36134084
v 0.09001593 0.37080740 -0.36073794
v 0.06842740 0.39608183 -0.34245006
v 0.07265043 0.40130180 -0.33780809
v 0.06725830 0.40485716 -0.33085325
v 0.07154621 0.40673362 -0.33049978
v 0.07707305 0.40354504 -0.33720204
v 0.03976702 0.41371467 -0.25785651
v 0.07163106 0.36059484 -0.36490013
v 0.05907608 0.35977576 -0.36867743
v 0.04822518 0.40761187 -0.31678277
v 0.06295535 0.37169846 -0.37288489
v 0.05891462 0.38571404 -0.35662656
v 0.09758098 0.39346129 -0.34559718
v 0.09878818 0.38987392 -0.34297166
v 0.05617911 0.42694857 -0.30525132
v 0.06476668 0.41688824 -0.31664994
v 0.05609529 0.37505991 -0.36807224
v 0.05761661 0.37161794 -0.37066497
v 0.04071521 0.39183989 -0.31422312
v 0.04130545 0.42278097 -0.26154146
v 0.06318713 0.35768599 -0.36601401
v 0.06878601 0.35850791 -0.36425565
v 0.04436267 0.39833432 -0.32148554
v 0.05061596 0.40275632 -0.32328067
v 0.09379013 0.39748308 -0.33884066
v 0.09509510 0.39413859 -0.33588127
v 0.06298456 0.35943301 -0.36435417
v 0.06749948 0.35953874 -0.36304672
v 0.05582379 0.39209303 -0.34251142
v 0.10100450 0.38364011 -0.35460895
v 0.06286781 0.36952521 -0.37470547
v 0.06023792 0.40584977 -0.32626377
v 0.05574220 0.40580463 -0.32482288
v 0.06967041 0.41185802 -0.32330520
v 0.07462422 0.40766518 -0.32973350
v 0.06193682 0.39402613 -0.34196028
v 0.05855478 0.40136301 -0.33083117
v 0.06334521 0.40275860 -0.33114688
v 0.07909571 0.40484922 -0.30316363
v 0.06451994 0.43123936 -0.28326067
v 0.08857072 0.39713022 -0.32114341
v 0.09418914 0.39122387 -0.33438567
v 0.08944385 0.40049849 -0.32542063
v 0.05276608 0.39824282 -0.32993844
v 0.04680077 0.39312917 -0.32923848
v 0.07154349 0.41967805 -0.29447840
v 0.07050912 0.42352717 -0.29812779
v 0.08218506 0.41035627 -0.31783829
v 0.07738394 0.41550252 -0.31062153
v 0.07876733 0.41240487 -0.30810233
v 0.08385331 0.40789343 -0.31559677
v 0.08353751 0.40153055 -0.31118483
v 0.09799449 0.38718725 -0.34230567
v 0.08804473 0.40384885 -0.32787151
v 0.08786563 0.39203195 -0.31988507
v 0.01001404 0.02904767 -0.00706421
v 0.00629006 0.03430070 0.00141346
v 0.07885840 0.35893743 -0.37180411
v 0.07792841 0.35888658 -0.37203347
v 0.07791069 0.35895690 -0.37285701
v 0.07851383 0.35887322 -0.37261670
v 0.09667571 0.36993133 -0.36369445
v 0.09452146 0.36893569 -0.36406862
v 0.09427137 0.36889262 -0.36426889
v 0.09664690 0.37004711 -0.36387740
v 0.09463888 0.36873920 -0.36256715
v 0.09651959 0.36942736 -0.36197955
v 0.09658986 0.36929614 -0.36173083
v 0.09391121 0.36857976 -0.36263431
v 0.06355857 0.35594009 -0.37437026
v 0.06499266 0.35566502 -0.37340510
v 0.06462954 0.35652636 -0.37271641
v 0.06257851 0.35699033 -0.37380224
v 0.08361889 0.36029600 -0.37020230
v 0.08429229 0.36055284 -0.37073776
v 0.08473698 0.36080546 -0.37066820
v 0.08438879 0.36054372 -0.36997634
v 0.08784767 0.36289311 -0.36937495
v 0.08708342 0.36281301 -0.36953390
v 0.08697121 0.36286741 -0.37026743
v 0.08744390 0.36283047 -0.37011487
v 0.06666697 0.35459641 -0.37406251
v 0.06557056 0.35502214 -0.37501710
v 0.06837608 0.35536346 -0.37491498
v 0.06853652 0.35445403 -0.37322670
v 0.10009836 0.37607328 -0.35855108
v 0.09972151 0.37564279 -0.35772932
v 0.09920478 0.37552205 -0.35778756
v 0.09987727 0.37599420 -0.35871007
v 0.10177126 0.37700767 -0.35853471
v 0.10171553 0.37712386 -0.35871877
v 0.10280618 0.37886120 -0.35857967
v 0.10273446 0.37862454 -0.35840405
v 0.10315647 0.37867921 -0.35769382
v 0.10330235 0.37907225 -0.35791199
v 0.10339636 0.37846974 -0.35705208
v 0.10296285 0.37803870 -0.35717864
v 0.09374205 0.36852652 -0.36327934
v 0.09419249 0.36858377 -0.36319034
v 0.09826422 0.37169202 -0.36241958
v 0.09860442 0.37205552 -0.36238733
v 0.09850798 0.37162468 -0.36173675
v 0.09787043 0.37109196 -0.36192430
v 0.09814431 0.37198019 -0.36342802
v 0.09798853 0.37173462 -0.36328866
v 0.07183776 0.35629921 -0.37384813
v 0.07424577 0.35721333 -0.37192560
v 0.07301146 0.35646788 -0.37168923
v 0.07155603 0.35532249 -0.37206883
v 0.08423936 0.36040206 -0.37191325
v 0.08440580 0.36060618 -0.37209704
v 0.10192797 0.37633172 -0.35684645
v 0.10183040 0.37643641 -0.35706643
v 0.08805170 0.36312549 -0.37107614
v 0.08785939 0.36319081 -0.37133759
v 0.09050384 0.36370386 -0.37074167
v 0.09049965 0.36357117 -0.37052562
v 0.07923150 0.35911780 -0.37387816
v 0.07938699 0.35904981 -0.37358738
v 0.09224321 0.36483018 -0.36829628
v 0.09304503 0.36521285 -0.36809263
v 0.09016731 0.36295525 -0.36814221
v 0.09009532 0.36321800 -0.36846358
v 0.07478403 0.35847550 -0.37051676
v 0.07296367 0.35765068 -0.37069667
v 0.09268517 0.36505662 -0.36987188
v 0.09289486 0.36529708 -0.37003364
v 0.09329043 0.36546544 -0.36878677
v 0.09286330 0.36517085 -0.36883294
v 0.07200973 0.35830604 -0.37005450
v 0.07374095 0.35906737 -0.36930564
v 0.06991077 0.35734698 -0.36938445
v 0.06994917 0.35769965 -0.37008282
v 0.08205507 0.35931661 -0.37299705
v 0.08201951 0.35915437 -0.37274974
v 0.08125706 0.35876809 -0.37040574
v 0.08122864 0.35900403 -0.37066597
v 0.06613529 0.35688594 -0.37156358
v 0.06572897 0.35658391 -0.37111809
v 0.09942072 0.37550447 -0.35712695
v 0.10015337 0.37579799 -0.35728614
v 0.06859043 0.35443924 -0.37297297
v 0.07149972 0.35532953 -0.37194538
v 0.08471769 0.36180501 -0.37270508
v 0.08529433 0.36279461 -0.37108079
v 0.07083035 0.36429452 -0.37791091
v 0.07434699 0.36408307 -0.37555290
v 0.07327418 0.36333138 -0.37676250
v 0.07099096 0.36296020 -0.37796594
v 0.07066867 0.36571862 -0.37744931
v 0.06540283 0.36390189 -0.37871775
v 0.07441387 0.36536761 -0.37452986
v 0.08315360 0.36553091 -0.37431225
v 0.08264663 0.36722600 -0.37356000
v 0.08475363 0.36524348 -0.37203079
v 0.08442985 0.36386753 -0.37348115
v 0.06591862 0.36243242 -0.37906701
v 0.06358564 0.36075504 -0.37872857
v 0.06279878 0.36185618 -0.37843031
v 0.06673776 0.35463919 -0.37389877
v 0.06677128 0.35468534 -0.37383208
v 0.08192805 0.36047586 -0.37388398
v 0.07846115 0.35978349 -0.37467008
v 0.07801442 0.36207170 -0.37554194
v 0.08144780 0.36283559 -0.37492547
v 0.08144780 0.36283559 -0.37492547
v 0.08059788 0.36512012 -0.37533528
v 0.07614438 0.35996889 -0.37309895
v 0.07643704 0.35996771 -0.37382093
v 0.07670330 0.36524851 -0.37445352
v 0.07568992 0.36250969 -0.37399723
v 0.06701222 0.36128610 -0.37887410
v 0.06462892 0.35981154 -0.37868138
v 0.08442985 0.36386753 -0.37348115
v 0.07870127 0.36400628 -0.37575568
v 0.07801442 0.36207170 -0.37554194
v 0.07288614 0.35641916 -0.37167343
v 0.07738298 0.36496290 -0.37524748
v 0.07599918 0.36249185 -0.37482564
v 0.07568992 0.36250969 -0.37399723
v 0.07599918 0.36249185 -0.37482564
v 0.08475363 0.36524348 -0.37203079
v 0.07283503 0.35641416 -0.37165524
v 0.08469811 0.36604573 -0.37165436
v 0.08569453 0.36866616 -0.37232484
v 0.09804420 0.37329447 -0.36397287
v 0.09682597 0.37470997 -0.36476470
v 0.09795502 0.37470916 -0.36385576
v 0.09880704 0.37390694 -0.36283666
v 0.08839141 0.37062673 -0.37201472
v 0.08914429 0.36777569 -0.37276740
v 0.08646164 0.36645418 -0.37299279
v 0.07923442 0.36729950 -0.37409451
v 0.07963582 0.36664215 -0.37468294
v 0.08646164 0.36645418 -0.37299279
v 0.08914429 0.36777569 -0.37276740
v 0.09010699 0.36491278 -0.37168878
v 0.08714162 0.36384751 -0.37211659
v 0.08231540 0.36794361 -0.37292532
v 0.08503996 0.36300281 -0.37027367
v 0.08522839 0.36535261 -0.37233442
v 0.08578113 0.36334308 -0.37109445
v 0.08538494 0.36336648 -0.37021914
v 0.08469811 0.36604573 -0.37165436
v 0.09524507 0.37661048 -0.36415642
v 0.09682597 0.37470997 -0.36476470
v 0.09441750 0.37356632 -0.36545013
v 0.09312513 0.37564136 -0.36469331
v 0.08444433 0.36569579 -0.37137285
v 0.08522839 0.36535261 -0.37233442
v 0.09292856 0.36991262 -0.36513270
v 0.09216282 0.37200204 -0.36564493
v 0.09441750 0.37356632 -0.36545013
v 0.09566469 0.37155019 -0.36485928
v 0.09338040 0.36883371 -0.37064622
v 0.09210647 0.36885076 -0.37180654
v 0.09075022 0.37126019 -0.37141725
v 0.09295569 0.37017082 -0.37013649
v 0.09795502 0.37470916 -0.36385576
v 0.09753776 0.37587015 -0.36312869
v 0.08444433 0.36569579 -0.37137285
v 0.09216282 0.37200204 -0.36564493
v 0.09103386 0.37361606 -0.36490479
v 0.08405482 0.36051195 -0.37083499
v 0.08393448 0.36063507 -0.37083098
v 0.09376709 0.36774471 -0.36859459
v 0.09295569 0.37017082 -0.37013649
v 0.09157273 0.37094395 -0.36526678
v 0.09220253 0.36892486 -0.36394789
v 0.09392776 0.36736849 -0.36941004
v 0.09338040 0.36883371 -0.37064622
v 0.09190512 0.36906713 -0.36330202
v 0.09070481 0.37149251 -0.36446361
v 0.07860072 0.35887132 -0.37260228
v 0.07868226 0.35886840 -0.37259247
v 0.09210647 0.36885076 -0.37180654
v 0.09274513 0.36624699 -0.37079906
v 0.09753776 0.37587015 -0.36312869
v 0.09880780 0.37416096 -0.36209599
v 0.09979745 0.37567553 -0.35775356
v 0.10018843 0.37612471 -0.35850790
v 0.09716161 0.37790192 -0.35969700
v 0.09691929 0.37724820 -0.35917161
v 0.09655689 0.37683306 -0.35833103
v 0.09599503 0.37874996 -0.35903365
v 0.08811291 0.36313120 -0.37100551
v 0.08755556 0.36283471 -0.37009955
v 0.09456787 0.36895855 -0.36403515
v 0.09425787 0.36861179 -0.36319484
v 0.09256136 0.36498923 -0.36984829
v 0.09275945 0.36513833 -0.36887397
v 0.09819179 0.37164830 -0.36243581
v 0.09791048 0.37166232 -0.36328262
v 0.09691929 0.37724820 -0.35917161
v 0.09752521 0.37599765 -0.35832736
v 0.09722396 0.37584163 -0.35764899
v 0.09655689 0.37683306 -0.35833103
v 0.09051248 0.36357736 -0.37044697
v 0.10267471 0.37851582 -0.35834614
v 0.10176010 0.37700926 -0.35847186
v 0.08767000 0.36283904 -0.37008449
v 0.10107706 0.37797757 -0.35945190
v 0.09833115 0.37624723 -0.35914097
v 0.10262092 0.38025267 -0.35919671
v 0.10335934 0.38062234 -0.35843406
v 0.10357530 0.38082024 -0.35791916
v 0.10212653 0.38182126 -0.35906050
v 0.10211578 0.38213975 -0.35868164
v 0.09716161 0.37790192 -0.35969700
v 0.10102908 0.38170563 -0.35979542
v 0.09891268 0.37991152 -0.36018579
v 0.09744233 0.38125570 -0.35968311
v 0.10032200 0.38250236 -0.35924884
v 0.09989164 0.37570941 -0.35776853
v 0.09806160 0.37156913 -0.36248838
v 0.10102908 0.38170563 -0.35979542
v 0.09891268 0.37991152 -0.36018579
v 0.09667349 0.36994922 -0.36366279
v 0.10211578 0.38213975 -0.35868164
v 0.09440213 0.36863922 -0.36318934
v 0.10212653 0.38182126 -0.35906050
v 0.10309565 0.37859112 -0.35765714
v 0.10298523 0.37850112 -0.35767922
v 0.09262815 0.36509712 -0.36892621
v 0.08415559 0.36035289 -0.37187468
v 0.08201387 0.35915530 -0.37269134
v 0.07944128 0.35902990 -0.37349891
v 0.07327418 0.36333138 -0.37676250
v 0.07434699 0.36408307 -0.37555290
v 0.07565145 0.36168624 -0.37271225
v 0.07494345 0.36097110 -0.37460804
v 0.06701222 0.36128610 -0.37887410
v 0.06778515 0.35830612 -0.37761963
v 0.06405779 0.35787738 -0.37774087
v 0.06142334 0.35945483 -0.37713261
v 0.06237588 0.35845152 -0.37741482
v 0.07175024 0.35975928 -0.37673199
v 0.07099096 0.36296020 -0.37796594
v 0.07547271 0.36226128 -0.37118341
v 0.07441387 0.36536761 -0.37452986
v 0.09157273 0.37094395 -0.36526678
v 0.09070481 0.37149251 -0.36446361
v 0.06857194 0.35446290 -0.37292618
v 0.07148346 0.35534378 -0.37191347
v -0.07818037 0.13352431 -0.09583077
v -0.07834594 0.14831503 -0.10483681
v -0.07811382 0.14280668 -0.11096576
v -0.07801369 0.12854488 -0.10376498
v -0.07335331 0.17093824 -0.10373290
v -0.07326546 0.15749569 -0.09206735
v -0.06594739 0.16267389 -0.08651567
v -0.06589937 0.17725107 -0.09818104
v -0.04663034 0.12987025 -0.04587264
v -0.04696225 0.14191354 -0.06027325
v -0.05577658 0.14016724 -0.06033008
v -0.05707402 0.12804701 -0.04686550
v -0.03270031 0.16966060 -0.08028562
v -0.02569274 0.16910398 -0.08130078
v -0.02840036 0.18360403 -0.09320836
v -0.03505916 0.18410278 -0.09202785
v -0.03332156 0.13318551 -0.04567220
v -0.01859456 0.13303306 -0.04987749
v -0.02594352 0.14386667 -0.06307721
v -0.03679952 0.14430471 -0.06038263
v -0.07077525 0.15431222 -0.14110709
v -0.07547929 0.15981237 -0.13433372
v -0.07405069 0.17029058 -0.14259178
v -0.06929029 0.16529329 -0.14972868
v -0.06537730 0.18370617 -0.16692753
v -0.07106997 0.18918447 -0.16240771
v -0.06967913 0.21065446 -0.18369263
v -0.06259385 0.20499252 -0.18777839
v -0.06501925 0.14643996 -0.07438495
v -0.05552513 0.15113517 -0.07071834
v -0.05683621 0.16688409 -0.08172726
v -0.04825811 0.16891883 -0.07946200
v -0.03983322 0.16997516 -0.07872205
v -0.04101274 0.18428073 -0.09151515
v -0.04792480 0.18359314 -0.09194441
v -0.07745556 0.16893122 -0.12306222
v -0.07567703 0.17838051 -0.13209121
v -0.07522749 0.17357413 -0.13749438
v -0.07673209 0.16401084 -0.12944410
v -0.07322523 0.19423329 -0.15801365
v -0.06484910 0.18774355 -0.10796625
v -0.07229573 0.18130998 -0.11352919
v -0.04673931 0.15390770 -0.06964711
v -0.03790926 0.15550040 -0.06900393
v -0.05699058 0.18170514 -0.09384574
v -0.06295954 0.19647715 -0.11546301
v -0.05604746 0.19219971 -0.10378367
v -0.05434631 0.20080814 -0.11160709
v -0.06624966 0.12362979 -0.05232718
v -0.07542911 0.11852438 -0.05922383
v -0.07611415 0.10152298 -0.04269477
v -0.06654049 0.10520436 -0.03305764
v -0.04569641 0.20269286 -0.11047759
v -0.03807413 0.22689266 -0.12823038
v -0.04977087 0.22628824 -0.12578747
v -0.01599070 0.16654069 -0.08539785
v -0.02569274 0.16910398 -0.08130078
v -0.02266774 0.15385502 -0.07176443
v -0.01303528 0.14813415 -0.07697559
v -0.03043731 0.15493562 -0.06998320
v -0.00760446 0.12823731 -0.05660937
v -0.00918224 0.10988853 -0.02936820
v 0.00031447 0.10275528 -0.03900110
v -0.06948126 0.21447796 -0.13745252
v -0.07047997 0.19089145 -0.12199456
v -0.06056223 0.22085428 -0.13006655
v -0.02877469 0.19498511 -0.10347609
v -0.02756108 0.20383146 -0.11277056
v -0.03339702 0.20349799 -0.11121112
v -0.03498722 0.19487309 -0.10212669
v -0.02607684 0.11248249 -0.02365854
v -0.03838510 0.20342522 -0.11082184
v -0.02806617 0.21363307 -0.12348858
v -0.02638393 0.22593676 -0.13178254
v -0.04030657 0.19468447 -0.10196049
v -0.02266774 0.15385502 -0.07176443
v -0.08012286 0.09646522 -0.09358512
v -0.08227642 0.10461070 -0.08150062
v -0.07960785 0.11981451 -0.08959143
v -0.07731929 0.11285397 -0.10267036
v -0.01598316 0.14187084 -0.06632422
v -0.07479642 0.19930695 -0.15321538
v -0.07587386 0.22181818 -0.17388020
v -0.07361057 0.21645023 -0.17944813
v -0.05610427 0.10897090 -0.02610868
v -0.07834239 0.15918868 -0.11427001
v -0.07778554 0.15332645 -0.12095323
v -0.04699025 0.19388145 -0.10220251
v -0.06470674 0.13576197 -0.06443142
v -0.00078791 0.12222732 -0.06578039
v -0.00760446 0.12823731 -0.05660937
v 0.00031447 0.10275528 -0.03900110
v 0.00492641 0.09300877 -0.05041671
v -0.03155318 0.25220285 -0.14423412
v -0.04601313 0.25266380 -0.13990792
v -0.02003821 0.24786053 -0.14943611
v -0.07378385 0.13080596 -0.07004299
v -0.07254977 0.14220659 -0.07964296
v -0.01598316 0.14187084 -0.06632422
v -0.00826886 0.13609355 -0.07425294
v -0.08260223 0.08173221 -0.08382405
v -0.08459181 0.08958622 -0.07134005
v -0.04253256 0.11074509 -0.02396192
v -0.07215521 0.23971211 -0.15360395
v -0.06098424 0.24727032 -0.14424411
v -0.01664980 0.13367733 -0.13599504
v -0.02139719 0.13415854 -0.13928418
v -0.01454840 0.14413601 -0.13804311
v -0.01261924 0.13845217 -0.13391516
v -0.02070449 0.14148756 -0.14344020
v -0.01971412 0.14934728 -0.14657639
v -0.01420006 0.15525325 -0.14174114
v -0.05807650 0.12825833 -0.13697331
v -0.06034861 0.12599239 -0.13396651
v -0.06673985 0.13356992 -0.13398128
v -0.06420986 0.13484034 -0.13694812
v -0.00522468 0.14510553 -0.12565428
v -0.00357762 0.13768760 -0.11916996
v -0.00712451 0.13391530 -0.12524025
v -0.00830776 0.14242448 -0.12971475
v -0.01428187 0.11415737 -0.12339181
v -0.00819277 0.11780835 -0.11837627
v -0.00840652 0.10767935 -0.11604083
v -0.01408762 0.10309683 -0.12036993
v 0.00745771 0.08299700 -0.06461436
v 0.00203792 0.11509612 -0.07659570
v -0.04032179 0.17035089 -0.17097877
v -0.04029837 0.16116355 -0.16547307
v -0.04940502 0.16112366 -0.16382307
v -0.04731282 0.17320072 -0.17142420
v -0.01759997 0.20726294 -0.12592215
v -0.01533005 0.21558715 -0.14273384
v -0.01907015 0.22076677 -0.13782577
v -0.02378242 0.21149597 -0.12386885
v -0.04565698 0.08081527 -0.11672731
v -0.06107358 0.08201241 -0.11342418
v -0.05781394 0.09695694 -0.12024696
v -0.04412030 0.09877252 -0.12328298
v -0.01072878 0.07084574 -0.10283122
v -0.01951046 0.06368570 -0.10537738
v -0.02153799 0.08372556 -0.11557150
v -0.01241336 0.08939841 -0.11403428
v -0.07654346 0.12746694 -0.11046626
v -0.07480842 0.11921497 -0.11355293
v -0.00833302 0.17795238 -0.10562952
v -0.00968794 0.18849033 -0.11436020
v -0.01947888 0.19410465 -0.10693867
v -0.01908481 0.18283436 -0.09675835
v -0.06374953 0.06683971 -0.10420122
v -0.07639663 0.07314642 -0.09479820
v -0.07437661 0.08869238 -0.10490537
v -0.02485893 0.19139469 -0.17422916
v -0.02375438 0.17984944 -0.16391797
v -0.02976468 0.17386156 -0.16887465
v -0.03051769 0.18800144 -0.17795994
v -0.00598559 0.14224411 -0.08576280
v -0.00283085 0.12993888 -0.08344054
v -0.04220789 0.18741263 -0.18163597
v -0.03891124 0.18685284 -0.18121254
v -0.05055477 0.15450318 -0.15922632
v -0.05540366 0.15556693 -0.15769652
v -0.05518934 0.16169060 -0.16120723
v -0.00522390 0.09729332 -0.10926129
v -0.04599148 0.06090286 -0.10803089
v -0.00974729 0.15912135 -0.13641883
v -0.00937464 0.14932825 -0.13237154
v -0.00604209 0.16108657 -0.09531369
v -0.03539520 0.10205254 -0.12442715
v -0.03273170 0.08163129 -0.11702170
v -0.01979919 0.12518920 -0.13318071
v -0.01293881 0.12752051 -0.12865057
v -0.02221356 0.11099523 -0.12667771
v -0.00259894 0.12850193 -0.10345975
v -0.00263271 0.11731415 -0.10253001
v -0.00481149 0.11294155 -0.11003610
v -0.00431784 0.12222226 -0.11087916
v -0.01892032 0.20203513 -0.11659247
v -0.01037133 0.19612338 -0.12412761
v -0.04047058 0.15457742 -0.16120571
v -0.06737138 0.13037972 -0.13177978
v -0.06228127 0.12270534 -0.13042800
v -0.06477665 0.11844619 -0.12576464
v -0.07153653 0.12974638 -0.12524223
v -0.01376856 0.23127447 -0.16155369
v -0.01316195 0.21177843 -0.14662600
v -0.01251623 0.22583594 -0.16611571
v -0.07020797 0.14281694 -0.13507153
v -0.05906494 0.10592317 -0.12346641
v -0.06858428 0.11061219 -0.11847014
v -0.05402964 0.10849032 -0.12641213
v -0.04725101 0.11834111 -0.13369843
v -0.04929859 0.11306579 -0.12925881
v -0.04489575 0.12305500 -0.13884461
v -0.02295429 0.09997145 -0.12286518
v -0.04117553 0.14877314 -0.15741042
v -0.05178105 0.14937011 -0.15556326
v -0.02354511 0.13457270 -0.14159796
v -0.03085890 0.12432642 -0.13795853
v -0.03184971 0.12986159 -0.14236460
v -0.04204697 0.14156919 -0.15291524
v -0.04296966 0.13396995 -0.14797383
v -0.05407181 0.13606604 -0.14508816
v -0.05304981 0.14266048 -0.15035949
v -0.00484746 0.15207813 -0.12607719
v -0.00332894 0.10526685 -0.10708159
v -0.07670266 0.14914810 -0.12582550
v -0.03071570 0.05986023 -0.10802872
v -0.07192707 0.10158027 -0.11236921
v -0.03409505 0.11280806 -0.12977599
v -0.00575262 0.16251495 -0.13066822
v -0.02799968 0.19796801 -0.18287203
v -0.02027488 0.20057850 -0.17463766
v -0.06192398 0.15920760 -0.15425701
v -0.06458932 0.14934358 -0.14549195
v -0.02891231 0.14415556 -0.15184361
v -0.02852948 0.15124352 -0.15585899
v -0.02001632 0.15718006 -0.15023180
v -0.02888859 0.16381804 -0.16301067
v -0.02163449 0.16846072 -0.15645246
v -0.05819502 0.17903652 -0.17092836
v -0.07700017 0.13794466 -0.11631838
v -0.01604957 0.16834216 -0.14910217
v -0.00963003 0.17053040 -0.14115261
v -0.03057938 0.13659549 -0.14677875
v -0.05568032 0.13084711 -0.14032161
v -0.04365819 0.12746873 -0.14301921
v -0.00175373 0.08044669 -0.09601138
v -0.00028181 0.10381125 -0.09939843
v -0.05186234 0.17517422 -0.17158546
v -0.02179578 0.16081745 -0.15421731
v -0.02874886 0.15671103 -0.15894133
v -0.01639213 0.18898141 -0.15763818
v -0.00819039 0.18240109 -0.14216210
v -0.05407112 0.20001007 -0.18981105
v -0.00246101 0.14947485 -0.11502998
v -0.00140947 0.12302908 -0.09314179
v 0.00193120 0.10723823 -0.08835392
v -0.07737016 0.25868493 -0.20159865
v -0.07506764 0.28585687 -0.21282558
v -0.07195670 0.27270567 -0.22401959
v -0.07338539 0.25091126 -0.20906342
v -0.07228471 0.27296079 -0.17682985
v -0.07276128 0.25445601 -0.16452110
v -0.06023687 0.26256819 -0.15461316
v -0.06012441 0.28088425 -0.16930005
v -0.00266243 0.15602743 -0.10415763
v -0.00254288 0.13497401 -0.09470037
v -0.07721574 0.15187030 -0.09983447
v -0.07691133 0.16390737 -0.10995743
v -0.06111036 0.13925443 -0.14234346
v -0.05966930 0.14557967 -0.14735370
v -0.07591176 0.17383765 -0.11913863
v -0.07685545 0.13657753 -0.08812597
v -0.01230722 0.20945217 -0.15006907
v -0.00805287 0.19165897 -0.13395693
v -0.01265468 0.20196781 -0.15515403
v -0.07800770 0.12366738 -0.07941552
v -0.02969687 0.23211140 -0.21244635
v -0.01970239 0.23884541 -0.20489994
v -0.01954658 0.22048096 -0.18789520
v -0.02996238 0.21276327 -0.19621004
v -0.05773545 0.15220862 -0.15332263
v -0.07438380 0.18355939 -0.12813649
v -0.01907015 0.22076677 -0.13782577
v -0.01528712 0.23859015 -0.15644477
v -0.04873254 0.25473233 -0.23526089
v -0.03976187 0.25357944 -0.23458325
v -0.04159208 0.23119544 -0.21752537
v -0.05062977 0.23408133 -0.21891258
v -0.07612886 0.22873960 -0.16454138
v -0.07461904 0.20471512 -0.14774228
v -0.02814851 0.28348158 -0.16804110
v -0.02975852 0.30238900 -0.18287001
v -0.04437354 0.30406376 -0.17975245
v -0.04388720 0.28739784 -0.16457347
v -0.06150579 0.13475285 -0.13907361
v -0.00353463 0.16645356 -0.12168940
v -0.07675414 0.23994672 -0.18847188
v -0.07397759 0.23439984 -0.19510957
v -0.07752827 0.26526526 -0.18910096
v -0.07713194 0.24612485 -0.17731668
v -0.01282521 0.24676916 -0.19885726
v -0.01404534 0.23250651 -0.18448996
v -0.05227953 0.21654410 -0.20404349
v -0.06189253 0.22242193 -0.20349396
v -0.06041204 0.23977576 -0.21880590
v -0.06857508 0.24539226 -0.21463659
v -0.06923506 0.22823358 -0.19964523
v -0.06553702 0.14139301 -0.13974145
v -0.04312774 0.21273256 -0.20200924
v -0.00419821 0.17192358 -0.11325962
v -0.00659389 0.17021745 -0.13472307
v -0.00529456 0.17640022 -0.13056428
v -0.02906093 0.25477616 -0.23024617
v -0.08067489 0.11108025 -0.07027797
v -0.08289496 0.09601693 -0.05824946
v -0.00552306 0.18248374 -0.12117660
v 0.00446825 0.07935941 -0.07921521
v -0.02847599 0.26594385 -0.15515186
v -0.04456270 0.26846520 -0.15021133
v -0.06968107 0.29046091 -0.18946333
v -0.05816496 0.29806170 -0.18263937
v -0.07555189 0.28144678 -0.19798597
v -0.06611063 0.26515260 -0.23139227
v -0.05762090 0.25902273 -0.23434778
v -0.01641130 0.27621552 -0.17162070
v -0.01798867 0.29638130 -0.18722003
v -0.02840036 0.18360403 -0.09320836
v -0.01528712 0.23859015 -0.15644477
v -0.01764144 0.25997942 -0.15868780
v -0.02877469 0.19498511 -0.10347609
v -0.02002589 0.25965826 -0.22311693
v -0.01122187 0.26679047 -0.17903073
v -0.01099937 0.25930152 -0.18651332
v -0.01088203 0.27785821 -0.20012377
v -0.01236698 0.28665592 -0.19327467
v -0.01122187 0.26679047 -0.17903073
v -0.01236698 0.28665592 -0.19327467
v -0.01592334 0.21228785 -0.17258438
v -0.01267292 0.26823903 -0.21586012
v -0.00999717 0.25331787 -0.19298108
v -0.01069806 0.27320707 -0.20776690
v -0.01197581 0.23865400 -0.18044553
v -0.01164595 0.24371187 -0.17371536
v -0.02756108 0.20383146 -0.11277056
v -0.01323765 0.22094027 -0.16978972
v -0.04545590 0.19531896 -0.18773818
v -0.01277766 0.25054328 -0.16567782
v -0.03595709 0.19787006 -0.18754321
v -0.01277766 0.25054328 -0.16567782
v -0.02173700 0.20987181 -0.18339964
v -0.03972344 0.08537004 -0.00494679
v -0.02318306 0.08593095 -0.00495770
v -0.07905213 0.04203457 -0.07239167
v -0.06764350 0.03393038 -0.08329736
v -0.06883920 0.02082610 -0.07300712
v -0.07931603 0.02826841 -0.06102612
v 0.00343427 0.04150340 -0.06742803
v 0.00485922 0.05420784 -0.05949032
v 0.00902522 0.03479981 -0.04770158
v 0.00419206 0.02212604 -0.05728575
v 0.00113513 0.07658813 -0.02529660
v 0.00488915 0.06750222 -0.04141425
v -0.07472475 0.07616086 -0.01791424
v -0.06151997 0.08276355 -0.01074687
v -0.00789733 0.08238952 -0.01277333
v -0.05128306 0.08571848 -0.00599444
v -0.07831449 0.06452738 -0.01660504
v -0.07655003 0.05381869 -0.00394447
v -0.06761597 0.05797752 0.00478397
v -0.08618187 0.03638191 -0.04674810
v -0.08730962 0.04474177 -0.03271902
v -0.08702090 0.05819826 -0.04646021
v -0.08554577 0.05140156 -0.06053741
v -0.08427035 0.06676971 -0.07252133
v -0.08603877 0.07450856 -0.05942299
v -0.00582261 0.06199845 0.00137400
v 0.00287086 0.05488746 -0.01197612
v 0.00110703 0.06583556 -0.01920805
v -0.00737697 0.07241754 -0.00614742
v 0.00287086 0.05488746 -0.01197612
v 0.00532417 0.05051574 -0.02115273
v 0.00253168 0.06133204 -0.02759484
v 0.00110703 0.06583556 -0.01920805
v -0.05570815 0.06318481 0.00905626
v -0.02058138 0.06819842 0.00913634
v -0.02201860 0.07733710 0.00192595
v 0.00113513 0.07658813 -0.02529660
v -0.07764704 0.05776075 -0.08383684
v -0.07483768 0.03923161 0.01078292
v -0.06381521 0.04098464 0.02084063
v -0.03348097 0.01627205 -0.08433996
v -0.05271541 0.01574613 -0.08135748
v -0.05115543 0.02951800 -0.08985802
v -0.03325936 0.02974890 -0.09310370
v 0.00821055 0.04687351 -0.03020314
v 0.00972402 0.02257588 -0.01485325
v 0.01092369 0.00478840 -0.02914560
v -0.05083735 0.04587996 0.02430093
v -0.04916496 0.04388571 -0.09831406
v -0.03241717 0.04319953 -0.10006545
v -0.06564729 0.04982413 -0.09407287
v -0.00329286 0.03914264 0.01463496
v 0.00494434 0.03407949 0.00111753
v -0.01775005 0.04908330 0.02060822
v -0.00446383 0.05653180 -0.08825715
v -0.01232199 0.05397983 -0.09507808
v -0.02050956 0.04711906 -0.09817255
v -0.08728688 0.01223901 -0.02382412
v -0.08763025 0.02695378 -0.01453287
v -0.01364954 0.04310226 -0.09048771
v -0.00874230 0.04238381 -0.08484141
v -0.01598948 0.02543819 -0.08277490
v -0.02060868 0.03524778 -0.09134946
v -0.01942944 -0.00450241 -0.06389887
v -0.03560121 -0.00460174 -0.07109809
v -0.08034541 0.00710050 -0.04493060
v 0.00405895 -0.01077643 -0.03726165
v -0.05471397 -0.00433317 -0.06840832
v -0.06982245 0.00111733 -0.05848145
v 0.00127306 0.05566679 -0.07582598
v -0.00204262 0.04265168 -0.07588443
v -0.08361128 0.07833472 -0.04268874
v -0.08352801 0.05059057 -0.01713633
v -0.08297762 0.03524016 -0.00117368
v -0.08434228 0.06254857 -0.03043945
v -0.00429334 0.02317692 -0.06961608
v -0.03861958 0.07730506 0.00174750
v -0.03745006 0.06793462 0.00969760
v -0.03462194 0.04974822 0.02335172
v -0.00780422 -0.00627922 -0.05210766
v -0.04939392 0.07859089 0.00154546
v -0.02378242 0.21149597 -0.12386885
v -0.01362799 0.20357640 -0.12840609
v -0.02650961 0.20634932 -0.18788597
v -0.03095573 0.31949890 -0.19806139
v -0.04472309 0.32056034 -0.19839056
v -0.01195856 0.29602281 -0.21336498
v -0.01463718 0.30594634 -0.20870821
v -0.05609874 0.31741997 -0.20001924
v -0.06824189 0.30543666 -0.20392368
v -0.01463718 0.30594634 -0.20870821
v -0.02150724 0.31590476 -0.20205031
v -0.02738871 0.28289598 -0.25189303
v -0.01816606 0.28858725 -0.24537185
v -0.06910441 0.30116899 -0.24549026
v -0.07109353 0.31365654 -0.23343803
v -0.01218639 0.29819518 -0.23876705
v -0.01212352 0.30657730 -0.22732676
v -0.05466568 0.33735995 -0.21915233
v -0.04404381 0.33943393 -0.21671914
v -0.06248387 0.29255771 -0.25171031
v -0.06421627 0.32936917 -0.22516835
v -0.02139816 0.33399518 -0.21982407
v -0.03131760 0.33814461 -0.21643795
v -0.01368372 0.32421038 -0.22564864
v -0.03774627 0.28024935 -0.25382329
v -0.04625400 0.27839085 -0.25351675
v -0.01368372 0.32421038 -0.22564864
v -0.05487847 0.28436607 -0.25399198
v -0.01750707 0.30585946 -0.25910035
v -0.02809346 0.30002846 -0.26700477
v -0.03047367 0.31153999 -0.27819444
v -0.01786385 0.31793841 -0.26869732
v -0.06727056 0.33509618 -0.24573537
v -0.06065725 0.34567369 -0.23580786
v -0.02950776 0.35607759 -0.23834387
v -0.02774793 0.36830411 -0.24798415
v -0.03785045 0.37310575 -0.24775961
v -0.04013388 0.36131730 -0.23732837
v -0.05667715 0.35764528 -0.24491439
v -0.05337944 0.37010555 -0.25435553
v -0.05900544 0.36672932 -0.26365330
v -0.06341335 0.35045430 -0.25382246
v -0.06547473 0.32391241 -0.25832915
v -0.03153622 0.32567129 -0.29005291
v -0.01619235 0.33007675 -0.28143647
v -0.06300553 0.35355449 -0.27329104
v -0.05806762 0.34333824 -0.28553671
v -0.05894868 0.32691035 -0.27452597
v -0.06461113 0.33909794 -0.26529406
v -0.03038303 0.34771363 -0.22871253
v -0.02011684 0.34392150 -0.23096199
v -0.02125818 0.35158183 -0.24008684
v -0.01337782 0.33854532 -0.24922561
v -0.01126060 0.32934350 -0.24185354
v -0.01134837 0.31873747 -0.25125227
v -0.01214389 0.32857066 -0.25812878
v -0.04245384 0.35209933 -0.22799680
v -0.05200929 0.35066833 -0.23068155
v -0.06077571 0.31293497 -0.26542640
v -0.00985978 0.34459521 -0.26968137
v -0.04964251 0.36045604 -0.24060172
v -0.04656310 0.37207998 -0.25048883
v -0.01299696 0.35170458 -0.25715866
v -0.01647686 0.35844280 -0.25282759
v -0.01683642 0.34533153 -0.24454427
v -0.02063777 0.36395121 -0.24944579
v -0.01647686 0.35844280 -0.25282759
v -0.01683642 0.34533153 -0.24454427
v -0.01463267 0.33656090 -0.23630269
v -0.03916242 0.29692948 -0.26750249
v -0.04503662 0.29315689 -0.26404625
v -0.05256196 0.30200874 -0.26678772
v -0.04674303 0.31186133 -0.27542240
v -0.04638772 0.33038631 -0.28981523
v -0.01463267 0.33656090 -0.23630269
v -0.01219430 0.34732988 -0.38591492
v -0.01371708 0.34824044 -0.38447480
v -0.01290564 0.34915899 -0.38543349
v -0.01245998 0.34850258 -0.38677960
v -0.01138740 0.35036538 -0.38817588
v -0.01117056 0.34967253 -0.38860456
v -0.01201442 0.34895097 -0.38846918
v -0.01233741 0.34943372 -0.38744807
v -0.04667863 0.38146119 -0.35714432
v -0.04770252 0.38877026 -0.34605930
v -0.04419406 0.39221054 -0.34733105
v -0.04405467 0.38435883 -0.35873866
v -0.01484294 0.34901395 -0.38579182
v -0.01828113 0.34985718 -0.38752105
v -0.01278186 0.35008776 -0.38633326
v -0.05611004 0.36859035 -0.29843088
v -0.05365751 0.36607175 -0.30335229
v -0.05521579 0.35858186 -0.29783981
v -0.05776389 0.36001592 -0.29294052
v -0.04980492 0.42028297 -0.30542633
v -0.04523726 0.42391883 -0.30291132
v -0.04446602 0.42058198 -0.31107832
v -0.04950699 0.41681403 -0.31199052
v -0.01516853 0.40310354 -0.31145068
v -0.01943621 0.40739101 -0.31674984
v -0.02236363 0.41923278 -0.30019785
v -0.02183623 0.41327102 -0.29397348
v -0.05328779 0.37277230 -0.30881171
v -0.04914160 0.37183785 -0.31628983
v -0.04718278 0.36274181 -0.31059971
v -0.05211544 0.35353715 -0.29974025
v 0.00335426 0.34918863 -0.38519972
v 0.00342447 0.34953275 -0.38416877
v 0.00084980 0.34911326 -0.38419635
v 0.00093708 0.34890109 -0.38516951
v -0.00078948 0.34977319 -0.38462857
v -0.00071457 0.34944553 -0.38574399
v -0.02257997 0.40548301 -0.28782646
v -0.01388307 0.39799962 -0.30555923
v -0.04718121 0.42157446 -0.29578469
v -0.04127428 0.42432033 -0.29263177
v -0.04054224 0.42578359 -0.30043343
v -0.01795707 0.34793901 -0.38529902
v -0.01229542 0.34798168 -0.38797538
v -0.01194299 0.34763746 -0.38939217
v -0.01142215 0.34628865 -0.38887752
v -0.01188089 0.34655467 -0.38745813
v -0.03337091 0.41935725 -0.28552663
v -0.03249765 0.40821791 -0.27990061
v -0.02669938 0.40671188 -0.28194921
v -0.02642830 0.41715312 -0.28856128
v -0.05293183 0.41171389 -0.30877586
v -0.05128932 0.41733273 -0.30068083
v -0.04306131 0.38805826 -0.26339546
v -0.04794021 0.38589056 -0.26569906
v -0.05996688 0.36874337 -0.28336868
v -0.01010775 0.35043111 -0.38816332
v -0.00996335 0.34980715 -0.38854281
v -0.00866831 0.35002395 -0.38673351
v -0.01033534 0.35186745 -0.38729108
v -0.00440108 0.35401119 -0.38663029
v -0.00149986 0.35343119 -0.38519038
v -0.02782963 0.38489996 -0.26183737
v -0.03634557 0.38862978 -0.26198917
v -0.01233741 0.34943372 -0.38744807
v -0.00853174 0.34892078 -0.38941036
v -0.00975351 0.34965633 -0.38976967
v -0.00870489 0.34921350 -0.38819670
v -0.05295233 0.37905921 -0.31096248
v -0.04994572 0.37854664 -0.31835486
v -0.00836728 0.34879535 -0.38670815
v -0.00840730 0.34806446 -0.38594710
v -0.00819722 0.34733711 -0.38727545
v -0.00816760 0.34824413 -0.38768861
v -0.02183623 0.41327102 -0.29397348
v -0.02236363 0.41923278 -0.30019785
v -0.02703550 0.42249881 -0.29580546
v -0.05223716 0.40569161 -0.30358800
v -0.05048237 0.39809429 -0.29590502
v -0.04902792 0.40325790 -0.28776421
v -0.05098311 0.41180258 -0.29486357
v -0.04512022 0.37402730 -0.36896982
v -0.04192080 0.37690945 -0.37065526
v -0.01201442 0.34895097 -0.38846918
v -0.04729730 0.41666785 -0.28928760
v -0.04718121 0.42157446 -0.29578469
v -0.05128932 0.41733273 -0.30068083
v -0.01764142 0.35178967 -0.38788564
v -0.01202236 0.35193671 -0.38733385
v -0.01278186 0.35008776 -0.38633326
v -0.01828113 0.34985718 -0.38752105
v -0.03552921 0.39739688 -0.27046637
v -0.04225597 0.39680126 -0.27207339
v -0.01054165 0.35487788 -0.38829732
v -0.00528558 0.35563976 -0.38735199
v -0.00913552 0.34710494 -0.38526574
v -0.00880228 0.34653129 -0.38697750
v 0.00053575 0.34971744 -0.38269368
v 0.00341170 0.35028278 -0.38261918
v -0.05524964 0.37376153 -0.30310983
v -0.05409876 0.37788872 -0.30621024
v -0.04365921 0.36663701 -0.33514978
v -0.04481159 0.36963611 -0.32477226
v -0.04771626 0.37551024 -0.32706027
v -0.04674658 0.37262997 -0.33582746
v -0.03317913 0.42299851 -0.30820751
v -0.03919768 0.42247562 -0.30956044
v -0.03391050 0.42615649 -0.30025164
v -0.00808180 0.34810398 -0.38907214
v -0.00816760 0.34824413 -0.38768861
v -0.00100429 0.35034554 -0.38346575
v -0.00871979 0.34976690 -0.38757191
v -0.00836728 0.34879535 -0.38670815
v -0.03376937 0.42459899 -0.29291827
v -0.02703550 0.42249881 -0.29580546
v -0.02961333 0.42502368 -0.30243160
v -0.01039319 0.34611465 -0.38697446
v -0.01009732 0.34596162 -0.38864717
v -0.01079863 0.34675955 -0.38516904
v -0.03376937 0.42459899 -0.29291827
v -0.04127428 0.42432033 -0.29263177
v -0.04032763 0.41931479 -0.28577988
v -0.00795173 0.34806329 -0.39025580
v -0.00835721 0.34889230 -0.39062621
v -0.04616915 0.39426804 -0.27495060
v -0.00803497 0.34706196 -0.38877929
v -0.00808180 0.34810398 -0.38907214
v -0.02433192 0.41076027 -0.32076416
v -0.02665023 0.42230696 -0.30581627
v -0.04112003 0.36312837 -0.32212918
v -0.01171212 0.34737408 -0.39051568
v -0.01119969 0.34615467 -0.39007837
v -0.02967489 0.35032467 -0.38543021
v -0.02923418 0.35020993 -0.38699587
v -0.02830021 0.35028732 -0.38678164
v -0.02851561 0.35031744 -0.38539237
v -0.02106394 0.34706730 -0.39003143
v -0.02131886 0.34767055 -0.38750822
v -0.02160955 0.34849884 -0.38852645
v -0.02139499 0.34808643 -0.39028841
v -0.01997494 0.34663285 -0.38964474
v -0.02042578 0.34723947 -0.38711016
v -0.02130898 0.34954800 -0.38927285
v -0.02109121 0.34929828 -0.39101716
v -0.01764551 0.34875554 -0.39203672
v -0.01803068 0.34944888 -0.39236796
v -0.01839154 0.34960932 -0.39058728
v -0.01796918 0.34891186 -0.39035072
v -0.02068567 0.34689571 -0.39182920
v -0.02105164 0.34794943 -0.39235108
v -0.01951667 0.34647466 -0.39150706
v -0.01827122 0.34673124 -0.39140957
v -0.01857558 0.34686907 -0.38946435
v -0.03074250 0.35233339 -0.38497756
v -0.03047045 0.35329062 -0.38534203
v -0.03042678 0.35297602 -0.38664975
v -0.03079037 0.35214763 -0.38624247
v -0.01796918 0.34891186 -0.39035072
v -0.01792279 0.34785989 -0.38977474
v -0.01762258 0.34744665 -0.39163512
v -0.01764551 0.34875554 -0.39203672
v -0.03071645 0.35100967 -0.38571513
v -0.03028742 0.35077744 -0.38726497
v -0.03031269 0.35168452 -0.38943587
v -0.03056374 0.35179966 -0.38767835
v -0.03019854 0.35274065 -0.38793380
v -0.02994002 0.35256065 -0.38964694
v -0.02816597 0.35027616 -0.38842065
v -0.02740348 0.35080830 -0.38852773
v -0.02766901 0.35088134 -0.38690845
v -0.02992353 0.35071279 -0.38868030
v -0.01103849 0.34949607 -0.38991449
v -0.01084470 0.34946554 -0.39108890
v -0.01161494 0.34840467 -0.39087725
v -0.01176038 0.34864782 -0.38985436
v -0.02743331 0.35186558 -0.38716237
v -0.02710378 0.35176110 -0.38881235
v -0.02785637 0.35094332 -0.38568342
v -0.01892487 0.34749363 -0.38711028
v -0.02041362 0.35005983 -0.39106988
v -0.02010022 0.34988262 -0.39295918
v -0.02081179 0.34914977 -0.39292153
v -0.02109121 0.34929828 -0.39101716
v -0.02130898 0.34954800 -0.38927285
v -0.02125469 0.35018597 -0.38761201
v -0.02112078 0.35230905 -0.38773656
v -0.02066136 0.35038866 -0.38970497
v -0.02141876 0.34822932 -0.38596241
v -0.02066336 0.34936744 -0.38665849
v -0.02050125 0.34782942 -0.38565499
v -0.01826422 0.34844440 -0.38797020
v -0.01815222 0.34912592 -0.38893107
v -0.02746979 0.35117273 -0.38507411
v -0.02711165 0.34998694 -0.38462924
v -0.02758768 0.35183489 -0.38615906
v -0.02760272 0.35206435 -0.38546235
v -0.02125469 0.35018597 -0.38761201
v -0.02908817 0.35025029 -0.38846651
v -0.02988366 0.35060492 -0.38412231
v -0.03079886 0.35125247 -0.38433591
v -0.01176038 0.34864782 -0.38985436
v -0.02972795 0.35364087 -0.38687085
v -0.02941927 0.35346430 -0.38794268
v -0.03019854 0.35274065 -0.38793380
v -0.03042678 0.35297602 -0.38664975
v -0.01161494 0.34840467 -0.39087725
v -0.01941540 0.35017750 -0.39082909
v -0.01914756 0.34998372 -0.39264033
v -0.02081179 0.34914977 -0.39292153
v -0.03047045 0.35329062 -0.38534203
v -0.02983431 0.35471695 -0.38551881
v -0.02922307 0.35321980 -0.38949396
v -0.02850296 0.35337653 -0.38780772
v -0.02820884 0.35320536 -0.38920928
v -0.01851424 0.34993203 -0.38926777
v -0.01815222 0.34912592 -0.38893107
v -0.01967062 0.35059374 -0.38959208
v -0.00945537 0.34960903 -0.39092444
v -0.02994002 0.35256065 -0.38964694
v -0.02980065 0.35057341 -0.37964755
v -0.03149368 0.35122851 -0.37944419
v -0.03664271 0.36034304 -0.38530933
v -0.03693544 0.35768045 -0.38507349
v -0.03822531 0.35850509 -0.38543970
v -0.03864538 0.36071187 -0.38473598
v -0.03713575 0.35439266 -0.38652267
v -0.03726789 0.35426783 -0.38535358
v -0.03857259 0.35428997 -0.38592679
v -0.03813133 0.35441129 -0.38702117
v -0.03936020 0.35507694 -0.38643264
v -0.03895196 0.35511864 -0.38738150
v -0.03659516 0.35514054 -0.38448848
v -0.03739144 0.35426971 -0.38408817
v -0.03652488 0.35502060 -0.38536183
v -0.03648056 0.35643309 -0.38486864
v -0.03617348 0.35651260 -0.38582701
v -0.03673763 0.35731145 -0.38634443
v -0.03705762 0.35725864 -0.38541846
v -0.03825824 0.35447909 -0.37993514
v -0.03896948 0.35475232 -0.38316499
v -0.03641662 0.35388878 -0.38321265
v -0.03624159 0.35349036 -0.37972682
v -0.03929796 0.35727533 -0.38600925
v -0.03969352 0.35838488 -0.38474705
v -0.03841448 0.35760403 -0.38603856
v -0.04007581 0.35581226 -0.38338711
v -0.04068930 0.35655770 -0.37962739
v -0.03630798 0.35587075 -0.38425398
v -0.03556650 0.35442155 -0.38394958
v -0.03636167 0.35585469 -0.38468027
v -0.03918945 0.36390041 -0.38339493
v -0.03642553 0.36289845 -0.38468303
v -0.03624826 0.35573263 -0.38548320
v -0.03598800 0.35555998 -0.38649145
v -0.03592937 0.35641039 -0.38673345
v -0.03624826 0.35573263 -0.38548320
v -0.03447333 0.35621790 -0.38486154
v -0.03890181 0.35441114 -0.38442659
v -0.03654867 0.35720371 -0.38721322
v -0.03929796 0.35727533 -0.38600925
v -0.03898845 0.35688555 -0.38719480
v -0.03941392 0.35623873 -0.38697982
v -0.03985605 0.35654482 -0.38551872
v -0.03993370 0.35551417 -0.38488201
v -0.03629461 0.35497581 -0.38629028
v -0.03908784 0.35606321 -0.38783424
v -0.03868239 0.35672979 -0.38791890
v -0.03630798 0.35587075 -0.38425398
v -0.03636167 0.35585469 -0.38468027
v -0.04041431 0.36059733 -0.38371220
v -0.03811123 0.35746294 -0.38693675
v -0.03898845 0.35688555 -0.38719480
v -0.03868239 0.35672979 -0.38791890
v -0.03787893 0.35729251 -0.38778806
v -0.04024095 0.35714542 -0.38413076
v -0.04189098 0.36377180 -0.38172557
v -0.03598800 0.35555998 -0.38649145
v -0.04926312 0.39363391 -0.28413860
v -0.04643232 0.39680810 -0.28050867
v -0.02127673 0.39198536 -0.27931322
v -0.01916329 0.39333029 -0.28419499
v -0.02249622 0.40031964 -0.28438411
v -0.02444943 0.39577567 -0.27802632
v -0.03410083 0.35914378 -0.38565641
v -0.03073683 0.35771024 -0.38607353
v -0.05126007 0.38292878 -0.26811729
v -0.02444943 0.39577567 -0.27802632
v -0.02249622 0.40031964 -0.28438411
v -0.02257997 0.40548301 -0.28782646
v -0.02857210 0.34067705 -0.30251959
v -0.01552151 0.34542414 -0.29714083
v -0.05725943 0.37616376 -0.29093618
v -0.00792952 0.34696625 -0.38998633
v -0.00795173 0.34806329 -0.39025580
v -0.01138171 0.36239775 -0.31888699
v -0.01986291 0.35517742 -0.32129963
v -0.01432604 0.35434406 -0.33133909
v -0.00636699 0.36451583 -0.33106406
v -0.00810873 0.37236329 -0.31733960
v -0.00416990 0.37565096 -0.33261883
v -0.02669661 0.35062112 -0.34668410
v -0.01035763 0.35294181 -0.34207342
v -0.03019907 0.35387928 -0.33306823
v -0.00992672 0.34588176 -0.38981082
v -0.00865713 0.34627352 -0.38986618
v -0.00870719 0.34633258 -0.38858900
v -0.03754763 0.35729254 -0.34689380
v -0.03885989 0.36034401 -0.33410899
v -0.04294246 0.36374287 -0.34741046
v -0.03307523 0.36190977 -0.38533763
v -0.01456582 0.35707010 -0.30798304
v -0.02454119 0.35229177 -0.31198698
v -0.01306965 0.39288717 -0.30062383
v -0.02127673 0.39198536 -0.27931322
v -0.02407210 0.39143573 -0.27291025
v -0.02070382 0.38805835 -0.27447052
v -0.00843994 0.37932879 -0.31487762
v -0.00869030 0.37637837 -0.30363338
v -0.01004650 0.36584345 -0.30150451
v -0.01751809 0.38503163 -0.27643468
v -0.02070382 0.38805835 -0.27447052
v -0.01856983 0.37721501 -0.26483767
v -0.01447293 0.37069420 -0.26750637
v -0.00754951 0.34897244 -0.38292480
v -0.01124118 0.34770054 -0.38346726
v -0.05435517 0.38339842 -0.30003646
v -0.05294235 0.38666608 -0.30414832
v -0.00626655 0.35268960 -0.35785331
v -0.01714706 0.34878067 -0.36061439
v -0.01391646 0.34852672 -0.37105586
v -0.00330649 0.35203485 -0.36934703
v -0.03039085 0.35099625 -0.36161697
v -0.03750412 0.35575103 -0.36228856
v -0.03711477 0.35403869 -0.37365983
v -0.03068584 0.35081071 -0.37278383
v -0.03975797 0.39416166 -0.34753625
v -0.04480424 0.39830091 -0.33944278
v -0.03991781 0.40025955 -0.33968410
v 0.00508361 0.35148496 -0.38328959
v 0.00494314 0.35055415 -0.38453695
v -0.01349822 0.35499411 -0.38854065
v -0.04971262 0.39124856 -0.27792137
v -0.05544604 0.37997172 -0.29570263
v -0.01856983 0.37721501 -0.26483767
v -0.02252588 0.38137012 -0.26288492
v -0.05694900 0.37666867 -0.27368627
v -0.03807197 0.35458629 -0.31161559
v -0.03364913 0.35667013 -0.32224244
v -0.05205035 0.38858043 -0.28031099
v -0.05447792 0.37938574 -0.27029907
v -0.05148153 0.39208594 -0.29234298
v -0.05120703 0.39064607 -0.28647025
v -0.03882550 0.38655341 -0.35945629
v -0.01090564 0.37197918 -0.28825619
v -0.01074078 0.37972152 -0.29260882
v -0.04286596 0.34596442 -0.30271871
v -0.01013420 0.35451824 -0.28679082
v -0.02851677 0.39497828 -0.27098597
v -0.02986666 0.39927324 -0.27492892
v -0.04066684 0.37034136 -0.37839840
v -0.04399818 0.36862953 -0.37615054
v -0.05423517 0.38484737 -0.28356822
v -0.05332665 0.38713933 -0.28916014
v -0.01704904 0.38769246 -0.28257534
v -0.01382924 0.37971443 -0.27978063
v -0.01884826 0.38848982 -0.27967600
v -0.05076019 0.39258057 -0.31306524
v -0.01091599 0.36488527 -0.27379092
v -0.05283786 0.38859662 -0.29272133
v -0.04807843 0.39465064 -0.33788000
v -0.01140189 0.38652327 -0.29670439
v -0.00306597 0.36200780 -0.34245284
v -0.02720496 0.35397132 -0.38599476
v -0.02760272 0.35206435 -0.38546235
v -0.04287139 0.39962237 -0.27684468
v 0.00491429 0.34992082 -0.38596280
v -0.02337587 0.34907831 -0.36506605
v -0.02068673 0.34868058 -0.37331857
v -0.01694170 0.35464365 -0.38835218
v -0.00982372 0.36395743 -0.28296055
v -0.04166512 0.36055998 -0.36162055
v -0.04065722 0.35714660 -0.37276201
v 0.00503693 0.35218217 -0.38826519
v 0.00355831 0.35290363 -0.38888465
v 0.00316996 0.35425668 -0.38758543
v 0.00493294 0.35357917 -0.38694045
v 0.00433568 0.35346777 -0.37864771
v 0.00642368 0.35673710 -0.37888394
v 0.00640201 0.35849254 -0.37672686
v 0.00390289 0.35479781 -0.37491779
v -0.03751557 0.37904621 -0.37138381
v -0.03686218 0.37141129 -0.37903665
v -0.00153528 0.35178443 -0.38481786
v -0.00132822 0.35146923 -0.38581172
v -0.00007877 0.35523359 -0.38724782
v -0.00119402 0.35317166 -0.38599709
v -0.01195238 0.34808069 -0.37887906
v -0.00969525 0.34881045 -0.37840340
v -0.01393727 0.34811609 -0.37932259
v -0.03685291 0.36621603 -0.38303881
v -0.03337641 0.37096393 -0.37954660
v -0.03208502 0.36472537 -0.38389077
v -0.02757348 0.34994437 -0.37996851
v -0.00294265 0.35149786 -0.37656884
v -0.00119402 0.35317166 -0.38599709
v -0.00095630 0.35279816 -0.38680438
v -0.02286784 0.34872023 -0.38057999
v -0.01942195 0.35986917 -0.38780759
v -0.02164998 0.36202937 -0.38539353
v -0.01555469 0.36194870 -0.38509418
v -0.01692555 0.35906732 -0.38799136
v -0.02106848 0.34832879 -0.38052023
v 0.00049531 0.35414118 -0.38784089
v 0.00099238 0.35300602 -0.38917054
v -0.00087835 0.35197556 -0.38833790
v -0.00095630 0.35279816 -0.38680438
v -0.03037303 0.36085363 -0.38567127
v -0.02753577 0.36385926 -0.38407398
v -0.02803104 0.36043281 -0.38581999
v -0.01831100 0.34822511 -0.38034549
v -0.02895845 0.35712397 -0.38606071
v -0.02856811 0.35466335 -0.38586166
v -0.02539282 0.35984855 -0.38662003
v -0.02577763 0.35611922 -0.38677814
v -0.03319268 0.37876968 -0.37140221
v -0.01415112 0.35883465 -0.38793269
v -0.02143104 0.35491354 -0.38798165
v -0.00087835 0.35197556 -0.38833790
v -0.00134070 0.35059814 -0.38708767
v -0.00732534 0.34991810 -0.38545771
v -0.00624269 0.34997343 -0.38391026
v -0.00866831 0.35002395 -0.38673351
v -0.00149986 0.35343119 -0.38519038
v -0.00184831 0.35265593 -0.38408016
v -0.00167337 0.35165024 -0.38154042
v 0.00566954 0.35223835 -0.38585804
v 0.00515710 0.35478627 -0.38622501
v 0.00584561 0.35316809 -0.38456140
v -0.00173544 0.35178577 -0.38383900
v -0.00189782 0.35203435 -0.38276080
v -0.02864057 0.35362353 -0.38677647
v -0.01946455 0.35234848 -0.38805792
v -0.01918780 0.35471714 -0.38820326
v 0.00304731 0.35551572 -0.38698669
v -0.01188089 0.35884077 -0.38746995
v -0.04460498 0.36481063 -0.36350000
v -0.04235556 0.35915204 -0.37649024
v -0.02226571 0.35948198 -0.38757723
v 0.00083980 0.35245976 -0.37522428
v 0.00318546 0.35644907 -0.36887049
v -0.00683574 0.35890683 -0.38675994
v -0.00732534 0.34991810 -0.38545771
v -0.01843897 0.37136281 -0.37607282
v -0.01731542 0.36502584 -0.38198546
v -0.02235082 0.36758778 -0.38133284
v -0.02468062 0.37642988 -0.37220845
v 0.00558396 0.35132463 -0.38749807
v 0.00093208 0.35913021 -0.35649385
v -0.00136187 0.35163312 -0.37579899
v -0.00282644 0.35917826 -0.38639870
v -0.00062147 0.35679312 -0.38645322
v 0.00670004 0.36136061 -0.37314023
v 0.00454763 0.36718279 -0.36139860
v -0.00338615 0.37943583 -0.35266769
v 0.00000652 0.37244151 -0.34568163
v 0.00149609 0.37417622 -0.36720299
v -0.00909673 0.38424782 -0.31175313
v -0.00985453 0.38893655 -0.31929651
v -0.01212930 0.39359483 -0.32629002
v -0.00860207 0.36200824 -0.38459129
v -0.02775569 0.35281252 -0.38747368
v -0.02743331 0.35186558 -0.38716237
v -0.02710378 0.35176110 -0.38881235
v -0.02740614 0.35266348 -0.38900723
v -0.04969255 0.40354720 -0.32424134
v -0.04617156 0.40795769 -0.32595757
v -0.04100112 0.41084344 -0.32622240
v -0.04158973 0.35896991 -0.38193888
v -0.04280021 0.36153364 -0.37874091
v -0.04189098 0.36377180 -0.38172557
v -0.04041431 0.36059733 -0.38371220
v -0.02917128 0.37846880 -0.37138866
v -0.02928700 0.37021999 -0.37997090
v -0.02685730 0.39367629 -0.34404049
v -0.03095575 0.39447075 -0.34496986
v -0.03020871 0.39981323 -0.33699601
v -0.02426215 0.39826409 -0.33576403
v 0.00058171 0.36706184 -0.38156903
v 0.00161735 0.36276637 -0.38412696
v -0.00329619 0.36349230 -0.38506019
v -0.00436819 0.36649293 -0.38248795
v -0.00925906 0.38120760 -0.30499405
v -0.02937609 0.41175717 -0.32291083
v -0.01037283 0.37438564 -0.37181741
v -0.00969502 0.36489228 -0.38194012
v -0.01440305 0.37117267 -0.37419759
v 0.00601434 0.35470749 -0.38231844
v 0.00552150 0.35629746 -0.38450873
v 0.00507326 0.35917546 -0.38302423
v -0.04502044 0.40710661 -0.28206183
v -0.02758768 0.35183489 -0.38615906
v -0.02766112 0.35294062 -0.38643554
v -0.02149742 0.38114369 -0.36199366
v -0.02862397 0.38447636 -0.35981612
v -0.03336947 0.38519503 -0.36120098
v -0.03230730 0.38947785 -0.35306666
v -0.02789290 0.38904794 -0.35153004
v -0.03647403 0.40104127 -0.27441663
v -0.00125837 0.35090226 -0.38273600
v 0.00492785 0.35259037 -0.38123779
v -0.01804860 0.39660037 -0.33118701
v 0.00258137 0.35949091 -0.38482007
v -0.00437207 0.37520662 -0.37038639
v -0.04399818 0.36862953 -0.37615054
v -0.04496731 0.36518155 -0.37408554
v -0.03521074 0.40027418 -0.33837252
v -0.03553790 0.41170544 -0.32517755
v 0.00550406 0.36156974 -0.38126168
v 0.00514584 0.36540011 -0.37859865
v -0.00773800 0.38379023 -0.32475979
v -0.03911144 0.40940998 -0.27901273
v 0.00279431 0.35083547 -0.38104242
v -0.00007525 0.35032134 -0.38151120
v -0.00995190 0.38931136 -0.33329432
v -0.01597775 0.39169283 -0.33775540
v -0.04512022 0.37402730 -0.36896982
v -0.04638632 0.37034407 -0.36658403
v -0.00016590 0.35131199 -0.37976777
v 0.00219525 0.35206659 -0.37915890
v -0.00938943 0.38126272 -0.35668844
v -0.03969352 0.35838488 -0.38474705
v 0.00333957 0.35709481 -0.38601425
v -0.02401177 0.39185197 -0.34457250
v -0.02071016 0.39310276 -0.34143830
v -0.03518570 0.39443411 -0.34608849
v -0.03555474 0.38935767 -0.35367411
v -0.01547224 0.38116867 -0.35878598
v -0.01932884 0.38842431 -0.34775823
v -0.02375657 0.38828749 -0.35007571
v -0.04926992 0.38351332 -0.33105507
v -0.05293183 0.41171389 -0.30877586
v -0.04534804 0.36780032 -0.36467229
v -0.04777217 0.37447220 -0.35076958
v -0.04783675 0.37768529 -0.35524949
v -0.01374133 0.38719512 -0.34439531
v -0.00730685 0.38414220 -0.34100322
v -0.04969255 0.40354720 -0.32424134
v -0.05086715 0.39933079 -0.32107229
v -0.04770252 0.38877026 -0.34605930
v -0.04928235 0.38576674 -0.34452409
v -0.04932891 0.39111461 -0.33593361
v -0.04807843 0.39465064 -0.33788000
v -0.04882507 0.37953165 -0.33994521
v -0.04390324 0.36308815 -0.37305973
v -0.04667863 0.38146119 -0.35714432
v -0.04609618 0.36976923 -0.34899512
v 0.00679167 0.02851405 -0.00776770
v 0.00494434 0.03407949 0.00111753
v -0.00867434 0.34624932 -0.39116078
v -0.00837403 0.34618329 -0.39175609
v -0.00814533 0.34629695 -0.39173692
v -0.00832880 0.34636840 -0.39102660
v -0.02863840 0.35030324 -0.39118402
v -0.02860123 0.35033470 -0.39133304
v -0.02769401 0.35023664 -0.39095885
v -0.02781758 0.35023134 -0.39085878
v -0.02818525 0.35026361 -0.38954267
v -0.02794470 0.35030785 -0.38936640
v -0.02900401 0.35024440 -0.38940680
v -0.02894139 0.35028215 -0.38960054
v 0.00484885 0.34825460 -0.38817779
v 0.00484621 0.34923072 -0.38719636
v 0.00396379 0.34868624 -0.38717800
v 0.00417135 0.34794687 -0.38800023
v -0.01069324 0.34614391 -0.39134728
v -0.01101614 0.34613420 -0.39140327
v -0.01100189 0.34609145 -0.39211064
v -0.01081413 0.34605972 -0.39203674
v -0.01830335 0.34675364 -0.39278582
v -0.01800520 0.34669309 -0.39329687
v -0.01783995 0.34677015 -0.39325828
v -0.01803721 0.34683525 -0.39266560
v 0.00396339 0.34676861 -0.38928765
v 0.00314538 0.34640227 -0.38932597
v 0.00345183 0.34660789 -0.39033959
v 0.00449535 0.34708265 -0.38953934
v -0.03678786 0.35448468 -0.38859872
v -0.03666294 0.35446930 -0.38868261
v -0.03665792 0.35449100 -0.38771034
v -0.03684841 0.35446465 -0.38780122
v -0.03743876 0.35460086 -0.38898356
v -0.03801727 0.35512110 -0.38897302
v -0.03802432 0.35518567 -0.38912429
v -0.03738633 0.35463572 -0.38911734
v -0.03835968 0.35515838 -0.38846110
v -0.03835239 0.35498815 -0.38801663
v -0.03858636 0.35510937 -0.38798562
v -0.03840087 0.35526992 -0.38865478
v -0.02789095 0.35022329 -0.38996941
v -0.02773592 0.35026184 -0.38990069
v -0.02961301 0.35080605 -0.39044330
v -0.02954504 0.35068759 -0.38989770
v -0.02983652 0.35080077 -0.38990780
v -0.02976242 0.35088969 -0.39050499
v -0.02933291 0.35079233 -0.39113917
v -0.02937441 0.35084685 -0.39130251
v 0.00183472 0.34652400 -0.39051336
v 0.00166845 0.34640843 -0.38929624
v 0.00086639 0.34679573 -0.38926016
v 0.00036710 0.34687278 -0.38969520
v -0.01050883 0.34585981 -0.39306851
v -0.01054642 0.34589014 -0.39326879
v -0.03779651 0.35452907 -0.38775763
v -0.03787367 0.35449634 -0.38760303
v -0.01799280 0.34656270 -0.39430960
v -0.01888163 0.34638343 -0.39463251
v -0.01885051 0.34640445 -0.39480433
v -0.01788551 0.34658509 -0.39446131
v -0.00844594 0.34597532 -0.39291113
v -0.00834130 0.34599490 -0.39310222
v -0.02007985 0.34690061 -0.39313396
v -0.01920363 0.34661471 -0.39273913
v -0.01926309 0.34654347 -0.39251967
v -0.02040971 0.34694031 -0.39318720
v 0.00041625 0.34770941 -0.38824832
v -0.00040095 0.34777676 -0.38855368
v -0.01986582 0.34668302 -0.39463285
v -0.02017746 0.34684796 -0.39377468
v -0.02035121 0.34689637 -0.39384501
v -0.01992104 0.34671819 -0.39481539
v 0.00045953 0.34846507 -0.38730504
v -0.00045731 0.34864042 -0.38716800
v 0.00128011 0.34861700 -0.38675846
v 0.00118456 0.34857181 -0.38629829
v -0.00946141 0.34564589 -0.39312888
v -0.00943853 0.34567487 -0.39334142
v -0.00967228 0.34598951 -0.39102202
v -0.00970753 0.34592044 -0.39082986
v 0.00309757 0.34877032 -0.38674859
v 0.00318086 0.34879122 -0.38634253
v -0.03713118 0.35451053 -0.38751896
v -0.03691286 0.35452606 -0.38718877
v 0.00306654 0.34643500 -0.38915755
v 0.00165551 0.34645314 -0.38918328
v -0.01135624 0.34675404 -0.39245609
v -0.01067070 0.34624872 -0.39378408
v 0.00170793 0.35055002 -0.39150001
v 0.00191423 0.34972218 -0.39188109
v 0.00076874 0.34963132 -0.39167461
v -0.00003687 0.35006304 -0.39097229
v 0.00138408 0.35151790 -0.39079533
v 0.00382856 0.35149327 -0.39035015
v -0.00055247 0.35101394 -0.38995488
v -0.01034178 0.34785809 -0.39420759
v -0.01069234 0.34704909 -0.39413084
v -0.01131429 0.34773670 -0.39281982
v -0.01059338 0.34873962 -0.39317020
v 0.00502225 0.35101057 -0.38969128
v 0.00503286 0.35011072 -0.39041640
v 0.00401236 0.35043543 -0.39110040
v 0.00385392 0.34684410 -0.38913168
v 0.00389058 0.34681118 -0.38918011
v -0.00935862 0.34606176 -0.39394577
v -0.00930191 0.34698542 -0.39442203
v -0.00799877 0.34721773 -0.39378934
v -0.00801638 0.34630803 -0.39344186
v -0.00926508 0.34802476 -0.39421529
v -0.00930191 0.34698542 -0.39442203
v -0.00761293 0.34685760 -0.39193110
v -0.00768764 0.34700192 -0.39118821
v -0.00769679 0.34801329 -0.39152786
v -0.00828589 0.34889492 -0.39199538
v 0.00484087 0.34931343 -0.39093615
v 0.00380455 0.34953903 -0.39157159
v -0.01069234 0.34704909 -0.39413084
v -0.00843068 0.34785934 -0.39401339
v -0.00799877 0.34721773 -0.39378934
v 0.00091409 0.34680191 -0.38921630
v -0.00760063 0.34784565 -0.39237230
v -0.00827415 0.34855464 -0.39297537
v -0.00769679 0.34801329 -0.39152786
v -0.00760063 0.34784565 -0.39237230
v -0.01131429 0.34773670 -0.39281982
v 0.00092790 0.34681562 -0.38918643
v -0.01731071 0.34824800 -0.39324020
v -0.01780277 0.34902162 -0.39382402
v -0.02938260 0.35129129 -0.39167628
v -0.02994651 0.35149077 -0.39085854
v -0.02956500 0.35182334 -0.39144339
v -0.02903037 0.35191682 -0.39188782
v -0.01755401 0.34790142 -0.39497366
v -0.01855546 0.34798384 -0.39554494
v -0.01891769 0.34936978 -0.39424067
v -0.00943198 0.34932168 -0.39237946
v -0.00932977 0.34890540 -0.39311814
v -0.01755401 0.34790142 -0.39497366
v -0.01758943 0.34686322 -0.39479924
v -0.01868334 0.34682194 -0.39532812
v -0.01855546 0.34798384 -0.39554494
v -0.01073608 0.34917375 -0.39240999
v -0.01149104 0.34698701 -0.39162923
v -0.01720421 0.34777654 -0.39411291
v -0.01731071 0.34824800 -0.39324020
v -0.01746967 0.34726098 -0.39259038
v -0.01737269 0.34705317 -0.39349630
v -0.02897325 0.35288244 -0.39066579
v -0.02812653 0.35280204 -0.39049889
v -0.02804494 0.35180404 -0.39176982
v -0.02903037 0.35191682 -0.39188782
v -0.01143211 0.34806107 -0.39207683
v -0.01720421 0.34777654 -0.39411291
v -0.02723944 0.35073225 -0.39122023
v -0.02828098 0.35094177 -0.39179229
v -0.02804494 0.35180404 -0.39176982
v -0.02716684 0.35155641 -0.39128512
v -0.02040946 0.34795895 -0.39504597
v -0.02059576 0.34864473 -0.39427231
v -0.01981841 0.34928887 -0.39446578
v -0.01977554 0.34802476 -0.39560652
v -0.02956500 0.35182334 -0.39144339
v -0.02976923 0.35236109 -0.39055959
v -0.01143211 0.34806107 -0.39207683
v -0.02723186 0.35236298 -0.39011625
v -0.02716684 0.35155641 -0.39128512
v -0.01071317 0.34607386 -0.39203969
v -0.01069416 0.34614667 -0.39197830
v -0.02085109 0.34775228 -0.39353945
v -0.02059576 0.34864473 -0.39427231
v -0.02695747 0.35129240 -0.39081087
v -0.02719408 0.35057811 -0.38995911
v -0.02040946 0.34795895 -0.39504597
v -0.02065194 0.34745404 -0.39435765
v -0.02697576 0.35168188 -0.38974552
v -0.02728331 0.35072487 -0.38925913
v -0.00843080 0.34615393 -0.39179729
v -0.00840383 0.34616864 -0.39177562
v -0.01977554 0.34802476 -0.39560652
v -0.01983074 0.34701404 -0.39530269
v -0.03015633 0.35164152 -0.39016608
v -0.02976923 0.35236109 -0.39055959
v -0.03686910 0.35446304 -0.38784210
v -0.03683546 0.35449638 -0.38858156
v -0.03586020 0.35556389 -0.38852127
v -0.03583782 0.35617164 -0.38747895
v -0.03591203 0.35538332 -0.38724278
v -0.03583939 0.35539723 -0.38805440
v -0.01804128 0.34667681 -0.39332236
v -0.01802774 0.34656415 -0.39426897
v -0.02791185 0.35022345 -0.38999399
v -0.02784167 0.35023544 -0.39084239
v -0.01982676 0.34668146 -0.39457789
v -0.02013374 0.34684757 -0.39377785
v -0.02958330 0.35079974 -0.39043607
v -0.02930322 0.35077827 -0.39111205
v -0.03583939 0.35539723 -0.38805440
v -0.03591203 0.35538332 -0.38724278
v -0.03615599 0.35495236 -0.38695057
v -0.03607214 0.35488946 -0.38762857
v -0.01890474 0.34639520 -0.39456751
v -0.03745398 0.35461050 -0.38892409
v -0.03799942 0.35509292 -0.38891589
v -0.01807795 0.34666051 -0.39334884
v -0.03711433 0.35500003 -0.38947985
v -0.03611412 0.35476854 -0.38856958
v -0.03850707 0.35583154 -0.38895954
v -0.03800562 0.35571019 -0.38945854
v -0.03875301 0.35593730 -0.38854326
v -0.03814240 0.35644310 -0.38900706
v -0.03829964 0.35661836 -0.38862954
v -0.03586020 0.35556389 -0.38852127
v -0.03758139 0.35648552 -0.38934338
v -0.03765415 0.35698551 -0.38855051
v -0.03647176 0.35688606 -0.38820872
v -0.03655456 0.35604662 -0.38925656
v -0.03689807 0.35446017 -0.38787999
v -0.02952414 0.35078624 -0.39044520
v -0.03758139 0.35648552 -0.38934338
v -0.03655456 0.35604662 -0.38925656
v -0.02864760 0.35031268 -0.39115314
v -0.03829964 0.35661836 -0.38862954
v -0.02795715 0.35021260 -0.39003592
v -0.03814240 0.35644310 -0.38900706
v -0.03833849 0.35513641 -0.38842017
v -0.03828491 0.35511478 -0.38841677
v -0.02007830 0.34684706 -0.39378271
v -0.01048499 0.34585971 -0.39300936
v -0.00947310 0.34565455 -0.39307535
v -0.00848001 0.34596833 -0.39285569
v 0.00076874 0.34963132 -0.39167461
v 0.00010149 0.34830843 -0.39113350
v -0.00074426 0.34895701 -0.38980239
v -0.00003687 0.35006304 -0.39097229
v 0.00380455 0.34953903 -0.39157159
v 0.00515944 0.34853222 -0.39045344
v 0.00378133 0.34788399 -0.39153270
v 0.00561214 0.35023377 -0.38876910
v 0.00554418 0.34935344 -0.38951720
v 0.00194159 0.34793760 -0.39190038
v 0.00191423 0.34972218 -0.39188109
v -0.00117077 0.34966493 -0.38847524
v -0.00055247 0.35101394 -0.38995488
v -0.02695747 0.35129240 -0.39081087
v -0.02697576 0.35168188 -0.38974552
v 0.00305676 0.34646351 -0.38911100
v 0.00165049 0.34647222 -0.38915087
vt 0.80088800 0.28113103
vt 0.78571099 0.28402495
vt 0.78912598 0.30721998
vt 0.80163801 0.30833602
vt 0.82527000 0.32907104
vt 0.84078199 0.33097601
vt 0.84188497 0.31233311
vt 0.82703900 0.31058908
vt 0.88594699 0.20851994
vt 0.87151998 0.20534110
vt 0.86455798 0.25091100
vt 0.87768900 0.25459003
vt 0.88898301 0.31560111
vt 0.88538003 0.33203006
vt 0.89334899 0.33225489
vt 0.89772099 0.31658292
vt 0.90201497 0.21208000
vt 0.89121503 0.25827408
vt 0.90460497 0.26097202
vt 0.91840202 0.21559191
vt 0.76295000 0.34119296
vt 0.76221198 0.35927701
vt 0.77660698 0.35741901
vt 0.77823699 0.34063911
vt 0.75699300 0.39545488
vt 0.75151002 0.43109894
vt 0.76556897 0.43053293
vt 0.77083898 0.39497304
vt 0.85556501 0.31360102
vt 0.85896301 0.28767204
vt 0.84512502 0.28298712
vt 0.86788702 0.31425905
vt 0.86645597 0.33212709
vt 0.87746799 0.33197904
vt 0.88018399 0.31479907
vt 0.79917097 0.34190607
vt 0.78788000 0.34086895
vt 0.78643298 0.35651588
vt 0.79730803 0.35694909
vt 0.78103399 0.39518809
vt 0.82400900 0.34534001
vt 0.83999300 0.34718990
vt 0.87145901 0.29084897
vt 0.88435900 0.29389191
vt 0.85427499 0.33230805
vt 0.84016401 0.36163306
vt 0.85445499 0.36245394
vt 0.85407001 0.34818292
vt 0.86327302 0.15264010
vt 0.84391201 0.15242505
vt 0.83915001 0.20173907
vt 0.85638100 0.20317602
vt 0.86766100 0.36200500
vt 0.85916299 0.39967799
vt 0.87656301 0.39867997
vt 0.58389002 0.34047103
vt 0.58091301 0.31550598
vt 0.56734103 0.32249188
vt 0.57145500 0.34447193
vt 0.89407402 0.29535604
vt 0.93520701 0.21799111
vt 0.95454901 0.16750503
vt 0.93492901 0.16419196
vt 0.82183200 0.39795709
vt 0.84146500 0.39926910
vt 0.82307500 0.36004901
vt 0.89186102 0.34663010
vt 0.88440001 0.34684300
vt 0.88529801 0.35973811
vt 0.89243001 0.35978508
vt 0.91477603 0.16081691
vt 0.87833899 0.36090708
vt 0.89357603 0.39694309
vt 0.89257699 0.37777090
vt 0.87699097 0.34735203
vt 0.90419197 0.29625106
vt 0.77261800 0.20509410
vt 0.77462500 0.25367904
vt 0.79897302 0.24864411
vt 0.79759002 0.20430112
vt 0.91824597 0.26237702
vt 0.77633500 0.43072510
vt 0.78757799 0.43102098
vt 0.79120100 0.39566398
vt 0.87993997 0.15439892
vt 0.80083698 0.32601309
vt 0.78909397 0.32495809
vt 0.86613601 0.34822798
vt 0.85005701 0.24794698
vt 0.56833202 0.23236299
vt 0.55952603 0.17828798
vt 0.53844798 0.18735409
vt 0.55033702 0.23956394
vt 0.86292499 0.43436098
vt 0.88356400 0.43393493
vt 0.90224701 0.43347692
vt 0.83488202 0.24540997
vt 0.83112901 0.28046894
vt 0.56098801 0.28587699
vt 0.57571399 0.27797794
vt 0.77185303 0.15884495
vt 0.79638898 0.15795302
vt 0.89629000 0.15725088
vt 0.82085598 0.43256998
vt 0.84251201 0.43356490
vt 0.66845399 0.33175898
vt 0.67747998 0.32033801
vt 0.67191303 0.31735897
vt 0.66575003 0.32147002
vt 0.66667700 0.34783411
vt 0.67785197 0.34441400
vt 0.67878199 0.33283210
vt 0.73271900 0.31291890
vt 0.74281001 0.31889200
vt 0.74705201 0.31412101
vt 0.73511797 0.30693102
vt 0.64953297 0.32589889
vt 0.65725201 0.32435393
vt 0.65545398 0.31145406
vt 0.64449501 0.31552601
vt 0.66364801 0.28830600
vt 0.65925300 0.25623703
vt 0.64758301 0.26097012
vt 0.65221900 0.29062200
vt 0.58797699 0.22822499
vt 0.58289897 0.17034006
vt 0.71244103 0.39032292
vt 0.72417903 0.39303994
vt 0.72574598 0.37185097
vt 0.71142501 0.37382197
vt 0.60581201 0.39621997
vt 0.59673101 0.40176606
vt 0.61182398 0.42090988
vt 0.62331301 0.41910195
vt 0.70198601 0.20599890
vt 0.70613801 0.25654697
vt 0.72385800 0.24552393
vt 0.72203797 0.20416188
vt 0.64504802 0.17230296
vt 0.65272403 0.21765900
vt 0.66749001 0.21205711
vt 0.66021198 0.16390800
vt 0.76406300 0.27848411
vt 0.77599102 0.28915000
vt 0.60417801 0.35256100
vt 0.58657998 0.35738707
vt 0.59118199 0.37203908
vt 0.60851800 0.36737800
vt 0.74771398 0.20405889
vt 0.74685901 0.15707803
vt 0.72144300 0.15560603
vt 0.68809301 0.41614699
vt 0.69911999 0.41447806
vt 0.69566900 0.39291596
vt 0.68294400 0.39642096
vt 0.59668398 0.31035209
vt 0.59253198 0.27294993
vt 0.71260899 0.41439390
vt 0.71813703 0.41502595
vt 0.72605097 0.35958600
vt 0.73548198 0.36929107
vt 0.73387402 0.35909104
vt 0.63968098 0.22674298
vt 0.69670498 0.15516305
vt 0.65714699 0.33471203
vt 0.65651298 0.34821701
vt 0.60168499 0.33551407
vt 0.68520999 0.20896506
vt 0.69449401 0.26720691
vt 0.67517197 0.30705404
vt 0.67642599 0.28834510
vt 0.66519600 0.30804610
vt 0.63623202 0.26475096
vt 0.62402999 0.26731396
vt 0.62708902 0.29928899
vt 0.64020199 0.29437590
vt 0.59745800 0.38534498
vt 0.61470002 0.38132906
vt 0.71090198 0.36178899
vt 0.74753702 0.30861092
vt 0.75784200 0.30342007
vt 0.74146098 0.29132199
vt 0.73736203 0.30038905
vt 0.63761699 0.44950199
vt 0.64810002 0.44734406
vt 0.63182002 0.41769505
vt 0.75788701 0.32441092
vt 0.74576598 0.26987004
vt 0.72859102 0.26823807
vt 0.72276402 0.27825403
vt 0.71611601 0.29970098
vt 0.71765298 0.28999496
vt 0.71414602 0.30957007
vt 0.67374301 0.25596809
vt 0.72715402 0.35058689
vt 0.71103501 0.35147500
vt 0.69079298 0.30970812
vt 0.68166900 0.32366991
vt 0.69367701 0.31959200
vt 0.71144497 0.34014392
vt 0.72825998 0.33984709
vt 0.72875899 0.32883906
vt 0.71205401 0.32826805
vt 0.64600497 0.33437109
vt 0.63326401 0.24177694
vt 0.77857798 0.32411599
vt 0.67772299 0.15740490
vt 0.74787802 0.24252391
vt 0.69441599 0.29231501
vt 0.64570302 0.34810495
vt 0.69722098 0.42999911
vt 0.68082303 0.42667389
vt 0.74608397 0.35918188
vt 0.74859798 0.34141994
vt 0.67819798 0.35682201
vt 0.69291300 0.35364890
vt 0.69295102 0.34181690
vt 0.69420600 0.37583709
vt 0.68027401 0.37595105
vt 0.74243498 0.39588189
vt 0.77825999 0.30620003
vt 0.65450698 0.36313295
vt 0.66866100 0.36847997
vt 0.69355798 0.32995796
vt 0.73000097 0.31937909
vt 0.71305901 0.31805301
vt 0.62686098 0.18434405
vt 0.62223798 0.23031592
vt 0.73207301 0.39421511
vt 0.68162102 0.36477995
vt 0.69361800 0.36349010
vt 0.66479701 0.40162301
vt 0.64632303 0.37668490
vt 0.73733997 0.43063807
vt 0.63265800 0.32729292
vt 0.60767502 0.26990104
vt 0.60541600 0.22629094
vt 0.78799999 0.50152898
vt 0.77463299 0.50405097
vt 0.77705503 0.55390906
vt 0.79680097 0.55350208
vt 0.82177001 0.49553394
vt 0.84313399 0.49582291
vt 0.84365898 0.46030402
vt 0.82054299 0.46076107
vt 0.61484700 0.33196211
vt 0.61095202 0.30478811
vt 0.81095499 0.32725096
vt 0.81234097 0.30919504
vt 0.73946202 0.32933807
vt 0.73921102 0.34029388
vt 0.80911797 0.34325194
vt 0.81536299 0.27982998
vt 0.63805199 0.41680503
vt 0.65005100 0.41182399
vt 0.63022399 0.38183808
vt 0.81706703 0.24580002
vt 0.68422198 0.46256709
vt 0.69209403 0.50954294
vt 0.70968801 0.50600290
vt 0.70524102 0.46098900
vt 0.73735201 0.35192609
vt 0.80746001 0.35794401
vt 0.90792203 0.39786005
vt 0.91878903 0.43194795
vt 0.72433197 0.50483608
vt 0.72786701 0.55522895
vt 0.73799402 0.55508804
vt 0.73586601 0.50534511
vt 0.80098999 0.43138695
vt 0.80263400 0.39663506
vt 0.88644600 0.49628592
vt 0.86522001 0.49601507
vt 0.86152399 0.53963399
vt 0.87979501 0.54010701
vt 0.73839802 0.32172894
vt 0.63160598 0.34713507
vt 0.77433199 0.46650290
vt 0.78641599 0.46548510
vt 0.80142498 0.46295810
vt 0.80316103 0.49804497
vt 0.66864997 0.47449994
vt 0.67601901 0.51301408
vt 0.74885100 0.50551009
vt 0.74925202 0.46577001
vt 0.73533702 0.46536493
vt 0.76165700 0.50508809
vt 0.76253498 0.46634698
vt 0.74748200 0.32807302
vt 0.72265798 0.46355200
vt 0.61759800 0.34922290
vt 0.63625097 0.36197400
vt 0.64602202 0.35795903
vt 0.71536201 0.55612612
vt 0.81870699 0.20245409
vt 0.81919003 0.15551400
vt 0.62189198 0.36456203
vt 0.60466403 0.17258096
vt 0.88747001 0.46070910
vt 0.86496699 0.46063590
vt 0.82360399 0.53603411
vt 0.84222603 0.53847909
vt 0.80733699 0.53194809
vt 0.76297897 0.55434990
vt 0.74965602 0.55453610
vt 0.89679801 0.54153609
vt 0.90614301 0.49840593
vt 0.57482201 0.36148500
vt 0.62479299 0.45205092
vt 0.90649700 0.46070790
vt 0.57987899 0.37623501
vt 0.70017201 0.55798006
vt 0.65348798 0.55713010
vt 0.64963502 0.51527500
vt 0.63401902 0.51619792
vt 0.63924497 0.55838203
vt 0.92414302 0.50178003
vt 0.91267800 0.54429889
vt 0.66756600 0.43675399
vt 0.68272299 0.55981708
vt 0.66250199 0.51510406
vt 0.66663897 0.56047606
vt 0.65688300 0.47796106
vt 0.64537799 0.47771907
vt 0.58587497 0.38902211
vt 0.65639502 0.44452906
vt 0.72402900 0.42833304
vt 0.92500198 0.45966196
vt 0.71081501 0.43291903
vt 0.63003099 0.47780299
vt 0.68705100 0.44545603
vt 0.92749900 0.11195302
vt 0.90525597 0.10845709
vt 0.71378702 0.03911805
vt 0.71621102 0.06911993
vt 0.74311697 0.06922698
vt 0.74126601 0.03814411
vt 0.59355301 0.07890105
vt 0.59142202 0.05371594
vt 0.57162201 0.06584191
vt 0.57926601 0.10724711
vt 0.55017900 0.12209296
vt 0.52721101 0.13511300
vt 0.87158602 0.10113692
vt 0.84848797 0.09345388
vt 0.95036799 0.11485910
vt 0.88864398 0.10564089
vt 0.83587497 0.06922793
vt 0.86118102 0.05385208
vt 0.84113300 0.04968190
vt 0.79493302 0.07166910
vt 0.79600602 0.04358006
vt 0.76966000 0.03937006
vt 0.76978201 0.07098389
vt 0.79579002 0.11247492
vt 0.77105701 0.11387992
vt 0.96259302 0.07466292
vt 0.95660102 0.09449911
vt 0.97881299 0.09586906
vt 0.98469800 0.07592893
vt 0.51777899 0.09336996
vt 0.52222800 0.11369896
vt 0.53429401 0.10781598
vt 0.53004199 0.08785105
vt 0.88366199 0.06133008
vt 0.93817902 0.07340908
vt 0.93284899 0.09267712
vt 0.97263801 0.11691093
vt 0.74532598 0.11248493
vt 0.86968702 0.03585911
vt 0.84687102 0.03259706
vt 0.66412002 0.04730010
vt 0.66727197 0.07553291
vt 0.69030303 0.07100797
vt 0.68744802 0.04195809
vt 0.56485099 0.03724790
vt 0.53708899 0.05551505
vt 0.54208601 0.08238196
vt 0.89362198 0.04272795
vt 0.67203599 0.11222005
vt 0.69364703 0.10902095
vt 0.71933401 0.11007595
vt 0.99170500 0.05066395
vt 0.96939600 0.04799795
vt 0.94503099 0.05051088
vt 0.62397802 0.12490511
vt 0.64001602 0.12720108
vt 0.65383500 0.11893797
vt 0.76971602 0.00969791
vt 0.79907000 0.02035809
vt 0.63669997 0.05785799
vt 0.62601602 0.08716106
vt 0.63740897 0.09646511
vt 0.64784700 0.08324599
vt 0.63610703 0.02165294
vt 0.65975398 0.01730299
vt 0.73874903 0.01077008
vt 0.59026498 0.02064300
vt 0.71111101 0.01244998
vt 0.68485898 0.01420212
vt 0.60891002 0.08253002
vt 0.60568702 0.11777711
vt 0.81841600 0.10709000
vt 0.82442498 0.02762198
vt 0.82055700 0.04755211
vt 0.81856000 0.07152295
vt 0.61150098 0.05283809
vt 0.90955299 0.08971691
vt 0.92039001 0.04942107
vt 0.91416800 0.07002401
vt 0.61467201 0.02147508
vt 0.89336801 0.08648610
vt 0.89850402 0.37508512
vt 0.61361903 0.39344096
vt 0.69716799 0.44530010
vt 0.85669398 0.57167101
vt 0.87253201 0.57411003
vt 0.65610403 0.58595109
vt 0.64541501 0.59108210
vt 0.82075500 0.56312299
vt 0.84072298 0.56891203
vt 0.90106601 0.57641006
vt 0.88703400 0.57438302
vt 0.70509899 0.60197997
vt 0.72012597 0.60001493
vt 0.77990699 0.59850097
vt 0.79882401 0.59879088
vt 0.68755603 0.60323501
vt 0.66748202 0.60401607
vt 0.83790201 0.60270309
vt 0.85246700 0.60411906
vt 0.76486498 0.59850192
vt 0.81992400 0.60028696
vt 0.86719298 0.60455394
vt 0.87994200 0.60427809
vt 0.65397203 0.61959600
vt 0.73205101 0.59876108
vt 0.74153799 0.59798193
vt 0.89334702 0.60527897
vt 0.75224400 0.59808707
vt 0.70959002 0.64209104
vt 0.71376097 0.67861795
vt 0.73044002 0.67829895
vt 0.72588402 0.64078903
vt 0.80206501 0.63647389
vt 0.82140303 0.63457203
vt 0.86224401 0.66501403
vt 0.84969503 0.66530609
vt 0.85295302 0.69934297
vt 0.86406100 0.69821811
vt 0.81252801 0.70539904
vt 0.83174002 0.70206189
vt 0.82555002 0.66773200
vt 0.80611098 0.67154288
vt 0.78378302 0.63845491
vt 0.73294997 0.71770096
vt 0.71633202 0.71676207
vt 0.79460698 0.70984101
vt 0.78843498 0.67493200
vt 0.77129799 0.67735600
vt 0.77543300 0.71494603
vt 0.87317401 0.66414189
vt 0.87550700 0.63160491
vt 0.86326301 0.63239908
vt 0.67776603 0.67731595
vt 0.69457102 0.67816806
vt 0.69122797 0.64282894
vt 0.67421502 0.64385009
vt 0.84978002 0.63254189
vt 0.83647698 0.63374209
vt 0.76709902 0.64010692
vt 0.69424099 0.71455097
vt 0.83808798 0.66633511
vt 0.84253103 0.70051408
vt 0.67725998 0.70964289
vt 0.66574299 0.67749190
vt 0.66759700 0.70830989
vt 0.87359899 0.69706202
vt 0.88169700 0.69651699
vt 0.88294297 0.66419911
vt 0.88792902 0.63185406
vt 0.73905998 0.64035010
vt 0.75135601 0.67785001
vt 0.75435299 0.64032888
vt 0.74409097 0.62131310
vt 0.75270897 0.71744704
vt 0.66091299 0.64577198
vt 0.73221397 0.93059897
vt 0.73505902 0.93702793
vt 0.73692000 0.93406200
vt 0.73405302 0.92397308
vt 0.63950300 0.94881392
vt 0.63545901 0.95109797
vt 0.63697600 0.95551801
vt 0.64121401 0.95439005
vt 0.59121799 0.84812689
vt 0.58427799 0.85053992
vt 0.58765000 0.86769795
vt 0.59438300 0.86590409
vt 0.73814398 0.93473601
vt 0.73756301 0.94069290
vt 0.73769403 0.94098210
vt 0.79150802 0.76730204
vt 0.78434700 0.74904299
vt 0.77735603 0.75483489
vt 0.78288603 0.77290702
vt 0.58516502 0.77912903
vt 0.58425403 0.78736210
vt 0.59105301 0.78598809
vt 0.59022498 0.77590704
vt 0.61621302 0.77791691
vt 0.62936503 0.79997611
vt 0.63815898 0.79509902
vt 0.62395799 0.77215290
vt 0.79063302 0.78471398
vt 0.77201098 0.78112006
vt 0.78429699 0.79419994
vt 0.76928401 0.75444198
vt 0.69299501 0.93532109
vt 0.69959700 0.93714404
vt 0.70159000 0.93006492
vt 0.69450200 0.92815208
vt 0.70376402 0.94112992
vt 0.70617902 0.93374491
vt 0.64726502 0.78862810
vt 0.63589299 0.76421189
vt 0.59604502 0.77365088
vt 0.59515601 0.76562309
vt 0.58692503 0.76851296
vt 0.74021900 0.92503190
vt 0.73359001 0.94410300
vt 0.73084497 0.94036508
vt 0.72970998 0.94786811
vt 0.73287100 0.95031404
vt 0.88840300 0.79610300
vt 0.89675403 0.79339910
vt 0.88992602 0.77658200
vt 0.88059300 0.77925897
vt 0.58012301 0.77551794
vt 0.57628500 0.78709102
vt 0.84061098 0.73267388
vt 0.84859598 0.73143196
vt 0.80159497 0.73895597
vt 0.64441800 0.94689798
vt 0.64566201 0.95299506
vt 0.64923900 0.94324493
vt 0.65173900 0.94112110
vt 0.65142000 0.93673801
vt 0.64442003 0.94191098
vt 0.85704702 0.72994304
vt 0.86666101 0.72791791
vt 0.73716098 0.94223094
vt 0.65103400 0.95652390
vt 0.65040201 0.95185804
vt 0.64648700 0.95737791
vt 0.79977798 0.79128695
vt 0.79614598 0.80160308
vt 0.71663898 0.93654609
vt 0.71787697 0.94164395
vt 0.72067600 0.93993711
vt 0.71949798 0.93228507
vt 0.90670198 0.78969193
vt 0.90113401 0.80284309
vt 0.91056198 0.79992604
vt 0.85542899 0.78599691
vt 0.84351403 0.78941298
vt 0.85237199 0.80768394
vt 0.86306500 0.80388904
vt 0.58906502 0.88535690
vt 0.59564900 0.88485003
vt 0.73649198 0.94749999
vt 0.87230802 0.80128694
vt 0.86782700 0.81374693
vt 0.87654501 0.81120300
vt 0.63075697 0.94438291
vt 0.63301498 0.94851804
vt 0.63400900 0.94924998
vt 0.63794398 0.94461608
vt 0.85287702 0.75111794
vt 0.86093998 0.74944806
vt 0.65003401 0.93186212
vt 0.64190000 0.93544006
vt 0.72349203 0.93878388
vt 0.72301698 0.92908812
vt 0.70323801 0.92462111
vt 0.69589299 0.92303801
vt 0.79707903 0.77824211
vt 0.80161297 0.78445601
vt 0.77604598 0.82438707
vt 0.78656501 0.82861400
vt 0.79051298 0.81434894
vt 0.77937698 0.80829811
vt 0.60339600 0.78326988
vt 0.60197902 0.77391791
vt 0.59753901 0.78429794
vt 0.65553403 0.95554900
vt 0.65481901 0.95049000
vt 0.70830202 0.92811394
vt 0.64923501 0.94630408
vt 0.65342599 0.94485807
vt 0.60622799 0.77708292
vt 0.61047900 0.77120495
vt 0.60345799 0.76676893
vt 0.72714400 0.93870211
vt 0.72587401 0.94647789
vt 0.72765100 0.92805004
vt 0.88082999 0.79887795
vt 0.88474900 0.80850291
vt 0.89282399 0.80559111
vt 0.65550601 0.96131396
vt 0.65084702 0.96147895
vt 0.84577900 0.75255108
vt 0.71923798 0.94635201
vt 0.71571398 0.94702601
vt 0.60978401 0.78192091
vt 0.61909097 0.80379295
vt 0.76769298 0.80295396
vt 0.72880697 0.95366693
vt 0.73212397 0.95537400
vt 0.76533502 0.93119001
vt 0.76799899 0.92917490
vt 0.76475102 0.92287111
vt 0.76174402 0.92545295
vt 0.75194502 0.94041800
vt 0.75576800 0.94153404
vt 0.75570101 0.93464708
vt 0.75139600 0.93170309
vt 0.74697399 0.93128800
vt 0.74843800 0.94040608
vt 0.75903600 0.93758297
vt 0.75960100 0.94275403
vt 0.63033700 0.96030307
vt 0.63088799 0.95388889
vt 0.62734902 0.95276403
vt 0.62641001 0.95938993
vt 0.75305700 0.94807792
vt 0.75678700 0.94882393
vt 0.74647403 0.94907594
vt 0.74955601 0.94819403
vt 0.74528998 0.94154906
vt 0.77428800 0.91793108
vt 0.77347499 0.92178798
vt 0.77725500 0.92302489
vt 0.77752602 0.92142701
vt 0.73906797 0.94638395
vt 0.74005699 0.95298100
vt 0.74357301 0.95066309
vt 0.74218601 0.94398904
vt 0.77131802 0.92811203
vt 0.76891100 0.92171001
vt 0.77829403 0.93394208
vt 0.78222299 0.93395591
vt 0.77983803 0.92781711
vt 0.77539700 0.92781591
vt 0.76875901 0.93719292
vt 0.76331103 0.93432593
vt 0.76654202 0.94011593
vt 0.77458203 0.93417501
vt 0.64204001 0.95849490
vt 0.63795102 0.95946598
vt 0.63807702 0.96352100
vt 0.64228398 0.96246290
vt 0.76152402 0.93778992
vt 0.76451802 0.94318295
vt 0.76060897 0.92996907
vt 0.74325502 0.93330789
vt 0.62010300 0.95129204
vt 0.61638498 0.95093203
vt 0.61487597 0.95767498
vt 0.61892903 0.95798302
vt 0.61672902 0.94625497
vt 0.62052703 0.94624090
vt 0.62014902 0.94107294
vt 0.61599302 0.94328594
vt 0.75708503 0.92971396
vt 0.75182301 0.92259693
vt 0.74559200 0.92254996
vt 0.73821598 0.94229889
vt 0.74026901 0.93825507
vt 0.75852799 0.92806792
vt 0.75735700 0.92011499
vt 0.76022798 0.93456888
vt 0.75998503 0.93404698
vt 0.75955403 0.93512988
vt 0.77130598 0.93519497
vt 0.76801199 0.91477990
vt 0.76199901 0.91685104
vt 0.73621100 0.95252299
vt 0.60378301 0.93390012
vt 0.60049099 0.93395591
vt 0.59923702 0.93864202
vt 0.60308897 0.93958092
vt 0.73555702 0.95699000
vt 0.62276500 0.95847607
vt 0.62384897 0.95188308
vt 0.76096803 0.94977093
vt 0.59967703 0.93129206
vt 0.60368598 0.92935991
vt 0.60104001 0.94574594
vt 0.60427898 0.94678998
vt 0.60644400 0.94087601
vt 0.63152403 0.95000196
vt 0.62869698 0.94818497
vt 0.62464100 0.94688392
vt 0.64652199 0.96174502
vt 0.59707302 0.94472003
vt 0.75877303 0.90521312
vt 0.76241398 0.90347409
vt 0.59808803 0.91726303
vt 0.59466100 0.91471291
vt 0.59290302 0.91855597
vt 0.59600598 0.92110205
vt 0.78728199 0.91662407
vt 0.78546602 0.91939497
vt 0.78838301 0.92157412
vt 0.78980303 0.91887593
vt 0.79257601 0.91673303
vt 0.79016900 0.91405797
vt 0.78071898 0.92019105
vt 0.78464401 0.92280698
vt 0.78112102 0.91637111
vt 0.59586900 0.92758012
vt 0.59373701 0.92425203
vt 0.59097898 0.92745304
vt 0.59258902 0.93057394
vt 0.77507001 0.90075994
vt 0.77084202 0.90165305
vt 0.77492201 0.91270995
vt 0.77901500 0.90910411
vt 0.58787400 0.91881204
vt 0.59094900 0.92129993
vt 0.58945698 0.91624188
vt 0.78373998 0.90650010
vt 0.78083497 0.89832497
vt 0.77905101 0.92236710
vt 0.78074598 0.92429304
vt 0.77668899 0.91790390
vt 0.60022300 0.91179109
vt 0.59608299 0.90686798
vt 0.59432501 0.93384004
vt 0.58979201 0.93302703
vt 0.59148300 0.93610096
vt 0.78416699 0.92680812
vt 0.59912598 0.92472506
vt 0.78341699 0.91332889
vt 0.58828002 0.93021107
vt 0.79504597 0.90734601
vt 0.79093498 0.90852308
vt 0.79382598 0.91209507
vt 0.79769200 0.91069007
vt 0.78684300 0.91061711
vt 0.78785801 0.92478991
vt 0.79622400 0.91522288
vt 0.79996598 0.91436291
vt 0.59713399 0.93134809
vt 0.59963101 0.92993999
vt 0.59042698 0.91224504
vt 0.58554000 0.92195511
vt 0.58859098 0.92446208
vt 0.58328402 0.92531800
vt 0.58611202 0.92753506
vt 0.78881598 0.90487194
vt 0.59060800 0.90576410
vt 0.78769797 0.92867303
vt 0.84066498 0.76743102
vt 0.84948200 0.76621008
vt 0.64517498 0.75941205
vt 0.65516800 0.76351309
vt 0.65585798 0.75676298
vt 0.65278798 0.75248408
vt 0.60638899 0.92426109
vt 0.60093999 0.91959906
vt 0.83195603 0.73366594
vt 0.89527297 0.76541400
vt 0.88332200 0.75599694
vt 0.90043700 0.77583694
vt 0.73234099 0.75178504
vt 0.71494699 0.75136590
vt 0.80802298 0.76055908
vt 0.71714300 0.95229602
vt 0.71336401 0.95268703
vt 0.70315599 0.80159307
vt 0.69814599 0.82323194
vt 0.72026801 0.81901693
vt 0.72509700 0.79845595
vt 0.68767798 0.80219197
vt 0.68151098 0.82468605
vt 0.74555898 0.84707594
vt 0.74789500 0.81892610
vt 0.71490800 0.84638309
vt 0.72062099 0.95215297
vt 0.72469801 0.95227194
vt 0.72218502 0.94610190
vt 0.76420802 0.84721208
vt 0.77455997 0.84853601
vt 0.76556897 0.82118607
vt 0.60361302 0.91431308
vt 0.70953602 0.77937889
vt 0.72902101 0.77808189
vt 0.65693200 0.78079009
vt 0.88883698 0.75145793
vt 0.88509601 0.74202609
vt 0.87754101 0.74504089
vt 0.69502503 0.77840209
vt 0.68348598 0.78690004
vt 0.67842603 0.80080390
vt 0.66341603 0.75039911
vt 0.67122298 0.73464203
vt 0.66431397 0.73388600
vt 0.65812099 0.74919701
vt 0.72148502 0.92213702
vt 0.72786897 0.92127490
vt 0.81787598 0.78813100
vt 0.81504899 0.78025293
vt 0.71068001 0.87635994
vt 0.70908499 0.89173293
vt 0.72888398 0.89233994
vt 0.73105103 0.87704396
vt 0.75439399 0.87577105
vt 0.75611699 0.89165711
vt 0.76957399 0.88977003
vt 0.76660103 0.87296700
vt 0.59881699 0.84527612
vt 0.59619302 0.83269596
vt 0.58767802 0.83556294
vt 0.68903399 0.92298794
vt 0.68785000 0.92801595
vt 0.63750100 0.93708491
vt 0.83796799 0.75394511
vt 0.81172502 0.77138901
vt 0.88277602 0.72406793
vt 0.87475598 0.72604895
vt 0.81861198 0.73656893
vt 0.74960399 0.79885101
vt 0.75144899 0.77808094
vt 0.82670200 0.73911810
vt 0.83111101 0.75509810
vt 0.83244401 0.77716804
vt 0.83327699 0.76719308
vt 0.60274702 0.86404610
vt 0.68096501 0.76258707
vt 0.67333603 0.77153206
vt 0.75195903 0.75242400
vt 0.69866902 0.74829006
vt 0.86959499 0.74724889
vt 0.87371302 0.76060605
vt 0.59608901 0.89624500
vt 0.58977801 0.89591599
vt 0.82656097 0.76733708
vt 0.82402903 0.75643897
vt 0.66844600 0.75301504
vt 0.66182703 0.76011896
vt 0.65994602 0.75605297
vt 0.82340002 0.80369592
vt 0.68010300 0.73763990
vt 0.82740998 0.77414989
vt 0.58041602 0.83813906
vt 0.66508502 0.77661800
vt 0.69406599 0.84893394
vt 0.61257702 0.93717289
vt 0.61382300 0.94213295
vt 0.85747302 0.76468110
vt 0.68718499 0.93555188
vt 0.74354398 0.89371204
vt 0.74452603 0.88060999
vt 0.63041502 0.93773508
vt 0.68693101 0.74934793
vt 0.77690703 0.88823605
vt 0.77562201 0.87098408
vt 0.67501801 0.93956804
vt 0.67361301 0.93083596
vt 0.66702700 0.93351102
vt 0.66925800 0.94201493
vt 0.68196398 0.90632391
vt 0.68232000 0.91335702
vt 0.69185001 0.91115189
vt 0.69268602 0.90384412
vt 0.60238600 0.89748693
vt 0.60297197 0.88477993
vt 0.71115702 0.93590212
vt 0.70962501 0.94016600
vt 0.65370798 0.94111800
vt 0.65728003 0.93528199
vt 0.72829598 0.90869403
vt 0.73262298 0.90901303
vt 0.72386098 0.90867710
vt 0.60155898 0.90524793
vt 0.60718203 0.90932202
vt 0.60874701 0.89994311
vt 0.75522602 0.90630007
vt 0.71332502 0.90740800
vt 0.71324301 0.94590497
vt 0.71394300 0.94261193
vt 0.74793297 0.90808702
vt 0.62567002 0.92796612
vt 0.63001603 0.92997289
vt 0.63309401 0.91886997
vt 0.62264103 0.91665411
vt 0.74435401 0.90858603
vt 0.66013801 0.93809295
vt 0.65619498 0.94282508
vt 0.65828800 0.94959402
vt 0.66326201 0.94582200
vt 0.60803699 0.91773796
vt 0.61226499 0.92076492
vt 0.61369503 0.91188407
vt 0.74064398 0.90939212
vt 0.61058903 0.92780995
vt 0.60846901 0.93279600
vt 0.61472303 0.93136597
vt 0.61661202 0.92477989
vt 0.61040598 0.88539791
vt 0.63498598 0.92975712
vt 0.62166101 0.93492603
vt 0.70719302 0.94725299
vt 0.71107298 0.95314097
vt 0.71517700 0.93457508
vt 0.71739900 0.92827296
vt 0.71668500 0.93927193
vt 0.71312398 0.93539405
vt 0.71410000 0.94029999
vt 0.71240300 0.92077804
vt 0.68074000 0.92896104
vt 0.68135899 0.92422605
vt 0.67337298 0.92688608
vt 0.71313697 0.92891502
vt 0.71193099 0.93181109
vt 0.60742903 0.93608594
vt 0.62533301 0.94238091
vt 0.62576401 0.93627405
vt 0.66614097 0.93021798
vt 0.63881999 0.92803693
vt 0.78256601 0.89186597
vt 0.78290600 0.87157011
vt 0.62158298 0.92739606
vt 0.70115399 0.90362406
vt 0.69334799 0.89322495
vt 0.64792198 0.92550397
vt 0.65327299 0.94212389
vt 0.63240999 0.89753199
vt 0.62474400 0.88841510
vt 0.62285799 0.90491509
vt 0.63166398 0.90752912
vt 0.68091297 0.93731403
vt 0.69340599 0.87815404
vt 0.70778000 0.90555191
vt 0.65505701 0.92356300
vt 0.65656501 0.92980003
vt 0.67935902 0.88113499
vt 0.68099201 0.89631891
vt 0.66219997 0.85655594
vt 0.66613698 0.88391399
vt 0.67843300 0.85215211
vt 0.66142201 0.80707192
vt 0.67044002 0.79807496
vt 0.65072399 0.81412005
vt 0.64526403 0.91711307
vt 0.60957003 0.94290400
vt 0.60727400 0.94835591
vt 0.61055601 0.95043206
vt 0.61251301 0.94535494
vt 0.58471102 0.81086612
vt 0.57580602 0.81196094
vt 0.59357297 0.80927801
vt 0.78775603 0.89925408
vt 0.79338300 0.90026689
vt 0.79402101 0.89428091
vt 0.78795701 0.89315200
vt 0.61711401 0.88619089
vt 0.61502302 0.90226197
vt 0.62097502 0.83878899
vt 0.62533200 0.82597589
vt 0.61346197 0.82792091
vt 0.61377603 0.84028792
vt 0.65999800 0.90364099
vt 0.65068901 0.90561795
vt 0.65289098 0.91551709
vt 0.66228300 0.91323090
vt 0.67393202 0.78840899
vt 0.60926700 0.80591202
vt 0.64702803 0.88866711
vt 0.63887799 0.89154291
vt 0.64289898 0.90716004
vt 0.68199998 0.91969395
vt 0.67268300 0.91783094
vt 0.67319399 0.92320800
vt 0.86520201 0.78335905
vt 0.61116600 0.93939710
vt 0.61356598 0.94290709
vt 0.63147300 0.87046409
vt 0.61939299 0.86726403
vt 0.62061501 0.85116100
vt 0.61313301 0.85354090
vt 0.61155099 0.86565399
vt 0.86549598 0.76305509
vt 0.71008301 0.92484903
vt 0.69041097 0.91775107
vt 0.63871902 0.81965995
vt 0.66423303 0.92092991
vt 0.65648299 0.88609791
vt 0.79558599 0.88510704
vt 0.78954202 0.88447690
vt 0.60112703 0.80761695
vt 0.60398698 0.83039498
vt 0.66913301 0.90075898
vt 0.67117298 0.91050792
vt 0.66861498 0.81429291
vt 0.87266099 0.78136110
vt 0.69741398 0.91752601
vt 0.70501101 0.91925001
vt 0.65619898 0.82335091
vt 0.64349997 0.82929897
vt 0.79711097 0.87502289
vt 0.79139602 0.87363005
vt 0.69892699 0.91144705
vt 0.70625401 0.91382098
vt 0.65147603 0.86006403
vt 0.79355597 0.90441394
vt 0.66534603 0.92679405
vt 0.62686002 0.83988094
vt 0.63260102 0.83435893
vt 0.60612899 0.84284592
vt 0.60740101 0.85509396
vt 0.64131498 0.86401892
vt 0.63655299 0.84540701
vt 0.62848699 0.84844804
vt 0.80459899 0.82345295
vt 0.85781503 0.81706190
vt 0.79077500 0.85355592
vt 0.78730202 0.87272811
vt 0.79699498 0.85641599
vt 0.64738899 0.84074306
vt 0.66013300 0.83528209
vt 0.83210498 0.81903696
vt 0.83696300 0.82633495
vt 0.81025600 0.84488106
vt 0.81837100 0.83719707
vt 0.81363797 0.83246708
vt 0.80535102 0.84153390
vt 0.79755700 0.83505106
vt 0.78630799 0.88477492
vt 0.80229801 0.85866308
vt 0.78312802 0.85043693
vt 0.52509201 0.06187892
vt 0.51275003 0.06837106
vt 0.71982098 0.95820594
vt 0.71932900 0.95720911
vt 0.71814197 0.96031594
vt 0.71873802 0.96027398
vt 0.77539599 0.94271302
vt 0.77359098 0.94327688
vt 0.77370697 0.94395804
vt 0.77579099 0.94338608
vt 0.77180201 0.94089699
vt 0.77347201 0.93893790
vt 0.77311999 0.93821502
vt 0.77098101 0.94063711
vt 0.68649000 0.95040703
vt 0.68744600 0.95091891
vt 0.68886399 0.94532704
vt 0.68767899 0.94375110
vt 0.72627997 0.95907998
vt 0.72644901 0.96124291
vt 0.72700399 0.96155000
vt 0.72741801 0.95855188
vt 0.74760699 0.95403290
vt 0.74701703 0.95338202
vt 0.74708802 0.95614696
vt 0.74751300 0.95591998
vt 0.68741602 0.95403194
vt 0.68662602 0.95437503
vt 0.68836498 0.95658898
vt 0.68896198 0.95576406
vt 0.79350698 0.92413497
vt 0.79226297 0.92415595
vt 0.79208499 0.92475009
vt 0.79379803 0.92475009
vt 0.79469800 0.92321301
vt 0.79528701 0.92363191
vt 0.79605502 0.92195606
vt 0.79525501 0.92178512
vt 0.79481000 0.92064500
vt 0.79566902 0.92038202
vt 0.79397601 0.91895294
vt 0.79348999 0.92006111
vt 0.77193302 0.94314003
vt 0.77221799 0.94259000
vt 0.77695203 0.93977904
vt 0.77766001 0.93990588
vt 0.77626598 0.93788910
vt 0.77589101 0.93868804
vt 0.77739400 0.94178510
vt 0.77681798 0.94127607
vt 0.69132400 0.95757294
vt 0.69425100 0.95746708
vt 0.69409698 0.95650506
vt 0.69164801 0.95654893
vt 0.72512800 0.96268392
vt 0.72530800 0.96321702
vt 0.79120100 0.92038298
vt 0.79172403 0.92105007
vt 0.74877900 0.95719790
vt 0.74863702 0.95775008
vt 0.75103599 0.95786309
vt 0.75095201 0.95717597
vt 0.71943498 0.96252704
vt 0.71978599 0.96210694
vt 0.75290602 0.95296788
vt 0.75356400 0.95234108
vt 0.75005800 0.95171094
vt 0.75015497 0.95248604
vt 0.69739598 0.95495105
vt 0.69646299 0.95443511
vt 0.75291502 0.95620108
vt 0.75322598 0.95691991
vt 0.75426501 0.95498896
vt 0.75361198 0.95457911
vt 0.69848901 0.94912004
vt 0.70045900 0.94876695
vt 0.69764102 0.94326210
vt 0.69681400 0.94488311
vt 0.72224301 0.96359301
vt 0.72234899 0.96302509
vt 0.72362399 0.95654011
vt 0.72331798 0.95748210
vt 0.69233900 0.94354701
vt 0.69238698 0.94171405
vt 0.79048097 0.92319894
vt 0.79135799 0.92316103
vt 0.68931401 0.95512199
vt 0.69190902 0.95581198
vt 0.72586298 0.96458697
vt 0.72840202 0.96288204
vt 0.67153198 0.96061897
vt 0.66779298 0.96384001
vt 0.67194301 0.96612191
vt 0.67538702 0.96438408
vt 0.66729498 0.95520210
vt 0.67290699 0.95161104
vt 0.66270602 0.95854712
vt 0.64390600 0.97333002
vt 0.64306402 0.97111392
vt 0.63963097 0.97287607
vt 0.64235502 0.97554588
vt 0.67611098 0.95730209
vt 0.67945200 0.95443702
vt 0.67730200 0.94873905
vt 0.68806702 0.95391703
vt 0.68843699 0.95296001
vt 0.72201502 0.96498704
vt 0.71865499 0.96383500
vt 0.71732098 0.96629310
vt 0.72190499 0.96801710
vt 0.64677501 0.97648191
vt 0.64671701 0.97316289
vt 0.71603799 0.95791292
vt 0.71657300 0.96137094
vt 0.65090799 0.96690202
vt 0.65495801 0.96755290
vt 0.67956102 0.96141291
vt 0.68135500 0.95808792
vt 0.72666502 0.96718097
vt 0.64945900 0.97285700
vt 0.65100402 0.97490191
vt 0.69403797 0.95572805
vt 0.65031600 0.97037792
vt 0.65356201 0.97167706
vt 0.71255600 0.95896697
vt 0.71409798 0.96319103
vt 0.73024601 0.96544695
vt 0.69434202 0.95457101
vt 0.62881202 0.96552300
vt 0.62544602 0.96474195
vt 0.77893502 0.94317007
vt 0.78086001 0.94500804
vt 0.78161103 0.94187307
vt 0.77964503 0.94081306
vt 0.62186199 0.96403003
vt 0.62131798 0.96819091
vt 0.62527198 0.96845388
vt 0.64680398 0.96686196
vt 0.64681101 0.97030902
vt 0.74730098 0.96207905
vt 0.75175297 0.96308398
vt 0.75135899 0.95952606
vt 0.74818701 0.95931697
vt 0.64247900 0.96760106
vt 0.73045599 0.96012807
vt 0.74486101 0.96016598
vt 0.74620801 0.95756412
vt 0.74492300 0.95524001
vt 0.74245298 0.95800996
vt 0.59934199 0.95087504
vt 0.59797603 0.95375299
vt 0.60081899 0.95505595
vt 0.60232598 0.95198798
vt 0.63846099 0.96879196
vt 0.62801301 0.96803498
vt 0.77410698 0.94596791
vt 0.77407801 0.94868708
vt 0.77754402 0.94800401
vt 0.77676499 0.94513512
vt 0.61487198 0.96626711
vt 0.61744601 0.96740508
vt 0.61814702 0.96355104
vt 0.61458403 0.96342802
vt 0.59588099 0.95225811
vt 0.59608698 0.94989896
vt 0.73343599 0.96223593
vt 0.60408300 0.95629907
vt 0.60520500 0.95330095
vt 0.72558099 0.96021104
vt 0.72565198 0.96100211
vt 0.75677502 0.95376492
vt 0.75999302 0.95554209
vt 0.77130902 0.94792199
vt 0.77173299 0.94539595
vt 0.75598401 0.95639396
vt 0.75793099 0.95801210
vt 0.76957703 0.94384599
vt 0.76843297 0.94701910
vt 0.71971500 0.96027398
vt 0.72011697 0.95944500
vt 0.75599599 0.96092010
vt 0.75428599 0.95848989
vt 0.78286600 0.93945193
vt 0.77952999 0.93830609
vt 0.79256099 0.92343211
vt 0.79326302 0.92343497
vt 0.58557099 0.93699288
vt 0.58724600 0.93848801
vt 0.58902800 0.93760395
vt 0.58760601 0.93495893
vt 0.74895698 0.95625806
vt 0.74814898 0.95561910
vt 0.77348399 0.94247794
vt 0.77276999 0.94205809
vt 0.75243300 0.95559192
vt 0.75282800 0.95449591
vt 0.77626598 0.94006991
vt 0.77614099 0.94087410
vt 0.79307503 0.92886496
vt 0.79249901 0.92666197
vt 0.79029298 0.92608190
vt 0.79058897 0.92934489
vt 0.75084698 0.95623398
vt 0.79453999 0.92177105
vt 0.79408801 0.92282295
vt 0.74819398 0.95490503
vt 0.79678798 0.92470503
vt 0.79471701 0.92640400
vt 0.79801702 0.92240405
vt 0.79802698 0.92021894
vt 0.79752499 0.91797304
vt 0.80039901 0.92034006
vt 0.80085301 0.91783500
vt 0.79638201 0.92845392
vt 0.58171999 0.93207693
vt 0.58361900 0.93472791
vt 0.58597600 0.93250108
vt 0.58396798 0.93006396
vt 0.79216802 0.92307591
vt 0.77583402 0.93958807
vt 0.80069602 0.92319703
vt 0.79904199 0.92651200
vt 0.77503502 0.94201207
vt 0.58169198 0.92823696
vt 0.77257901 0.94140792
vt 0.58056903 0.93018103
vt 0.79425901 0.92111111
vt 0.79371798 0.92084289
vt 0.75250798 0.95396090
vt 0.72486901 0.96183991
vt 0.72249001 0.96214795
vt 0.72036099 0.96139407
vt 0.69421899 0.96496010
vt 0.69913399 0.96411705
vt 0.69863498 0.95882702
vt 0.69420201 0.96069407
vt 0.68392700 0.96209908
vt 0.68664700 0.95912600
vt 0.68431503 0.95629191
vt 0.68205899 0.94624591
vt 0.68292397 0.95192504
vt 0.69028699 0.96051407
vt 0.68928498 0.96505189
vt 0.70298302 0.95462298
vt 0.70561898 0.96097708
vt 0.60647100 0.95688510
vt 0.60799801 0.95499206
vt 0.68969899 0.95389390
vt 0.69221801 0.95456505
vt 0.19911200 0.28113103
vt 0.19836199 0.30833602
vt 0.21087401 0.30721998
vt 0.21428899 0.28402495
vt 0.17473000 0.32907104
vt 0.17296100 0.31058908
vt 0.15811500 0.31233311
vt 0.15921800 0.33097601
vt 0.11405300 0.20851994
vt 0.12231100 0.25459003
vt 0.13544200 0.25091100
vt 0.12848000 0.20534110
vt 0.11101700 0.31560111
vt 0.10227900 0.31658292
vt 0.10665100 0.33225489
vt 0.11462000 0.33203006
vt 0.09798500 0.21208000
vt 0.08159800 0.21559191
vt 0.09539500 0.26097202
vt 0.10878500 0.25827408
vt 0.23705000 0.34119296
vt 0.22176300 0.34063911
vt 0.22339299 0.35741901
vt 0.23778801 0.35927701
vt 0.24300700 0.39545488
vt 0.22916099 0.39497304
vt 0.23443100 0.43053293
vt 0.24849001 0.43109894
vt 0.15487500 0.28298712
vt 0.14103700 0.28767204
vt 0.14443500 0.31360102
vt 0.13211299 0.31425905
vt 0.11981600 0.31479907
vt 0.12253200 0.33197904
vt 0.13354400 0.33212709
vt 0.20082900 0.34190607
vt 0.20269200 0.35694909
vt 0.21356700 0.35651588
vt 0.21212000 0.34086895
vt 0.21896601 0.39518809
vt 0.16000700 0.34718990
vt 0.17599100 0.34534001
vt 0.12854099 0.29084897
vt 0.11564100 0.29389191
vt 0.14572500 0.33230805
vt 0.15983599 0.36163306
vt 0.14593001 0.34818292
vt 0.14554501 0.36245394
vt 0.14361900 0.20317602
vt 0.16085000 0.20173907
vt 0.15608799 0.15242505
vt 0.13672701 0.15264010
vt 0.13233900 0.36200500
vt 0.12343700 0.39867997
vt 0.14083700 0.39967799
vt 0.41611001 0.34047103
vt 0.42854500 0.34447193
vt 0.43265900 0.32249188
vt 0.41908699 0.31550598
vt 0.10592600 0.29535604
vt 0.06479300 0.21799111
vt 0.06507100 0.16419196
vt 0.04545100 0.16750503
vt 0.17816800 0.39795709
vt 0.17692500 0.36004901
vt 0.15853500 0.39926910
vt 0.10813900 0.34663010
vt 0.10757000 0.35978508
vt 0.11470200 0.35973811
vt 0.11560000 0.34684300
vt 0.08522400 0.16081691
vt 0.12166100 0.36090708
vt 0.10742300 0.37777090
vt 0.10642400 0.39694309
vt 0.12300900 0.34735203
vt 0.09580800 0.29625106
vt 0.22738200 0.20509410
vt 0.20241000 0.20430112
vt 0.20102701 0.24864411
vt 0.22537500 0.25367904
vt 0.08175400 0.26237702
vt 0.20879900 0.39566398
vt 0.21242200 0.43102098
vt 0.22366500 0.43072510
vt 0.12006000 0.15439892
vt 0.19916300 0.32601309
vt 0.21090600 0.32495809
vt 0.13386400 0.34822798
vt 0.14994299 0.24794698
vt 0.43166801 0.23236299
vt 0.44966301 0.23956394
vt 0.46155199 0.18735409
vt 0.44047400 0.17828798
vt 0.11643600 0.43393493
vt 0.13707501 0.43436098
vt 0.09775300 0.43347692
vt 0.16511799 0.24540997
vt 0.16887100 0.28046894
vt 0.43901199 0.28587699
vt 0.42428601 0.27797794
vt 0.22814700 0.15884495
vt 0.20361100 0.15795302
vt 0.10371000 0.15725088
vt 0.17914400 0.43256998
vt 0.15748800 0.43356490
vt 0.32808700 0.31735897
vt 0.32251999 0.32033801
vt 0.33154601 0.33175898
vt 0.33425000 0.32147002
vt 0.32121801 0.33283210
vt 0.32214800 0.34441400
vt 0.33332300 0.34783411
vt 0.26728100 0.31291890
vt 0.26488200 0.30693102
vt 0.25294799 0.31412101
vt 0.25718999 0.31889200
vt 0.35046700 0.32589889
vt 0.35550499 0.31552601
vt 0.34454599 0.31145406
vt 0.34274799 0.32435393
vt 0.33635199 0.28830600
vt 0.34778100 0.29062200
vt 0.35241699 0.26097012
vt 0.34074700 0.25623703
vt 0.41710100 0.17034006
vt 0.41202301 0.22822499
vt 0.28755900 0.39032292
vt 0.28857499 0.37382197
vt 0.27425399 0.37185097
vt 0.27582100 0.39303994
vt 0.39418799 0.39621997
vt 0.37668699 0.41910195
vt 0.38817599 0.42090988
vt 0.40326899 0.40176606
vt 0.29801399 0.20599890
vt 0.27796200 0.20416188
vt 0.27614200 0.24552393
vt 0.29386199 0.25654697
vt 0.35495201 0.17230296
vt 0.33978799 0.16390800
vt 0.33250999 0.21205711
vt 0.34727600 0.21765900
vt 0.22400901 0.28915000
vt 0.23593700 0.27848411
vt 0.39582199 0.35256100
vt 0.39148200 0.36737800
vt 0.40881801 0.37203908
vt 0.41341999 0.35738707
vt 0.27855700 0.15560603
vt 0.25314099 0.15707803
vt 0.25228599 0.20405889
vt 0.31190699 0.41614699
vt 0.31705600 0.39642096
vt 0.30433100 0.39291596
vt 0.30088001 0.41447806
vt 0.40331599 0.31035209
vt 0.40746799 0.27294993
vt 0.28186300 0.41502595
vt 0.28739101 0.41439390
vt 0.27394900 0.35958600
vt 0.26612601 0.35909104
vt 0.26451799 0.36929107
vt 0.36031899 0.22674298
vt 0.30329499 0.15516305
vt 0.34348699 0.34821701
vt 0.34285301 0.33471203
vt 0.39831501 0.33551407
vt 0.30550599 0.26720691
vt 0.31479001 0.20896506
vt 0.32482800 0.30705404
vt 0.33480400 0.30804610
vt 0.32357401 0.28834510
vt 0.37291101 0.29928899
vt 0.37597001 0.26731396
vt 0.36376801 0.26475096
vt 0.35979801 0.29437590
vt 0.40254200 0.38534498
vt 0.38530001 0.38132906
vt 0.28909799 0.36178899
vt 0.25246301 0.30861092
vt 0.26263800 0.30038905
vt 0.25853899 0.29132199
vt 0.24215800 0.30342007
vt 0.36238301 0.44950199
vt 0.36818001 0.41769505
vt 0.35190001 0.44734406
vt 0.24211299 0.32441092
vt 0.27140900 0.26823807
vt 0.25423399 0.26987004
vt 0.27723601 0.27825403
vt 0.28388399 0.29970098
vt 0.28234699 0.28999496
vt 0.28585401 0.30957007
vt 0.32625699 0.25596809
vt 0.28896499 0.35147500
vt 0.27284601 0.35058689
vt 0.31833100 0.32366991
vt 0.30920699 0.30970812
vt 0.30632299 0.31959200
vt 0.28855500 0.34014392
vt 0.28794599 0.32826805
vt 0.27124101 0.32883906
vt 0.27173999 0.33984709
vt 0.35399500 0.33437109
vt 0.36673599 0.24177694
vt 0.22142200 0.32411599
vt 0.32227701 0.15740490
vt 0.25212201 0.24252391
vt 0.30558401 0.29231501
vt 0.35429701 0.34810495
vt 0.30277899 0.42999911
vt 0.31917700 0.42667389
vt 0.25391600 0.35918188
vt 0.25140199 0.34141994
vt 0.30704901 0.34181690
vt 0.30708700 0.35364890
vt 0.32180199 0.35682201
vt 0.30579400 0.37583709
vt 0.31972599 0.37595105
vt 0.25756499 0.39588189
vt 0.22174001 0.30620003
vt 0.33133900 0.36847997
vt 0.34549299 0.36313295
vt 0.30644199 0.32995796
vt 0.26999900 0.31937909
vt 0.28694099 0.31805301
vt 0.37313899 0.18434405
vt 0.37776199 0.23031592
vt 0.26792699 0.39421511
vt 0.31837901 0.36477995
vt 0.30638200 0.36349010
vt 0.33520299 0.40162301
vt 0.35367700 0.37668490
vt 0.26266000 0.43063807
vt 0.36734200 0.32729292
vt 0.39232501 0.26990104
vt 0.39458400 0.22629094
vt 0.21200000 0.50152898
vt 0.20319900 0.55350208
vt 0.22294500 0.55390906
vt 0.22536699 0.50405097
vt 0.17823000 0.49553394
vt 0.17945699 0.46076107
vt 0.15634100 0.46030402
vt 0.15686600 0.49582291
vt 0.38515300 0.33196211
vt 0.38904801 0.30478811
vt 0.18765900 0.30919504
vt 0.18904500 0.32725096
vt 0.26053801 0.32933807
vt 0.26078901 0.34029388
vt 0.19088200 0.34325194
vt 0.18463700 0.27982998
vt 0.36194801 0.41680503
vt 0.36977601 0.38183808
vt 0.34994900 0.41182399
vt 0.18293300 0.24580002
vt 0.29031199 0.50600290
vt 0.30790600 0.50954294
vt 0.31577799 0.46256709
vt 0.29475901 0.46098900
vt 0.26264799 0.35192609
vt 0.19254000 0.35794401
vt 0.09207800 0.39786005
vt 0.08121100 0.43194795
vt 0.26200601 0.55508804
vt 0.27213299 0.55522895
vt 0.27566800 0.50483608
vt 0.26413399 0.50534511
vt 0.19901000 0.43138695
vt 0.19736600 0.39663506
vt 0.11355400 0.49628592
vt 0.12020500 0.54010701
vt 0.13847600 0.53963399
vt 0.13478000 0.49601507
vt 0.26160201 0.32172894
vt 0.36839399 0.34713507
vt 0.21358401 0.46548510
vt 0.22566800 0.46650290
vt 0.19683900 0.49804497
vt 0.19857500 0.46295810
vt 0.32398099 0.51301408
vt 0.33135000 0.47449994
vt 0.26466301 0.46536493
vt 0.25074801 0.46577001
vt 0.25114900 0.50551009
vt 0.23834300 0.50508809
vt 0.23746499 0.46634698
vt 0.25251800 0.32807302
vt 0.27734199 0.46355200
vt 0.38240200 0.34922290
vt 0.35397801 0.35795903
vt 0.36374900 0.36197400
vt 0.28463799 0.55612612
vt 0.18129300 0.20245409
vt 0.18081000 0.15551400
vt 0.37810799 0.36456203
vt 0.39533600 0.17258096
vt 0.11253000 0.46070910
vt 0.13503300 0.46063590
vt 0.17639600 0.53603411
vt 0.15777400 0.53847909
vt 0.19266300 0.53194809
vt 0.23702100 0.55434990
vt 0.25034401 0.55453610
vt 0.09385700 0.49840593
vt 0.10320200 0.54153609
vt 0.42517799 0.36148500
vt 0.37520701 0.45205092
vt 0.09350300 0.46070790
vt 0.42012101 0.37623501
vt 0.29982799 0.55798006
vt 0.36598101 0.51619792
vt 0.35036501 0.51527500
vt 0.34651199 0.55713010
vt 0.36075500 0.55838203
vt 0.07585700 0.50178003
vt 0.08732200 0.54429889
vt 0.33243400 0.43675399
vt 0.31727701 0.55981708
vt 0.33749801 0.51510406
vt 0.33336100 0.56047606
vt 0.34311700 0.47796106
vt 0.35462201 0.47771907
vt 0.41412500 0.38902211
vt 0.34360501 0.44452906
vt 0.27597100 0.42833304
vt 0.07499800 0.45966196
vt 0.28918499 0.43291903
vt 0.36996901 0.47780299
vt 0.31294900 0.44545603
vt 0.09474400 0.10845709
vt 0.07250100 0.11195302
vt 0.25688300 0.06922698
vt 0.28378901 0.06911993
vt 0.28621301 0.03911805
vt 0.25873399 0.03814411
vt 0.40644699 0.07890105
vt 0.42073399 0.10724711
vt 0.42837799 0.06584191
vt 0.40857801 0.05371594
vt 0.47278899 0.13511300
vt 0.44982100 0.12209296
vt 0.15151200 0.09345388
vt 0.12841401 0.10113692
vt 0.04963200 0.11485910
vt 0.11135600 0.10564089
vt 0.16412500 0.06922793
vt 0.15886700 0.04968190
vt 0.13881899 0.05385208
vt 0.23034000 0.03937006
vt 0.20399401 0.04358006
vt 0.20506699 0.07166910
vt 0.23021799 0.07098389
vt 0.22894301 0.11387992
vt 0.20421000 0.11247492
vt 0.03740700 0.07466292
vt 0.01530200 0.07592893
vt 0.02118700 0.09586906
vt 0.04339900 0.09449911
vt 0.48222101 0.09336996
vt 0.46995801 0.08785105
vt 0.46570599 0.10781598
vt 0.47777200 0.11369896
vt 0.11633800 0.06133008
vt 0.06182100 0.07340908
vt 0.06715100 0.09267712
vt 0.02736200 0.11691093
vt 0.25467399 0.11248493
vt 0.15312900 0.03259706
vt 0.13031299 0.03585911
vt 0.33588001 0.04730010
vt 0.31255201 0.04195809
vt 0.30969700 0.07100797
vt 0.33272800 0.07553291
vt 0.45791399 0.08238196
vt 0.46291101 0.05551505
vt 0.43514901 0.03724790
vt 0.10637800 0.04272795
vt 0.30635300 0.10902095
vt 0.32796401 0.11222005
vt 0.28066599 0.11007595
vt 0.03060400 0.04799795
vt 0.00829500 0.05066395
vt 0.05496900 0.05051088
vt 0.37602201 0.12490511
vt 0.35998401 0.12720108
vt 0.34616500 0.11893797
vt 0.23028401 0.00969791
vt 0.20093000 0.02035809
vt 0.36259100 0.09646511
vt 0.37398401 0.08716106
vt 0.36330000 0.05785799
vt 0.35215300 0.08324599
vt 0.36389300 0.02165294
vt 0.34024599 0.01730299
vt 0.26125100 0.01077008
vt 0.40973499 0.02064300
vt 0.31514099 0.01420212
vt 0.28888899 0.01244998
vt 0.39431301 0.11777711
vt 0.39109001 0.08253002
vt 0.18158400 0.10709000
vt 0.17944300 0.04755211
vt 0.17557500 0.02762198
vt 0.18144000 0.07152295
vt 0.38849899 0.05283809
vt 0.09044700 0.08971691
vt 0.08583200 0.07002401
vt 0.07961000 0.04942107
vt 0.38532799 0.02147508
vt 0.10663200 0.08648610
vt 0.10149600 0.37508512
vt 0.38638100 0.39344096
vt 0.30283201 0.44530010
vt 0.12746800 0.57411003
vt 0.14330600 0.57167101
vt 0.34389600 0.58595109
vt 0.35458499 0.59108210
vt 0.15927701 0.56891203
vt 0.17924500 0.56312299
vt 0.09893400 0.57641006
vt 0.11296600 0.57438302
vt 0.27987400 0.60001493
vt 0.29490101 0.60197997
vt 0.22009300 0.59850097
vt 0.20117600 0.59879088
vt 0.31244400 0.60323501
vt 0.33251801 0.60401607
vt 0.16209801 0.60270309
vt 0.14753300 0.60411906
vt 0.23513500 0.59850192
vt 0.18007600 0.60028696
vt 0.12005800 0.60427809
vt 0.13280700 0.60455394
vt 0.34602800 0.61959600
vt 0.26794899 0.59876108
vt 0.25846201 0.59798193
vt 0.10665300 0.60527897
vt 0.24775600 0.59808707
vt 0.29041001 0.64209104
vt 0.27411601 0.64078903
vt 0.26956001 0.67829895
vt 0.28623900 0.67861795
vt 0.19793500 0.63647389
vt 0.17859700 0.63457203
vt 0.13775600 0.66501403
vt 0.13593900 0.69821811
vt 0.14704700 0.69934297
vt 0.15030500 0.66530609
vt 0.17445000 0.66773200
vt 0.16825999 0.70206189
vt 0.18747200 0.70539904
vt 0.19388901 0.67154288
vt 0.21621700 0.63845491
vt 0.26705000 0.71770096
vt 0.28366801 0.71676207
vt 0.20539300 0.70984101
vt 0.22456700 0.71494603
vt 0.22870199 0.67735600
vt 0.21156500 0.67493200
vt 0.13673700 0.63239908
vt 0.12449300 0.63160491
vt 0.12682600 0.66414189
vt 0.32223400 0.67731595
vt 0.32578501 0.64385009
vt 0.30877200 0.64282894
vt 0.30542901 0.67816806
vt 0.15022001 0.63254189
vt 0.16352300 0.63374209
vt 0.23290101 0.64010692
vt 0.30575901 0.71455097
vt 0.16191199 0.66633511
vt 0.15746900 0.70051408
vt 0.32273999 0.70964289
vt 0.33240300 0.70830989
vt 0.33425701 0.67749190
vt 0.12640101 0.69706202
vt 0.11830300 0.69651699
vt 0.11705700 0.66419911
vt 0.11207100 0.63185406
vt 0.26093999 0.64035010
vt 0.25590900 0.62131310
vt 0.24564700 0.64032888
vt 0.24864399 0.67785001
vt 0.24729100 0.71744704
vt 0.33908701 0.64577198
vt 0.26778600 0.93059897
vt 0.26594701 0.92397308
vt 0.26308000 0.93406200
vt 0.26494101 0.93702793
vt 0.36049700 0.94881392
vt 0.35878599 0.95439005
vt 0.36302400 0.95551801
vt 0.36454099 0.95109797
vt 0.41235000 0.86769795
vt 0.41572201 0.85053992
vt 0.40878201 0.84812689
vt 0.40561700 0.86590409
vt 0.26185599 0.93473601
vt 0.26230600 0.94098210
vt 0.26243699 0.94069290
vt 0.20849200 0.76730204
vt 0.21711400 0.77290702
vt 0.22264400 0.75483489
vt 0.21565300 0.74904299
vt 0.41483501 0.77912903
vt 0.40977499 0.77590704
vt 0.40894699 0.78598809
vt 0.41574600 0.78736210
vt 0.36184099 0.79509902
vt 0.37063500 0.79997611
vt 0.38378701 0.77791691
vt 0.37604201 0.77215290
vt 0.20936701 0.78471398
vt 0.21570300 0.79419994
vt 0.22798900 0.78112006
vt 0.23071600 0.75444198
vt 0.30700499 0.93532109
vt 0.30549800 0.92815208
vt 0.29841000 0.93006492
vt 0.30040300 0.93714404
vt 0.29382101 0.93374491
vt 0.29623601 0.94112992
vt 0.36410701 0.76421189
vt 0.35273501 0.78862810
vt 0.41307500 0.76851296
vt 0.40484399 0.76562309
vt 0.40395501 0.77365088
vt 0.25978100 0.92503190
vt 0.26640999 0.94410300
vt 0.26712900 0.95031404
vt 0.27028999 0.94786811
vt 0.26915500 0.94036508
vt 0.11159700 0.79610300
vt 0.11940700 0.77925897
vt 0.11007400 0.77658200
vt 0.10324600 0.79339910
vt 0.42371500 0.78709102
vt 0.41987699 0.77551794
vt 0.15140399 0.73143196
vt 0.15938900 0.73267388
vt 0.19840500 0.73895597
vt 0.35558200 0.94689798
vt 0.35433799 0.95299506
vt 0.35076100 0.94324493
vt 0.35558000 0.94191098
vt 0.34858000 0.93673801
vt 0.34826100 0.94112110
vt 0.13333900 0.72791791
vt 0.14295299 0.72994304
vt 0.26283899 0.94223094
vt 0.34896600 0.95652390
vt 0.35351300 0.95737791
vt 0.34959799 0.95185804
vt 0.20022200 0.79128695
vt 0.20385399 0.80160308
vt 0.28336099 0.93654609
vt 0.28050199 0.93228507
vt 0.27932400 0.93993711
vt 0.28212300 0.94164395
vt 0.09329800 0.78969193
vt 0.08943800 0.79992604
vt 0.09886600 0.80284309
vt 0.14762799 0.80768394
vt 0.15648600 0.78941298
vt 0.14457101 0.78599691
vt 0.13693500 0.80388904
vt 0.41093501 0.88535690
vt 0.40435100 0.88485003
vt 0.26350799 0.94749999
vt 0.12769200 0.80128694
vt 0.12345500 0.81120300
vt 0.13217300 0.81374693
vt 0.36924300 0.94438291
vt 0.36205599 0.94461608
vt 0.36599100 0.94924998
vt 0.36698499 0.94851804
vt 0.13906001 0.74944806
vt 0.14712299 0.75111794
vt 0.35810000 0.93544006
vt 0.34996599 0.93186212
vt 0.27698299 0.92908812
vt 0.27650800 0.93878388
vt 0.29676199 0.92462111
vt 0.30410701 0.92303801
vt 0.20292100 0.77824211
vt 0.19838700 0.78445601
vt 0.22395401 0.82438707
vt 0.22062300 0.80829811
vt 0.20948701 0.81434894
vt 0.21343499 0.82861400
vt 0.39660400 0.78326988
vt 0.40246099 0.78429794
vt 0.39802101 0.77391791
vt 0.34446600 0.95554900
vt 0.34518099 0.95049000
vt 0.29169801 0.92811394
vt 0.35076499 0.94630408
vt 0.34657401 0.94485807
vt 0.39654201 0.76676893
vt 0.38952100 0.77120495
vt 0.39377201 0.77708292
vt 0.27285600 0.93870211
vt 0.27412599 0.94647789
vt 0.27234900 0.92805004
vt 0.10717600 0.80559111
vt 0.11525100 0.80850291
vt 0.11917000 0.79887795
vt 0.34449399 0.96131396
vt 0.34915301 0.96147895
vt 0.15422100 0.75255108
vt 0.28076199 0.94635201
vt 0.28428599 0.94702601
vt 0.38090900 0.80379295
vt 0.39021599 0.78192091
vt 0.23230700 0.80295396
vt 0.26787600 0.95537400
vt 0.27119300 0.95366693
vt 0.23524900 0.92287111
vt 0.23200101 0.92917490
vt 0.23466501 0.93119001
vt 0.23825601 0.92545295
vt 0.24805500 0.94041800
vt 0.24860400 0.93170309
vt 0.24429899 0.93464708
vt 0.24423200 0.94153404
vt 0.25156200 0.94040608
vt 0.25302601 0.93128800
vt 0.24096400 0.93758297
vt 0.24039900 0.94275403
vt 0.36966300 0.96030307
vt 0.37358999 0.95938993
vt 0.37265101 0.95276403
vt 0.36911201 0.95388889
vt 0.24694300 0.94807792
vt 0.24321300 0.94882393
vt 0.25044399 0.94819403
vt 0.25352600 0.94907594
vt 0.25470999 0.94154906
vt 0.22571200 0.91793108
vt 0.22247399 0.92142701
vt 0.22274500 0.92302489
vt 0.22652499 0.92178798
vt 0.26093200 0.94638395
vt 0.25781399 0.94398904
vt 0.25642699 0.95066309
vt 0.25994301 0.95298100
vt 0.23108900 0.92171001
vt 0.22868200 0.92811203
vt 0.22170600 0.93394208
vt 0.22460300 0.92781591
vt 0.22016200 0.92781711
vt 0.21777700 0.93395591
vt 0.23124100 0.93719292
vt 0.23345800 0.94011593
vt 0.23668900 0.93432593
vt 0.22541800 0.93417501
vt 0.35795999 0.95849490
vt 0.35771599 0.96246290
vt 0.36192301 0.96352100
vt 0.36204901 0.95946598
vt 0.23847599 0.93778992
vt 0.23548201 0.94318295
vt 0.23939100 0.92996907
vt 0.25674501 0.93330789
vt 0.37989700 0.95129204
vt 0.38107100 0.95798302
vt 0.38512400 0.95767498
vt 0.38361499 0.95093203
vt 0.38327101 0.94625497
vt 0.38400701 0.94328594
vt 0.37985101 0.94107294
vt 0.37947300 0.94624090
vt 0.24817701 0.92259693
vt 0.24291500 0.92971396
vt 0.25440800 0.92254996
vt 0.25973099 0.93825507
vt 0.26178399 0.94229889
vt 0.24147201 0.92806792
vt 0.24264300 0.92011499
vt 0.23977201 0.93456888
vt 0.24001500 0.93404698
vt 0.24044600 0.93512988
vt 0.22869401 0.93519497
vt 0.23800100 0.91685104
vt 0.23198800 0.91477990
vt 0.26378900 0.95252299
vt 0.39621699 0.93390012
vt 0.39691100 0.93958092
vt 0.40076301 0.93864202
vt 0.39950901 0.93395591
vt 0.26444301 0.95699000
vt 0.37615100 0.95188308
vt 0.37723500 0.95847607
vt 0.23903200 0.94977093
vt 0.40032300 0.93129206
vt 0.39631400 0.92935991
vt 0.39895999 0.94574594
vt 0.39355600 0.94087601
vt 0.39572099 0.94678998
vt 0.37130299 0.94818497
vt 0.36847600 0.95000196
vt 0.37535900 0.94688392
vt 0.35347801 0.96174502
vt 0.40292701 0.94472003
vt 0.24122700 0.90521312
vt 0.23758601 0.90347409
vt 0.40191200 0.91726303
vt 0.40399399 0.92110205
vt 0.40709701 0.91855597
vt 0.40533900 0.91471291
vt 0.21161699 0.92157412
vt 0.21453400 0.91939497
vt 0.21271800 0.91662407
vt 0.21019700 0.91887593
vt 0.20983100 0.91405797
vt 0.20742400 0.91673303
vt 0.21928100 0.92019105
vt 0.21887900 0.91637111
vt 0.21535601 0.92280698
vt 0.40413100 0.92758012
vt 0.40741101 0.93057394
vt 0.40902099 0.92745304
vt 0.40626299 0.92425203
vt 0.22493000 0.90075994
vt 0.22098500 0.90910411
vt 0.22507800 0.91270995
vt 0.22915800 0.90165305
vt 0.41212600 0.91881204
vt 0.41054299 0.91624188
vt 0.40905100 0.92129993
vt 0.21626000 0.90650010
vt 0.21916500 0.89832497
vt 0.22094899 0.92236710
vt 0.22331101 0.91790390
vt 0.21925400 0.92429304
vt 0.40391701 0.90686798
vt 0.39977700 0.91179109
vt 0.40567499 0.93384004
vt 0.40851700 0.93610096
vt 0.41020799 0.93302703
vt 0.21583299 0.92680812
vt 0.40087399 0.92472506
vt 0.21658300 0.91332889
vt 0.41172001 0.93021107
vt 0.20495400 0.90734601
vt 0.20230800 0.91069007
vt 0.20617400 0.91209507
vt 0.20906501 0.90852308
vt 0.21315700 0.91061711
vt 0.21214201 0.92478991
vt 0.20377600 0.91522288
vt 0.20003401 0.91436291
vt 0.40036899 0.92993999
vt 0.40286601 0.93134809
vt 0.40957299 0.91224504
vt 0.41140899 0.92446208
vt 0.41446000 0.92195511
vt 0.41671601 0.92531800
vt 0.41388801 0.92753506
vt 0.21118400 0.90487194
vt 0.40939200 0.90576410
vt 0.21230200 0.92867303
vt 0.15933500 0.76743102
vt 0.15051800 0.76621008
vt 0.34414199 0.75676298
vt 0.34483200 0.76351309
vt 0.35482499 0.75941205
vt 0.34721199 0.75248408
vt 0.39906001 0.91959906
vt 0.39361101 0.92426109
vt 0.16804400 0.73366594
vt 0.11667800 0.75599694
vt 0.10472700 0.76541400
vt 0.09956300 0.77583694
vt 0.26765901 0.75178504
vt 0.28505301 0.75136590
vt 0.19197699 0.76055908
vt 0.28285700 0.95229602
vt 0.28663599 0.95268703
vt 0.29684401 0.80159307
vt 0.27490300 0.79845595
vt 0.27973199 0.81901693
vt 0.30185401 0.82323194
vt 0.31232199 0.80219197
vt 0.31848899 0.82468605
vt 0.25444099 0.84707594
vt 0.28509200 0.84638309
vt 0.25210500 0.81892610
vt 0.27530199 0.95227194
vt 0.27937901 0.95215297
vt 0.27781501 0.94610190
vt 0.23579200 0.84721208
vt 0.23443100 0.82118607
vt 0.22544000 0.84853601
vt 0.39638701 0.91431308
vt 0.29046401 0.77937889
vt 0.27097899 0.77808189
vt 0.34306800 0.78079009
vt 0.11116300 0.75145793
vt 0.12245900 0.74504089
vt 0.11490400 0.74202609
vt 0.32157400 0.80080390
vt 0.31651399 0.78690004
vt 0.30497500 0.77840209
vt 0.33658400 0.75039911
vt 0.34187901 0.74919701
vt 0.33568600 0.73388600
vt 0.32877699 0.73464203
vt 0.27851501 0.92213702
vt 0.27213100 0.92127490
vt 0.18495101 0.78025293
vt 0.18212400 0.78813100
vt 0.28931999 0.87635994
vt 0.26894900 0.87704396
vt 0.27111599 0.89233994
vt 0.29091501 0.89173293
vt 0.24560601 0.87577105
vt 0.23339900 0.87296700
vt 0.23042600 0.88977003
vt 0.24388300 0.89165711
vt 0.40118301 0.84527612
vt 0.41232201 0.83556294
vt 0.40380701 0.83269596
vt 0.31096601 0.92298794
vt 0.31215000 0.92801595
vt 0.36249900 0.93708491
vt 0.16203199 0.75394511
vt 0.18827499 0.77138901
vt 0.11722400 0.72406793
vt 0.12524401 0.72604895
vt 0.18138801 0.73656893
vt 0.24855100 0.77808094
vt 0.25039601 0.79885101
vt 0.16888900 0.75509810
vt 0.17329800 0.73911810
vt 0.16755600 0.77716804
vt 0.16672300 0.76719308
vt 0.39725301 0.86404610
vt 0.31903499 0.76258707
vt 0.32666400 0.77153206
vt 0.24804100 0.75242400
vt 0.30133101 0.74829006
vt 0.13040499 0.74724889
vt 0.12628700 0.76060605
vt 0.40391099 0.89624500
vt 0.41022199 0.89591599
vt 0.17597100 0.75643897
vt 0.17343900 0.76733708
vt 0.33817300 0.76011896
vt 0.33155400 0.75301504
vt 0.34005401 0.75605297
vt 0.17659999 0.80369592
vt 0.31989700 0.73763990
vt 0.17259000 0.77414989
vt 0.41958401 0.83813906
vt 0.33491501 0.77661800
vt 0.30593401 0.84893394
vt 0.38742301 0.93717289
vt 0.38617700 0.94213295
vt 0.14252700 0.76468110
vt 0.31281501 0.93555188
vt 0.25547400 0.88060999
vt 0.25645599 0.89371204
vt 0.36958501 0.93773508
vt 0.31306899 0.74934793
vt 0.22437800 0.87098408
vt 0.22309300 0.88823605
vt 0.32498199 0.93956804
vt 0.33074200 0.94201493
vt 0.33297300 0.93351102
vt 0.32638699 0.93083596
vt 0.30814999 0.91115189
vt 0.31768000 0.91335702
vt 0.31803599 0.90632391
vt 0.30731401 0.90384412
vt 0.39702800 0.88477993
vt 0.39761400 0.89748693
vt 0.28884301 0.93590212
vt 0.29037499 0.94016600
vt 0.34272000 0.93528199
vt 0.34629199 0.94111800
vt 0.27170399 0.90869403
vt 0.27613899 0.90867710
vt 0.26737699 0.90901303
vt 0.39844099 0.90524793
vt 0.39125299 0.89994311
vt 0.39281800 0.90932202
vt 0.24477400 0.90630007
vt 0.28667501 0.90740800
vt 0.28605700 0.94261193
vt 0.28675699 0.94590497
vt 0.25206700 0.90808702
vt 0.37433001 0.92796612
vt 0.37735900 0.91665411
vt 0.36690599 0.91886997
vt 0.36998400 0.92997289
vt 0.25564599 0.90858603
vt 0.33986199 0.93809295
vt 0.33673799 0.94582200
vt 0.34171200 0.94959402
vt 0.34380499 0.94282508
vt 0.39196301 0.91773796
vt 0.38630500 0.91188407
vt 0.38773501 0.92076492
vt 0.25935599 0.90939212
vt 0.38941100 0.92780995
vt 0.39153099 0.93279600
vt 0.38338801 0.92477989
vt 0.38527700 0.93136597
vt 0.38959399 0.88539791
vt 0.36501399 0.92975712
vt 0.37833899 0.93492603
vt 0.28892699 0.95314097
vt 0.29280701 0.94725299
vt 0.28482300 0.93457508
vt 0.28260100 0.92827296
vt 0.28331500 0.93927193
vt 0.28590000 0.94029999
vt 0.28687599 0.93539405
vt 0.28759700 0.92077804
vt 0.31926000 0.92896104
vt 0.32662699 0.92688608
vt 0.31864101 0.92422605
vt 0.28806901 0.93181109
vt 0.28686300 0.92891502
vt 0.39257100 0.93608594
vt 0.37466699 0.94238091
vt 0.37423599 0.93627405
vt 0.33385900 0.93021798
vt 0.36118001 0.92803693
vt 0.21709400 0.87157011
vt 0.21743400 0.89186597
vt 0.37841699 0.92739606
vt 0.29884601 0.90362406
vt 0.30665201 0.89322495
vt 0.35207799 0.92550397
vt 0.34672701 0.94212389
vt 0.36759001 0.89753199
vt 0.36833599 0.90752912
vt 0.37714201 0.90491509
vt 0.37525600 0.88841510
vt 0.31908700 0.93731403
vt 0.30659401 0.87815404
vt 0.29222000 0.90555191
vt 0.34494299 0.92356300
vt 0.34343499 0.92980003
vt 0.31900799 0.89631891
vt 0.32064101 0.88113499
vt 0.33780000 0.85655594
vt 0.32156700 0.85215211
vt 0.33386299 0.88391399
vt 0.32956001 0.79807496
vt 0.33857799 0.80707192
vt 0.34927601 0.81412005
vt 0.35473600 0.91711307
vt 0.39043000 0.94290400
vt 0.38748699 0.94535494
vt 0.38944399 0.95043206
vt 0.39272600 0.94835591
vt 0.42419401 0.81196094
vt 0.41528901 0.81086612
vt 0.40642700 0.80927801
vt 0.21224400 0.89925408
vt 0.21204300 0.89315200
vt 0.20597900 0.89428091
vt 0.20661700 0.90026689
vt 0.38288599 0.88619089
vt 0.38497701 0.90226197
vt 0.37902501 0.83878899
vt 0.38622400 0.84028792
vt 0.38653800 0.82792091
vt 0.37466800 0.82597589
vt 0.34000200 0.90364099
vt 0.33771700 0.91323090
vt 0.34710899 0.91551709
vt 0.34931099 0.90561795
vt 0.32606801 0.78840899
vt 0.39073300 0.80591202
vt 0.35297200 0.88866711
vt 0.35710099 0.90716004
vt 0.36112201 0.89154291
vt 0.31799999 0.91969395
vt 0.32680601 0.92320800
vt 0.32731700 0.91783094
vt 0.13479801 0.78335905
vt 0.38643399 0.94290709
vt 0.38883400 0.93939710
vt 0.36852700 0.87046409
vt 0.38060701 0.86726403
vt 0.38844901 0.86565399
vt 0.38686699 0.85354090
vt 0.37938499 0.85116100
vt 0.13450401 0.76305509
vt 0.28991699 0.92484903
vt 0.30958900 0.91775107
vt 0.36128101 0.81965995
vt 0.33576700 0.92092991
vt 0.34351701 0.88609791
vt 0.20441400 0.88510704
vt 0.21045800 0.88447690
vt 0.39601299 0.83039498
vt 0.39887300 0.80761695
vt 0.32882699 0.91050792
vt 0.33086699 0.90075898
vt 0.33138499 0.81429291
vt 0.12733901 0.78136110
vt 0.30258599 0.91752601
vt 0.29498899 0.91925001
vt 0.34380099 0.82335091
vt 0.35650000 0.82929897
vt 0.20288900 0.87502289
vt 0.20860399 0.87363005
vt 0.29374599 0.91382098
vt 0.30107301 0.91144705
vt 0.34852400 0.86006403
vt 0.20644400 0.90441394
vt 0.33465400 0.92679405
vt 0.37314001 0.83988094
vt 0.36739901 0.83435893
vt 0.39387101 0.84284592
vt 0.39259899 0.85509396
vt 0.35868499 0.86401892
vt 0.36344701 0.84540701
vt 0.37151301 0.84844804
vt 0.19540100 0.82345295
vt 0.14218500 0.81706190
vt 0.21269800 0.87272811
vt 0.20922500 0.85355592
vt 0.20300500 0.85641599
vt 0.35261101 0.84074306
vt 0.33986700 0.83528209
vt 0.16303700 0.82633495
vt 0.16789500 0.81903696
vt 0.18974400 0.84488106
vt 0.19464900 0.84153390
vt 0.18636200 0.83246708
vt 0.18162900 0.83719707
vt 0.20244300 0.83505106
vt 0.21369199 0.88477492
vt 0.19770201 0.85866308
vt 0.21687201 0.85043693
vt 0.47490799 0.06187892
vt 0.48725000 0.06837106
vt 0.28017899 0.95820594
vt 0.28126201 0.96027398
vt 0.28185800 0.96031594
vt 0.28067100 0.95720911
vt 0.22460400 0.94271302
vt 0.22420900 0.94338608
vt 0.22629300 0.94395804
vt 0.22640900 0.94327688
vt 0.22819801 0.94089699
vt 0.22901900 0.94063711
vt 0.22688000 0.93821502
vt 0.22652800 0.93893790
vt 0.31351000 0.95040703
vt 0.31232101 0.94375110
vt 0.31113601 0.94532704
vt 0.31255400 0.95091891
vt 0.27372000 0.95907998
vt 0.27258199 0.95855188
vt 0.27299601 0.96155000
vt 0.27355099 0.96124291
vt 0.25239301 0.95403290
vt 0.25248700 0.95591998
vt 0.25291201 0.95614696
vt 0.25298300 0.95338202
vt 0.31258401 0.95403194
vt 0.31103799 0.95576406
vt 0.31163499 0.95658898
vt 0.31337401 0.95437503
vt 0.20649301 0.92413497
vt 0.20620200 0.92475009
vt 0.20791499 0.92475009
vt 0.20773700 0.92415595
vt 0.20530200 0.92321301
vt 0.20474499 0.92178512
vt 0.20394500 0.92195606
vt 0.20471300 0.92363191
vt 0.20519000 0.92064500
vt 0.20651001 0.92006111
vt 0.20602401 0.91895294
vt 0.20433100 0.92038202
vt 0.22778200 0.94259000
vt 0.22806700 0.94314003
vt 0.22304800 0.93977904
vt 0.22410899 0.93868804
vt 0.22373401 0.93788910
vt 0.22234000 0.93990588
vt 0.22318199 0.94127607
vt 0.22260600 0.94178510
vt 0.30867600 0.95757294
vt 0.30835199 0.95654893
vt 0.30590299 0.95650506
vt 0.30574900 0.95746708
vt 0.27487200 0.96268392
vt 0.27469200 0.96321702
vt 0.20827600 0.92105007
vt 0.20879900 0.92038298
vt 0.25122100 0.95719790
vt 0.24904799 0.95717597
vt 0.24896400 0.95786309
vt 0.25136301 0.95775008
vt 0.28021401 0.96210694
vt 0.28056499 0.96252704
vt 0.24709401 0.95296788
vt 0.24984500 0.95248604
vt 0.24994200 0.95171094
vt 0.24643600 0.95234108
vt 0.30353701 0.95443511
vt 0.30260399 0.95495105
vt 0.24708501 0.95620108
vt 0.24638800 0.95457911
vt 0.24573500 0.95498896
vt 0.24677400 0.95691991
vt 0.30151099 0.94912004
vt 0.29954100 0.94876695
vt 0.30318600 0.94488311
vt 0.30235901 0.94326210
vt 0.27765101 0.96302509
vt 0.27775699 0.96359301
vt 0.27668199 0.95748210
vt 0.27637601 0.95654011
vt 0.30766100 0.94354701
vt 0.30761299 0.94171405
vt 0.20864201 0.92316103
vt 0.20951900 0.92319894
vt 0.31068599 0.95512199
vt 0.30809101 0.95581198
vt 0.27159801 0.96288204
vt 0.27413699 0.96458697
vt 0.32846799 0.96061897
vt 0.32461300 0.96438408
vt 0.32805699 0.96612191
vt 0.33220699 0.96384001
vt 0.33270499 0.95520210
vt 0.32709301 0.95161104
vt 0.33729401 0.95854712
vt 0.35609400 0.97333002
vt 0.35764500 0.97554588
vt 0.36036900 0.97287607
vt 0.35693601 0.97111392
vt 0.32269800 0.94873905
vt 0.32054800 0.95443702
vt 0.32388899 0.95730209
vt 0.31156299 0.95296001
vt 0.31193301 0.95391703
vt 0.27798501 0.96498704
vt 0.27809501 0.96801710
vt 0.28267899 0.96629310
vt 0.28134501 0.96383500
vt 0.35328299 0.97316289
vt 0.35322499 0.97648191
vt 0.28342700 0.96137094
vt 0.28396201 0.95791292
vt 0.34504199 0.96755290
vt 0.34909201 0.96690202
vt 0.31864500 0.95808792
vt 0.32043901 0.96141291
vt 0.27333501 0.96718097
vt 0.35054100 0.97285700
vt 0.34899601 0.97490191
vt 0.30596200 0.95572805
vt 0.34643799 0.97167706
vt 0.34968400 0.97037792
vt 0.28744400 0.95896697
vt 0.28590199 0.96319103
vt 0.26975399 0.96544695
vt 0.30565801 0.95457101
vt 0.37118801 0.96552300
vt 0.37455401 0.96474195
vt 0.22106500 0.94317007
vt 0.22035500 0.94081306
vt 0.21838900 0.94187307
vt 0.21913999 0.94500804
vt 0.37472799 0.96845388
vt 0.37868199 0.96819091
vt 0.37813801 0.96403003
vt 0.35319600 0.96686196
vt 0.35318899 0.97030902
vt 0.25269899 0.96207905
vt 0.25181299 0.95931697
vt 0.24864100 0.95952606
vt 0.24824700 0.96308398
vt 0.35752100 0.96760106
vt 0.26954401 0.96012807
vt 0.25513899 0.96016598
vt 0.25754699 0.95800996
vt 0.25507700 0.95524001
vt 0.25379199 0.95756412
vt 0.40065801 0.95087504
vt 0.39767399 0.95198798
vt 0.39918101 0.95505595
vt 0.40202400 0.95375299
vt 0.36153901 0.96879196
vt 0.37198699 0.96803498
vt 0.22589301 0.94596791
vt 0.22323500 0.94513512
vt 0.22245599 0.94800401
vt 0.22592200 0.94868708
vt 0.38512799 0.96626711
vt 0.38541600 0.96342802
vt 0.38185301 0.96355104
vt 0.38255399 0.96740508
vt 0.40411901 0.95225811
vt 0.40391299 0.94989896
vt 0.26656401 0.96223593
vt 0.39479500 0.95330095
vt 0.39591700 0.95629907
vt 0.27441901 0.96021104
vt 0.27434799 0.96100211
vt 0.24322499 0.95376492
vt 0.24000700 0.95554209
vt 0.22869100 0.94792199
vt 0.22826700 0.94539595
vt 0.24206901 0.95801210
vt 0.24401601 0.95639396
vt 0.23156700 0.94701910
vt 0.23042300 0.94384599
vt 0.27988300 0.95944500
vt 0.28028500 0.96027398
vt 0.24400400 0.96092010
vt 0.24571399 0.95848989
vt 0.22047000 0.93830609
vt 0.21713400 0.93945193
vt 0.20743901 0.92343211
vt 0.20673700 0.92343497
vt 0.41442901 0.93699288
vt 0.41239399 0.93495893
vt 0.41097200 0.93760395
vt 0.41275400 0.93848801
vt 0.25185099 0.95561910
vt 0.25104299 0.95625806
vt 0.22723000 0.94205809
vt 0.22651599 0.94247794
vt 0.24756700 0.95559192
vt 0.24717200 0.95449591
vt 0.22373401 0.94006991
vt 0.22385900 0.94087410
vt 0.20692500 0.92886496
vt 0.20941100 0.92934489
vt 0.20970701 0.92608190
vt 0.20750099 0.92666197
vt 0.24915300 0.95623398
vt 0.20591199 0.92282295
vt 0.20546000 0.92177105
vt 0.25180599 0.95490503
vt 0.20321199 0.92470503
vt 0.20528300 0.92640400
vt 0.20197301 0.92021894
vt 0.20198300 0.92240405
vt 0.20247500 0.91797304
vt 0.19960099 0.92034006
vt 0.19914700 0.91783500
vt 0.20361800 0.92845392
vt 0.41828001 0.93207693
vt 0.41603199 0.93006396
vt 0.41402400 0.93250108
vt 0.41638100 0.93472791
vt 0.20783199 0.92307591
vt 0.22416601 0.93958807
vt 0.19930400 0.92319703
vt 0.20095800 0.92651200
vt 0.22496501 0.94201207
vt 0.41830799 0.92823696
vt 0.22742100 0.94140792
vt 0.41943100 0.93018103
vt 0.20574100 0.92111111
vt 0.20628200 0.92084289
vt 0.24749200 0.95396090
vt 0.27513099 0.96183991
vt 0.27750999 0.96214795
vt 0.27963901 0.96139407
vt 0.30578101 0.96496010
vt 0.30579799 0.96069407
vt 0.30136499 0.95882702
vt 0.30086601 0.96411705
vt 0.31607300 0.96209908
vt 0.31568500 0.95629191
vt 0.31335300 0.95912600
vt 0.31794101 0.94624591
vt 0.31707600 0.95192504
vt 0.30971301 0.96051407
vt 0.31071499 0.96505189
vt 0.29701701 0.95462298
vt 0.29438099 0.96097708
vt 0.39352900 0.95688510
vt 0.39200199 0.95499206
vt 0.31030101 0.95389390
vt 0.30778199 0.95456505
f 1/1 2/2 3/3
f 1/1 3/3 4/4
f 5/5 6/6 7/7
f 5/5 7/7 8/8
f 9/9 10/10 11/11
f 9/9 11/11 12/12
f 13/13 14/14 15/15
f 13/13 15/15 16/16
f 17/17 18/18 19/19
f 17/17 19/19 20/20
f 21/21 22/22 23/23
f 21/21 23/23 24/24
f 25/25 26/26 27/27
f 25/25 27/27 28/28
f 7/7 29/29 30/30
f 7/7 30/30 31/31
f 28/28 23/23 22/22
f 28/28 22/22 25/25
f 32/32 33/33 34/34
f 32/32 34/34 35/35
f 36/36 37/37 38/38
f 36/36 38/38 39/39
f 40/40 38/38 23/23
f 40/40 23/23 28/28
f 6/6 5/5 41/41
f 6/6 41/41 42/42
f 43/43 44/44 18/18
f 43/43 18/18 12/12
f 6/6 45/45 29/29
f 6/6 29/29 7/7
f 46/46 47/47 48/48
f 46/46 48/48 42/42
f 49/49 50/50 51/51
f 49/49 51/51 52/52
f 53/53 47/47 54/54
f 53/53 54/54 55/55
f 56/56 57/57 58/58
f 56/56 58/58 59/59
f 60/60 19/19 18/18
f 60/60 18/18 44/44
f 61/61 62/62 63/63
f 61/61 63/63 20/20
f 64/64 65/65 46/46
f 64/64 46/46 66/66
f 67/67 68/68 69/69
f 67/67 69/69 70/70
f 71/71 17/17 20/20
f 71/71 20/20 63/63
f 72/72 73/73 74/74
f 72/72 74/74 69/69
f 14/14 68/68 67/67
f 14/14 67/67 15/15
f 34/34 75/75 68/68
f 34/34 68/68 14/14
f 16/16 76/76 60/60
f 16/16 60/60 13/13
f 42/42 48/48 45/45
f 42/42 45/45 6/6
f 77/77 78/78 79/79
f 77/77 79/79 80/80
f 81/81 61/61 20/20
f 81/81 20/20 19/19
f 82/82 83/83 84/84
f 82/82 84/84 40/40
f 52/52 10/10 85/85
f 52/52 85/85 49/49
f 86/86 87/87 37/37
f 86/86 37/37 36/36
f 32/32 35/35 44/44
f 32/32 44/44 43/43
f 33/33 88/88 75/75
f 33/33 75/75 34/34
f 53/53 72/72 75/75
f 53/53 75/75 88/88
f 75/75 72/72 69/69
f 75/75 69/69 68/68
f 31/31 30/30 11/11
f 31/31 11/11 89/89
f 13/13 60/60 44/44
f 13/13 44/44 35/35
f 90/90 91/91 92/92
f 90/90 92/92 93/93
f 55/55 54/54 94/94
f 55/55 94/94 95/95
f 73/73 55/55 95/95
f 73/73 95/95 96/96
f 97/97 89/89 52/52
f 97/97 52/52 51/51
f 98/98 31/31 89/89
f 98/98 89/89 97/97
f 72/72 53/53 55/55
f 72/72 55/55 73/73
f 12/12 18/18 17/17
f 12/12 17/17 9/9
f 99/99 58/58 57/57
f 99/99 57/57 100/100
f 100/100 90/90 93/93
f 100/100 93/93 99/99
f 31/31 98/98 8/8
f 31/31 8/8 7/7
f 79/79 78/78 2/2
f 79/79 2/2 1/1
f 66/66 46/46 42/42
f 66/66 42/42 41/41
f 101/101 77/77 80/80
f 101/101 80/80 102/102
f 35/35 34/34 14/14
f 35/35 14/14 13/13
f 71/71 103/103 9/9
f 71/71 9/9 17/17
f 76/76 81/81 19/19
f 76/76 19/19 60/60
f 104/104 105/105 65/65
f 104/104 65/65 64/64
f 4/4 3/3 87/87
f 4/4 87/87 86/86
f 106/106 107/107 108/108
f 106/106 108/108 109/109
f 106/106 110/110 111/111
f 106/106 111/111 112/112
f 113/113 114/114 115/115
f 113/113 115/115 116/116
f 117/117 118/118 119/119
f 117/117 119/119 120/120
f 121/121 122/122 123/123
f 121/121 123/123 124/124
f 91/91 90/90 125/125
f 91/91 125/125 126/126
f 127/127 128/128 129/129
f 127/127 129/129 130/130
f 131/131 132/132 133/133
f 131/131 133/133 134/134
f 135/135 136/136 137/137
f 135/135 137/137 138/138
f 139/139 140/140 141/141
f 139/139 141/141 142/142
f 78/78 143/143 144/144
f 78/78 144/144 2/2
f 145/145 146/146 147/147
f 145/145 147/147 148/148
f 149/149 150/150 151/151
f 149/149 151/151 138/138
f 152/152 153/153 154/154
f 152/152 154/154 155/155
f 156/156 157/157 100/100
f 156/156 100/100 57/57
f 128/128 127/127 158/158
f 128/128 158/158 159/159
f 160/160 129/129 161/161
f 160/160 161/161 162/162
f 163/163 123/123 122/122
f 163/163 122/122 140/140
f 164/164 135/135 138/138
f 164/164 138/138 151/151
f 106/106 165/165 166/166
f 106/106 166/166 110/110
f 145/145 167/167 56/56
f 145/145 56/56 146/146
f 136/136 135/135 168/168
f 136/136 168/168 169/169
f 170/170 171/171 121/121
f 170/170 121/121 172/172
f 173/173 174/174 175/175
f 173/173 175/175 176/176
f 177/177 178/178 148/148
f 177/177 148/148 147/147
f 129/129 160/160 179/179
f 129/129 179/179 130/130
f 180/180 181/181 182/182
f 180/180 182/182 183/183
f 184/184 185/185 186/186
f 184/184 186/186 134/134
f 181/181 180/180 115/115
f 181/181 115/115 187/187
f 182/182 188/188 189/189
f 182/182 189/189 190/190
f 127/127 154/154 153/153
f 127/127 153/153 158/158
f 191/191 116/116 183/183
f 191/191 183/183 192/192
f 90/90 100/100 157/157
f 90/90 157/157 125/125
f 116/116 191/191 193/193
f 116/116 193/193 113/113
f 194/194 141/141 140/140
f 194/194 140/140 122/122
f 160/160 195/195 196/196
f 160/160 196/196 179/179
f 197/197 107/107 198/198
f 197/197 198/198 199/199
f 200/200 201/201 202/202
f 200/200 202/202 203/203
f 124/124 176/176 120/120
f 124/124 120/120 119/119
f 77/77 101/101 150/150
f 77/77 150/150 149/149
f 204/204 165/165 118/118
f 204/204 118/118 117/117
f 123/123 163/163 205/205
f 123/123 205/205 173/173
f 21/21 24/24 206/206
f 21/21 206/206 187/187
f 142/142 141/141 168/168
f 142/142 168/168 207/207
f 188/188 208/208 137/137
f 188/188 137/137 189/189
f 118/118 109/109 172/172
f 118/118 172/172 119/119
f 181/181 143/143 188/188
f 181/181 188/188 182/182
f 171/171 170/170 197/197
f 171/171 197/197 209/209
f 171/171 194/194 122/122
f 171/171 122/122 121/121
f 210/210 166/166 165/165
f 210/210 165/165 204/204
f 121/121 124/124 119/119
f 121/121 119/119 172/172
f 78/78 77/77 149/149
f 78/78 149/149 208/208
f 189/189 137/137 136/136
f 189/189 136/136 190/190
f 211/211 153/153 152/152
f 211/211 152/152 212/212
f 213/213 22/22 21/21
f 213/213 21/21 214/214
f 111/111 215/215 216/216
f 111/111 216/216 217/217
f 208/208 149/149 138/138
f 208/208 138/138 137/137
f 218/218 219/219 155/155
f 218/218 155/155 154/154
f 143/143 78/78 208/208
f 143/143 208/208 188/188
f 220/220 25/25 22/22
f 220/220 22/22 213/213
f 116/116 115/115 180/180
f 116/116 180/180 183/183
f 206/206 221/221 181/181
f 206/206 181/181 187/187
f 110/110 166/166 222/222
f 110/110 222/222 223/223
f 198/198 112/112 224/224
f 198/198 224/224 199/199
f 135/135 164/164 207/207
f 135/135 207/207 168/168
f 225/225 113/113 193/193
f 225/225 193/193 226/226
f 205/205 163/163 227/227
f 205/205 227/227 228/228
f 229/229 161/161 129/129
f 229/229 129/129 128/128
f 230/230 231/231 216/216
f 230/230 216/216 215/215
f 110/110 223/223 215/215
f 110/110 215/215 111/111
f 219/219 218/218 231/231
f 219/219 231/231 230/230
f 232/232 223/223 222/222
f 232/232 222/222 233/233
f 176/176 124/124 123/123
f 176/176 123/123 173/173
f 108/108 170/170 172/172
f 108/108 172/172 109/109
f 107/107 197/197 170/170
f 107/107 170/170 108/108
f 230/230 215/215 223/223
f 230/230 223/223 219/219
f 26/26 25/25 220/220
f 26/26 220/220 234/234
f 112/112 111/111 217/217
f 112/112 217/217 224/224
f 192/192 183/183 182/182
f 192/192 182/182 190/190
f 107/107 106/106 112/112
f 107/107 112/112 198/198
f 176/176 175/175 235/235
f 176/176 235/235 120/120
f 219/219 223/223 232/232
f 219/219 232/232 155/155
f 209/209 169/169 194/194
f 209/209 194/194 171/171
f 196/196 195/195 201/201
f 196/196 201/201 200/200
f 57/57 56/56 167/167
f 57/57 167/167 156/156
f 205/205 228/228 174/174
f 205/205 174/174 173/173
f 141/141 194/194 169/169
f 141/141 169/169 168/168
f 140/140 139/139 227/227
f 140/140 227/227 163/163
f 165/165 106/106 109/109
f 165/165 109/109 118/118
f 221/221 144/144 143/143
f 221/221 143/143 181/181
f 225/225 226/226 203/203
f 225/225 203/203 202/202
f 236/236 237/237 125/125
f 236/236 125/125 157/157
f 238/238 239/239 240/240
f 238/238 240/240 241/241
f 242/242 243/243 244/244
f 242/242 244/244 245/245
f 246/246 235/235 175/175
f 246/246 175/175 247/247
f 228/228 237/237 236/236
f 228/228 236/236 174/174
f 86/86 248/248 249/249
f 86/86 249/249 4/4
f 117/117 120/120 235/235
f 117/117 235/235 204/204
f 250/250 202/202 201/201
f 250/250 201/201 251/251
f 5/5 248/248 252/252
f 5/5 252/252 41/41
f 4/4 249/249 253/253
f 4/4 253/253 1/1
f 254/254 255/255 256/256
f 254/254 256/256 178/178
f 191/191 209/209 197/197
f 191/191 197/197 193/193
f 257/257 79/79 1/1
f 257/257 1/1 253/253
f 258/258 259/259 260/260
f 258/258 260/260 261/261
f 162/162 262/262 195/195
f 162/162 195/195 160/160
f 263/263 66/66 41/41
f 263/263 41/41 252/252
f 264/264 73/73 96/96
f 264/264 96/96 265/265
f 97/97 257/257 253/253
f 97/97 253/253 98/98
f 248/248 5/5 8/8
f 248/248 8/8 249/249
f 266/266 267/267 268/268
f 266/266 268/268 269/269
f 199/199 226/226 193/193
f 199/199 193/193 197/197
f 270/270 104/104 64/64
f 270/270 64/64 271/271
f 272/272 273/273 274/274
f 272/272 274/274 275/275
f 199/199 224/224 203/203
f 199/199 203/203 226/226
f 276/276 225/225 202/202
f 276/276 202/202 250/250
f 204/204 235/235 277/277
f 204/204 277/277 210/210
f 278/278 279/279 83/83
f 278/278 83/83 82/82
f 190/190 136/136 169/169
f 190/190 169/169 192/192
f 245/245 280/280 281/281
f 245/245 281/281 242/242
f 259/259 258/258 282/282
f 259/259 282/282 283/283
f 284/284 285/285 286/286
f 284/284 286/286 269/269
f 179/179 231/231 218/218
f 179/179 218/218 130/130
f 287/287 288/288 285/285
f 287/287 285/285 284/284
f 251/251 201/201 195/195
f 251/251 195/195 262/262
f 250/250 289/289 114/114
f 250/250 114/114 276/276
f 266/266 290/290 261/261
f 266/266 261/261 260/260
f 277/277 235/235 246/246
f 277/277 246/246 291/291
f 210/210 277/277 292/292
f 210/210 292/292 293/293
f 276/276 114/114 113/113
f 276/276 113/113 225/225
f 247/247 236/236 157/157
f 247/247 157/157 156/156
f 267/267 266/266 260/260
f 267/267 260/260 294/294
f 257/257 97/97 51/51
f 257/257 51/51 295/295
f 51/51 50/50 296/296
f 51/51 296/296 295/295
f 247/247 175/175 174/174
f 247/247 174/174 236/236
f 102/102 80/80 295/295
f 102/102 295/295 296/296
f 271/271 64/64 66/66
f 271/271 66/66 263/263
f 292/292 297/297 256/256
f 292/292 256/256 233/233
f 237/237 228/228 227/227
f 237/237 227/227 298/298
f 200/200 203/203 224/224
f 200/200 224/224 217/217
f 299/299 300/300 273/273
f 299/299 273/273 272/272
f 301/301 302/302 243/243
f 301/301 243/243 242/242
f 281/281 238/238 241/241
f 281/281 241/241 303/303
f 196/196 216/216 231/231
f 196/196 231/231 179/179
f 83/83 270/270 271/271
f 83/83 271/271 84/84
f 297/297 292/292 277/277
f 297/297 277/277 291/291
f 280/280 279/279 238/238
f 280/280 238/238 281/281
f 293/293 292/292 233/233
f 293/293 233/233 222/222
f 240/240 239/239 287/287
f 240/240 287/287 304/304
f 162/162 161/161 213/213
f 162/162 213/213 262/262
f 269/269 268/268 305/305
f 269/269 305/305 284/284
f 262/262 213/213 214/214
f 262/262 214/214 251/251
f 255/255 232/232 233/233
f 255/255 233/233 256/256
f 275/275 306/306 307/307
f 275/275 307/307 272/272
f 59/59 308/308 146/146
f 59/59 146/146 56/56
f 134/134 133/133 309/309
f 134/134 309/309 184/184
f 310/310 299/299 272/272
f 310/310 272/272 307/307
f 146/146 308/308 311/311
f 146/146 311/311 147/147
f 126/126 125/125 237/237
f 126/126 237/237 298/298
f 36/36 252/252 248/248
f 36/36 248/248 86/86
f 269/269 286/286 290/290
f 269/269 290/290 266/266
f 84/84 271/271 263/263
f 84/84 263/263 39/39
f 217/217 216/216 196/196
f 217/217 196/196 200/200
f 294/294 260/260 259/259
f 294/294 259/259 312/312
f 313/313 314/314 315/315
f 313/313 315/315 316/316
f 317/317 307/307 306/306
f 317/317 306/306 318/318
f 319/319 212/212 232/232
f 319/319 232/232 255/255
f 98/98 253/253 249/249
f 98/98 249/249 8/8
f 246/246 247/247 156/156
f 246/246 156/156 167/167
f 291/291 246/246 167/167
f 291/291 167/167 145/145
f 312/312 259/259 283/283
f 312/312 283/283 320/320
f 79/79 257/257 295/295
f 79/79 295/295 80/80
f 321/321 322/322 320/320
f 321/321 320/320 283/283
f 154/154 127/127 130/130
f 154/154 130/130 218/218
f 323/323 324/324 314/314
f 323/323 314/314 321/321
f 297/297 148/148 178/178
f 297/297 178/178 256/256
f 313/313 322/322 321/321
f 313/313 321/321 314/314
f 251/251 214/214 289/289
f 251/251 289/289 250/250
f 303/303 301/301 242/242
f 303/303 242/242 281/281
f 325/325 177/177 147/147
f 325/325 147/147 311/311
f 192/192 169/169 209/209
f 192/192 209/209 191/191
f 297/297 291/291 145/145
f 297/297 145/145 148/148
f 252/252 36/36 39/39
f 252/252 39/39 263/263
f 293/293 222/222 166/166
f 293/293 166/166 210/210
f 326/326 319/319 255/255
f 326/326 255/255 254/254
f 82/82 40/40 28/28
f 82/82 28/28 27/27
f 234/234 327/327 290/290
f 234/234 290/290 286/286
f 307/307 317/317 328/328
f 307/307 328/328 310/310
f 265/265 96/96 310/310
f 265/265 310/310 328/328
f 329/329 261/261 290/290
f 329/329 290/290 327/327
f 324/324 330/330 315/315
f 324/324 315/315 314/314
f 270/270 83/83 279/279
f 270/270 279/279 280/280
f 324/324 323/323 185/185
f 324/324 185/185 184/184
f 184/184 309/309 330/330
f 184/184 330/330 324/324
f 244/244 300/300 94/94
f 244/244 94/94 105/105
f 299/299 310/310 96/96
f 299/299 96/96 95/95
f 234/234 286/286 285/285
f 234/234 285/285 26/26
f 282/282 258/258 319/319
f 282/282 319/319 326/326
f 239/239 238/238 279/279
f 239/239 279/279 278/278
f 26/26 285/285 288/288
f 26/26 288/288 27/27
f 331/331 212/212 319/319
f 331/331 319/319 258/258
f 245/245 244/244 105/105
f 245/245 105/105 104/104
f 280/280 245/245 104/104
f 280/280 104/104 270/270
f 71/71 332/332 333/333
f 71/71 333/333 103/103
f 334/334 335/335 336/336
f 334/334 336/336 337/337
f 338/338 339/339 340/340
f 338/338 340/340 341/341
f 91/91 342/342 343/343
f 91/91 343/343 92/92
f 50/50 49/49 344/344
f 50/50 344/344 345/345
f 63/63 346/346 332/332
f 63/63 332/332 71/71
f 103/103 333/333 347/347
f 103/103 347/347 85/85
f 348/348 345/345 349/349
f 348/348 349/349 350/350
f 351/351 352/352 353/353
f 351/351 353/353 354/354
f 102/102 355/355 356/356
f 102/102 356/356 101/101
f 354/354 356/356 355/355
f 354/354 355/355 351/351
f 357/357 358/358 359/359
f 357/357 359/359 360/360
f 361/361 362/362 363/363
f 361/361 363/363 364/364
f 365/365 349/349 345/345
f 365/365 345/345 344/344
f 366/366 367/367 358/358
f 366/366 358/358 357/357
f 62/62 368/368 346/346
f 62/62 346/346 63/63
f 356/356 354/354 336/336
f 356/356 336/336 369/369
f 349/349 370/370 371/371
f 349/349 371/371 350/350
f 372/372 373/373 374/374
f 372/372 374/374 375/375
f 340/340 376/376 377/377
f 340/340 377/377 378/378
f 370/370 349/349 365/365
f 370/370 365/365 379/379
f 373/373 380/380 381/381
f 373/373 381/381 374/374
f 382/382 335/335 374/374
f 382/382 374/374 381/381
f 342/342 91/91 126/126
f 342/342 126/126 341/341
f 150/150 369/369 382/382
f 150/150 382/382 151/151
f 360/360 383/383 384/384
f 360/360 384/384 357/357
f 378/378 342/342 341/341
f 378/378 341/341 340/340
f 380/380 207/207 164/164
f 380/380 164/164 381/381
f 354/354 353/353 337/337
f 354/354 337/337 336/336
f 369/369 336/336 335/335
f 369/369 335/335 382/382
f 151/151 382/382 381/381
f 151/151 381/381 164/164
f 101/101 356/356 369/369
f 101/101 369/369 150/150
f 335/335 334/334 375/375
f 335/335 375/375 374/374
f 385/385 366/366 357/357
f 385/385 357/357 384/384
f 386/386 227/227 139/139
f 386/386 139/139 387/387
f 388/388 142/142 207/207
f 388/388 207/207 380/380
f 389/389 353/353 352/352
f 389/389 352/352 390/390
f 391/391 392/392 393/393
f 391/391 393/393 394/394
f 393/393 387/387 388/388
f 393/393 388/388 394/394
f 373/373 372/372 391/391
f 373/373 391/391 394/394
f 395/395 391/391 372/372
f 395/395 372/372 396/396
f 353/353 389/389 397/397
f 353/353 397/397 337/337
f 393/393 392/392 386/386
f 393/393 386/386 387/387
f 394/394 388/388 380/380
f 394/394 380/380 373/373
f 339/339 398/398 376/376
f 339/339 376/376 340/340
f 142/142 388/388 387/387
f 142/142 387/387 139/139
f 334/334 399/399 400/400
f 334/334 400/400 375/375
f 396/396 372/372 375/375
f 396/396 375/375 400/400
f 399/399 334/334 337/337
f 399/399 337/337 397/397
f 392/392 401/401 402/402
f 392/392 402/402 386/386
f 401/401 338/338 341/341
f 401/401 341/341 402/402
f 296/296 403/403 355/355
f 296/296 355/355 102/102
f 350/350 371/371 404/404
f 350/350 404/404 405/405
f 406/406 405/405 352/352
f 406/406 352/352 351/351
f 390/390 352/352 405/405
f 390/390 405/405 404/404
f 407/407 339/339 338/338
f 407/407 338/338 401/401
f 332/332 367/367 408/408
f 332/332 408/408 333/333
f 366/366 385/385 409/409
f 366/366 409/409 410/410
f 398/398 339/339 407/407
f 398/398 407/407 411/411
f 298/298 227/227 386/386
f 298/298 386/386 402/402
f 403/403 296/296 50/50
f 403/403 50/50 345/345
f 410/410 365/365 412/412
f 410/410 412/412 408/408
f 298/298 402/402 341/341
f 298/298 341/341 126/126
f 407/407 401/401 392/392
f 407/407 392/392 391/391
f 411/411 407/407 391/391
f 411/411 391/391 395/395
f 348/348 350/350 405/405
f 348/348 405/405 406/406
f 351/351 355/355 403/403
f 351/351 403/403 406/406
f 406/406 403/403 345/345
f 406/406 345/345 348/348
f 187/187 289/289 214/214
f 187/187 214/214 21/21
f 211/211 329/329 158/158
f 211/211 158/158 153/153
f 284/284 305/305 304/304
f 284/284 304/304 287/287
f 229/229 128/128 159/159
f 229/229 159/159 327/327
f 152/152 155/155 232/232
f 152/152 232/232 212/212
f 115/115 114/114 289/289
f 115/115 289/289 187/187
f 413/413 74/74 73/73
f 413/413 73/73 264/264
f 327/327 159/159 158/158
f 327/327 158/158 329/329
f 134/134 186/186 414/414
f 134/134 414/414 131/131
f 177/177 325/325 132/132
f 177/177 132/132 131/131
f 70/70 69/69 74/74
f 70/70 74/74 413/413
f 329/329 211/211 415/415
f 329/329 415/415 261/261
f 258/258 261/261 415/415
f 258/258 415/415 331/331
f 327/327 234/234 220/220
f 327/327 220/220 229/229
f 178/178 177/177 131/131
f 178/178 131/131 414/414
f 220/220 213/213 161/161
f 220/220 161/161 229/229
f 211/211 212/212 331/331
f 211/211 331/331 415/415
f 254/254 178/178 414/414
f 254/254 414/414 186/186
f 185/185 326/326 254/254
f 185/185 254/254 186/186
f 283/283 282/282 323/323
f 283/283 323/323 321/321
f 239/239 278/278 288/288
f 239/239 288/288 287/287
f 323/323 282/282 326/326
f 323/323 326/326 185/185
f 3/3 2/2 144/144
f 3/3 144/144 221/221
f 24/24 37/37 87/87
f 24/24 87/87 206/206
f 278/278 82/82 27/27
f 278/278 27/27 288/288
f 40/40 84/84 39/39
f 40/40 39/39 38/38
f 23/23 38/38 37/37
f 23/23 37/37 24/24
f 206/206 87/87 3/3
f 206/206 3/3 221/221
f 275/275 274/274 416/416
f 275/275 416/416 417/417
f 418/418 313/313 316/316
f 418/418 316/316 419/419
f 301/301 420/420 421/421
f 301/301 421/421 302/302
f 420/420 301/301 303/303
f 420/420 303/303 241/241
f 422/422 318/318 306/306
f 422/422 306/306 423/423
f 417/417 423/423 306/306
f 417/417 306/306 275/275
f 312/312 424/424 425/425
f 312/312 425/425 294/294
f 426/426 427/427 241/241
f 426/426 241/241 240/240
f 428/428 320/320 322/322
f 428/428 322/322 429/429
f 430/430 431/431 416/416
f 430/430 416/416 421/421
f 304/304 432/432 426/426
f 304/304 426/426 240/240
f 427/427 433/433 420/420
f 427/427 420/420 241/241
f 418/418 429/429 322/322
f 418/418 322/322 313/313
f 424/424 312/312 320/320
f 424/424 320/320 428/428
f 423/423 417/417 434/434
f 423/423 434/434 435/435
f 436/436 429/429 418/418
f 436/436 418/418 419/419
f 437/437 267/267 294/294
f 437/437 294/294 425/425
f 438/438 268/268 267/267
f 438/438 267/267 437/437
f 423/423 435/435 439/439
f 423/423 439/439 422/422
f 440/440 305/305 268/268
f 440/440 268/268 438/438
f 432/432 304/304 305/305
f 432/432 305/305 440/440
f 433/433 430/430 421/421
f 433/433 421/421 420/420
f 441/441 442/442 443/443
f 441/441 443/443 444/444
f 445/445 446/446 433/433
f 445/445 433/433 427/427
f 447/447 448/448 449/449
f 447/447 449/449 450/450
f 444/444 425/425 424/424
f 444/444 424/424 441/441
f 451/451 452/452 453/453
f 451/451 453/453 454/454
f 427/427 426/426 455/455
f 427/427 455/455 445/445
f 456/456 443/443 442/442
f 456/456 442/442 457/457
f 458/458 459/459 460/460
f 458/458 460/460 461/461
f 447/447 462/462 463/463
f 447/447 463/463 464/464
f 446/446 445/445 454/454
f 446/446 454/454 453/453
f 465/465 466/466 467/467
f 465/465 467/467 468/468
f 458/458 451/451 454/454
f 458/458 454/454 459/459
f 459/459 454/454 445/445
f 459/459 445/445 455/455
f 464/464 469/469 448/448
f 464/464 448/448 447/447
f 441/441 424/424 428/428
f 441/441 428/428 467/467
f 446/446 470/470 430/430
f 446/446 430/430 433/433
f 471/471 460/460 459/459
f 471/471 459/459 455/455
f 457/457 442/442 466/466
f 457/457 466/466 472/472
f 442/442 441/441 467/467
f 442/442 467/467 466/466
f 473/473 453/453 452/452
f 473/473 452/452 474/474
f 453/453 473/473 470/470
f 453/453 470/470 446/446
f 434/434 431/431 469/469
f 434/434 469/469 464/464
f 466/466 465/465 475/475
f 466/466 475/475 472/472
f 475/475 465/465 476/476
f 475/475 476/476 477/477
f 478/478 462/462 447/447
f 478/478 447/447 450/450
f 479/479 480/480 462/462
f 479/479 462/462 478/478
f 435/435 463/463 481/481
f 435/435 481/481 439/439
f 482/482 483/483 484/484
f 482/482 484/484 485/485
f 485/485 438/438 437/437
f 485/485 437/437 482/482
f 435/435 434/434 464/464
f 435/435 464/464 463/463
f 485/485 484/484 440/440
f 485/485 440/440 438/438
f 461/461 460/460 483/483
f 461/461 483/483 486/486
f 468/468 429/429 436/436
f 468/468 436/436 487/487
f 428/428 429/429 468/468
f 428/428 468/468 467/467
f 443/443 483/483 482/482
f 443/443 482/482 444/444
f 463/463 462/462 480/480
f 463/463 480/480 481/481
f 486/486 483/483 443/443
f 486/486 443/443 456/456
f 425/425 444/444 482/482
f 425/425 482/482 437/437
f 465/465 468/468 487/487
f 465/465 487/487 476/476
f 455/455 426/426 432/432
f 455/455 432/432 471/471
f 488/488 489/489 490/490
f 488/488 490/490 491/491
f 492/492 493/493 494/494
f 492/492 494/494 495/495
f 496/496 497/497 498/498
f 496/496 498/498 499/499
f 500/500 490/490 501/501
f 500/500 501/501 502/502
f 503/503 504/504 505/505
f 503/503 505/505 506/506
f 507/507 508/508 509/509
f 507/507 509/509 510/510
f 511/511 512/512 513/513
f 511/511 513/513 514/514
f 515/515 506/506 516/516
f 515/515 516/516 517/517
f 505/505 504/504 461/461
f 505/505 461/461 518/518
f 519/519 520/520 521/521
f 519/519 521/521 522/522
f 523/523 524/524 521/521
f 523/523 521/521 520/520
f 525/525 526/526 514/514
f 525/525 514/514 513/513
f 510/510 527/527 528/528
f 510/510 528/528 529/529
f 506/506 505/505 518/518
f 506/506 518/518 516/516
f 490/490 500/500 530/530
f 490/490 530/530 491/491
f 531/531 532/532 533/533
f 531/531 533/533 534/534
f 535/535 536/536 537/537
f 535/535 537/537 538/538
f 507/507 539/539 540/540
f 507/507 540/540 508/508
f 474/474 452/452 541/541
f 474/474 541/541 542/542
f 461/461 504/504 543/543
f 461/461 543/543 458/458
f 544/544 492/492 495/495
f 544/544 495/495 545/545
f 546/546 547/547 548/548
f 546/546 548/548 549/549
f 450/450 449/449 550/550
f 450/450 550/550 551/551
f 489/489 552/552 501/501
f 489/489 501/501 490/490
f 553/553 554/554 545/545
f 553/553 545/545 555/555
f 507/507 510/510 529/529
f 507/507 529/529 539/539
f 556/556 515/515 517/517
f 556/556 517/517 557/557
f 558/558 559/559 560/560
f 558/558 560/560 561/561
f 532/532 531/531 489/489
f 532/532 489/489 488/488
f 562/562 536/536 563/563
f 562/562 563/563 564/564
f 565/565 566/566 567/567
f 565/565 567/567 568/568
f 499/499 498/498 569/569
f 499/499 569/569 570/570
f 531/531 571/571 552/552
f 531/531 552/552 489/489
f 572/572 568/568 573/573
f 572/572 573/573 574/574
f 575/575 576/576 577/577
f 575/575 577/577 578/578
f 579/579 580/580 550/550
f 579/579 550/550 542/542
f 548/548 581/581 582/582
f 548/548 582/582 549/549
f 561/561 560/560 583/583
f 561/561 583/583 584/584
f 585/585 586/586 522/522
f 585/585 522/522 521/521
f 587/587 515/515 556/556
f 587/587 556/556 588/588
f 578/578 577/577 493/493
f 578/578 493/493 492/492
f 589/589 590/590 591/591
f 589/589 591/591 592/592
f 593/593 594/594 527/527
f 593/593 527/527 595/595
f 596/596 597/597 554/554
f 596/596 554/554 553/553
f 549/549 578/578 492/492
f 549/549 492/492 544/544
f 521/521 524/524 598/598
f 521/521 598/598 585/585
f 544/544 545/545 554/554
f 544/544 554/554 599/599
f 599/599 554/554 597/597
f 599/599 597/597 600/600
f 592/592 591/591 557/557
f 592/592 557/557 517/517
f 594/594 601/601 602/602
f 594/594 602/602 603/603
f 533/533 532/532 604/604
f 533/533 604/604 605/605
f 584/584 583/583 604/604
f 584/584 604/604 606/606
f 535/535 607/607 608/608
f 535/535 608/608 609/609
f 610/610 596/596 553/553
f 610/610 553/553 611/611
f 612/612 579/579 542/542
f 612/612 542/542 541/541
f 613/613 560/560 559/559
f 613/613 559/559 614/614
f 615/615 616/616 512/512
f 615/615 512/512 511/511
f 601/601 594/594 593/593
f 601/601 593/593 615/615
f 549/549 544/544 599/599
f 549/549 599/599 546/546
f 617/617 592/592 517/517
f 617/617 517/517 516/516
f 488/488 606/606 604/604
f 488/488 604/604 532/532
f 587/587 503/503 506/506
f 587/587 506/506 515/515
f 534/534 533/533 618/618
f 534/534 618/618 619/619
f 620/620 621/621 622/622
f 620/620 622/622 623/623
f 624/624 625/625 626/626
f 624/624 626/626 627/627
f 628/628 629/629 624/624
f 628/628 624/624 627/627
f 630/630 626/626 625/625
f 630/630 625/625 631/631
f 632/632 633/633 634/634
f 632/632 634/634 635/635
f 636/636 637/637 625/625
f 636/636 625/625 624/624
f 638/638 639/639 629/629
f 638/638 629/629 640/640
f 641/641 642/642 643/643
f 641/641 643/643 644/644
f 645/645 646/646 647/647
f 645/645 647/647 648/648
f 649/649 650/650 622/622
f 649/649 622/622 621/621
f 651/651 652/652 653/653
f 651/651 653/653 654/654
f 655/655 620/620 656/656
f 655/655 656/656 657/657
f 658/658 651/651 654/654
f 658/658 654/654 649/649
f 659/659 660/660 661/661
f 659/659 661/661 662/662
f 663/663 664/664 657/657
f 663/663 657/657 656/656
f 620/620 623/623 665/665
f 620/620 665/665 656/656
f 640/640 629/629 628/628
f 640/640 628/628 666/666
f 667/667 668/668 669/669
f 667/667 669/669 670/670
f 671/671 672/672 673/673
f 671/671 673/673 674/674
f 627/627 626/626 675/675
f 627/627 675/675 676/676
f 676/676 677/677 628/628
f 676/676 628/628 627/627
f 502/502 678/678 679/679
f 502/502 679/679 500/500
f 680/680 681/681 676/676
f 680/680 676/676 675/675
f 678/678 645/645 648/648
f 678/678 648/648 679/679
f 649/649 654/654 642/642
f 649/649 642/642 650/650
f 682/682 663/663 656/656
f 682/682 656/656 665/665
f 495/495 494/494 660/660
f 495/495 660/660 659/659
f 679/679 648/648 640/640
f 679/679 640/640 666/666
f 683/683 680/680 675/675
f 683/683 675/675 684/684
f 655/655 685/685 621/621
f 655/655 621/621 620/620
f 686/686 687/687 622/622
f 686/686 622/622 650/650
f 534/534 688/688 571/571
f 534/534 571/571 531/531
f 689/689 690/690 691/691
f 689/689 691/691 692/692
f 688/688 534/534 619/619
f 688/688 619/619 693/693
f 670/670 694/694 695/695
f 670/670 695/695 667/667
f 641/641 686/686 650/650
f 641/641 650/650 642/642
f 683/683 682/682 665/665
f 683/683 665/665 680/680
f 642/642 654/654 653/653
f 642/642 653/653 643/643
f 684/684 675/675 626/626
f 684/684 626/626 630/630
f 622/622 687/687 681/681
f 622/622 681/681 623/623
f 668/668 667/667 672/672
f 668/668 672/672 671/671
f 637/637 696/696 631/631
f 637/637 631/631 625/625
f 680/680 665/665 623/623
f 680/680 623/623 681/681
f 629/629 639/639 636/636
f 629/629 636/636 624/624
f 659/659 555/555 545/545
f 659/659 545/545 495/495
f 697/697 690/690 689/689
f 697/697 689/689 698/698
f 699/699 700/700 701/701
f 699/699 701/701 692/692
f 500/500 679/679 666/666
f 500/500 666/666 530/530
f 633/633 702/702 703/703
f 633/633 703/703 634/634
f 704/704 695/695 634/634
f 704/704 634/634 703/703
f 638/638 640/640 648/648
f 638/638 648/648 647/647
f 555/555 705/705 611/611
f 555/555 611/611 553/553
f 692/692 691/691 706/706
f 692/692 706/706 699/699
f 662/662 705/705 555/555
f 662/662 555/555 659/659
f 707/707 687/687 686/686
f 707/707 686/686 708/708
f 621/621 685/685 658/658
f 621/621 658/658 649/649
f 575/575 703/703 702/702
f 575/575 702/702 576/576
f 695/695 694/694 635/635
f 695/695 635/635 634/634
f 709/709 710/710 711/711
f 709/709 711/711 712/712
f 713/713 714/714 715/715
f 713/713 715/715 716/716
f 713/713 716/716 717/717
f 713/713 717/717 718/718
f 719/719 720/720 714/714
f 719/719 714/714 721/721
f 722/722 723/723 724/724
f 722/722 724/724 725/725
f 726/726 727/727 728/728
f 726/726 728/728 729/729
f 730/730 731/731 711/711
f 730/730 711/711 732/732
f 733/733 734/734 726/726
f 733/733 726/726 729/729
f 735/735 736/736 719/719
f 735/735 719/719 737/737
f 728/728 727/727 708/708
f 728/728 708/708 686/686
f 710/710 709/709 738/738
f 710/710 738/738 739/739
f 740/740 725/725 741/741
f 740/740 741/741 742/742
f 736/736 743/743 720/720
f 736/736 720/720 719/719
f 728/728 686/686 641/641
f 728/728 641/641 737/737
f 723/723 722/722 744/744
f 723/723 744/744 712/712
f 728/728 721/721 745/745
f 728/728 745/745 729/729
f 745/745 721/721 714/714
f 745/745 714/714 713/713
f 725/725 724/724 746/746
f 725/725 746/746 741/741
f 747/747 748/748 749/749
f 747/747 749/749 750/750
f 751/751 718/718 749/749
f 751/751 749/749 748/748
f 718/718 751/751 745/745
f 718/718 745/745 713/713
f 720/720 752/752 715/715
f 720/720 715/715 714/714
f 753/753 754/754 750/750
f 753/753 750/750 749/749
f 722/722 755/755 756/756
f 722/722 756/756 744/744
f 732/732 711/711 710/710
f 732/732 710/710 757/757
f 731/731 730/730 758/758
f 731/731 758/758 759/759
f 760/760 761/761 759/759
f 760/760 759/759 758/758
f 748/748 762/762 733/733
f 748/748 733/733 751/751
f 755/755 722/722 725/725
f 755/755 725/725 740/740
f 721/721 728/728 737/737
f 721/721 737/737 719/719
f 723/723 731/731 759/759
f 723/723 759/759 724/724
f 712/712 711/711 731/731
f 712/712 731/731 723/723
f 717/717 753/753 749/749
f 717/717 749/749 718/718
f 757/757 710/710 739/739
f 757/757 739/739 763/763
f 761/761 746/746 724/724
f 761/761 724/724 759/759
f 733/733 729/729 745/745
f 733/733 745/745 751/751
f 752/752 720/720 743/743
f 752/752 743/743 764/764
f 765/765 566/566 565/565
f 765/765 565/565 766/766
f 767/767 768/768 769/769
f 767/767 769/769 770/770
f 744/744 698/698 771/771
f 744/744 771/771 772/772
f 452/452 451/451 773/773
f 452/452 773/773 541/541
f 774/774 775/775 537/537
f 774/774 537/537 776/776
f 777/777 456/456 457/457
f 777/777 457/457 778/778
f 779/779 543/543 504/504
f 779/779 504/504 503/503
f 780/780 613/613 614/614
f 780/780 614/614 781/781
f 782/782 783/783 784/784
f 782/782 784/784 785/785
f 786/786 787/787 783/783
f 786/786 783/783 782/782
f 788/788 789/789 784/784
f 788/788 784/784 790/790
f 791/791 792/792 605/605
f 791/791 605/605 793/793
f 794/794 795/795 589/589
f 794/794 589/589 796/796
f 709/709 772/772 797/797
f 709/709 797/797 738/738
f 605/605 792/792 618/618
f 605/605 618/618 533/533
f 798/798 782/782 785/785
f 798/798 785/785 799/799
f 526/526 525/525 800/800
f 526/526 800/800 767/767
f 778/778 798/798 799/799
f 778/778 799/799 777/777
f 530/530 666/666 628/628
f 530/530 628/628 677/677
f 801/801 802/802 803/803
f 801/801 803/803 775/775
f 604/604 583/583 793/793
f 604/604 793/793 605/605
f 786/786 804/804 805/805
f 786/786 805/805 806/806
f 807/807 808/808 809/809
f 807/807 809/809 810/810
f 811/811 584/584 606/606
f 811/811 606/606 812/812
f 588/588 556/556 813/813
f 588/588 813/813 814/814
f 815/815 816/816 817/817
f 815/815 817/817 818/818
f 791/791 793/793 613/613
f 791/791 613/613 780/780
f 819/819 820/820 821/821
f 819/819 821/821 822/822
f 823/823 824/824 825/825
f 823/823 825/825 496/496
f 826/826 827/827 522/522
f 826/826 522/522 586/586
f 828/828 578/578 549/549
f 828/828 549/549 582/582
f 644/644 735/735 737/737
f 644/644 737/737 641/641
f 541/541 773/773 829/829
f 541/541 829/829 612/612
f 779/779 503/503 587/587
f 779/779 587/587 830/830
f 765/765 766/766 612/612
f 765/765 612/612 829/829
f 831/831 479/479 478/478
f 831/831 478/478 832/832
f 451/451 458/458 543/543
f 451/451 543/543 833/833
f 799/799 785/785 834/834
f 799/799 834/834 835/835
f 773/773 836/836 837/837
f 773/773 837/837 829/829
f 451/451 833/833 836/836
f 451/451 836/836 773/773
f 592/592 617/617 796/796
f 592/592 796/796 589/589
f 782/782 798/798 804/804
f 782/782 804/804 786/786
f 838/838 566/566 765/765
f 838/838 765/765 839/839
f 840/840 823/823 496/496
f 840/840 496/496 499/499
f 805/805 804/804 841/841
f 805/805 841/841 842/842
f 518/518 461/461 486/486
f 518/518 486/486 843/843
f 844/844 804/804 798/798
f 844/844 798/798 778/778
f 845/845 846/846 775/775
f 845/845 775/775 803/803
f 843/843 486/486 456/456
f 843/843 456/456 777/777
f 847/847 570/570 569/569
f 847/847 569/569 848/848
f 830/830 849/849 850/850
f 830/830 850/850 779/779
f 841/841 851/851 852/852
f 841/841 852/852 842/842
f 853/853 807/807 810/810
f 853/853 810/810 769/769
f 557/557 854/854 813/813
f 557/557 813/813 556/556
f 855/855 472/472 475/475
f 855/855 475/475 808/808
f 856/856 838/838 839/839
f 856/856 839/839 849/849
f 857/857 497/497 496/496
f 857/857 496/496 825/825
f 712/712 744/744 772/772
f 712/712 772/772 709/709
f 834/834 617/617 516/516
f 834/834 516/516 835/835
f 768/768 767/767 800/800
f 768/768 800/800 858/858
f 839/839 765/765 829/829
f 839/839 829/829 837/837
f 783/783 859/859 790/790
f 783/783 790/790 784/784
f 860/860 861/861 674/674
f 860/860 674/674 673/673
f 457/457 472/472 844/844
f 457/457 844/844 778/778
f 491/491 812/812 606/606
f 491/491 606/606 488/488
f 768/768 852/852 853/853
f 768/768 853/853 769/769
f 851/851 855/855 808/808
f 851/851 808/808 807/807
f 853/853 852/852 851/851
f 853/853 851/851 807/807
f 814/814 830/830 587/587
f 814/814 587/587 588/588
f 850/850 837/837 836/836
f 850/850 836/836 833/833
f 551/551 845/845 803/803
f 551/551 803/803 832/832
f 766/766 862/862 579/579
f 766/766 579/579 612/612
f 808/808 475/475 477/477
f 808/808 477/477 809/809
f 789/789 796/796 617/617
f 789/789 617/617 834/834
f 768/768 858/858 842/842
f 768/768 842/842 852/852
f 522/522 827/827 863/863
f 522/522 863/863 519/519
f 818/818 817/817 864/864
f 818/818 864/864 865/865
f 779/779 850/850 833/833
f 779/779 833/833 543/543
f 835/835 516/516 518/518
f 835/835 518/518 843/843
f 832/832 803/803 802/802
f 832/832 802/802 831/831
f 575/575 578/578 828/828
f 575/575 828/828 866/866
f 472/472 855/855 867/867
f 472/472 867/867 844/844
f 793/793 583/583 560/560
f 793/793 560/560 613/613
f 835/835 843/843 777/777
f 835/835 777/777 799/799
f 832/832 478/478 450/450
f 832/832 450/450 551/551
f 794/794 796/796 789/789
f 794/794 789/789 788/788
f 849/849 839/839 837/837
f 849/849 837/837 850/850
f 789/789 834/834 785/785
f 789/789 785/785 784/784
f 822/822 821/821 868/868
f 822/822 868/868 869/869
f 870/870 871/871 872/872
f 870/870 872/872 873/873
f 874/874 875/875 876/876
f 874/874 876/876 877/877
f 878/878 879/879 570/570
f 878/878 570/570 847/847
f 880/880 598/598 524/524
f 880/880 524/524 881/881
f 548/548 547/547 882/882
f 548/548 882/882 883/883
f 865/865 864/864 820/820
f 865/865 820/820 819/819
f 884/884 885/885 817/817
f 884/884 817/817 886/886
f 887/887 888/888 889/889
f 887/887 889/889 878/878
f 707/707 708/708 820/820
f 707/707 820/820 890/890
f 816/816 891/891 886/886
f 816/816 886/886 817/817
f 881/881 892/892 893/893
f 881/881 893/893 880/880
f 887/887 739/739 738/738
f 887/887 738/738 888/888
f 890/890 820/820 864/864
f 890/890 864/864 894/894
f 895/895 896/896 897/897
f 895/895 897/897 898/898
f 677/677 676/676 894/894
f 677/677 894/894 899/899
f 794/794 822/822 869/869
f 794/794 869/869 795/795
f 900/900 901/901 902/902
f 900/900 902/902 903/903
f 904/904 905/905 906/906
f 904/904 906/906 888/888
f 899/899 894/894 864/864
f 899/899 864/864 907/907
f 908/908 771/771 698/698
f 908/908 698/698 909/909
f 908/908 910/910 911/911
f 908/908 911/911 905/905
f 878/878 889/889 912/912
f 878/878 912/912 879/879
f 812/812 491/491 885/885
f 812/812 885/885 884/884
f 866/866 828/828 913/913
f 866/866 913/913 896/896
f 788/788 818/818 865/865
f 788/788 865/865 819/819
f 818/818 788/788 790/790
f 818/818 790/790 815/815
f 914/914 910/910 860/860
f 914/914 860/860 673/673
f 892/892 881/881 915/915
f 892/892 915/915 916/916
f 901/901 900/900 883/883
f 901/901 883/883 882/882
f 819/819 822/822 794/794
f 819/819 794/794 788/788
f 917/917 558/558 561/561
f 917/917 561/561 918/918
f 739/739 847/847 848/848
f 739/739 848/848 763/763
f 919/919 917/917 920/920
f 919/919 920/920 921/921
f 886/886 891/891 922/922
f 886/886 922/922 811/811
f 923/923 924/924 925/925
f 923/923 925/925 871/871
f 920/920 926/926 927/927
f 920/920 927/927 880/880
f 491/491 530/530 907/907
f 491/491 907/907 885/885
f 928/928 689/689 692/692
f 928/928 692/692 701/701
f 929/929 704/704 703/703
f 929/929 703/703 575/575
f 930/930 866/866 896/896
f 930/930 896/896 895/895
f 707/707 890/890 681/681
f 707/707 681/681 687/687
f 922/922 926/926 918/918
f 922/922 918/918 811/811
f 926/926 920/920 917/917
f 926/926 917/917 918/918
f 771/771 908/908 905/905
f 771/771 905/905 904/904
f 931/931 872/872 871/871
f 931/931 871/871 925/925
f 828/828 582/582 932/932
f 828/828 932/932 913/913
f 868/868 933/933 934/934
f 868/868 934/934 869/869
f 914/914 930/930 895/895
f 914/914 895/895 935/935
f 821/821 820/820 708/708
f 821/821 708/708 727/727
f 931/931 883/883 900/900
f 931/931 900/900 872/872
f 929/929 673/673 672/672
f 929/929 672/672 704/704
f 827/827 826/826 924/924
f 827/827 924/924 923/923
f 936/936 816/816 937/937
f 936/936 937/937 877/877
f 887/887 878/878 847/847
f 887/887 847/847 739/739
f 582/582 581/581 938/938
f 582/582 938/938 932/932
f 546/546 599/599 600/600
f 546/546 600/600 939/939
f 897/897 896/896 913/913
f 897/897 913/913 932/932
f 523/523 915/915 881/881
f 523/523 881/881 524/524
f 907/907 530/530 677/677
f 907/907 677/677 899/899
f 704/704 672/672 667/667
f 704/704 667/667 695/695
f 940/940 941/941 942/942
f 940/940 942/942 943/943
f 673/673 929/929 930/930
f 673/673 930/930 914/914
f 903/903 873/873 872/872
f 903/903 872/872 900/900
f 880/880 893/893 921/921
f 880/880 921/921 920/920
f 935/935 895/895 898/898
f 935/935 898/898 911/911
f 904/904 797/797 772/772
f 904/904 772/772 771/771
f 676/676 681/681 890/890
f 676/676 890/890 894/894
f 909/909 698/698 689/689
f 909/909 689/689 928/928
f 923/923 944/944 863/863
f 923/923 863/863 827/827
f 584/584 811/811 918/918
f 584/584 918/918 561/561
f 898/898 897/897 943/943
f 898/898 943/943 942/942
f 859/859 945/945 815/815
f 859/859 815/815 790/790
f 929/929 575/575 866/866
f 929/929 866/866 930/930
f 816/816 936/936 946/946
f 816/816 946/946 891/891
f 885/885 907/907 864/864
f 885/885 864/864 817/817
f 886/886 811/811 812/812
f 886/886 812/812 884/884
f 871/871 870/870 944/944
f 871/871 944/944 923/923
f 947/947 938/938 581/581
f 947/947 581/581 948/948
f 945/945 949/949 950/950
f 945/945 950/950 937/937
f 951/951 952/952 949/949
f 951/951 949/949 953/953
f 525/525 954/954 955/955
f 525/525 955/955 800/800
f 954/954 525/525 513/513
f 954/954 513/513 956/956
f 813/813 854/854 566/566
f 813/813 566/566 838/838
f 932/932 938/938 957/957
f 932/932 957/957 897/897
f 958/958 959/959 960/960
f 958/958 960/960 961/961
f 962/962 963/963 857/857
f 962/962 857/857 825/825
f 508/508 962/962 964/964
f 508/508 964/964 509/509
f 965/965 966/966 967/967
f 965/965 967/967 968/968
f 969/969 912/912 889/889
f 969/969 889/889 970/970
f 733/733 762/762 965/965
f 733/733 965/965 734/734
f 879/879 840/840 499/499
f 879/879 499/499 570/570
f 971/971 972/972 973/973
f 971/971 973/973 974/974
f 975/975 976/976 977/977
f 975/975 977/977 978/978
f 979/979 805/805 842/842
f 979/979 842/842 858/858
f 980/980 973/973 972/972
f 980/980 972/972 616/616
f 981/981 982/982 983/983
f 981/981 983/983 976/976
f 905/905 911/911 898/898
f 905/905 898/898 906/906
f 824/824 964/964 962/962
f 824/824 962/962 825/825
f 984/984 875/875 985/985
f 984/984 985/985 986/986
f 862/862 766/766 565/565
f 862/862 565/565 987/987
f 861/861 860/860 988/988
f 861/861 988/988 989/989
f 977/977 957/957 938/938
f 977/977 938/938 947/947
f 990/990 941/941 940/940
f 990/990 940/940 982/982
f 888/888 906/906 970/970
f 888/888 970/970 889/889
f 991/991 992/992 993/993
f 991/991 993/993 994/994
f 969/969 941/941 990/990
f 969/969 990/990 991/991
f 840/840 879/879 912/912
f 840/840 912/912 994/994
f 862/862 995/995 580/580
f 862/862 580/580 579/579
f 926/926 922/922 996/996
f 926/926 996/996 927/927
f 961/961 989/989 988/988
f 961/961 988/988 958/958
f 860/860 909/909 928/928
f 860/860 928/928 988/988
f 826/826 997/997 984/984
f 826/826 984/984 924/924
f 512/512 998/998 956/956
f 512/512 956/956 513/513
f 978/978 977/977 947/947
f 978/978 947/947 999/999
f 909/909 860/860 910/910
f 909/909 910/910 908/908
f 948/948 581/581 548/548
f 948/948 548/548 883/883
f 1000/1000 981/981 976/976
f 1000/1000 976/976 975/975
f 998/998 512/512 616/616
f 998/998 616/616 972/972
f 992/992 971/971 974/974
f 992/992 974/974 993/993
f 979/979 955/955 806/806
f 979/979 806/806 805/805
f 979/979 858/858 800/800
f 979/979 800/800 955/955
f 968/968 967/967 1001/1001
f 968/968 1001/1001 1002/1002
f 973/973 980/980 1003/1003
f 973/973 1003/1003 1004/1004
f 950/950 1005/1005 1006/1006
f 950/950 1006/1006 874/874
f 954/954 1007/1007 806/806
f 954/954 806/806 955/955
f 1008/1008 987/987 572/572
f 1008/1008 572/572 607/607
f 994/994 912/912 969/969
f 994/994 969/969 991/991
f 924/924 984/984 986/986
f 924/924 986/986 925/925
f 1009/1009 586/586 585/585
f 1009/1009 585/585 1010/1010
f 568/568 572/572 987/987
f 568/568 987/987 565/565
f 980/980 616/616 615/615
f 980/980 615/615 593/593
f 1011/1011 956/956 998/998
f 1011/1011 998/998 1012/1012
f 1002/1002 1001/1001 1013/1013
f 1002/1002 1013/1013 1014/1014
f 859/859 953/953 949/949
f 859/859 949/949 945/945
f 1015/1015 1016/1016 946/946
f 1015/1015 946/946 936/936
f 700/700 959/959 958/958
f 700/700 958/958 701/701
f 999/999 985/985 1006/1006
f 999/999 1006/1006 978/978
f 877/877 876/876 1015/1015
f 877/877 1015/1015 936/936
f 897/897 957/957 983/983
f 897/897 983/983 943/943
f 978/978 1006/1006 1005/1005
f 978/978 1005/1005 975/975
f 1017/1017 1000/1000 952/952
f 1017/1017 952/952 951/951
f 966/966 965/965 762/762
f 966/966 762/762 1018/1018
f 940/940 943/943 983/983
f 940/940 983/983 982/982
f 931/931 1019/1019 948/948
f 931/931 948/948 883/883
f 814/814 813/813 838/838
f 814/814 838/838 856/856
f 586/586 1009/1009 997/997
f 586/586 997/997 826/826
f 980/980 593/593 595/595
f 980/980 595/595 1003/1003
f 970/970 942/942 941/941
f 970/970 941/941 969/969
f 997/997 876/876 875/875
f 997/997 875/875 984/984
f 950/950 949/949 952/952
f 950/950 952/952 1005/1005
f 1019/1019 931/931 925/925
f 1019/1019 925/925 986/986
f 875/875 874/874 1006/1006
f 875/875 1006/1006 985/985
f 972/972 971/971 1020/1020
f 972/972 1020/1020 1021/1021
f 956/956 1011/1011 1007/1007
f 956/956 1007/1007 954/954
f 787/787 786/786 806/806
f 787/787 806/806 1007/1007
f 891/891 946/946 1016/1016
f 891/891 1016/1016 922/922
f 856/856 849/849 830/830
f 856/856 830/830 814/814
f 815/815 945/945 937/937
f 815/815 937/937 816/816
f 987/987 1008/1008 995/995
f 987/987 995/995 862/862
f 859/859 783/783 787/787
f 859/859 787/787 953/953
f 999/999 1019/1019 986/986
f 999/999 986/986 985/985
f 1004/1004 824/824 823/823
f 1004/1004 823/823 1022/1022
f 975/975 1005/1005 952/952
f 975/975 952/952 1000/1000
f 988/988 928/928 701/701
f 988/988 701/701 958/958
f 585/585 598/598 996/996
f 585/585 996/996 1010/1010
f 976/976 983/983 957/957
f 976/976 957/957 977/977
f 906/906 898/898 942/942
f 906/906 942/942 970/970
f 1022/1022 823/823 840/840
f 1022/1022 840/840 1023/1023
f 972/972 1021/1021 1012/1012
f 972/972 1012/1012 998/998
f 508/508 540/540 963/963
f 508/508 963/963 962/962
f 999/999 947/947 948/948
f 999/999 948/948 1019/1019
f 1018/1018 762/762 748/748
f 1018/1018 748/748 747/747
f 1000/1000 1017/1017 1024/1024
f 1000/1000 1024/1024 981/981
f 868/868 821/821 734/734
f 868/868 734/734 933/933
f 1025/1025 1021/1021 1020/1020
f 1025/1025 1020/1020 1026/1026
f 557/557 591/591 1027/1027
f 557/557 1027/1027 854/854
f 567/567 1028/1028 573/573
f 567/567 573/573 568/568
f 1029/1029 1030/1030 1014/1014
f 1029/1029 1014/1014 1031/1031
f 1032/1032 1012/1012 1021/1021
f 1032/1032 1021/1021 1025/1025
f 1033/1033 1011/1011 1012/1012
f 1033/1033 1012/1012 1032/1032
f 1028/1028 567/567 1034/1034
f 1028/1028 1034/1034 1035/1035
f 971/971 992/992 1026/1026
f 971/971 1026/1026 1020/1020
f 1036/1036 1037/1037 1038/1038
f 1036/1036 1038/1038 1039/1039
f 1017/1017 1032/1032 1025/1025
f 1017/1017 1025/1025 1024/1024
f 953/953 787/787 1033/1033
f 953/953 1033/1033 951/951
f 951/951 1033/1033 1032/1032
f 951/951 1032/1032 1017/1017
f 1031/1031 1039/1039 1040/1040
f 1031/1031 1040/1040 1029/1029
f 935/935 911/911 910/910
f 935/935 910/910 914/914
f 698/698 744/744 756/756
f 698/698 756/756 697/697
f 1002/1002 1014/1014 1030/1030
f 1002/1002 1030/1030 1041/1041
f 440/440 484/484 471/471
f 440/440 471/471 432/432
f 1031/1031 1042/1042 1036/1036
f 1031/1031 1036/1036 1039/1039
f 1035/1035 1034/1034 1038/1038
f 1035/1035 1038/1038 1037/1037
f 484/484 483/483 460/460
f 484/484 460/460 471/471
f 1040/1040 1027/1027 591/591
f 1040/1040 591/591 590/590
f 990/990 982/982 981/981
f 990/990 981/981 1024/1024
f 1026/1026 992/992 991/991
f 1026/1026 991/991 990/990
f 1029/1029 1040/1040 590/590
f 1029/1029 590/590 1043/1043
f 854/854 1034/1034 567/567
f 854/854 567/567 566/566
f 1014/1014 1013/1013 1042/1042
f 1014/1014 1042/1042 1031/1031
f 1034/1034 854/854 1027/1027
f 1034/1034 1027/1027 1038/1038
f 1026/1026 990/990 1024/1024
f 1026/1026 1024/1024 1025/1025
f 787/787 1007/1007 1011/1011
f 787/787 1011/1011 1033/1033
f 1039/1039 1038/1038 1027/1027
f 1039/1039 1027/1027 1040/1040
f 590/590 589/589 795/795
f 590/590 795/795 1043/1043
f 869/869 934/934 1043/1043
f 869/869 1043/1043 795/795
f 841/841 804/804 844/844
f 841/841 844/844 867/867
f 855/855 851/851 841/841
f 855/855 841/841 867/867
f 968/968 1002/1002 1041/1041
f 968/968 1041/1041 933/933
f 734/734 965/965 968/968
f 734/734 968/968 933/933
f 888/888 738/738 797/797
f 888/888 797/797 904/904
f 726/726 734/734 821/821
f 726/726 821/821 727/727
f 877/877 937/937 950/950
f 877/877 950/950 874/874
f 996/996 598/598 880/880
f 996/996 880/880 927/927
f 1015/1015 1009/1009 1010/1010
f 1015/1015 1010/1010 1016/1016
f 876/876 997/997 1009/1009
f 876/876 1009/1009 1015/1015
f 1010/1010 996/996 922/922
f 1010/1010 922/922 1016/1016
f 1043/1043 934/934 1030/1030
f 1043/1043 1030/1030 1029/1029
f 934/934 933/933 1041/1041
f 934/934 1041/1041 1030/1030
f 536/536 562/562 776/776
f 536/536 776/776 537/537
f 536/536 535/535 609/609
f 536/536 609/609 563/563
f 601/601 615/615 511/511
f 601/601 511/511 602/602
f 775/775 846/846 538/538
f 775/775 538/538 537/537
f 10/10 52/52 89/89
f 10/10 89/89 11/11
f 29/29 32/32 43/43
f 29/29 43/43 30/30
f 45/45 33/33 32/32
f 45/45 32/32 29/29
f 47/47 53/53 88/88
f 47/47 88/88 48/48
f 47/47 46/46 65/65
f 47/47 65/65 54/54
f 48/48 88/88 33/33
f 48/48 33/33 45/45
f 10/10 9/9 103/103
f 10/10 103/103 85/85
f 30/30 43/43 12/12
f 30/30 12/12 11/11
f 54/54 65/65 105/105
f 54/54 105/105 94/94
f 273/273 243/243 302/302
f 273/273 302/302 274/274
f 300/300 244/244 243/243
f 300/300 243/243 273/273
f 300/300 299/299 95/95
f 300/300 95/95 94/94
f 347/347 344/344 49/49
f 347/347 49/49 85/85
f 365/365 344/344 347/347
f 365/365 347/347 412/412
f 274/274 302/302 421/421
f 274/274 421/421 416/416
f 431/431 434/434 417/417
f 431/431 417/417 416/416
f 431/431 430/430 470/470
f 431/431 470/470 469/469
f 378/378 377/377 1044/1044
f 378/378 1044/1044 364/364
f 379/379 365/365 410/410
f 379/379 410/410 409/409
f 448/448 473/473 474/474
f 448/448 474/474 449/449
f 449/449 474/474 542/542
f 449/449 542/542 550/550
f 580/580 845/845 551/551
f 580/580 551/551 550/550
f 995/995 846/846 845/845
f 995/995 845/845 580/580
f 1008/1008 538/538 846/846
f 1008/1008 846/846 995/995
f 469/469 470/470 473/473
f 469/469 473/473 448/448
f 527/527 594/594 603/603
f 527/527 603/603 528/528
f 607/607 572/572 574/574
f 607/607 574/574 608/608
f 607/607 535/535 538/538
f 607/607 538/538 1008/1008
f 1003/1003 964/964 824/824
f 1003/1003 824/824 1004/1004
f 595/595 509/509 964/964
f 595/595 964/964 1003/1003
f 527/527 510/510 509/509
f 527/527 509/509 595/595
f 994/994 993/993 1023/1023
f 994/994 1023/1023 840/840
f 1023/1023 993/993 974/974
f 1023/1023 974/974 1022/1022
f 1022/1022 974/974 973/973
f 1022/1022 973/973 1004/1004
f 358/358 346/346 368/368
f 358/358 368/368 359/359
f 367/367 332/332 346/346
f 367/367 346/346 358/358
f 367/367 366/366 410/410
f 367/367 410/410 408/408
f 412/412 347/347 333/333
f 412/412 333/333 408/408
f 362/362 343/343 342/342
f 362/362 342/342 363/363
f 363/363 342/342 378/378
f 363/363 378/378 364/364
f 1044/1044 1045/1045 361/361
f 1044/1044 361/361 364/364
f 1046/1046 1047/1047 1048/1048
f 1046/1046 1048/1048 1049/1049
f 1050/1050 1051/1051 1052/1052
f 1050/1050 1052/1052 1053/1053
f 1054/1054 1055/1055 1056/1056
f 1054/1054 1056/1056 1057/1057
f 1058/1058 1059/1059 1060/1060
f 1058/1058 1060/1060 1061/1061
f 1062/1062 1063/1063 1064/1064
f 1062/1062 1064/1064 1065/1065
f 1066/1066 1067/1067 1068/1068
f 1066/1066 1068/1068 1069/1069
f 1070/1070 1071/1071 1072/1072
f 1070/1070 1072/1072 1073/1073
f 1074/1074 1075/1075 1076/1076
f 1074/1074 1076/1076 1077/1077
f 1078/1078 1079/1079 1080/1080
f 1078/1078 1080/1080 1081/1081
f 1082/1082 1083/1083 1084/1084
f 1082/1082 1084/1084 1085/1085
f 1054/1054 1057/1057 1086/1086
f 1054/1054 1086/1086 1087/1087
f 1088/1088 1089/1089 1090/1090
f 1088/1088 1090/1090 1091/1091
f 1050/1050 1053/1053 1092/1092
f 1050/1050 1092/1092 1093/1093
f 1094/1094 1095/1095 1096/1096
f 1094/1094 1096/1096 1097/1097
f 1098/1098 1099/1099 1064/1064
f 1098/1098 1064/1064 1063/1063
f 1094/1094 1097/1097 1073/1073
f 1094/1094 1073/1073 1072/1072
f 1085/1085 1084/1084 1100/1100
f 1085/1085 1100/1100 1101/1101
f 1102/1102 1103/1103 1104/1104
f 1102/1102 1104/1104 1105/1105
f 1102/1102 1069/1069 1068/1068
f 1102/1102 1068/1068 1103/1103
f 1081/1081 1080/1080 1083/1083
f 1081/1081 1083/1083 1082/1082
f 1049/1049 1048/1048 1106/1106
f 1049/1049 1106/1106 1107/1107
f 1108/1108 1109/1109 1110/1110
f 1108/1108 1110/1110 1111/1111
f 1095/1095 1112/1112 1113/1113
f 1095/1095 1113/1113 1096/1096
f 1114/1114 1115/1115 1116/1116
f 1114/1114 1116/1116 1117/1117
f 1118/1118 1113/1113 1112/1112
f 1118/1118 1112/1112 1119/1119
f 1119/1119 1120/1120 1121/1121
f 1119/1119 1121/1121 1118/1118
f 1051/1051 1087/1087 1086/1086
f 1051/1051 1086/1086 1052/1052
f 1107/1107 1106/1106 1122/1122
f 1107/1107 1122/1122 1123/1123
f 1093/1093 1092/1092 1089/1089
f 1093/1093 1089/1089 1088/1088
f 1117/1117 1116/1116 1109/1109
f 1117/1117 1109/1109 1108/1108
f 1062/1062 1065/1065 1124/1124
f 1062/1062 1124/1124 1125/1125
f 1105/1105 1104/1104 1115/1115
f 1105/1105 1115/1115 1114/1114
f 1071/1071 1070/1070 1059/1059
f 1071/1071 1059/1059 1058/1058
f 1066/1066 1111/1111 1110/1110
f 1066/1066 1110/1110 1067/1067
f 1123/1123 1122/1122 1099/1099
f 1123/1123 1099/1099 1098/1098
f 1074/1074 1077/1077 1079/1079
f 1074/1074 1079/1079 1078/1078
f 1046/1046 1125/1125 1124/1124
f 1046/1046 1124/1124 1047/1047
f 1091/1091 1090/1090 1056/1056
f 1091/1091 1056/1056 1055/1055
f 1126/1126 1121/1121 1120/1120
f 1126/1126 1120/1120 1127/1127
f 1100/1100 1128/1128 1129/1129
f 1100/1100 1129/1129 1101/1101
f 1130/1130 1073/1073 1097/1097
f 1130/1130 1097/1097 1131/1131
f 1099/1099 1132/1132 1133/1133
f 1099/1099 1133/1133 1064/1064
f 1134/1134 1135/1135 1136/1136
f 1134/1134 1136/1136 1137/1137
f 873/873 903/903 1138/1138
f 873/873 1138/1138 1139/1139
f 903/903 902/902 1140/1140
f 903/903 1140/1140 1138/1138
f 1141/1141 1142/1142 1143/1143
f 1141/1141 1143/1143 1144/1144
f 520/520 1120/1120 1119/1119
f 520/520 1119/1119 523/523
f 1139/1139 1145/1145 1146/1146
f 1139/1139 1146/1146 1147/1147
f 1070/1070 1148/1148 1149/1149
f 1070/1070 1149/1149 1059/1059
f 1135/1135 1134/1134 1138/1138
f 1135/1135 1138/1138 1140/1140
f 1150/1150 1151/1151 1152/1152
f 1150/1150 1152/1152 1153/1153
f 792/792 791/791 1047/1047
f 792/792 1047/1047 1124/1124
f 1141/1141 1144/1144 1154/1154
f 1141/1141 1154/1154 1155/1155
f 1150/1150 1132/1132 1099/1099
f 1150/1150 1099/1099 1122/1122
f 1048/1048 1047/1047 1156/1156
f 1048/1048 1156/1156 1157/1157
f 611/611 1158/1158 1159/1159
f 611/611 1159/1159 610/610
f 1139/1139 1147/1147 870/870
f 1139/1139 870/870 873/873
f 1145/1145 1160/1160 1161/1161
f 1145/1145 1161/1161 1146/1146
f 1137/1137 1160/1160 1145/1145
f 1137/1137 1145/1145 1134/1134
f 1139/1139 1138/1138 1134/1134
f 1139/1139 1134/1134 1145/1145
f 1162/1162 1132/1132 1150/1150
f 1162/1162 1150/1150 1153/1153
f 1150/1150 1122/1122 1106/1106
f 1150/1150 1106/1106 1151/1151
f 1163/1163 1155/1155 1154/1154
f 1163/1163 1154/1154 1164/1164
f 780/780 1156/1156 1047/1047
f 780/780 1047/1047 791/791
f 1165/1165 1131/1131 1097/1097
f 1165/1165 1097/1097 1096/1096
f 1129/1129 1128/1128 1076/1076
f 1129/1129 1076/1076 1075/1075
f 1158/1158 1166/1166 1167/1167
f 1158/1158 1167/1167 1159/1159
f 1168/1168 1169/1169 1157/1157
f 1168/1168 1157/1157 1156/1156
f 1133/1133 1132/1132 1162/1162
f 1133/1133 1162/1162 1170/1170
f 1148/1148 1070/1070 1073/1073
f 1148/1148 1073/1073 1130/1130
f 781/781 1168/1168 1156/1156
f 781/781 1156/1156 780/780
f 1163/1163 1164/1164 1167/1167
f 1163/1163 1167/1167 1166/1166
f 1151/1151 1157/1157 1169/1169
f 1151/1151 1169/1169 1152/1152
f 1106/1106 1048/1048 1157/1157
f 1106/1106 1157/1157 1151/1151
f 1171/1171 1165/1165 1096/1096
f 1171/1171 1096/1096 1113/1113
f 1127/1127 1120/1120 520/520
f 1127/1127 520/520 519/519
f 1172/1172 632/632 635/635
f 1172/1172 635/635 1173/1173
f 1174/1174 1175/1175 1176/1176
f 1174/1174 1176/1176 1177/1177
f 1178/1178 1179/1179 1180/1180
f 1178/1178 1180/1180 1173/1173
f 1181/1181 1182/1182 1166/1166
f 1181/1181 1166/1166 1158/1158
f 1183/1183 1184/1184 1185/1185
f 1183/1183 1185/1185 1186/1186
f 705/705 662/662 1187/1187
f 705/705 1187/1187 1181/1181
f 1064/1064 1133/1133 1188/1188
f 1064/1064 1188/1188 1065/1065
f 1189/1189 1190/1190 1191/1191
f 1189/1189 1191/1191 1192/1192
f 1186/1186 1190/1190 1189/1189
f 1186/1186 1189/1189 1183/1183
f 1193/1193 1194/1194 1195/1195
f 1193/1193 1195/1195 1196/1196
f 1142/1142 1187/1187 1197/1197
f 1142/1142 1197/1197 1143/1143
f 1180/1180 1198/1198 1172/1172
f 1180/1180 1172/1172 1173/1173
f 1199/1199 1200/1200 1201/1201
f 1199/1199 1201/1201 1202/1202
f 661/661 1197/1197 1187/1187
f 661/661 1187/1187 662/662
f 619/619 618/618 1065/1065
f 619/619 1065/1065 1188/1188
f 1203/1203 1204/1204 1205/1205
f 1203/1203 1205/1205 1206/1206
f 1207/1207 1194/1194 1193/1193
f 1207/1207 1193/1193 1208/1208
f 1181/1181 1187/1187 1142/1142
f 1181/1181 1142/1142 1182/1182
f 1188/1188 1209/1209 693/693
f 1188/1188 693/693 619/619
f 1182/1182 1142/1142 1141/1141
f 1182/1182 1141/1141 1155/1155
f 1065/1065 618/618 792/792
f 1065/1065 792/792 1124/1124
f 1196/1196 1195/1195 1210/1210
f 1196/1196 1210/1210 1211/1211
f 1212/1212 1213/1213 1063/1063
f 1212/1212 1063/1063 1062/1062
f 1214/1214 1215/1215 696/696
f 1214/1214 696/696 637/637
f 1205/1205 1178/1178 694/694
f 1205/1205 694/694 670/670
f 1158/1158 611/611 705/705
f 1158/1158 705/705 1181/1181
f 1216/1216 1200/1200 1199/1199
f 1216/1216 1199/1199 1217/1217
f 1214/1214 1218/1218 1219/1219
f 1214/1214 1219/1219 1215/1215
f 694/694 1178/1178 1173/1173
f 694/694 1173/1173 635/635
f 1204/1204 1179/1179 1178/1178
f 1204/1204 1178/1178 1205/1205
f 700/700 699/699 1193/1193
f 700/700 1193/1193 1196/1196
f 1206/1206 1205/1205 670/670
f 1206/1206 670/670 669/669
f 1217/1217 1220/1220 1221/1221
f 1217/1217 1221/1221 1216/1216
f 1175/1175 1174/1174 1202/1202
f 1175/1175 1202/1202 1201/1201
f 1191/1191 647/647 646/646
f 1191/1191 646/646 1192/1192
f 1182/1182 1155/1155 1163/1163
f 1182/1182 1163/1163 1166/1166
f 1220/1220 657/657 664/664
f 1220/1220 664/664 1221/1221
f 1188/1188 1133/1133 1170/1170
f 1188/1188 1170/1170 1209/1209
f 1049/1049 1222/1222 1223/1223
f 1049/1049 1223/1223 1046/1046
f 1224/1224 1225/1225 1185/1185
f 1224/1224 1185/1185 1184/1184
f 1225/1225 1224/1224 1219/1219
f 1225/1225 1219/1219 1218/1218
f 1177/1177 1176/1176 1226/1226
f 1177/1177 1226/1226 1227/1227
f 1228/1228 1075/1075 1074/1074
f 1228/1228 1074/1074 1229/1229
f 1230/1230 1231/1231 1232/1232
f 1230/1230 1232/1232 1233/1233
f 1174/1174 1092/1092 1053/1053
f 1174/1174 1053/1053 1202/1202
f 1069/1069 1102/1102 1234/1234
f 1069/1069 1234/1234 1235/1235
f 1052/1052 1086/1086 1217/1217
f 1052/1052 1217/1217 1199/1199
f 1051/1051 1236/1236 1237/1237
f 1051/1051 1237/1237 1087/1087
f 1238/1238 1114/1114 1117/1117
f 1238/1238 1117/1117 1239/1239
f 1240/1240 1241/1241 1093/1093
f 1240/1240 1093/1093 1088/1088
f 1242/1242 1243/1243 1244/1244
f 1242/1242 1244/1244 1245/1245
f 1114/1114 1238/1238 1246/1246
f 1114/1114 1246/1246 1105/1105
f 1086/1086 1057/1057 1220/1220
f 1086/1086 1220/1220 1217/1217
f 1081/1081 1247/1247 1248/1248
f 1081/1081 1248/1248 1078/1078
f 1069/1069 1235/1235 1249/1249
f 1069/1069 1249/1249 1066/1066
f 685/685 655/655 1057/1057
f 685/685 1057/1057 1056/1056
f 1244/1244 752/752 764/764
f 1244/1244 764/764 1245/1245
f 1067/1067 638/638 647/647
f 1067/1067 647/647 1191/1191
f 1234/1234 1102/1102 1105/1105
f 1234/1234 1105/1105 1246/1246
f 1250/1250 1079/1079 1077/1077
f 1250/1250 1077/1077 1251/1251
f 1185/1185 1225/1225 1115/1115
f 1185/1185 1115/1115 1104/1104
f 1080/1080 1252/1252 1253/1253
f 1080/1080 1253/1253 1083/1083
f 717/717 1084/1084 1254/1254
f 717/717 1254/1254 753/753
f 1255/1255 1256/1256 1254/1254
f 1255/1255 1254/1254 1253/1253
f 1116/1116 1218/1218 1214/1214
f 1116/1116 1214/1214 1109/1109
f 1242/1242 1257/1257 1251/1251
f 1242/1242 1251/1251 1243/1243
f 1258/1258 1259/1259 1260/1260
f 1258/1258 1260/1260 1261/1261
f 1075/1075 1228/1228 1262/1262
f 1075/1075 1262/1262 1129/1129
f 1190/1190 1186/1186 1103/1103
f 1190/1190 1103/1103 1068/1068
f 1263/1263 1240/1240 1088/1088
f 1263/1263 1088/1088 1091/1091
f 657/657 1220/1220 1057/1057
f 657/657 1057/1057 655/655
f 1115/1115 1225/1225 1218/1218
f 1115/1115 1218/1218 1116/1116
f 716/716 1100/1100 1084/1084
f 716/716 1084/1084 717/717
f 1264/1264 1252/1252 1250/1250
f 1264/1264 1250/1250 1265/1265
f 1257/1257 1265/1265 1250/1250
f 1257/1257 1250/1250 1251/1251
f 639/639 1110/1110 1109/1109
f 639/639 1109/1109 636/636
f 1177/1177 1089/1089 1092/1092
f 1177/1177 1092/1092 1174/1174
f 1236/1236 1051/1051 1050/1050
f 1236/1236 1050/1050 1266/1266
f 1083/1083 1253/1253 1254/1254
f 1083/1083 1254/1254 1084/1084
f 1227/1227 1226/1226 652/652
f 1227/1227 652/652 651/651
f 1267/1267 1261/1261 761/761
f 1267/1267 761/761 760/760
f 1208/1208 1193/1193 699/699
f 1208/1208 699/699 706/706
f 1261/1261 1260/1260 746/746
f 1261/1261 746/746 761/761
f 1259/1259 1230/1230 1233/1233
f 1259/1259 1233/1233 1260/1260
f 1087/1087 1237/1237 1268/1268
f 1087/1087 1268/1268 1054/1054
f 1202/1202 1053/1053 1052/1052
f 1202/1202 1052/1052 1199/1199
f 1269/1269 1258/1258 1261/1261
f 1269/1269 1261/1261 1267/1267
f 1089/1089 1177/1177 1227/1227
f 1089/1089 1227/1227 1090/1090
f 639/639 638/638 1067/1067
f 639/639 1067/1067 1110/1110
f 1254/1254 1256/1256 754/754
f 1254/1254 754/754 753/753
f 1270/1270 1247/1247 1081/1081
f 1270/1270 1081/1081 1082/1082
f 1260/1260 1233/1233 741/741
f 1260/1260 741/741 746/746
f 1233/1233 1232/1232 742/742
f 1233/1233 742/742 741/741
f 1090/1090 1227/1227 651/651
f 1090/1090 651/651 658/658
f 1229/1229 1074/1074 1078/1078
f 1229/1229 1078/1078 1248/1248
f 637/637 636/636 1109/1109
f 637/637 1109/1109 1214/1214
f 1250/1250 1252/1252 1080/1080
f 1250/1250 1080/1080 1079/1079
f 1191/1191 1190/1190 1068/1068
f 1191/1191 1068/1068 1067/1067
f 1271/1271 1270/1270 1082/1082
f 1271/1271 1082/1082 1085/1085
f 1255/1255 1253/1253 1252/1252
f 1255/1255 1252/1252 1264/1264
f 1272/1272 1239/1239 1117/1117
f 1272/1272 1117/1117 1108/1108
f 1103/1103 1186/1186 1185/1185
f 1103/1103 1185/1185 1104/1104
f 1090/1090 658/658 685/685
f 1090/1090 685/685 1056/1056
f 1093/1093 1241/1241 1266/1266
f 1093/1093 1266/1266 1050/1050
f 1077/1077 1076/1076 1243/1243
f 1077/1077 1243/1243 1251/1251
f 1273/1273 1098/1098 1063/1063
f 1273/1273 1063/1063 1213/1213
f 1273/1273 1274/1274 1123/1123
f 1273/1273 1123/1123 1098/1098
f 1275/1275 1107/1107 1123/1123
f 1275/1275 1123/1123 1274/1274
f 1107/1107 1275/1275 1222/1222
f 1107/1107 1222/1222 1049/1049
f 1126/1126 1127/1127 1061/1061
f 1126/1126 1061/1061 1060/1060
f 519/519 863/863 1061/1061
f 519/519 1061/1061 1127/1127
f 716/716 715/715 1128/1128
f 716/716 1128/1128 1100/1100
f 1128/1128 715/715 752/752
f 1128/1128 752/752 1244/1244
f 1076/1076 1128/1128 1244/1244
f 1076/1076 1244/1244 1243/1243
f 1276/1276 1277/1277 1278/1278
f 1276/1276 1278/1278 1279/1279
f 1280/1280 1281/1281 1282/1282
f 1280/1280 1282/1282 1161/1161
f 1283/1283 1147/1147 1146/1146
f 1283/1283 1146/1146 1284/1284
f 1072/1072 1281/1281 1285/1285
f 1072/1072 1285/1285 1094/1094
f 1095/1095 1279/1279 1278/1278
f 1095/1095 1278/1278 1112/1112
f 1286/1286 1285/1285 1281/1281
f 1286/1286 1281/1281 1280/1280
f 1276/1276 1279/1279 1285/1285
f 1276/1276 1285/1285 1286/1286
f 870/870 1147/1147 1283/1283
f 870/870 1283/1283 944/944
f 1287/1287 1288/1288 916/916
f 1287/1287 916/916 915/915
f 1277/1277 1288/1288 1287/1287
f 1277/1277 1287/1287 1278/1278
f 1094/1094 1285/1285 1279/1279
f 1094/1094 1279/1279 1095/1095
f 1284/1284 1146/1146 1161/1161
f 1284/1284 1161/1161 1282/1282
f 1071/1071 1282/1282 1281/1281
f 1071/1071 1281/1281 1072/1072
f 1058/1058 1284/1284 1282/1282
f 1058/1058 1282/1282 1071/1071
f 915/915 523/523 1119/1119
f 915/915 1119/1119 1287/1287
f 1287/1287 1119/1119 1112/1112
f 1287/1287 1112/1112 1278/1278
f 944/944 1283/1283 1061/1061
f 944/944 1061/1061 863/863
f 1058/1058 1061/1061 1283/1283
f 1058/1058 1283/1283 1284/1284
f 1289/1289 1290/1290 1211/1211
f 1289/1289 1211/1211 1210/1210
f 959/959 1211/1211 1290/1290
f 959/959 1290/1290 960/960
f 959/959 700/700 1196/1196
f 959/959 1196/1196 1211/1211
f 1291/1291 1149/1149 1148/1148
f 1291/1291 1148/1148 1130/1130
f 1165/1165 1171/1171 1292/1292
f 1165/1165 1292/1292 1131/1131
f 1292/1292 1291/1291 1130/1130
f 1292/1292 1130/1130 1131/1131
f 1293/1293 1294/1294 1295/1295
f 1293/1293 1295/1295 1296/1296
f 1297/1297 1298/1298 1299/1299
f 1297/1297 1299/1299 1300/1300
f 1301/1301 1302/1302 1303/1303
f 1301/1301 1303/1303 1304/1304
f 1305/1305 1306/1306 1307/1307
f 1305/1305 1307/1307 1308/1308
f 1309/1309 1310/1310 1311/1311
f 1309/1309 1311/1311 1312/1312
f 1313/1313 1314/1314 1315/1315
f 1313/1313 1315/1315 1316/1316
f 1317/1317 1318/1318 1319/1319
f 1317/1317 1319/1319 1320/1320
f 1299/1299 1321/1321 1322/1322
f 1299/1299 1322/1322 1323/1323
f 1318/1318 1317/1317 1316/1316
f 1318/1318 1316/1316 1315/1315
f 1324/1324 1325/1325 1326/1326
f 1324/1324 1326/1326 1327/1327
f 1328/1328 1329/1329 1330/1330
f 1328/1328 1330/1330 1331/1331
f 1332/1332 1318/1318 1315/1315
f 1332/1332 1315/1315 1330/1330
f 1300/1300 1333/1333 1334/1334
f 1300/1300 1334/1334 1297/1297
f 1335/1335 1302/1302 1312/1312
f 1335/1335 1312/1312 1336/1336
f 1300/1300 1299/1299 1323/1323
f 1300/1300 1323/1323 1337/1337
f 1338/1338 1333/1333 1339/1339
f 1338/1338 1339/1339 1340/1340
f 1341/1341 1342/1342 1343/1343
f 1341/1341 1343/1343 1344/1344
f 1345/1345 1346/1346 1347/1347
f 1345/1345 1347/1347 1340/1340
f 1348/1348 1349/1349 1350/1350
f 1348/1348 1350/1350 1351/1351
f 1352/1352 1336/1336 1312/1312
f 1352/1352 1312/1312 1311/1311
f 1353/1353 1310/1310 1354/1354
f 1353/1353 1354/1354 1355/1355
f 1356/1356 1357/1357 1338/1338
f 1356/1356 1338/1338 1358/1358
f 1359/1359 1360/1360 1361/1361
f 1359/1359 1361/1361 1362/1362
f 1363/1363 1354/1354 1310/1310
f 1363/1363 1310/1310 1309/1309
f 1364/1364 1361/1361 1365/1365
f 1364/1364 1365/1365 1366/1366
f 1308/1308 1307/1307 1359/1359
f 1308/1308 1359/1359 1362/1362
f 1326/1326 1308/1308 1362/1362
f 1326/1326 1362/1362 1367/1367
f 1306/1306 1305/1305 1352/1352
f 1306/1306 1352/1352 1368/1368
f 1333/1333 1300/1300 1337/1337
f 1333/1333 1337/1337 1339/1339
f 1369/1369 1370/1370 1371/1371
f 1369/1369 1371/1371 1372/1372
f 1373/1373 1311/1311 1310/1310
f 1373/1373 1310/1310 1353/1353
f 1374/1374 1375/1375 1376/1376
f 1374/1374 1376/1376 1332/1332
f 1341/1341 1344/1344 1377/1377
f 1341/1341 1377/1377 1304/1304
f 1378/1378 1328/1328 1331/1331
f 1378/1378 1331/1331 1379/1379
f 1324/1324 1335/1335 1336/1336
f 1324/1324 1336/1336 1325/1325
f 1327/1327 1326/1326 1367/1367
f 1327/1327 1367/1367 1380/1380
f 1345/1345 1380/1380 1367/1367
f 1345/1345 1367/1367 1364/1364
f 1367/1367 1362/1362 1361/1361
f 1367/1367 1361/1361 1364/1364
f 1321/1321 1381/1381 1303/1303
f 1321/1321 1303/1303 1322/1322
f 1305/1305 1325/1325 1336/1336
f 1305/1305 1336/1336 1352/1352
f 1382/1382 1383/1383 1384/1384
f 1382/1382 1384/1384 1385/1385
f 1346/1346 1386/1386 1387/1387
f 1346/1346 1387/1387 1347/1347
f 1366/1366 1388/1388 1386/1386
f 1366/1366 1386/1386 1346/1346
f 1389/1389 1342/1342 1341/1341
f 1389/1389 1341/1341 1381/1381
f 1390/1390 1389/1389 1381/1381
f 1390/1390 1381/1381 1321/1321
f 1364/1364 1366/1366 1346/1346
f 1364/1364 1346/1346 1345/1345
f 1302/1302 1301/1301 1309/1309
f 1302/1302 1309/1309 1312/1312
f 1391/1391 1392/1392 1351/1351
f 1391/1391 1351/1351 1350/1350
f 1392/1392 1391/1391 1383/1383
f 1392/1392 1383/1383 1382/1382
f 1321/1321 1299/1299 1298/1298
f 1321/1321 1298/1298 1390/1390
f 1371/1371 1293/1293 1296/1296
f 1371/1371 1296/1296 1372/1372
f 1357/1357 1334/1334 1333/1333
f 1357/1357 1333/1333 1338/1338
f 1393/1393 1394/1394 1370/1370
f 1393/1393 1370/1370 1369/1369
f 1325/1325 1305/1305 1308/1308
f 1325/1325 1308/1308 1326/1326
f 1363/1363 1309/1309 1301/1301
f 1363/1363 1301/1301 1395/1395
f 1368/1368 1352/1352 1311/1311
f 1368/1368 1311/1311 1373/1373
f 1396/1396 1356/1356 1358/1358
f 1396/1396 1358/1358 1397/1397
f 1294/1294 1378/1378 1379/1379
f 1294/1294 1379/1379 1295/1295
f 1398/1398 1399/1399 1400/1400
f 1398/1398 1400/1400 1401/1401
f 1400/1400 1402/1402 1403/1403
f 1400/1400 1403/1403 1404/1404
f 1405/1405 1406/1406 1407/1407
f 1405/1405 1407/1407 1408/1408
f 1409/1409 1410/1410 1411/1411
f 1409/1409 1411/1411 1412/1412
f 1413/1413 1414/1414 1415/1415
f 1413/1413 1415/1415 1416/1416
f 1385/1385 1417/1417 1418/1418
f 1385/1385 1418/1418 1382/1382
f 1419/1419 1420/1420 1421/1421
f 1419/1419 1421/1421 1422/1422
f 1423/1423 1424/1424 1425/1425
f 1423/1423 1425/1425 1426/1426
f 1427/1427 1428/1428 1429/1429
f 1427/1427 1429/1429 1430/1430
f 1431/1431 1432/1432 1433/1433
f 1431/1431 1433/1433 1434/1434
f 1435/1435 1436/1436 1372/1372
f 1435/1435 1372/1372 1296/1296
f 1437/1437 1438/1438 1439/1439
f 1437/1437 1439/1439 1440/1440
f 1441/1441 1442/1442 1443/1443
f 1441/1441 1443/1443 1428/1428
f 1444/1444 1445/1445 1446/1446
f 1444/1444 1446/1446 1447/1447
f 1448/1448 1351/1351 1392/1392
f 1448/1448 1392/1392 1449/1449
f 1422/1422 1450/1450 1451/1451
f 1422/1422 1451/1451 1419/1419
f 1452/1452 1453/1453 1454/1454
f 1452/1452 1454/1454 1421/1421
f 1455/1455 1434/1434 1416/1416
f 1455/1455 1416/1416 1415/1415
f 1456/1456 1441/1441 1428/1428
f 1456/1456 1428/1428 1427/1427
f 1457/1457 1458/1458 1400/1400
f 1457/1457 1400/1400 1404/1404
f 1437/1437 1440/1440 1348/1348
f 1437/1437 1348/1348 1459/1459
f 1430/1430 1460/1460 1461/1461
f 1430/1430 1461/1461 1427/1427
f 1462/1462 1463/1463 1413/1413
f 1462/1462 1413/1413 1464/1464
f 1465/1465 1466/1466 1467/1467
f 1465/1465 1467/1467 1468/1468
f 1469/1469 1439/1439 1438/1438
f 1469/1469 1438/1438 1470/1470
f 1421/1421 1420/1420 1471/1471
f 1421/1421 1471/1471 1452/1452
f 1472/1472 1473/1473 1474/1474
f 1472/1472 1474/1474 1475/1475
f 1476/1476 1424/1424 1477/1477
f 1476/1476 1477/1477 1478/1478
f 1475/1475 1479/1479 1407/1407
f 1475/1475 1407/1407 1472/1472
f 1480/1480 1481/1481 1474/1474
f 1480/1480 1474/1474 1482/1482
f 1419/1419 1451/1451 1447/1447
f 1419/1419 1447/1447 1446/1446
f 1483/1483 1484/1484 1473/1473
f 1483/1483 1473/1473 1406/1406
f 1382/1382 1418/1418 1449/1449
f 1382/1382 1449/1449 1392/1392
f 1406/1406 1405/1405 1485/1485
f 1406/1406 1485/1485 1483/1483
f 1486/1486 1416/1416 1434/1434
f 1486/1486 1434/1434 1433/1433
f 1452/1452 1471/1471 1487/1487
f 1452/1452 1487/1487 1488/1488
f 1489/1489 1399/1399 1490/1490
f 1489/1489 1490/1490 1491/1491
f 1492/1492 1493/1493 1494/1494
f 1492/1492 1494/1494 1495/1495
f 1410/1410 1468/1468 1414/1414
f 1410/1410 1414/1414 1411/1411
f 1442/1442 1393/1393 1369/1369
f 1442/1442 1369/1369 1443/1443
f 1412/1412 1458/1458 1496/1496
f 1412/1412 1496/1496 1409/1409
f 1415/1415 1467/1467 1497/1497
f 1415/1415 1497/1497 1455/1455
f 1313/1313 1479/1479 1498/1498
f 1313/1313 1498/1498 1314/1314
f 1432/1432 1499/1499 1461/1461
f 1432/1432 1461/1461 1433/1433
f 1429/1429 1500/1500 1481/1481
f 1429/1429 1481/1481 1480/1480
f 1463/1463 1401/1401 1412/1412
f 1463/1463 1412/1412 1411/1411
f 1481/1481 1436/1436 1475/1475
f 1481/1481 1475/1475 1474/1474
f 1490/1490 1462/1462 1464/1464
f 1490/1490 1464/1464 1501/1501
f 1416/1416 1486/1486 1464/1464
f 1416/1416 1464/1464 1413/1413
f 1502/1502 1496/1496 1458/1458
f 1502/1502 1458/1458 1457/1457
f 1411/1411 1414/1414 1413/1413
f 1411/1411 1413/1413 1463/1463
f 1443/1443 1369/1369 1372/1372
f 1443/1443 1372/1372 1500/1500
f 1480/1480 1482/1482 1430/1430
f 1480/1480 1430/1430 1429/1429
f 1503/1503 1504/1504 1444/1444
f 1503/1503 1444/1444 1447/1447
f 1505/1505 1506/1506 1313/1313
f 1505/1505 1313/1313 1316/1316
f 1403/1403 1507/1507 1508/1508
f 1403/1403 1508/1508 1509/1509
f 1500/1500 1429/1429 1428/1428
f 1500/1500 1428/1428 1443/1443
f 1510/1510 1446/1446 1445/1445
f 1510/1510 1445/1445 1511/1511
f 1500/1500 1372/1372 1436/1436
f 1500/1500 1436/1436 1481/1481
f 1512/1512 1505/1505 1316/1316
f 1512/1512 1316/1316 1317/1317
f 1406/1406 1473/1473 1472/1472
f 1406/1406 1472/1472 1407/1407
f 1475/1475 1513/1513 1498/1498
f 1475/1475 1498/1498 1479/1479
f 1404/1404 1514/1514 1515/1515
f 1404/1404 1515/1515 1457/1457
f 1489/1489 1491/1491 1516/1516
f 1489/1489 1516/1516 1402/1402
f 1427/1427 1461/1461 1499/1499
f 1427/1427 1499/1499 1456/1456
f 1517/1517 1518/1518 1485/1485
f 1517/1517 1485/1485 1405/1405
f 1519/1519 1455/1455 1497/1497
f 1519/1519 1497/1497 1520/1520
f 1521/1521 1422/1422 1421/1421
f 1521/1521 1421/1421 1454/1454
f 1522/1522 1509/1509 1508/1508
f 1522/1522 1508/1508 1523/1523
f 1404/1404 1403/1403 1509/1509
f 1404/1404 1509/1509 1514/1514
f 1523/1523 1510/1510 1511/1511
f 1523/1523 1511/1511 1522/1522
f 1515/1515 1514/1514 1524/1524
f 1515/1515 1524/1524 1525/1525
f 1415/1415 1414/1414 1468/1468
f 1415/1415 1468/1468 1467/1467
f 1398/1398 1401/1401 1463/1463
f 1398/1398 1463/1463 1462/1462
f 1399/1399 1398/1398 1462/1462
f 1399/1399 1462/1462 1490/1490
f 1522/1522 1511/1511 1514/1514
f 1522/1522 1514/1514 1509/1509
f 1320/1320 1526/1526 1512/1512
f 1320/1320 1512/1512 1317/1317
f 1402/1402 1516/1516 1507/1507
f 1402/1402 1507/1507 1403/1403
f 1484/1484 1482/1482 1474/1474
f 1484/1484 1474/1474 1473/1473
f 1399/1399 1489/1489 1402/1402
f 1399/1399 1402/1402 1400/1400
f 1527/1527 1465/1465 1468/1468
f 1527/1527 1468/1468 1410/1410
f 1511/1511 1445/1445 1524/1524
f 1511/1511 1524/1524 1514/1514
f 1486/1486 1460/1460 1501/1501
f 1486/1486 1501/1501 1464/1464
f 1487/1487 1492/1492 1495/1495
f 1487/1487 1495/1495 1488/1488
f 1351/1351 1448/1448 1459/1459
f 1351/1351 1459/1459 1348/1348
f 1497/1497 1467/1467 1466/1466
f 1497/1497 1466/1466 1520/1520
f 1460/1460 1486/1486 1433/1433
f 1460/1460 1433/1433 1461/1461
f 1434/1434 1455/1455 1519/1519
f 1434/1434 1519/1519 1431/1431
f 1401/1401 1400/1400 1458/1458
f 1401/1401 1458/1458 1412/1412
f 1436/1436 1435/1435 1513/1513
f 1436/1436 1513/1513 1475/1475
f 1517/1517 1494/1494 1493/1493
f 1517/1517 1493/1493 1518/1518
f 1528/1528 1449/1449 1418/1418
f 1528/1528 1418/1418 1529/1529
f 1530/1530 1531/1531 1532/1532
f 1530/1530 1532/1532 1533/1533
f 1534/1534 1535/1535 1536/1536
f 1534/1534 1536/1536 1537/1537
f 1465/1465 1527/1527 1538/1538
f 1465/1465 1538/1538 1539/1539
f 1520/1520 1466/1466 1528/1528
f 1520/1520 1528/1528 1529/1529
f 1378/1378 1294/1294 1540/1540
f 1378/1378 1540/1540 1541/1541
f 1409/1409 1496/1496 1527/1527
f 1409/1409 1527/1527 1410/1410
f 1542/1542 1543/1543 1495/1495
f 1542/1542 1495/1495 1494/1494
f 1297/1297 1334/1334 1544/1544
f 1297/1297 1544/1544 1541/1541
f 1545/1545 1540/1540 1294/1294
f 1545/1545 1294/1294 1293/1293
f 1546/1546 1470/1470 1547/1547
f 1546/1546 1547/1547 1548/1548
f 1483/1483 1485/1485 1490/1490
f 1483/1483 1490/1490 1501/1501
f 1293/1293 1371/1371 1549/1549
f 1293/1293 1549/1549 1545/1545
f 1550/1550 1551/1551 1552/1552
f 1550/1550 1552/1552 1553/1553
f 1453/1453 1452/1452 1488/1488
f 1453/1453 1488/1488 1554/1554
f 1555/1555 1544/1544 1334/1334
f 1555/1555 1334/1334 1357/1357
f 1556/1556 1557/1557 1388/1388
f 1556/1556 1388/1388 1366/1366
f 1545/1545 1549/1549 1389/1389
f 1545/1545 1389/1389 1390/1390
f 1541/1541 1540/1540 1298/1298
f 1541/1541 1298/1298 1297/1297
f 1558/1558 1559/1559 1560/1560
f 1558/1558 1560/1560 1561/1561
f 1491/1491 1490/1490 1485/1485
f 1491/1491 1485/1485 1518/1518
f 1562/1562 1563/1563 1356/1356
f 1562/1562 1356/1356 1396/1396
f 1564/1564 1565/1565 1566/1566
f 1564/1564 1566/1566 1567/1567
f 1491/1491 1518/1518 1493/1493
f 1491/1491 1493/1493 1516/1516
f 1568/1568 1542/1542 1494/1494
f 1568/1568 1494/1494 1517/1517
f 1496/1496 1502/1502 1569/1569
f 1496/1496 1569/1569 1527/1527
f 1375/1375 1570/1570 1571/1571
f 1375/1375 1571/1571 1376/1376
f 1482/1482 1484/1484 1460/1460
f 1482/1482 1460/1460 1430/1430
f 1572/1572 1573/1573 1535/1535
f 1572/1572 1535/1535 1534/1534
f 1551/1551 1574/1574 1575/1575
f 1551/1551 1575/1575 1552/1552
f 1576/1576 1577/1577 1578/1578
f 1576/1576 1578/1578 1561/1561
f 1471/1471 1420/1420 1510/1510
f 1471/1471 1510/1510 1523/1523
f 1579/1579 1578/1578 1577/1577
f 1579/1579 1577/1577 1580/1580
f 1543/1543 1554/1554 1488/1488
f 1543/1543 1488/1488 1495/1495
f 1542/1542 1568/1568 1408/1408
f 1542/1542 1408/1408 1581/1581
f 1553/1553 1582/1582 1560/1560
f 1553/1553 1560/1560 1550/1550
f 1569/1569 1583/1583 1538/1538
f 1569/1569 1538/1538 1527/1527
f 1502/1502 1584/1584 1585/1585
f 1502/1502 1585/1585 1569/1569
f 1568/1568 1517/1517 1405/1405
f 1568/1568 1405/1405 1408/1408
f 1539/1539 1448/1448 1449/1449
f 1539/1539 1449/1449 1528/1528
f 1550/1550 1560/1560 1559/1559
f 1550/1550 1559/1559 1586/1586
f 1342/1342 1389/1389 1549/1549
f 1342/1342 1549/1549 1587/1587
f 1342/1342 1587/1587 1588/1588
f 1342/1342 1588/1588 1343/1343
f 1466/1466 1465/1465 1539/1539
f 1466/1466 1539/1539 1528/1528
f 1394/1394 1588/1588 1587/1587
f 1394/1394 1587/1587 1370/1370
f 1563/1563 1555/1555 1357/1357
f 1563/1563 1357/1357 1356/1356
f 1585/1585 1525/1525 1547/1547
f 1585/1585 1547/1547 1589/1589
f 1529/1529 1590/1590 1519/1519
f 1529/1529 1519/1519 1520/1520
f 1492/1492 1507/1507 1516/1516
f 1492/1492 1516/1516 1493/1493
f 1591/1591 1564/1564 1567/1567
f 1591/1591 1567/1567 1592/1592
f 1593/1593 1534/1534 1537/1537
f 1593/1593 1537/1537 1594/1594
f 1531/1531 1530/1530 1572/1572
f 1531/1531 1572/1572 1595/1595
f 1487/1487 1471/1471 1523/1523
f 1487/1487 1523/1523 1508/1508
f 1375/1375 1374/1374 1563/1563
f 1375/1375 1563/1563 1562/1562
f 1589/1589 1583/1583 1569/1569
f 1589/1589 1569/1569 1585/1585
f 1530/1530 1570/1570 1573/1573
f 1530/1530 1573/1573 1572/1572
f 1525/1525 1585/1585 1584/1584
f 1525/1525 1584/1584 1515/1515
f 1532/1532 1596/1596 1579/1579
f 1532/1532 1579/1579 1533/1533
f 1453/1453 1554/1554 1505/1505
f 1453/1453 1505/1505 1454/1454
f 1597/1597 1558/1558 1561/1561
f 1597/1597 1561/1561 1578/1578
f 1554/1554 1543/1543 1506/1506
f 1554/1554 1506/1506 1505/1505
f 1548/1548 1547/1547 1525/1525
f 1548/1548 1525/1525 1524/1524
f 1565/1565 1564/1564 1598/1598
f 1565/1565 1598/1598 1599/1599
f 1349/1349 1348/1348 1440/1440
f 1349/1349 1440/1440 1600/1600
f 1424/1424 1476/1476 1601/1601
f 1424/1424 1601/1601 1425/1425
f 1602/1602 1598/1598 1564/1564
f 1602/1602 1564/1564 1591/1591
f 1440/1440 1439/1439 1603/1603
f 1440/1440 1603/1603 1600/1600
f 1529/1529 1418/1418 1417/1417
f 1529/1529 1417/1417 1590/1590
f 1328/1328 1378/1378 1541/1541
f 1328/1328 1541/1541 1544/1544
f 1582/1582 1576/1576 1561/1561
f 1582/1582 1561/1561 1560/1560
f 1374/1374 1329/1329 1555/1555
f 1374/1374 1555/1555 1563/1563
f 1507/1507 1492/1492 1487/1487
f 1507/1507 1487/1487 1508/1508
f 1586/1586 1604/1604 1551/1551
f 1586/1586 1551/1551 1550/1550
f 1605/1605 1606/1606 1607/1607
f 1605/1605 1607/1607 1608/1608
f 1609/1609 1610/1610 1599/1599
f 1609/1609 1599/1599 1598/1598
f 1524/1524 1504/1504 1611/1611
f 1524/1524 1611/1611 1548/1548
f 1540/1540 1545/1545 1390/1390
f 1540/1540 1390/1390 1298/1298
f 1538/1538 1459/1459 1448/1448
f 1538/1538 1448/1448 1539/1539
f 1583/1583 1437/1437 1459/1459
f 1583/1583 1459/1459 1538/1538
f 1604/1604 1612/1612 1574/1574
f 1604/1604 1574/1574 1551/1551
f 1587/1587 1549/1549 1371/1371
f 1587/1587 1371/1371 1370/1370
f 1613/1613 1574/1574 1612/1612
f 1613/1613 1612/1612 1614/1614
f 1446/1446 1510/1510 1420/1420
f 1446/1446 1420/1420 1419/1419
f 1615/1615 1613/1613 1606/1606
f 1615/1615 1606/1606 1616/1616
f 1589/1589 1547/1547 1470/1470
f 1589/1589 1470/1470 1438/1438
f 1607/1607 1606/1606 1613/1613
f 1607/1607 1613/1613 1614/1614
f 1543/1543 1542/1542 1581/1581
f 1543/1543 1581/1581 1506/1506
f 1595/1595 1572/1572 1534/1534
f 1595/1595 1534/1534 1593/1593
f 1617/1617 1603/1603 1439/1439
f 1617/1617 1439/1439 1469/1469
f 1484/1484 1483/1483 1501/1501
f 1484/1484 1501/1501 1460/1460
f 1437/1437 1583/1583 1589/1589
f 1437/1437 1589/1589 1438/1438
f 1544/1544 1555/1555 1329/1329
f 1544/1544 1329/1329 1328/1328
f 1584/1584 1502/1502 1457/1457
f 1584/1584 1457/1457 1515/1515
f 1618/1618 1546/1546 1548/1548
f 1618/1618 1548/1548 1611/1611
f 1376/1376 1319/1319 1318/1318
f 1376/1376 1318/1318 1332/1332
f 1526/1526 1576/1576 1582/1582
f 1526/1526 1582/1582 1619/1619
f 1598/1598 1602/1602 1620/1620
f 1598/1598 1620/1620 1609/1609
f 1557/1557 1620/1620 1602/1602
f 1557/1557 1602/1602 1388/1388
f 1621/1621 1619/1619 1582/1582
f 1621/1621 1582/1582 1553/1553
f 1616/1616 1606/1606 1605/1605
f 1616/1616 1605/1605 1622/1622
f 1570/1570 1375/1375 1562/1562
f 1570/1570 1562/1562 1573/1573
f 1616/1616 1476/1476 1478/1478
f 1616/1616 1478/1478 1615/1615
f 1476/1476 1616/1616 1622/1622
f 1476/1476 1622/1622 1601/1601
f 1536/1536 1397/1397 1387/1387
f 1536/1536 1387/1387 1592/1592
f 1591/1591 1386/1386 1388/1388
f 1591/1591 1388/1388 1602/1602
f 1526/1526 1320/1320 1577/1577
f 1526/1526 1577/1577 1576/1576
f 1611/1611 1552/1552 1575/1575
f 1611/1611 1575/1575 1618/1618
f 1533/1533 1571/1571 1570/1570
f 1533/1533 1570/1570 1530/1530
f 1320/1320 1319/1319 1580/1580
f 1320/1320 1580/1580 1577/1577
f 1623/1623 1552/1552 1611/1611
f 1623/1623 1611/1611 1504/1504
f 1535/1535 1396/1396 1397/1397
f 1535/1535 1397/1397 1536/1536
f 1573/1573 1562/1562 1396/1396
f 1573/1573 1396/1396 1535/1535
f 1363/1363 1395/1395 1624/1624
f 1363/1363 1624/1624 1625/1625
f 1626/1626 1627/1627 1628/1628
f 1626/1626 1628/1628 1629/1629
f 1630/1630 1631/1631 1632/1632
f 1630/1630 1632/1632 1633/1633
f 1385/1385 1384/1384 1634/1634
f 1385/1385 1634/1634 1635/1635
f 1343/1343 1636/1636 1637/1637
f 1343/1343 1637/1637 1344/1344
f 1354/1354 1363/1363 1625/1625
f 1354/1354 1625/1625 1638/1638
f 1395/1395 1377/1377 1639/1639
f 1395/1395 1639/1639 1624/1624
f 1640/1640 1641/1641 1642/1642
f 1640/1640 1642/1642 1636/1636
f 1643/1643 1644/1644 1645/1645
f 1643/1643 1645/1645 1646/1646
f 1394/1394 1393/1393 1647/1647
f 1394/1394 1647/1647 1648/1648
f 1646/1646 1645/1645 1648/1648
f 1646/1646 1648/1648 1647/1647
f 1649/1649 1650/1650 1651/1651
f 1649/1649 1651/1651 1652/1652
f 1653/1653 1654/1654 1655/1655
f 1653/1653 1655/1655 1656/1656
f 1657/1657 1637/1637 1636/1636
f 1657/1657 1636/1636 1642/1642
f 1658/1658 1649/1649 1652/1652
f 1658/1658 1652/1652 1659/1659
f 1355/1355 1354/1354 1638/1638
f 1355/1355 1638/1638 1660/1660
f 1626/1626 1646/1646 1647/1647
f 1626/1626 1647/1647 1661/1661
f 1642/1642 1641/1641 1662/1662
f 1642/1642 1662/1662 1663/1663
f 1664/1664 1665/1665 1666/1666
f 1664/1664 1666/1666 1667/1667
f 1632/1632 1668/1668 1669/1669
f 1632/1632 1669/1669 1670/1670
f 1663/1663 1671/1671 1657/1657
f 1663/1663 1657/1657 1642/1642
f 1667/1667 1666/1666 1672/1672
f 1667/1667 1672/1672 1673/1673
f 1666/1666 1627/1627 1674/1674
f 1666/1666 1674/1674 1672/1672
f 1635/1635 1631/1631 1417/1417
f 1635/1635 1417/1417 1385/1385
f 1674/1674 1661/1661 1442/1442
f 1674/1674 1442/1442 1441/1441
f 1650/1650 1649/1649 1675/1675
f 1650/1650 1675/1675 1676/1676
f 1668/1668 1632/1632 1631/1631
f 1668/1668 1631/1631 1635/1635
f 1673/1673 1672/1672 1456/1456
f 1673/1673 1456/1456 1499/1499
f 1629/1629 1643/1643 1646/1646
f 1629/1629 1646/1646 1626/1626
f 1627/1627 1626/1626 1661/1661
f 1627/1627 1661/1661 1674/1674
f 1672/1672 1674/1674 1441/1441
f 1672/1672 1441/1441 1456/1456
f 1661/1661 1647/1647 1393/1393
f 1661/1661 1393/1393 1442/1442
f 1627/1627 1666/1666 1665/1665
f 1627/1627 1665/1665 1628/1628
f 1677/1677 1675/1675 1649/1649
f 1677/1677 1649/1649 1658/1658
f 1678/1678 1679/1679 1431/1431
f 1678/1678 1431/1431 1519/1519
f 1680/1680 1673/1673 1499/1499
f 1680/1680 1499/1499 1432/1432
f 1644/1644 1643/1643 1681/1681
f 1644/1644 1681/1681 1682/1682
f 1683/1683 1684/1684 1685/1685
f 1683/1683 1685/1685 1686/1686
f 1683/1683 1686/1686 1680/1680
f 1683/1683 1680/1680 1679/1679
f 1667/1667 1686/1686 1685/1685
f 1667/1667 1685/1685 1664/1664
f 1687/1687 1688/1688 1664/1664
f 1687/1687 1664/1664 1685/1685
f 1689/1689 1681/1681 1643/1643
f 1689/1689 1643/1643 1629/1629
f 1683/1683 1679/1679 1678/1678
f 1683/1683 1678/1678 1684/1684
f 1686/1686 1667/1667 1673/1673
f 1686/1686 1673/1673 1680/1680
f 1633/1633 1632/1632 1670/1670
f 1633/1633 1670/1670 1690/1690
f 1432/1432 1431/1431 1679/1679
f 1432/1432 1679/1679 1680/1680
f 1691/1691 1692/1692 1628/1628
f 1691/1691 1628/1628 1665/1665
f 1688/1688 1691/1691 1665/1665
f 1688/1688 1665/1665 1664/1664
f 1629/1629 1628/1628 1692/1692
f 1629/1629 1692/1692 1689/1689
f 1684/1684 1678/1678 1693/1693
f 1684/1684 1693/1693 1694/1694
f 1694/1694 1693/1693 1631/1631
f 1694/1694 1631/1631 1630/1630
f 1588/1588 1394/1394 1648/1648
f 1588/1588 1648/1648 1695/1695
f 1641/1641 1696/1696 1697/1697
f 1641/1641 1697/1697 1662/1662
f 1698/1698 1645/1645 1644/1644
f 1698/1698 1644/1644 1696/1696
f 1696/1696 1644/1644 1682/1682
f 1696/1696 1682/1682 1697/1697
f 1699/1699 1694/1694 1630/1630
f 1699/1699 1630/1630 1633/1633
f 1625/1625 1624/1624 1700/1700
f 1625/1625 1700/1700 1659/1659
f 1658/1658 1701/1701 1702/1702
f 1658/1658 1702/1702 1677/1677
f 1699/1699 1633/1633 1690/1690
f 1699/1699 1690/1690 1703/1703
f 1590/1590 1693/1693 1678/1678
f 1590/1590 1678/1678 1519/1519
f 1695/1695 1636/1636 1343/1343
f 1695/1695 1343/1343 1588/1588
f 1701/1701 1700/1700 1704/1704
f 1701/1701 1704/1704 1657/1657
f 1631/1631 1693/1693 1590/1590
f 1631/1631 1590/1590 1417/1417
f 1699/1699 1685/1685 1684/1684
f 1699/1699 1684/1684 1694/1694
f 1685/1685 1699/1699 1703/1703
f 1685/1685 1703/1703 1687/1687
f 1640/1640 1698/1698 1696/1696
f 1640/1640 1696/1696 1641/1641
f 1645/1645 1698/1698 1695/1695
f 1645/1645 1695/1695 1648/1648
f 1698/1698 1640/1640 1636/1636
f 1698/1698 1636/1636 1695/1695
f 1479/1479 1313/1313 1506/1506
f 1479/1479 1506/1506 1581/1581
f 1503/1503 1447/1447 1451/1451
f 1503/1503 1451/1451 1621/1621
f 1578/1578 1579/1579 1596/1596
f 1578/1578 1596/1596 1597/1597
f 1521/1521 1619/1619 1450/1450
f 1521/1521 1450/1450 1422/1422
f 1444/1444 1504/1504 1524/1524
f 1444/1444 1524/1524 1445/1445
f 1407/1407 1479/1479 1581/1581
f 1407/1407 1581/1581 1408/1408
f 1705/1705 1556/1556 1366/1366
f 1705/1705 1366/1366 1365/1365
f 1619/1619 1621/1621 1451/1451
f 1619/1619 1451/1451 1450/1450
f 1424/1424 1423/1423 1706/1706
f 1424/1424 1706/1706 1477/1477
f 1469/1469 1423/1423 1426/1426
f 1469/1469 1426/1426 1617/1617
f 1360/1360 1705/1705 1365/1365
f 1360/1360 1365/1365 1361/1361
f 1621/1621 1553/1553 1707/1707
f 1621/1621 1707/1707 1503/1503
f 1552/1552 1623/1623 1707/1707
f 1552/1552 1707/1707 1553/1553
f 1619/1619 1521/1521 1512/1512
f 1619/1619 1512/1512 1526/1526
f 1470/1470 1706/1706 1423/1423
f 1470/1470 1423/1423 1469/1469
f 1512/1512 1521/1521 1454/1454
f 1512/1512 1454/1454 1505/1505
f 1503/1503 1707/1707 1623/1623
f 1503/1503 1623/1623 1504/1504
f 1546/1546 1477/1477 1706/1706
f 1546/1546 1706/1706 1470/1470
f 1478/1478 1477/1477 1546/1546
f 1478/1478 1546/1546 1618/1618
f 1574/1574 1613/1613 1615/1615
f 1574/1574 1615/1615 1575/1575
f 1533/1533 1579/1579 1580/1580
f 1533/1533 1580/1580 1571/1571
f 1615/1615 1478/1478 1618/1618
f 1615/1615 1618/1618 1575/1575
f 1295/1295 1513/1513 1435/1435
f 1295/1295 1435/1435 1296/1296
f 1314/1314 1498/1498 1379/1379
f 1314/1314 1379/1379 1331/1331
f 1319/1319 1376/1376 1571/1571
f 1319/1319 1571/1571 1580/1580
f 1329/1329 1374/1374 1332/1332
f 1329/1329 1332/1332 1330/1330
f 1315/1315 1314/1314 1331/1331
f 1315/1315 1331/1331 1330/1330
f 1498/1498 1513/1513 1295/1295
f 1498/1498 1295/1295 1379/1379
f 1565/1565 1708/1708 1709/1709
f 1565/1565 1709/1709 1566/1566
f 1710/1710 1711/1711 1608/1608
f 1710/1710 1608/1608 1607/1607
f 1712/1712 1713/1713 1593/1593
f 1712/1712 1593/1593 1594/1594
f 1595/1595 1593/1593 1713/1713
f 1595/1595 1713/1713 1531/1531
f 1714/1714 1715/1715 1599/1599
f 1714/1714 1599/1599 1610/1610
f 1708/1708 1565/1565 1599/1599
f 1708/1708 1599/1599 1715/1715
f 1604/1604 1586/1586 1716/1716
f 1604/1604 1716/1716 1717/1717
f 1718/1718 1532/1532 1531/1531
f 1718/1718 1531/1531 1719/1719
f 1720/1720 1721/1721 1614/1614
f 1720/1720 1614/1614 1612/1612
f 1722/1722 1712/1712 1709/1709
f 1722/1722 1709/1709 1723/1723
f 1718/1718 1724/1724 1596/1596
f 1718/1718 1596/1596 1532/1532
f 1719/1719 1531/1531 1713/1713
f 1719/1719 1713/1713 1725/1725
f 1710/1710 1607/1607 1614/1614
f 1710/1710 1614/1614 1721/1721
f 1717/1717 1720/1720 1612/1612
f 1717/1717 1612/1612 1604/1604
f 1715/1715 1726/1726 1727/1727
f 1715/1715 1727/1727 1708/1708
f 1710/1710 1721/1721 1728/1728
f 1710/1710 1728/1728 1711/1711
f 1729/1729 1716/1716 1586/1586
f 1729/1729 1586/1586 1559/1559
f 1730/1730 1729/1729 1559/1559
f 1730/1730 1559/1559 1558/1558
f 1731/1731 1726/1726 1715/1715
f 1731/1731 1715/1715 1714/1714
f 1558/1558 1597/1597 1732/1732
f 1558/1558 1732/1732 1730/1730
f 1597/1597 1596/1596 1724/1724
f 1597/1597 1724/1724 1732/1732
f 1725/1725 1713/1713 1712/1712
f 1725/1725 1712/1712 1722/1722
f 1733/1733 1734/1734 1735/1735
f 1733/1733 1735/1735 1736/1736
f 1737/1737 1719/1719 1725/1725
f 1737/1737 1725/1725 1738/1738
f 1739/1739 1740/1740 1741/1741
f 1739/1739 1741/1741 1742/1742
f 1734/1734 1733/1733 1717/1717
f 1734/1734 1717/1717 1716/1716
f 1743/1743 1744/1744 1745/1745
f 1743/1743 1745/1745 1746/1746
f 1747/1747 1718/1718 1719/1719
f 1747/1747 1719/1719 1737/1737
f 1748/1748 1749/1749 1736/1736
f 1748/1748 1736/1736 1735/1735
f 1750/1750 1751/1751 1752/1752
f 1750/1750 1752/1752 1753/1753
f 1739/1739 1754/1754 1755/1755
f 1739/1739 1755/1755 1756/1756
f 1738/1738 1743/1743 1746/1746
f 1738/1738 1746/1746 1737/1737
f 1757/1757 1758/1758 1759/1759
f 1757/1757 1759/1759 1760/1760
f 1750/1750 1753/1753 1746/1746
f 1750/1750 1746/1746 1745/1745
f 1737/1737 1746/1746 1753/1753
f 1737/1737 1753/1753 1747/1747
f 1754/1754 1739/1739 1742/1742
f 1754/1754 1742/1742 1761/1761
f 1733/1733 1759/1759 1720/1720
f 1733/1733 1720/1720 1717/1717
f 1738/1738 1725/1725 1722/1722
f 1738/1738 1722/1722 1762/1762
f 1753/1753 1752/1752 1763/1763
f 1753/1753 1763/1763 1747/1747
f 1749/1749 1764/1764 1760/1760
f 1749/1749 1760/1760 1736/1736
f 1736/1736 1760/1760 1759/1759
f 1736/1736 1759/1759 1733/1733
f 1765/1765 1766/1766 1744/1744
f 1765/1765 1744/1744 1743/1743
f 1743/1743 1738/1738 1762/1762
f 1743/1743 1762/1762 1765/1765
f 1727/1727 1754/1754 1761/1761
f 1727/1727 1761/1761 1723/1723
f 1760/1760 1764/1764 1767/1767
f 1760/1760 1767/1767 1757/1757
f 1767/1767 1768/1768 1769/1769
f 1767/1767 1769/1769 1757/1757
f 1770/1770 1740/1740 1739/1739
f 1770/1770 1739/1739 1756/1756
f 1771/1771 1770/1770 1756/1756
f 1771/1771 1756/1756 1772/1772
f 1773/1773 1755/1755 1726/1726
f 1773/1773 1726/1726 1731/1731
f 1774/1774 1775/1775 1776/1776
f 1774/1774 1776/1776 1777/1777
f 1775/1775 1774/1774 1729/1729
f 1775/1775 1729/1729 1730/1730
f 1726/1726 1755/1755 1754/1754
f 1726/1726 1754/1754 1727/1727
f 1775/1775 1730/1730 1732/1732
f 1775/1775 1732/1732 1776/1776
f 1777/1777 1752/1752 1751/1751
f 1777/1777 1751/1751 1778/1778
f 1758/1758 1779/1779 1728/1728
f 1758/1758 1728/1728 1721/1721
f 1720/1720 1759/1759 1758/1758
f 1720/1720 1758/1758 1721/1721
f 1774/1774 1777/1777 1735/1735
f 1774/1774 1735/1735 1734/1734
f 1772/1772 1756/1756 1755/1755
f 1772/1772 1755/1755 1773/1773
f 1778/1778 1748/1748 1735/1735
f 1778/1778 1735/1735 1777/1777
f 1716/1716 1729/1729 1774/1774
f 1716/1716 1774/1774 1734/1734
f 1757/1757 1769/1769 1779/1779
f 1757/1757 1779/1779 1758/1758
f 1724/1724 1718/1718 1747/1747
f 1724/1724 1747/1747 1763/1763
f 1780/1780 1781/1781 1782/1782
f 1780/1780 1782/1782 1783/1783
f 1784/1784 1785/1785 1786/1786
f 1784/1784 1786/1786 1787/1787
f 1788/1788 1789/1789 1790/1790
f 1788/1788 1790/1790 1791/1791
f 1792/1792 1793/1793 1794/1794
f 1792/1792 1794/1794 1782/1782
f 1795/1795 1796/1796 1797/1797
f 1795/1795 1797/1797 1798/1798
f 1799/1799 1800/1800 1801/1801
f 1799/1799 1801/1801 1802/1802
f 1803/1803 1804/1804 1805/1805
f 1803/1803 1805/1805 1806/1806
f 1807/1807 1808/1808 1809/1809
f 1807/1807 1809/1809 1796/1796
f 1751/1751 1798/1798 1797/1797
f 1751/1751 1797/1797 1810/1810
f 1811/1811 1812/1812 1813/1813
f 1811/1811 1813/1813 1814/1814
f 1813/1813 1815/1815 1816/1816
f 1813/1813 1816/1816 1814/1814
f 1806/1806 1817/1817 1818/1818
f 1806/1806 1818/1818 1803/1803
f 1800/1800 1819/1819 1820/1820
f 1800/1800 1820/1820 1821/1821
f 1796/1796 1809/1809 1810/1810
f 1796/1796 1810/1810 1797/1797
f 1782/1782 1781/1781 1822/1822
f 1782/1782 1822/1822 1792/1792
f 1823/1823 1824/1824 1825/1825
f 1823/1823 1825/1825 1826/1826
f 1827/1827 1828/1828 1829/1829
f 1827/1827 1829/1829 1830/1830
f 1831/1831 1832/1832 1799/1799
f 1831/1831 1799/1799 1802/1802
f 1766/1766 1833/1833 1834/1834
f 1766/1766 1834/1834 1744/1744
f 1751/1751 1750/1750 1835/1835
f 1751/1751 1835/1835 1798/1798
f 1785/1785 1784/1784 1836/1836
f 1785/1785 1836/1836 1837/1837
f 1838/1838 1839/1839 1840/1840
f 1838/1838 1840/1840 1841/1841
f 1740/1740 1842/1842 1843/1843
f 1740/1740 1843/1843 1741/1741
f 1783/1783 1782/1782 1794/1794
f 1783/1783 1794/1794 1844/1844
f 1845/1845 1846/1846 1837/1837
f 1845/1845 1837/1837 1847/1847
f 1799/1799 1832/1832 1819/1819
f 1799/1799 1819/1819 1800/1800
f 1848/1848 1849/1849 1808/1808
f 1848/1848 1808/1808 1807/1807
f 1850/1850 1851/1851 1852/1852
f 1850/1850 1852/1852 1853/1853
f 1826/1826 1780/1780 1783/1783
f 1826/1826 1783/1783 1823/1823
f 1854/1854 1855/1855 1856/1856
f 1854/1854 1856/1856 1830/1830
f 1857/1857 1858/1858 1859/1859
f 1857/1857 1859/1859 1860/1860
f 1861/1861 1788/1788 1791/1791
f 1861/1861 1791/1791 1862/1862
f 1823/1823 1783/1783 1844/1844
f 1823/1823 1844/1844 1863/1863
f 1864/1864 1865/1865 1866/1866
f 1864/1864 1866/1866 1860/1860
f 1867/1867 1868/1868 1869/1869
f 1867/1867 1869/1869 1870/1870
f 1843/1843 1871/1871 1872/1872
f 1843/1843 1872/1872 1833/1833
f 1840/1840 1839/1839 1873/1873
f 1840/1840 1873/1873 1874/1874
f 1851/1851 1875/1875 1876/1876
f 1851/1851 1876/1876 1852/1852
f 1877/1877 1813/1813 1812/1812
f 1877/1877 1812/1812 1878/1878
f 1848/1848 1807/1807 1879/1879
f 1848/1848 1879/1879 1880/1880
f 1787/1787 1869/1869 1868/1868
f 1787/1787 1868/1868 1784/1784
f 1881/1881 1882/1882 1883/1883
f 1881/1881 1883/1883 1884/1884
f 1885/1885 1886/1886 1821/1821
f 1885/1885 1821/1821 1887/1887
f 1888/1888 1845/1845 1847/1847
f 1888/1888 1847/1847 1889/1889
f 1784/1784 1868/1868 1839/1839
f 1784/1784 1839/1839 1836/1836
f 1813/1813 1877/1877 1890/1890
f 1813/1813 1890/1890 1815/1815
f 1836/1836 1891/1891 1847/1847
f 1836/1836 1847/1847 1837/1837
f 1891/1891 1892/1892 1889/1889
f 1891/1891 1889/1889 1847/1847
f 1882/1882 1808/1808 1849/1849
f 1882/1882 1849/1849 1883/1883
f 1887/1887 1893/1893 1894/1894
f 1887/1887 1894/1894 1895/1895
f 1896/1896 1826/1826 1825/1825
f 1896/1896 1825/1825 1897/1897
f 1875/1875 1898/1898 1896/1896
f 1875/1875 1896/1896 1876/1876
f 1827/1827 1899/1899 1900/1900
f 1827/1827 1900/1900 1901/1901
f 1902/1902 1903/1903 1845/1845
f 1902/1902 1845/1845 1888/1888
f 1904/1904 1834/1834 1833/1833
f 1904/1904 1833/1833 1872/1872
f 1905/1905 1906/1906 1853/1853
f 1905/1905 1853/1853 1852/1852
f 1804/1804 1907/1907 1908/1908
f 1804/1804 1908/1908 1805/1805
f 1885/1885 1887/1887 1895/1895
f 1885/1885 1895/1895 1908/1908
f 1839/1839 1838/1838 1891/1891
f 1839/1839 1891/1891 1836/1836
f 1909/1909 1809/1809 1808/1808
f 1909/1909 1808/1808 1882/1882
f 1780/1780 1826/1826 1896/1896
f 1780/1780 1896/1896 1898/1898
f 1879/1879 1807/1807 1796/1796
f 1879/1879 1796/1796 1795/1795
f 1824/1824 1910/1910 1911/1911
f 1824/1824 1911/1911 1825/1825
f 1912/1912 1913/1913 1914/1914
f 1912/1912 1914/1914 1915/1915
f 1916/1916 1917/1917 1918/1918
f 1916/1916 1918/1918 1919/1919
f 1916/1916 1920/1920 1921/1921
f 1916/1916 1921/1921 1917/1917
f 1922/1922 1923/1923 1919/1919
f 1922/1922 1919/1919 1918/1918
f 1924/1924 1925/1925 1926/1926
f 1924/1924 1926/1926 1927/1927
f 1928/1928 1916/1916 1919/1919
f 1928/1928 1919/1919 1929/1929
f 1920/1920 1930/1930 1931/1931
f 1920/1920 1931/1931 1932/1932
f 1933/1933 1934/1934 1935/1935
f 1933/1933 1935/1935 1936/1936
f 1937/1937 1938/1938 1939/1939
f 1937/1937 1939/1939 1940/1940
f 1912/1912 1941/1941 1942/1942
f 1912/1912 1942/1942 1913/1913
f 1943/1943 1944/1944 1945/1945
f 1943/1943 1945/1945 1946/1946
f 1947/1947 1948/1948 1949/1949
f 1947/1947 1949/1949 1914/1914
f 1950/1950 1942/1942 1944/1944
f 1950/1950 1944/1944 1943/1943
f 1951/1951 1952/1952 1953/1953
f 1951/1951 1953/1953 1954/1954
f 1955/1955 1949/1949 1948/1948
f 1955/1955 1948/1948 1956/1956
f 1914/1914 1949/1949 1957/1957
f 1914/1914 1957/1957 1915/1915
f 1921/1921 1920/1920 1932/1932
f 1921/1921 1932/1932 1958/1958
f 1959/1959 1960/1960 1961/1961
f 1959/1959 1961/1961 1962/1962
f 1963/1963 1964/1964 1965/1965
f 1963/1963 1965/1965 1966/1966
f 1917/1917 1967/1967 1968/1968
f 1917/1917 1968/1968 1918/1918
f 1967/1967 1917/1917 1921/1921
f 1967/1967 1921/1921 1969/1969
f 1793/1793 1792/1792 1970/1970
f 1793/1793 1970/1970 1971/1971
f 1972/1972 1968/1968 1967/1967
f 1972/1972 1967/1967 1973/1973
f 1971/1971 1970/1970 1938/1938
f 1971/1971 1938/1938 1937/1937
f 1942/1942 1941/1941 1936/1936
f 1942/1942 1936/1936 1944/1944
f 1974/1974 1957/1957 1949/1949
f 1974/1974 1949/1949 1955/1955
f 1785/1785 1951/1951 1954/1954
f 1785/1785 1954/1954 1786/1786
f 1970/1970 1958/1958 1932/1932
f 1970/1970 1932/1932 1938/1938
f 1975/1975 1976/1976 1968/1968
f 1975/1975 1968/1968 1972/1972
f 1913/1913 1977/1977 1947/1947
f 1913/1913 1947/1947 1914/1914
f 1912/1912 1978/1978 1979/1979
f 1912/1912 1979/1979 1941/1941
f 1824/1824 1823/1823 1863/1863
f 1824/1824 1863/1863 1980/1980
f 1981/1981 1982/1982 1983/1983
f 1981/1981 1983/1983 1984/1984
f 1980/1980 1985/1985 1910/1910
f 1980/1980 1910/1910 1824/1824
f 1960/1960 1959/1959 1986/1986
f 1960/1960 1986/1986 1987/1987
f 1933/1933 1936/1936 1941/1941
f 1933/1933 1941/1941 1979/1979
f 1975/1975 1972/1972 1957/1957
f 1975/1975 1957/1957 1974/1974
f 1936/1936 1935/1935 1945/1945
f 1936/1936 1945/1945 1944/1944
f 1976/1976 1922/1922 1918/1918
f 1976/1976 1918/1918 1968/1968
f 1912/1912 1915/1915 1973/1973
f 1912/1912 1973/1973 1978/1978
f 1962/1962 1963/1963 1966/1966
f 1962/1962 1966/1966 1959/1959
f 1929/1929 1919/1919 1923/1923
f 1929/1929 1923/1923 1988/1988
f 1972/1972 1973/1973 1915/1915
f 1972/1972 1915/1915 1957/1957
f 1928/1928 1930/1930 1920/1920
f 1928/1928 1920/1920 1916/1916
f 1837/1837 1846/1846 1951/1951
f 1837/1837 1951/1951 1785/1785
f 1989/1989 1990/1990 1981/1981
f 1989/1989 1981/1981 1984/1984
f 1991/1991 1982/1982 1992/1992
f 1991/1991 1992/1992 1993/1993
f 1792/1792 1822/1822 1958/1958
f 1792/1792 1958/1958 1970/1970
f 1927/1927 1926/1926 1994/1994
f 1927/1927 1994/1994 1995/1995
f 1926/1926 1986/1986 1996/1996
f 1926/1926 1996/1996 1994/1994
f 1931/1931 1939/1939 1938/1938
f 1931/1931 1938/1938 1932/1932
f 1846/1846 1845/1845 1903/1903
f 1846/1846 1903/1903 1997/1997
f 1982/1982 1991/1991 1998/1998
f 1982/1982 1998/1998 1983/1983
f 1846/1846 1997/1997 1952/1952
f 1846/1846 1952/1952 1951/1951
f 1999/1999 2000/2000 1979/1979
f 1999/1999 1979/1979 1978/1978
f 1950/1950 1977/1977 1913/1913
f 1950/1950 1913/1913 1942/1942
f 1995/1995 1994/1994 1867/1867
f 1995/1995 1867/1867 1870/1870
f 1986/1986 1926/1926 1925/1925
f 1986/1986 1925/1925 1987/1987
f 2001/2001 2002/2002 2003/2003
f 2001/2001 2003/2003 2004/2004
f 2005/2005 2006/2006 2007/2007
f 2005/2005 2007/2007 2008/2008
f 2007/2007 2009/2009 2010/2010
f 2007/2007 2010/2010 2008/2008
f 2011/2011 2012/2012 2006/2006
f 2011/2011 2006/2006 2013/2013
f 2014/2014 2015/2015 2016/2016
f 2014/2014 2016/2016 2017/2017
f 2018/2018 2019/2019 2020/2020
f 2018/2018 2020/2020 2021/2021
f 2022/2022 2023/2023 2003/2003
f 2022/2022 2003/2003 2024/2024
f 2025/2025 2019/2019 2018/2018
f 2025/2025 2018/2018 2026/2026
f 2027/2027 2028/2028 2011/2011
f 2027/2027 2011/2011 2029/2029
f 2000/2000 2021/2021 2020/2020
f 2000/2000 2020/2020 1979/1979
f 2004/2004 2030/2030 2031/2031
f 2004/2004 2031/2031 2001/2001
f 2032/2032 2033/2033 2034/2034
f 2032/2032 2034/2034 2015/2015
f 2029/2029 2011/2011 2013/2013
f 2029/2029 2013/2013 2035/2035
f 2020/2020 2028/2028 1933/1933
f 2020/2020 1933/1933 1979/1979
f 2017/2017 2002/2002 2036/2036
f 2017/2017 2036/2036 2014/2014
f 2020/2020 2019/2019 2037/2037
f 2020/2020 2037/2037 2012/2012
f 2006/2006 2012/2012 2037/2037
f 2006/2006 2037/2037 2007/2007
f 2015/2015 2034/2034 2038/2038
f 2015/2015 2038/2038 2016/2016
f 2039/2039 2040/2040 2041/2041
f 2039/2039 2041/2041 2042/2042
f 2043/2043 2042/2042 2041/2041
f 2043/2043 2041/2041 2009/2009
f 2009/2009 2007/2007 2037/2037
f 2009/2009 2037/2037 2043/2043
f 2013/2013 2006/2006 2005/2005
f 2013/2013 2005/2005 2044/2044
f 2045/2045 2041/2041 2040/2040
f 2045/2045 2040/2040 2046/2046
f 2014/2014 2036/2036 2047/2047
f 2014/2014 2047/2047 2048/2048
f 2023/2023 2049/2049 2004/2004
f 2023/2023 2004/2004 2003/2003
f 2024/2024 2050/2050 2051/2051
f 2024/2024 2051/2051 2022/2022
f 2052/2052 2051/2051 2050/2050
f 2052/2052 2050/2050 2053/2053
f 2042/2042 2043/2043 2025/2025
f 2042/2042 2025/2025 2054/2054
f 2048/2048 2032/2032 2015/2015
f 2048/2048 2015/2015 2014/2014
f 2012/2012 2011/2011 2028/2028
f 2012/2012 2028/2028 2020/2020
f 2017/2017 2016/2016 2050/2050
f 2017/2017 2050/2050 2024/2024
f 2002/2002 2017/2017 2024/2024
f 2002/2002 2024/2024 2003/2003
f 2010/2010 2009/2009 2041/2041
f 2010/2010 2041/2041 2045/2045
f 2049/2049 2055/2055 2030/2030
f 2049/2049 2030/2030 2004/2004
f 2053/2053 2050/2050 2016/2016
f 2053/2053 2016/2016 2038/2038
f 2037/2037 2019/2019 2025/2025
f 2037/2037 2025/2025 2043/2043
f 2044/2044 2056/2056 2035/2035
f 2044/2044 2035/2035 2013/2013
f 2057/2057 2058/2058 1859/1859
f 2057/2057 1859/1859 1858/1858
f 2059/2059 2060/2060 2061/2061
f 2059/2059 2061/2061 2062/2062
f 2036/2036 2063/2063 2064/2064
f 2036/2036 2064/2064 1990/1990
f 1744/1744 1834/1834 2065/2065
f 1744/1744 2065/2065 1745/1745
f 1829/1829 2066/2066 2067/2067
f 1829/1829 2067/2067 2068/2068
f 2069/2069 2070/2070 1749/1749
f 2069/2069 1749/1749 1748/1748
f 2071/2071 1795/1795 1798/1798
f 2071/2071 1798/1798 1835/1835
f 2072/2072 2073/2073 1906/1906
f 2072/2072 1906/1906 1905/1905
f 2074/2074 2075/2075 2076/2076
f 2074/2074 2076/2076 2077/2077
f 2078/2078 2074/2074 2077/2077
f 2078/2078 2077/2077 2079/2079
f 2080/2080 2081/2081 2076/2076
f 2080/2080 2076/2076 2082/2082
f 1897/1897 2083/2083 2084/2084
f 1897/1897 2084/2084 2085/2085
f 2086/2086 2087/2087 1881/1881
f 2086/2086 1881/1881 2088/2088
f 2001/2001 2031/2031 2089/2089
f 2001/2001 2089/2089 2063/2063
f 1911/1911 2083/2083 1897/1897
f 1911/1911 1897/1897 1825/1825
f 2090/2090 2091/2091 2075/2075
f 2090/2090 2075/2075 2074/2074
f 1817/1817 2061/2061 2092/2092
f 1817/1817 2092/2092 1818/1818
f 2070/2070 2069/2069 2091/2091
f 2070/2070 2091/2091 2090/2090
f 1822/1822 1969/1969 1921/1921
f 1822/1822 1921/1921 1958/1958
f 2093/2093 2066/2066 2094/2094
f 2093/2093 2094/2094 2095/2095
f 2085/2085 1876/1876 1896/1896
f 2085/2085 1896/1896 1897/1897
f 2078/2078 2096/2096 2097/2097
f 2078/2078 2097/2097 2098/2098
f 2099/2099 2100/2100 2101/2101
f 2099/2099 2101/2101 2102/2102
f 2103/2103 2104/2104 1898/1898
f 2103/2103 1898/1898 1875/1875
f 1880/1880 2105/2105 2106/2106
f 1880/1880 2106/2106 1848/1848
f 2107/2107 2108/2108 2109/2109
f 2107/2107 2109/2109 2110/2110
f 2084/2084 2072/2072 1905/1905
f 2084/2084 1905/1905 2085/2085
f 2111/2111 2112/2112 2113/2113
f 2111/2111 2113/2113 2114/2114
f 2115/2115 1790/1790 2116/2116
f 2115/2115 2116/2116 2117/2117
f 2118/2118 1878/1878 1812/1812
f 2118/2118 1812/1812 2119/2119
f 2120/2120 1873/1873 1839/1839
f 2120/2120 1839/1839 1868/1868
f 1934/1934 1933/1933 2028/2028
f 1934/1934 2028/2028 2027/2027
f 1834/1834 1904/1904 2121/2121
f 1834/1834 2121/2121 2065/2065
f 2071/2071 2122/2122 1879/1879
f 2071/2071 1879/1879 1795/1795
f 2057/2057 2121/2121 1904/1904
f 2057/2057 1904/1904 2058/2058
f 2123/2123 2124/2124 1770/1770
f 2123/2123 1770/1770 1771/1771
f 1745/1745 2125/2125 1835/1835
f 1745/1745 1835/1835 1750/1750
f 2091/2091 2126/2126 2127/2127
f 2091/2091 2127/2127 2075/2075
f 2065/2065 2121/2121 2128/2128
f 2065/2065 2128/2128 2129/2129
f 1745/1745 2065/2065 2129/2129
f 1745/1745 2129/2129 2125/2125
f 1882/1882 1881/1881 2087/2087
f 1882/1882 2087/2087 1909/1909
f 2074/2074 2078/2078 2098/2098
f 2074/2074 2098/2098 2090/2090
f 2130/2130 2131/2131 2057/2057
f 2130/2130 2057/2057 1858/1858
f 2132/2132 1791/1791 1790/1790
f 2132/2132 1790/1790 2115/2115
f 2133/2133 2098/2098 2097/2097
f 2133/2133 2097/2097 2134/2134
f 1778/1778 1751/1751 1810/1810
f 1778/1778 1810/1810 2135/2135
f 2090/2090 2098/2098 2136/2136
f 2090/2090 2136/2136 2070/2070
f 2137/2137 2094/2094 2066/2066
f 2137/2137 2066/2066 2138/2138
f 1748/1748 1778/1778 2135/2135
f 1748/1748 2135/2135 2069/2069
f 1861/1861 1862/1862 2139/2139
f 1861/1861 2139/2139 2140/2140
f 2122/2122 2071/2071 2141/2141
f 2122/2122 2141/2141 2142/2142
f 2143/2143 2144/2144 2133/2133
f 2143/2143 2133/2133 2134/2134
f 2145/2145 2059/2059 2100/2100
f 2145/2145 2100/2100 2099/2099
f 1849/1849 1848/1848 2106/2106
f 1849/1849 2106/2106 2146/2146
f 2147/2147 2102/2102 1767/1767
f 2147/2147 1767/1767 1764/1764
f 2148/2148 2142/2142 2131/2131
f 2148/2148 2131/2131 2130/2130
f 2149/2149 2116/2116 1790/1790
f 2149/2149 1790/1790 1789/1789
f 2002/2002 2001/2001 2063/2063
f 2002/2002 2063/2063 2036/2036
f 2127/2127 2126/2126 1809/1809
f 2127/2127 1809/1809 1909/1909
f 2060/2060 2150/2150 2092/2092
f 2060/2060 2092/2092 2061/2061
f 2131/2131 2128/2128 2121/2121
f 2131/2131 2121/2121 2057/2057
f 2077/2077 2076/2076 2081/2081
f 2077/2077 2081/2081 2151/2151
f 2152/2152 1965/1965 1964/1964
f 2152/2152 1964/1964 2153/2153
f 1749/1749 2070/2070 2136/2136
f 1749/1749 2136/2136 1764/1764
f 1781/1781 1780/1780 1898/1898
f 1781/1781 1898/1898 2104/2104
f 2145/2145 2143/2143 2060/2060
f 2145/2145 2060/2060 2059/2059
f 2144/2144 2099/2099 2102/2102
f 2144/2144 2102/2102 2147/2147
f 2145/2145 2099/2099 2144/2144
f 2145/2145 2144/2144 2143/2143
f 1879/1879 2122/2122 2105/2105
f 1879/1879 2105/2105 1880/1880
f 2141/2141 2125/2125 2129/2129
f 2141/2141 2129/2129 2128/2128
f 1842/1842 2124/2124 2094/2094
f 1842/1842 2094/2094 2137/2137
f 2058/2058 1904/1904 1872/1872
f 2058/2058 1872/1872 2154/2154
f 2102/2102 2101/2101 1768/1768
f 2102/2102 1768/1768 1767/1767
f 2082/2082 2127/2127 1909/1909
f 2082/2082 1909/1909 2087/2087
f 2134/2134 2150/2150 2060/2060
f 2134/2134 2060/2060 2143/2143
f 2155/2155 2119/2119 1812/1812
f 2155/2155 1812/1812 1811/1811
f 2108/2108 2156/2156 2157/2157
f 2108/2108 2157/2157 2109/2109
f 2071/2071 1835/1835 2125/2125
f 2071/2071 2125/2125 2141/2141
f 2126/2126 2135/2135 1810/1810
f 2126/2126 1810/1810 1809/1809
f 2124/2124 2123/2123 2095/2095
f 2124/2124 2095/2095 2094/2094
f 1867/1867 2158/2158 2120/2120
f 1867/1867 2120/2120 1868/1868
f 2159/2159 2147/2147 1764/1764
f 2159/2159 1764/1764 2136/2136
f 2085/2085 1905/1905 1852/1852
f 2085/2085 1852/1852 1876/1876
f 2069/2069 2135/2135 2126/2126
f 2069/2069 2126/2126 2091/2091
f 2124/2124 1842/1842 1740/1740
f 2124/2124 1740/1740 1770/1770
f 2086/2086 2080/2080 2082/2082
f 2086/2086 2082/2082 2087/2087
f 2142/2142 2141/2141 2128/2128
f 2142/2142 2128/2128 2131/2131
f 2082/2082 2076/2076 2075/2075
f 2082/2082 2075/2075 2127/2127
f 2112/2112 2160/2160 2161/2161
f 2112/2112 2161/2161 2113/2113
f 2162/2162 2163/2163 2164/2164
f 2162/2162 2164/2164 2165/2165
f 2166/2166 2167/2167 2168/2168
f 2166/2166 2168/2168 2169/2169
f 1862/1862 2170/2170 2171/2171
f 1862/1862 2171/2171 2139/2139
f 2172/2172 2173/2173 1815/1815
f 2172/2172 1815/1815 1890/1890
f 1840/1840 2174/2174 2175/2175
f 1840/1840 2175/2175 1841/1841
f 2156/2156 2111/2111 2114/2114
f 2156/2156 2114/2114 2157/2157
f 2176/2176 2177/2177 2109/2109
f 2176/2176 2109/2109 2178/2178
f 2179/2179 2171/2171 2180/2180
f 2179/2179 2180/2180 2181/2181
f 2114/2114 2000/2000 1999/1999
f 2114/2114 1999/1999 2182/2182
f 2177/2177 2183/2183 2110/2110
f 2177/2177 2110/2110 2109/2109
f 2173/2173 2172/2172 2184/2184
f 2173/2173 2184/2184 2185/2185
f 2179/2179 2181/2181 2031/2031
f 2179/2179 2031/2031 2030/2030
f 2182/2182 2186/2186 2157/2157
f 2182/2182 2157/2157 2114/2114
f 2187/2187 2188/2188 2189/2189
f 2187/2187 2189/2189 2190/2190
f 1969/1969 2191/2191 2186/2186
f 1969/1969 2186/2186 1967/1967
f 2086/2086 2088/2088 2160/2160
f 2086/2086 2160/2160 2112/2112
f 2192/2192 2193/2193 2194/2194
f 2192/2192 2194/2194 2195/2195
f 2196/2196 2181/2181 2197/2197
f 2196/2196 2197/2197 2198/2198
f 2191/2191 2199/2199 2157/2157
f 2191/2191 2157/2157 2186/2186
f 2200/2200 2201/2201 1990/1990
f 2200/2200 1990/1990 2064/2064
f 2200/2200 2198/2198 2202/2202
f 2200/2200 2202/2202 2203/2203
f 2171/2171 2170/2170 2204/2204
f 2171/2171 2204/2204 2180/2180
f 2104/2104 2176/2176 2178/2178
f 2104/2104 2178/2178 1781/1781
f 2158/2158 2190/2190 2205/2205
f 2158/2158 2205/2205 2120/2120
f 2156/2156 2108/2108 2080/2080
f 2156/2156 2080/2080 2111/2111
f 2108/2108 2107/2107 2081/2081
f 2108/2108 2081/2081 2080/2080
f 2206/2206 1965/1965 2152/2152
f 2206/2206 2152/2152 2203/2203
f 2185/2185 2207/2207 2208/2208
f 2185/2185 2208/2208 2173/2173
f 2195/2195 2175/2175 2174/2174
f 2195/2195 2174/2174 2192/2192
f 2111/2111 2080/2080 2086/2086
f 2111/2111 2086/2086 2112/2112
f 2209/2209 2210/2210 1851/1851
f 2209/2209 1851/1851 1850/1850
f 2140/2140 2139/2139 2030/2030
f 2140/2140 2030/2030 2055/2055
f 2211/2211 2212/2212 2213/2213
f 2211/2211 2213/2213 2209/2209
f 2214/2214 2183/2183 2177/2177
f 2214/2214 2177/2177 2103/2103
f 2215/2215 2165/2165 2216/2216
f 2215/2215 2216/2216 2217/2217
f 2213/2213 2172/2172 2218/2218
f 2213/2213 2218/2218 2219/2219
f 1781/1781 2178/2178 2199/2199
f 1781/1781 2199/2199 1822/1822
f 2220/2220 1992/1992 1982/1982
f 2220/2220 1982/1982 1981/1981
f 1994/1994 1996/1996 2221/2221
f 1994/1994 2221/2221 1867/1867
f 2222/2222 2187/2187 2190/2190
f 2222/2222 2190/2190 2158/2158
f 1973/1973 2182/2182 1999/1999
f 1973/1973 1999/1999 1978/1978
f 2214/2214 2103/2103 2210/2210
f 2214/2214 2210/2210 2219/2219
f 2219/2219 2210/2210 2209/2209
f 2219/2219 2209/2209 2213/2213
f 2064/2064 2196/2196 2198/2198
f 2064/2064 2198/2198 2200/2200
f 2223/2223 2216/2216 2165/2165
f 2223/2223 2165/2165 2164/2164
f 2120/2120 2205/2205 2224/2224
f 2120/2120 2224/2224 1873/1873
f 2225/2225 2226/2226 2161/2161
f 2225/2225 2161/2161 2160/2160
f 2206/2206 2227/2227 2187/2187
f 2206/2206 2187/2187 2222/2222
f 2113/2113 2021/2021 2000/2000
f 2113/2113 2000/2000 2114/2114
f 2223/2223 2164/2164 2192/2192
f 2223/2223 2192/2192 2174/2174
f 2221/2221 1996/1996 1966/1966
f 2221/2221 1966/1966 1965/1965
f 2119/2119 2215/2215 2217/2217
f 2119/2119 2217/2217 2118/2118
f 2228/2228 2169/2169 2229/2229
f 2228/2228 2229/2229 2110/2110
f 2179/2179 2030/2030 2139/2139
f 2179/2179 2139/2139 2171/2171
f 1873/1873 2224/2224 2230/2230
f 1873/1873 2230/2230 1874/1874
f 1838/1838 2231/2231 1892/1892
f 1838/1838 1892/1892 1891/1891
f 2205/2205 2190/2190 2189/2189
f 2205/2205 2189/2189 2224/2224
f 1816/1816 1815/1815 2173/2173
f 1816/1816 2173/2173 2208/2208
f 2199/2199 2191/2191 1969/1969
f 2199/2199 1969/1969 1822/1822
f 1996/1996 1986/1986 1959/1959
f 1996/1996 1959/1959 1966/1966
f 2232/2232 2233/2233 2234/2234
f 2232/2232 2234/2234 2235/2235
f 1965/1965 2206/2206 2222/2222
f 1965/1965 2222/2222 2221/2221
f 2164/2164 2163/2163 2193/2193
f 2164/2164 2193/2193 2192/2192
f 2172/2172 2213/2213 2212/2212
f 2172/2172 2212/2212 2184/2184
f 2188/2188 2187/2187 2227/2227
f 2188/2188 2227/2227 2202/2202
f 2196/2196 2064/2064 2063/2063
f 2196/2196 2063/2063 2089/2089
f 2182/2182 1973/1973 1967/1967
f 2182/2182 1967/1967 2186/2186
f 2201/2201 2220/2220 1981/1981
f 2201/2201 1981/1981 1990/1990
f 2215/2215 2119/2119 2155/2155
f 2215/2215 2155/2155 2236/2236
f 1875/1875 1851/1851 2210/2210
f 1875/1875 2210/2210 2103/2103
f 2188/2188 2234/2234 2233/2233
f 2188/2188 2233/2233 2189/2189
f 2151/2151 2081/2081 2107/2107
f 2151/2151 2107/2107 2237/2237
f 2221/2221 2222/2222 2158/2158
f 2221/2221 2158/2158 1867/1867
f 2110/2110 2183/2183 2238/2238
f 2110/2110 2238/2238 2228/2228
f 2178/2178 2109/2109 2157/2157
f 2178/2178 2157/2157 2199/2199
f 2177/2177 2176/2176 2104/2104
f 2177/2177 2104/2104 2103/2103
f 2165/2165 2215/2215 2236/2236
f 2165/2165 2236/2236 2162/2162
f 2239/2239 2240/2240 1874/1874
f 2239/2239 1874/1874 2230/2230
f 2241/2241 2242/2242 2237/2237
f 2241/2241 2237/2237 2229/2229
f 2243/2243 2244/2244 2242/2242
f 2243/2243 2242/2242 2245/2245
f 1818/1818 2092/2092 2246/2246
f 1818/1818 2246/2246 2247/2247
f 1803/1803 1818/1818 2247/2247
f 1803/1803 2247/2247 2248/2248
f 2106/2106 2130/2130 1858/1858
f 2106/2106 1858/1858 2146/2146
f 2224/2224 2189/2189 2249/2249
f 2224/2224 2249/2249 2230/2230
f 2250/2250 2251/2251 2252/2252
f 2250/2250 2252/2252 2253/2253
f 2149/2149 2254/2254 2255/2255
f 2149/2149 2255/2255 2116/2116
f 1802/1802 1801/1801 2256/2256
f 1802/1802 2256/2256 2255/2255
f 2257/2257 2258/2258 2259/2259
f 2257/2257 2259/2259 2260/2260
f 2261/2261 2262/2262 2180/2180
f 2261/2261 2180/2180 2204/2204
f 2025/2025 2026/2026 2257/2257
f 2025/2025 2257/2257 2054/2054
f 2170/2170 1862/1862 1791/1791
f 2170/2170 1791/1791 2132/2132
f 2263/2263 2264/2264 2265/2265
f 2263/2263 2265/2265 2266/2266
f 2267/2267 2268/2268 2269/2269
f 2267/2267 2269/2269 2270/2270
f 2271/2271 2150/2150 2134/2134
f 2271/2271 2134/2134 2097/2097
f 2272/2272 1907/1907 2266/2266
f 2272/2272 2266/2266 2265/2265
f 2273/2273 2270/2270 2274/2274
f 2273/2273 2274/2274 2275/2275
f 2198/2198 2197/2197 2188/2188
f 2198/2198 2188/2188 2202/2202
f 2117/2117 2116/2116 2255/2255
f 2117/2117 2255/2255 2256/2256
f 2276/2276 2277/2277 2278/2278
f 2276/2276 2278/2278 2167/2167
f 2154/2154 2279/2279 1859/1859
f 2154/2154 1859/1859 2058/2058
f 2153/2153 2280/2280 2281/2281
f 2153/2153 2281/2281 2152/2152
f 2269/2269 2239/2239 2230/2230
f 2269/2269 2230/2230 2249/2249
f 2232/2232 2235/2235 2282/2282
f 2232/2232 2282/2282 2275/2275
f 2181/2181 2180/2180 2262/2262
f 2181/2181 2262/2262 2197/2197
f 2283/2283 2284/2284 2285/2285
f 2283/2283 2285/2285 2286/2286
f 2261/2261 2283/2283 2282/2282
f 2261/2261 2282/2282 2235/2235
f 2132/2132 2284/2284 2204/2204
f 2132/2132 2204/2204 2170/2170
f 2154/2154 1872/1872 1871/1871
f 2154/2154 1871/1871 2287/2287
f 2219/2219 2218/2218 2288/2288
f 2219/2219 2288/2288 2214/2214
f 2251/2251 2250/2250 2281/2281
f 2251/2251 2281/2281 2280/2280
f 2152/2152 2281/2281 2220/2220
f 2152/2152 2220/2220 2201/2201
f 2118/2118 2217/2217 2276/2276
f 2118/2118 2276/2276 2289/2289
f 1804/1804 1803/1803 2248/2248
f 1804/1804 2248/2248 2290/2290
f 2268/2268 2291/2291 2239/2239
f 2268/2268 2239/2239 2269/2269
f 2201/2201 2200/2200 2203/2203
f 2201/2201 2203/2203 2152/2152
f 2240/2240 2174/2174 1840/1840
f 2240/2240 1840/1840 1874/1874
f 2292/2292 2267/2267 2270/2270
f 2292/2292 2270/2270 2273/2273
f 2290/2290 2266/2266 1907/1907
f 2290/2290 1907/1907 1804/1804
f 2286/2286 2285/2285 2264/2264
f 2286/2286 2264/2264 2263/2263
f 2271/2271 2097/2097 2096/2096
f 2271/2271 2096/2096 2246/2246
f 2271/2271 2246/2246 2092/2092
f 2271/2271 2092/2092 2150/2150
f 2293/2293 2259/2259 2258/2258
f 2293/2293 2258/2258 2294/2294
f 2265/2265 2295/2295 2296/2296
f 2265/2265 2296/2296 2272/2272
f 2297/2297 2298/2298 2241/2241
f 2297/2297 2241/2241 2168/2168
f 2247/2247 2246/2246 2096/2096
f 2247/2247 2096/2096 2299/2299
f 2300/2300 1901/1901 1864/1864
f 2300/2300 1864/1864 2279/2279
f 2284/2284 2283/2283 2261/2261
f 2284/2284 2261/2261 2204/2204
f 2217/2217 2216/2216 2277/2277
f 2217/2217 2277/2277 2276/2276
f 2301/2301 2302/2302 1877/1877
f 2301/2301 1877/1877 1878/1878
f 2279/2279 1864/1864 1860/1860
f 2279/2279 1860/1860 1859/1859
f 2272/2272 1885/1885 1908/1908
f 2272/2272 1908/1908 1907/1907
f 2303/2303 2304/2304 2290/2290
f 2303/2303 2290/2290 2248/2248
f 2305/2305 2293/2293 2294/2294
f 2305/2305 2294/2294 2306/2306
f 2242/2242 2244/2244 2151/2151
f 2242/2242 2151/2151 2237/2237
f 2238/2238 2307/2307 2308/2308
f 2238/2238 2308/2308 2228/2228
f 1993/1993 1992/1992 2250/2250
f 1993/1993 2250/2250 2253/2253
f 2291/2291 2268/2268 2297/2297
f 2291/2291 2297/2297 2278/2278
f 2169/2169 2228/2228 2308/2308
f 2169/2169 2308/2308 2166/2166
f 2189/2189 2233/2233 2274/2274
f 2189/2189 2274/2274 2249/2249
f 2268/2268 2267/2267 2298/2298
f 2268/2268 2298/2298 2297/2297
f 2309/2309 2243/2243 2245/2245
f 2309/2309 2245/2245 2292/2292
f 2260/2260 2310/2310 2054/2054
f 2260/2260 2054/2054 2257/2257
f 2232/2232 2275/2275 2274/2274
f 2232/2232 2274/2274 2233/2233
f 2223/2223 2174/2174 2240/2240
f 2223/2223 2240/2240 2311/2311
f 2105/2105 2148/2148 2130/2130
f 2105/2105 2130/2130 2106/2106
f 1878/1878 2118/2118 2289/2289
f 1878/1878 2289/2289 2301/2301
f 2272/2272 2296/2296 1886/1886
f 2272/2272 1886/1886 1885/1885
f 2262/2262 2261/2261 2235/2235
f 2262/2262 2235/2235 2234/2234
f 2289/2289 2276/2276 2167/2167
f 2289/2289 2167/2167 2166/2166
f 2245/2245 2242/2242 2241/2241
f 2245/2245 2241/2241 2298/2298
f 2311/2311 2277/2277 2216/2216
f 2311/2311 2216/2216 2223/2223
f 2297/2297 2168/2168 2167/2167
f 2297/2297 2167/2167 2278/2278
f 2312/2312 2263/2263 2266/2266
f 2312/2312 2266/2266 2313/2313
f 2248/2248 2247/2247 2299/2299
f 2248/2248 2299/2299 2303/2303
f 2096/2096 2078/2078 2079/2079
f 2096/2096 2079/2079 2299/2299
f 2183/2183 2214/2214 2307/2307
f 2183/2183 2307/2307 2238/2238
f 2148/2148 2105/2105 2122/2122
f 2148/2148 2122/2122 2142/2142
f 2229/2229 2237/2237 2107/2107
f 2229/2229 2107/2107 2110/2110
f 2279/2279 2154/2154 2287/2287
f 2279/2279 2287/2287 2300/2300
f 2151/2151 2244/2244 2079/2079
f 2151/2151 2079/2079 2077/2077
f 2291/2291 2278/2278 2277/2277
f 2291/2291 2277/2277 2311/2311
f 2295/2295 2314/2314 2115/2115
f 2295/2295 2115/2115 2117/2117
f 2267/2267 2292/2292 2245/2245
f 2267/2267 2245/2245 2298/2298
f 2281/2281 2250/2250 1992/1992
f 2281/2281 1992/1992 2220/2220
f 1877/1877 2302/2302 2288/2288
f 1877/1877 2288/2288 1890/1890
f 2270/2270 2269/2269 2249/2249
f 2270/2270 2249/2249 2274/2274
f 2197/2197 2262/2262 2234/2234
f 2197/2197 2234/2234 2188/2188
f 2314/2314 2315/2315 2132/2132
f 2314/2314 2132/2132 2115/2115
f 2304/2304 2313/2313 2266/2266
f 2304/2304 2266/2266 2290/2290
f 2254/2254 1831/1831 1802/1802
f 2254/2254 1802/1802 2255/2255
f 2291/2291 2311/2311 2240/2240
f 2291/2291 2240/2240 2239/2239
f 2310/2310 2039/2039 2042/2042
f 2310/2310 2042/2042 2054/2054
f 2292/2292 2273/2273 2316/2316
f 2292/2292 2316/2316 2309/2309
f 2161/2161 2226/2226 2026/2026
f 2161/2161 2026/2026 2113/2113
f 2317/2317 2318/2318 2312/2312
f 2317/2317 2312/2312 2313/2313
f 1849/1849 2146/2146 2319/2319
f 1849/1849 2319/2319 1883/1883
f 1866/1866 2320/2320 1857/1857
f 1866/1866 1857/1857 1860/1860
f 2306/2306 2321/2321 2322/2322
f 2306/2306 2322/2322 2323/2323
f 2324/2324 2317/2317 2313/2313
f 2324/2324 2313/2313 2304/2304
f 2325/2325 2324/2324 2304/2304
f 2325/2325 2304/2304 2303/2303
f 2320/2320 2326/2326 2327/2327
f 2320/2320 2327/2327 1857/1857
f 2263/2263 2312/2312 2318/2318
f 2263/2263 2318/2318 2286/2286
f 2328/2328 2329/2329 2330/2330
f 2328/2328 2330/2330 2331/2331
f 2309/2309 2316/2316 2317/2317
f 2309/2309 2317/2317 2324/2324
f 2244/2244 2243/2243 2325/2325
f 2244/2244 2325/2325 2079/2079
f 2243/2243 2309/2309 2324/2324
f 2243/2243 2324/2324 2325/2325
f 2323/2323 2322/2322 2332/2332
f 2323/2323 2332/2332 2329/2329
f 2227/2227 2206/2206 2203/2203
f 2227/2227 2203/2203 2202/2202
f 1990/1990 1989/1989 2047/2047
f 1990/1990 2047/2047 2036/2036
f 2321/2321 2306/2306 2294/2294
f 2321/2321 2294/2294 2333/2333
f 1763/1763 1776/1776 1732/1732
f 1763/1763 1732/1732 1724/1724
f 2328/2328 2334/2334 2323/2323
f 2328/2328 2323/2323 2329/2329
f 2326/2326 2331/2331 2330/2330
f 2326/2326 2330/2330 2327/2327
f 1752/1752 1777/1777 1776/1776
f 1752/1752 1776/1776 1763/1763
f 1883/1883 2319/2319 2332/2332
f 1883/1883 2332/2332 1884/1884
f 2282/2282 2316/2316 2273/2273
f 2282/2282 2273/2273 2275/2275
f 2318/2318 2282/2282 2283/2283
f 2318/2318 2283/2283 2286/2286
f 2322/2322 2335/2335 1884/1884
f 2322/2322 1884/1884 2332/2332
f 2146/2146 1858/1858 1857/1857
f 2146/2146 1857/1857 2327/2327
f 2334/2334 2305/2305 2306/2306
f 2334/2334 2306/2306 2323/2323
f 2327/2327 2330/2330 2319/2319
f 2327/2327 2319/2319 2146/2146
f 2318/2318 2317/2317 2316/2316
f 2318/2318 2316/2316 2282/2282
f 2303/2303 2299/2299 2079/2079
f 2303/2303 2079/2079 2325/2325
f 2319/2319 2330/2330 2329/2329
f 2319/2319 2329/2329 2332/2332
f 1884/1884 2335/2335 2088/2088
f 1884/1884 2088/2088 1881/1881
f 2160/2160 2088/2088 2335/2335
f 2160/2160 2335/2335 2225/2225
f 2133/2133 2159/2159 2136/2136
f 2133/2133 2136/2136 2098/2098
f 2133/2133 2144/2144 2147/2147
f 2133/2133 2147/2147 2159/2159
f 2258/2258 2226/2226 2333/2333
f 2258/2258 2333/2333 2294/2294
f 2026/2026 2226/2226 2258/2258
f 2026/2026 2258/2258 2257/2257
f 2181/2181 2196/2196 2089/2089
f 2181/2181 2089/2089 2031/2031
f 2113/2113 2026/2026 2018/2018
f 2113/2113 2018/2018 2021/2021
f 2169/2169 2168/2168 2241/2241
f 2169/2169 2241/2241 2229/2229
f 2288/2288 2218/2218 2172/2172
f 2288/2288 2172/2172 1890/1890
f 2308/2308 2307/2307 2302/2302
f 2308/2308 2302/2302 2301/2301
f 2166/2166 2308/2308 2301/2301
f 2166/2166 2301/2301 2289/2289
f 2214/2214 2288/2288 2302/2302
f 2214/2214 2302/2302 2307/2307
f 2321/2321 2225/2225 2335/2335
f 2321/2321 2335/2335 2322/2322
f 2333/2333 2226/2226 2225/2225
f 2333/2333 2225/2225 2321/2321
f 1830/1830 1829/1829 2068/2068
f 1830/1830 2068/2068 1854/1854
f 1830/1830 1856/1856 1899/1899
f 1830/1830 1899/1899 1827/1827
f 1895/1895 1894/1894 1805/1805
f 1895/1895 1805/1805 1908/1908
f 2066/2066 1829/1829 1828/1828
f 2066/2066 1828/1828 2138/2138
f 1304/1304 1303/1303 1381/1381
f 1304/1304 1381/1381 1341/1341
f 1323/1323 1322/1322 1335/1335
f 1323/1323 1335/1335 1324/1324
f 1337/1337 1323/1323 1324/1324
f 1337/1337 1324/1324 1327/1327
f 1340/1340 1339/1339 1380/1380
f 1340/1340 1380/1380 1345/1345
f 1340/1340 1347/1347 1358/1358
f 1340/1340 1358/1358 1338/1338
f 1339/1339 1337/1337 1327/1327
f 1339/1339 1327/1327 1380/1380
f 1304/1304 1377/1377 1395/1395
f 1304/1304 1395/1395 1301/1301
f 1322/1322 1303/1303 1302/1302
f 1322/1322 1302/1302 1335/1335
f 1347/1347 1387/1387 1397/1397
f 1347/1347 1397/1397 1358/1358
f 1567/1567 1566/1566 1594/1594
f 1567/1567 1594/1594 1537/1537
f 1592/1592 1567/1567 1537/1537
f 1592/1592 1537/1537 1536/1536
f 1592/1592 1387/1387 1386/1386
f 1592/1592 1386/1386 1591/1591
f 1639/1639 1377/1377 1344/1344
f 1639/1639 1344/1344 1637/1637
f 1657/1657 1704/1704 1639/1639
f 1657/1657 1639/1639 1637/1637
f 1566/1566 1709/1709 1712/1712
f 1566/1566 1712/1712 1594/1594
f 1723/1723 1709/1709 1708/1708
f 1723/1723 1708/1708 1727/1727
f 1723/1723 1761/1761 1762/1762
f 1723/1723 1762/1762 1722/1722
f 1668/1668 1654/1654 2336/2336
f 1668/1668 2336/2336 1669/1669
f 1671/1671 1702/1702 1701/1701
f 1671/1671 1701/1701 1657/1657
f 1742/1742 1741/1741 1766/1766
f 1742/1742 1766/1766 1765/1765
f 1741/1741 1843/1843 1833/1833
f 1741/1741 1833/1833 1766/1766
f 1871/1871 1843/1843 1842/1842
f 1871/1871 1842/1842 2137/2137
f 2287/2287 1871/1871 2137/2137
f 2287/2287 2137/2137 2138/2138
f 2300/2300 2287/2287 2138/2138
f 2300/2300 2138/2138 1828/1828
f 1761/1761 1742/1742 1765/1765
f 1761/1761 1765/1765 1762/1762
f 1821/1821 1820/1820 1893/1893
f 1821/1821 1893/1893 1887/1887
f 1901/1901 1900/1900 1865/1865
f 1901/1901 1865/1865 1864/1864
f 1901/1901 2300/2300 1828/1828
f 1901/1901 1828/1828 1827/1827
f 2296/2296 2295/2295 2117/2117
f 2296/2296 2117/2117 2256/2256
f 1886/1886 2296/2296 2256/2256
f 1886/1886 2256/2256 1801/1801
f 1821/1821 1886/1886 1801/1801
f 1821/1821 1801/1801 1800/1800
f 2315/2315 2285/2285 2284/2284
f 2315/2315 2284/2284 2132/2132
f 2315/2315 2314/2314 2264/2264
f 2315/2315 2264/2264 2285/2285
f 2314/2314 2295/2295 2265/2265
f 2314/2314 2265/2265 2264/2264
f 1652/1652 1651/1651 1660/1660
f 1652/1652 1660/1660 1638/1638
f 1659/1659 1652/1652 1638/1638
f 1659/1659 1638/1638 1625/1625
f 1659/1659 1700/1700 1701/1701
f 1659/1659 1701/1701 1658/1658
f 1704/1704 1700/1700 1624/1624
f 1704/1704 1624/1624 1639/1639
f 1656/1656 1655/1655 1635/1635
f 1656/1656 1635/1635 1634/1634
f 1655/1655 1654/1654 1668/1668
f 1655/1655 1668/1668 1635/1635
f 2336/2336 1654/1654 1653/1653
f 2336/2336 1653/1653 2337/2337
f 2338/2338 2339/2339 2340/2340
f 2338/2338 2340/2340 2341/2341
f 2342/2342 2343/2343 2344/2344
f 2342/2342 2344/2344 2345/2345
f 2346/2346 2347/2347 2348/2348
f 2346/2346 2348/2348 2349/2349
f 2350/2350 2351/2351 2352/2352
f 2350/2350 2352/2352 2353/2353
f 2354/2354 2355/2355 2356/2356
f 2354/2354 2356/2356 2357/2357
f 2358/2358 2359/2359 2360/2360
f 2358/2358 2360/2360 2361/2361
f 2362/2362 2363/2363 2364/2364
f 2362/2362 2364/2364 2365/2365
f 2366/2366 2367/2367 2368/2368
f 2366/2366 2368/2368 2369/2369
f 2370/2370 2371/2371 2372/2372
f 2370/2370 2372/2372 2373/2373
f 2374/2374 2375/2375 2376/2376
f 2374/2374 2376/2376 2377/2377
f 2346/2346 2378/2378 2379/2379
f 2346/2346 2379/2379 2347/2347
f 2380/2380 2381/2381 2382/2382
f 2380/2380 2382/2382 2383/2383
f 2342/2342 2384/2384 2385/2385
f 2342/2342 2385/2385 2343/2343
f 2386/2386 2387/2387 2388/2388
f 2386/2386 2388/2388 2389/2389
f 2390/2390 2357/2357 2356/2356
f 2390/2390 2356/2356 2391/2391
f 2386/2386 2364/2364 2363/2363
f 2386/2386 2363/2363 2387/2387
f 2375/2375 2392/2392 2393/2393
f 2375/2375 2393/2393 2376/2376
f 2394/2394 2395/2395 2396/2396
f 2394/2394 2396/2396 2397/2397
f 2394/2394 2397/2397 2360/2360
f 2394/2394 2360/2360 2359/2359
f 2371/2371 2374/2374 2377/2377
f 2371/2371 2377/2377 2372/2372
f 2339/2339 2398/2398 2399/2399
f 2339/2339 2399/2399 2340/2340
f 2400/2400 2401/2401 2402/2402
f 2400/2400 2402/2402 2403/2403
f 2389/2389 2388/2388 2404/2404
f 2389/2389 2404/2404 2405/2405
f 2406/2406 2407/2407 2408/2408
f 2406/2406 2408/2408 2409/2409
f 2410/2410 2411/2411 2405/2405
f 2410/2410 2405/2405 2404/2404
f 2411/2411 2410/2410 2412/2412
f 2411/2411 2412/2412 2413/2413
f 2345/2345 2344/2344 2379/2379
f 2345/2345 2379/2379 2378/2378
f 2398/2398 2414/2414 2415/2415
f 2398/2398 2415/2415 2399/2399
f 2384/2384 2380/2380 2383/2383
f 2384/2384 2383/2383 2385/2385
f 2407/2407 2400/2400 2403/2403
f 2407/2407 2403/2403 2408/2408
f 2354/2354 2416/2416 2417/2417
f 2354/2354 2417/2417 2355/2355
f 2395/2395 2406/2406 2409/2409
f 2395/2395 2409/2409 2396/2396
f 2365/2365 2350/2350 2353/2353
f 2365/2365 2353/2353 2362/2362
f 2358/2358 2361/2361 2402/2402
f 2358/2358 2402/2402 2401/2401
f 2414/2414 2390/2390 2391/2391
f 2414/2414 2391/2391 2415/2415
f 2366/2366 2370/2370 2373/2373
f 2366/2366 2373/2373 2367/2367
f 2338/2338 2341/2341 2417/2417
f 2338/2338 2417/2417 2416/2416
f 2381/2381 2349/2349 2348/2348
f 2381/2381 2348/2348 2382/2382
f 2418/2418 2419/2419 2413/2413
f 2418/2418 2413/2413 2412/2412
f 2420/2420 2421/2421 2393/2393
f 2420/2420 2393/2393 2392/2392
f 2422/2422 2423/2423 2387/2387
f 2422/2422 2387/2387 2363/2363
f 2391/2391 2356/2356 2424/2424
f 2391/2391 2424/2424 2425/2425
f 2426/2426 2427/2427 2428/2428
f 2426/2426 2428/2428 2429/2429
f 2430/2430 2193/2193 2163/2163
f 2430/2430 2163/2163 2431/2431
f 2193/2193 2430/2430 2432/2432
f 2193/2193 2432/2432 2194/2194
f 2433/2433 2434/2434 2435/2435
f 2433/2433 2435/2435 2436/2436
f 2411/2411 2413/2413 1814/1814
f 2411/2411 1814/1814 1816/1816
f 2431/2431 2437/2437 2438/2438
f 2431/2431 2438/2438 2439/2439
f 2362/2362 2353/2353 2440/2440
f 2362/2362 2440/2440 2441/2441
f 2429/2429 2432/2432 2430/2430
f 2429/2429 2430/2430 2426/2426
f 2442/2442 2443/2443 2444/2444
f 2442/2442 2444/2444 2445/2445
f 2341/2341 2084/2084 2083/2083
f 2341/2341 2083/2083 2417/2417
f 2433/2433 2446/2446 2447/2447
f 2433/2433 2447/2447 2434/2434
f 2442/2442 2415/2415 2391/2391
f 2442/2442 2391/2391 2425/2425
f 2340/2340 2448/2448 2449/2449
f 2340/2340 2449/2449 2341/2341
f 1903/1903 1902/1902 2450/2450
f 1903/1903 2450/2450 2451/2451
f 2431/2431 2163/2163 2162/2162
f 2431/2431 2162/2162 2437/2437
f 2439/2439 2438/2438 2452/2452
f 2439/2439 2452/2452 2453/2453
f 2427/2427 2426/2426 2439/2439
f 2427/2427 2439/2439 2453/2453
f 2431/2431 2439/2439 2426/2426
f 2431/2431 2426/2426 2430/2430
f 2454/2454 2443/2443 2442/2442
f 2454/2454 2442/2442 2425/2425
f 2442/2442 2445/2445 2399/2399
f 2442/2442 2399/2399 2415/2415
f 2455/2455 2456/2456 2447/2447
f 2455/2455 2447/2447 2446/2446
f 2072/2072 2084/2084 2341/2341
f 2072/2072 2341/2341 2449/2449
f 2457/2457 2388/2388 2387/2387
f 2457/2457 2387/2387 2423/2423
f 2420/2420 2369/2369 2368/2368
f 2420/2420 2368/2368 2421/2421
f 2451/2451 2450/2450 2458/2458
f 2451/2451 2458/2458 2459/2459
f 2460/2460 2449/2449 2448/2448
f 2460/2460 2448/2448 2461/2461
f 2424/2424 2462/2462 2454/2454
f 2424/2424 2454/2454 2425/2425
f 2441/2441 2422/2422 2363/2363
f 2441/2441 2363/2363 2362/2362
f 2073/2073 2072/2072 2449/2449
f 2073/2073 2449/2449 2460/2460
f 2455/2455 2459/2459 2458/2458
f 2455/2455 2458/2458 2456/2456
f 2445/2445 2444/2444 2461/2461
f 2445/2445 2461/2461 2448/2448
f 2399/2399 2445/2445 2448/2448
f 2399/2399 2448/2448 2340/2340
f 2463/2463 2404/2404 2388/2388
f 2463/2463 2388/2388 2457/2457
f 2419/2419 1811/1811 1814/1814
f 2419/2419 1814/1814 2413/2413
f 2464/2464 2465/2465 1925/1925
f 2464/2464 1925/1925 1924/1924
f 2466/2466 2467/2467 2468/2468
f 2466/2466 2468/2468 2469/2469
f 2470/2470 2471/2471 2472/2472
f 2470/2470 2472/2472 2465/2465
f 2473/2473 2451/2451 2459/2459
f 2473/2473 2459/2459 2474/2474
f 2475/2475 2476/2476 2477/2477
f 2475/2475 2477/2477 2478/2478
f 2479/2479 1952/1952 1997/1997
f 2479/2479 1997/1997 2473/2473
f 2356/2356 2355/2355 2480/2480
f 2356/2356 2480/2480 2424/2424
f 2481/2481 2482/2482 2483/2483
f 2481/2481 2483/2483 2484/2484
f 2476/2476 2475/2475 2481/2481
f 2476/2476 2481/2481 2484/2484
f 2485/2485 2486/2486 2487/2487
f 2485/2485 2487/2487 2488/2488
f 2436/2436 2435/2435 2489/2489
f 2436/2436 2489/2489 2479/2479
f 2470/2470 2465/2465 2464/2464
f 2470/2470 2464/2464 2490/2490
f 2491/2491 2492/2492 2493/2493
f 2491/2491 2493/2493 2494/2494
f 1953/1953 1952/1952 2479/2479
f 1953/1953 2479/2479 2489/2489
f 1910/1910 2480/2480 2355/2355
f 1910/1910 2355/2355 1911/1911
f 2495/2495 2496/2496 2497/2497
f 2495/2495 2497/2497 2498/2498
f 2499/2499 2500/2500 2485/2485
f 2499/2499 2485/2485 2488/2488
f 2436/2436 2479/2479 2473/2473
f 2436/2436 2473/2473 2474/2474
f 2480/2480 1910/1910 1985/1985
f 2480/2480 1985/1985 2501/2501
f 2433/2433 2436/2436 2474/2474
f 2433/2433 2474/2474 2446/2446
f 2083/2083 1911/1911 2355/2355
f 2083/2083 2355/2355 2417/2417
f 2486/2486 2502/2502 2503/2503
f 2486/2486 2503/2503 2487/2487
f 2504/2504 2354/2354 2357/2357
f 2504/2504 2357/2357 2505/2505
f 2506/2506 1929/1929 1988/1988
f 2506/2506 1988/1988 2507/2507
f 2497/2497 1960/1960 1987/1987
f 2497/2497 1987/1987 2472/2472
f 2451/2451 2473/2473 1997/1997
f 2451/2451 1997/1997 1903/1903
f 2508/2508 2509/2509 2491/2491
f 2508/2508 2491/2491 2494/2494
f 2506/2506 2507/2507 2510/2510
f 2506/2506 2510/2510 2511/2511
f 1987/1987 1925/1925 2465/2465
f 1987/1987 2465/2465 2472/2472
f 2472/2472 2471/2471 2498/2498
f 2472/2472 2498/2498 2497/2497
f 1993/1993 2486/2486 2485/2485
f 1993/1993 2485/2485 1991/1991
f 2496/2496 1961/1961 1960/1960
f 2496/2496 1960/1960 2497/2497
f 2509/2509 2508/2508 2512/2512
f 2509/2509 2512/2512 2513/2513
f 2469/2469 2493/2493 2492/2492
f 2469/2469 2492/2492 2466/2466
f 2483/2483 2482/2482 1940/1940
f 2483/2483 1940/1940 1939/1939
f 2474/2474 2459/2459 2455/2455
f 2474/2474 2455/2455 2446/2446
f 2513/2513 2512/2512 1956/1956
f 2513/2513 1956/1956 1948/1948
f 2480/2480 2501/2501 2462/2462
f 2480/2480 2462/2462 2424/2424
f 2339/2339 2338/2338 2514/2514
f 2339/2339 2514/2514 2515/2515
f 2516/2516 2478/2478 2477/2477
f 2516/2516 2477/2477 2517/2517
f 2517/2517 2511/2511 2510/2510
f 2517/2517 2510/2510 2516/2516
f 2467/2467 2518/2518 2519/2519
f 2467/2467 2519/2519 2468/2468
f 2520/2520 2521/2521 2366/2366
f 2520/2520 2366/2366 2369/2369
f 2522/2522 2523/2523 2524/2524
f 2522/2522 2524/2524 2525/2525
f 2466/2466 2492/2492 2343/2343
f 2466/2466 2343/2343 2385/2385
f 2359/2359 2526/2526 2527/2527
f 2359/2359 2527/2527 2394/2394
f 2344/2344 2491/2491 2509/2509
f 2344/2344 2509/2509 2379/2379
f 2345/2345 2378/2378 2528/2528
f 2345/2345 2528/2528 2529/2529
f 2530/2530 2531/2531 2407/2407
f 2530/2530 2407/2407 2406/2406
f 2532/2532 2380/2380 2384/2384
f 2532/2532 2384/2384 2533/2533
f 2534/2534 2535/2535 2536/2536
f 2534/2534 2536/2536 2537/2537
f 2406/2406 2395/2395 2538/2538
f 2406/2406 2538/2538 2530/2530
f 2379/2379 2509/2509 2513/2513
f 2379/2379 2513/2513 2347/2347
f 2371/2371 2370/2370 2539/2539
f 2371/2371 2539/2539 2540/2540
f 2359/2359 2358/2358 2541/2541
f 2359/2359 2541/2541 2526/2526
f 2347/2347 1947/1947 1977/1977
f 2347/2347 1977/1977 2348/2348
f 2536/2536 2535/2535 2056/2056
f 2536/2536 2056/2056 2044/2044
f 2361/2361 2483/2483 1939/1939
f 2361/2361 1939/1939 1931/1931
f 2527/2527 2538/2538 2395/2395
f 2527/2527 2395/2395 2394/2394
f 2542/2542 2543/2543 2367/2367
f 2542/2542 2367/2367 2373/2373
f 2396/2396 2409/2409 2517/2517
f 2396/2396 2517/2517 2477/2477
f 2372/2372 2377/2377 2544/2544
f 2372/2372 2544/2544 2545/2545
f 2010/2010 2045/2045 2546/2546
f 2010/2010 2546/2546 2376/2376
f 2547/2547 2544/2544 2546/2546
f 2547/2547 2546/2546 2548/2548
f 2408/2408 2403/2403 2506/2506
f 2408/2408 2506/2506 2511/2511
f 2534/2534 2537/2537 2543/2543
f 2534/2534 2543/2543 2549/2549
f 2550/2550 2551/2551 2552/2552
f 2550/2550 2552/2552 2553/2553
f 2369/2369 2420/2420 2554/2554
f 2369/2369 2554/2554 2520/2520
f 2484/2484 2360/2360 2397/2397
f 2484/2484 2397/2397 2476/2476
f 2555/2555 2381/2381 2380/2380
f 2555/2555 2380/2380 2532/2532
f 1948/1948 1947/1947 2347/2347
f 1948/1948 2347/2347 2513/2513
f 2409/2409 2408/2408 2511/2511
f 2409/2409 2511/2511 2517/2517
f 2008/2008 2010/2010 2376/2376
f 2008/2008 2376/2376 2393/2393
f 2556/2556 2557/2557 2542/2542
f 2556/2556 2542/2542 2545/2545
f 2549/2549 2543/2543 2542/2542
f 2549/2549 2542/2542 2557/2557
f 2403/2403 2402/2402 1930/1930
f 2403/2403 1930/1930 1928/1928
f 2467/2467 2466/2466 2385/2385
f 2467/2467 2385/2385 2383/2383
f 2529/2529 2558/2558 2342/2342
f 2529/2529 2342/2342 2345/2345
f 2377/2377 2376/2376 2546/2546
f 2377/2377 2546/2546 2544/2544
f 2518/2518 1943/1943 1946/1946
f 2518/2518 1946/1946 2519/2519
f 2559/2559 2052/2052 2053/2053
f 2559/2559 2053/2053 2551/2551
f 2500/2500 1998/1998 1991/1991
f 2500/2500 1991/1991 2485/2485
f 2551/2551 2053/2053 2038/2038
f 2551/2551 2038/2038 2552/2552
f 2553/2553 2552/2552 2523/2523
f 2553/2553 2523/2523 2522/2522
f 2378/2378 2346/2346 2560/2560
f 2378/2378 2560/2560 2528/2528
f 2492/2492 2491/2491 2344/2344
f 2492/2492 2344/2344 2343/2343
f 2561/2561 2559/2559 2551/2551
f 2561/2561 2551/2551 2550/2550
f 2383/2383 2382/2382 2518/2518
f 2383/2383 2518/2518 2467/2467
f 2361/2361 1931/1931 1930/1930
f 2361/2361 1930/1930 2402/2402
f 2546/2546 2045/2045 2046/2046
f 2546/2546 2046/2046 2548/2548
f 2562/2562 2374/2374 2371/2371
f 2562/2562 2371/2371 2540/2540
f 2552/2552 2038/2038 2034/2034
f 2552/2552 2034/2034 2523/2523
f 2523/2523 2034/2034 2033/2033
f 2523/2523 2033/2033 2524/2524
f 2382/2382 1950/1950 1943/1943
f 2382/2382 1943/1943 2518/2518
f 2521/2521 2539/2539 2370/2370
f 2521/2521 2370/2370 2366/2366
f 1929/1929 2506/2506 2403/2403
f 1929/1929 2403/2403 1928/1928
f 2542/2542 2373/2373 2372/2372
f 2542/2542 2372/2372 2545/2545
f 2483/2483 2361/2361 2360/2360
f 2483/2483 2360/2360 2484/2484
f 2563/2563 2375/2375 2374/2374
f 2563/2563 2374/2374 2562/2562
f 2547/2547 2556/2556 2545/2545
f 2547/2547 2545/2545 2544/2544
f 2564/2564 2400/2400 2407/2407
f 2564/2564 2407/2407 2531/2531
f 2397/2397 2396/2396 2477/2477
f 2397/2397 2477/2477 2476/2476
f 1977/1977 1950/1950 2382/2382
f 1977/1977 2382/2382 2348/2348
f 2384/2384 2342/2342 2558/2558
f 2384/2384 2558/2558 2533/2533
f 2367/2367 2543/2543 2537/2537
f 2367/2367 2537/2537 2368/2368
f 2565/2565 2505/2505 2357/2357
f 2565/2565 2357/2357 2390/2390
f 2565/2565 2390/2390 2414/2414
f 2565/2565 2414/2414 2566/2566
f 2567/2567 2566/2566 2414/2414
f 2567/2567 2414/2414 2398/2398
f 2398/2398 2339/2339 2515/2515
f 2398/2398 2515/2515 2567/2567
f 2418/2418 2352/2352 2351/2351
f 2418/2418 2351/2351 2419/2419
f 2351/2351 2155/2155 1811/1811
f 2351/2351 1811/1811 2419/2419
f 2421/2421 2005/2005 2008/2008
f 2421/2421 2008/2008 2393/2393
f 2421/2421 2536/2536 2044/2044
f 2421/2421 2044/2044 2005/2005
f 2368/2368 2537/2537 2536/2536
f 2368/2368 2536/2536 2421/2421
f 2568/2568 2569/2569 2570/2570
f 2568/2568 2570/2570 2571/2571
f 2572/2572 2452/2452 2573/2573
f 2572/2572 2573/2573 2574/2574
f 2575/2575 2576/2576 2438/2438
f 2575/2575 2438/2438 2437/2437
f 2364/2364 2386/2386 2577/2577
f 2364/2364 2577/2577 2574/2574
f 2389/2389 2405/2405 2570/2570
f 2389/2389 2570/2570 2569/2569
f 2574/2574 2577/2577 2578/2578
f 2574/2574 2578/2578 2572/2572
f 2568/2568 2578/2578 2577/2577
f 2568/2568 2577/2577 2569/2569
f 2162/2162 2236/2236 2575/2575
f 2162/2162 2575/2575 2437/2437
f 2579/2579 2208/2208 2207/2207
f 2579/2579 2207/2207 2580/2580
f 2571/2571 2570/2570 2579/2579
f 2571/2571 2579/2579 2580/2580
f 2386/2386 2389/2389 2569/2569
f 2386/2386 2569/2569 2577/2577
f 2576/2576 2573/2573 2452/2452
f 2576/2576 2452/2452 2438/2438
f 2365/2365 2364/2364 2574/2574
f 2365/2365 2574/2574 2573/2573
f 2350/2350 2365/2365 2573/2573
f 2350/2350 2573/2573 2576/2576
f 2208/2208 2579/2579 2411/2411
f 2208/2208 2411/2411 1816/1816
f 2579/2579 2570/2570 2405/2405
f 2579/2579 2405/2405 2411/2411
f 2236/2236 2155/2155 2351/2351
f 2236/2236 2351/2351 2575/2575
f 2350/2350 2576/2576 2575/2575
f 2350/2350 2575/2575 2351/2351
f 2581/2581 2503/2503 2502/2502
f 2581/2581 2502/2502 2582/2582
f 2253/2253 2252/2252 2582/2582
f 2253/2253 2582/2582 2502/2502
f 2253/2253 2502/2502 2486/2486
f 2253/2253 2486/2486 1993/1993
f 2583/2583 2422/2422 2441/2441
f 2583/2583 2441/2441 2440/2440
f 2457/2457 2423/2423 2584/2584
f 2457/2457 2584/2584 2463/2463
f 2584/2584 2423/2423 2422/2422
f 2584/2584 2422/2422 2583/2583

