# https://github.com/mikedh/trimesh
mtllib material.mtl
usemtl Std_Nails
v 0.07037525 0.35718956 -0.37038426
v 0.06652556 0.35628086 -0.37178278
v 0.06685875 0.35545385 -0.37203091
v 0.07089911 0.35647045 -0.37068774
v 0.06739427 0.35481103 -0.37236293
v 0.07126337 0.35583493 -0.37107687
v 0.07231137 0.35644264 -0.37101674
v 0.07202499 0.35708399 -0.37065557
v 0.06631360 0.35492569 -0.37306145
v 0.06572466 0.35552831 -0.37277435
v 0.07155771 0.35773538 -0.37034765
v 0.06535953 0.35629182 -0.37254320
v 0.07181299 0.35834461 -0.37028834
v 0.07002994 0.35775993 -0.37026674
v 0.07200973 0.35830604 -0.37005450
v 0.06994917 0.35769965 -0.37008282
v 0.06624203 0.35690889 -0.37170078
v 0.06613529 0.35688594 -0.37156358
v 0.06490541 0.35656454 -0.37266842
v 0.06462954 0.35652636 -0.37271641
v 0.06641149 0.35470659 -0.37368057
v 0.06794511 0.35444338 -0.37267971
v 0.06672661 0.35460551 -0.37374955
v 0.06847500 0.35435510 -0.37284073
v 0.06837963 0.35431544 -0.37280459
v 0.06675104 0.35455405 -0.37368719
v 0.07283320 0.35646892 -0.37141012
v 0.07138387 0.35538939 -0.37145763
v 0.07276762 0.35633547 -0.37157921
v 0.07270700 0.35625037 -0.37153774
v 0.07146065 0.35522485 -0.37170523
v 0.07147169 0.35525504 -0.37178652
v 0.07265315 0.35759332 -0.37087391
v 0.07296367 0.35765068 -0.37069667
v 0.07283503 0.35641416 -0.37165524
v 0.06525199 0.35565128 -0.37333015
v 0.06499266 0.35566502 -0.37340510
v 0.06677128 0.35468534 -0.37383208
v 0.07913184 0.35868190 -0.37227955
v 0.07915748 0.35879394 -0.37184766
v 0.07885840 0.35893743 -0.37180411
v 0.07868226 0.35886840 -0.37259247
v 0.08361555 0.35991488 -0.37078363
v 0.08405482 0.36051195 -0.37083499
v 0.08361889 0.36029600 -0.37020230
v 0.08340190 0.35995778 -0.37039691
v 0.08138100 0.35885623 -0.37087230
v 0.08122864 0.35900403 -0.37066597
v 0.08812126 0.36273423 -0.36982046
v 0.08815541 0.36282148 -0.36942773
v 0.08784767 0.36289311 -0.36937495
v 0.08767000 0.36283904 -0.37008449
v 0.09221265 0.36452664 -0.36885172
v 0.09262815 0.36509712 -0.36892621
v 0.09224321 0.36483018 -0.36829628
v 0.09201656 0.36449429 -0.36846826
v 0.09018213 0.36316442 -0.36871516
v 0.09009532 0.36321800 -0.36846358
v 0.09485897 0.36861471 -0.36299317
v 0.09488643 0.36868242 -0.36265437
v 0.09463888 0.36873920 -0.36256715
v 0.09440213 0.36863922 -0.36318934
v 0.09781415 0.37101425 -0.36244810
v 0.09806160 0.37156913 -0.36248838
v 0.09787043 0.37109196 -0.36192430
v 0.09773810 0.37085153 -0.36210054
v 0.09661732 0.36941370 -0.36222224
v 0.09651959 0.36942736 -0.36197955
v 0.10038573 0.37581974 -0.35769025
v 0.10042716 0.37580307 -0.35740315
v 0.10015337 0.37579799 -0.35728614
v 0.09989164 0.37570941 -0.35776853
v 0.10282655 0.37797884 -0.35759277
v 0.10298523 0.37850112 -0.35767922
v 0.10296285 0.37803870 -0.35717864
v 0.10282457 0.37780693 -0.35729619
v 0.10188861 0.37648630 -0.35728376
v 0.10183040 0.37643641 -0.35706643
v 0.08375626 0.35993441 -0.37134473
v 0.08151464 0.35876475 -0.37127326
v 0.08172450 0.35878522 -0.37183969
v 0.07938168 0.35867358 -0.37278806
v 0.07926638 0.35886978 -0.37336074
v 0.08190218 0.35887972 -0.37234178
v 0.08415978 0.36027611 -0.37168903
v 0.07946784 0.35888579 -0.37345747
v 0.07944473 0.35894538 -0.37347488
v 0.08201118 0.35905705 -0.37266115
v 0.08200887 0.35897741 -0.37260519
v 0.07860072 0.35887132 -0.37260228
v 0.07944128 0.35902990 -0.37349891
v 0.08408601 0.36018316 -0.37185772
v 0.08410769 0.36027354 -0.37186542
v 0.08415559 0.36035289 -0.37187468
v 0.08393448 0.36063507 -0.37083098
v 0.09229977 0.36457172 -0.36931148
v 0.09027749 0.36314309 -0.36910500
v 0.09039251 0.36319860 -0.36964383
v 0.08826329 0.36279438 -0.37026894
v 0.08800320 0.36293232 -0.37084040
v 0.09049254 0.36330594 -0.37012446
v 0.09266733 0.36493661 -0.36966264
v 0.08814636 0.36297784 -0.37095430
v 0.08810769 0.36304293 -0.37101522
v 0.09053844 0.36347458 -0.37042123
v 0.09054369 0.36339798 -0.37037883
v 0.08755556 0.36283471 -0.37009955
v 0.08811291 0.36313120 -0.37100551
v 0.09255367 0.36483963 -0.36980869
v 0.09255111 0.36491171 -0.36982947
v 0.09256136 0.36498923 -0.36984829
v 0.09275945 0.36513833 -0.36887397
v 0.09784233 0.37113291 -0.36284765
v 0.09667546 0.36946998 -0.36256515
v 0.09673061 0.36959622 -0.36298316
v 0.09484434 0.36867328 -0.36344230
v 0.09450133 0.36873750 -0.36387719
v 0.09674792 0.36970082 -0.36337337
v 0.09800973 0.37160469 -0.36312487
v 0.09462529 0.36882308 -0.36397563
v 0.09460084 0.36889286 -0.36400042
v 0.09670656 0.36985728 -0.36363021
v 0.09673885 0.36978592 -0.36358574
v 0.09425787 0.36861179 -0.36319484
v 0.09456787 0.36895855 -0.36403515
v 0.09792145 0.37151278 -0.36324586
v 0.09789960 0.37157771 -0.36326369
v 0.09791048 0.37166232 -0.36328262
v 0.09819179 0.37164830 -0.36243581
v 0.10275860 0.37809753 -0.35792714
v 0.10191895 0.37656585 -0.35755186
v 0.10189305 0.37671396 -0.35790026
v 0.10039005 0.37591566 -0.35804423
v 0.10007333 0.37592453 -0.35837381
v 0.10185086 0.37682581 -0.35821925
v 0.10280602 0.37852058 -0.35823120
v 0.10020489 0.37601251 -0.35847947
v 0.10017449 0.37605896 -0.35849754
v 0.10179528 0.37694280 -0.35847124
v 0.10182606 0.37689271 -0.35843195
v 0.09979745 0.37567553 -0.35775356
v 0.10018843 0.37612471 -0.35850790
v 0.10271968 0.37843183 -0.35832680
v 0.10271826 0.37849675 -0.35834050
v 0.10267471 0.37851582 -0.35834614
v 0.10309565 0.37859112 -0.35765714
v 0.06657709 0.35463395 -0.37368403
v 0.06815823 0.35438191 -0.37274176
v 0.06680167 0.35472277 -0.37377805
v 0.06677128 0.35468534 -0.37383208
v 0.06857194 0.35446290 -0.37292618
v 0.06854997 0.35448956 -0.37287310
v 0.06680167 0.35472277 -0.37377805
v 0.07148346 0.35534378 -0.37191347
v 0.07147108 0.35536783 -0.37186599
v 0.07283503 0.35641416 -0.37165524
v 0.07277367 0.35640741 -0.37163383
v 0.07277407 0.35636615 -0.37147010
v 0.07277367 0.35640741 -0.37163383
v 0.07142513 0.35530103 -0.37159178
v 0.08201387 0.35915530 -0.37269134
v 0.08415559 0.36035289 -0.37187468
v 0.08411154 0.36030171 -0.37185755
v 0.08200298 0.35910441 -0.37266191
v 0.08412441 0.36023192 -0.37176954
v 0.08411154 0.36030171 -0.37185755
v 0.08195154 0.35892564 -0.37246089
v 0.07935792 0.35887741 -0.37340484
v 0.07945446 0.35897644 -0.37346497
v 0.07944128 0.35902990 -0.37349891
v 0.07945446 0.35897644 -0.37346497
v 0.10176010 0.37700926 -0.35847186
v 0.10267471 0.37851582 -0.35834614
v 0.10266807 0.37846959 -0.35833489
v 0.10177558 0.37698369 -0.35845757
v 0.10276793 0.37847128 -0.35827795
v 0.10266807 0.37846959 -0.35833489
v 0.10184101 0.37685491 -0.35832586
v 0.10013886 0.37596920 -0.35842615
v 0.10020677 0.37611230 -0.35849250
v 0.10018843 0.37612471 -0.35850790
v 0.10020677 0.37611230 -0.35849250
v 0.09456787 0.36895855 -0.36403515
v 0.09667349 0.36994922 -0.36366279
v 0.09666501 0.36997167 -0.36361637
v 0.09465179 0.36899646 -0.36398687
v 0.09791048 0.37166232 -0.36328262
v 0.09784666 0.37161074 -0.36326684
v 0.09796504 0.37156258 -0.36318689
v 0.09784666 0.37161074 -0.36326684
v 0.09674747 0.36974654 -0.36348287
v 0.09456170 0.36877920 -0.36392520
v 0.09465179 0.36899646 -0.36398687
v 0.09051248 0.36357736 -0.37044697
v 0.09256136 0.36498923 -0.36984829
v 0.09251896 0.36493471 -0.36983794
v 0.09053215 0.36354804 -0.37041484
v 0.09261256 0.36488932 -0.36973300
v 0.09251896 0.36493471 -0.36983794
v 0.09052454 0.36335131 -0.37024263
v 0.08807230 0.36295871 -0.37089434
v 0.08813069 0.36310906 -0.37097748
v 0.08811291 0.36313120 -0.37100551
v 0.08813069 0.36310906 -0.37097748
v 0.00130466 0.34814998 -0.38723698
v 0.00133518 0.34753652 -0.38779525
v 0.00323316 0.34765732 -0.38764935
v 0.00313149 0.34827441 -0.38717402
v 0.00142596 0.34699273 -0.38834555
v 0.00325272 0.34707917 -0.38821657
v 0.00083037 0.34762121 -0.38802102
v 0.00094178 0.34709942 -0.38852544
v 0.00377325 0.34726341 -0.38834868
v 0.00379047 0.34782177 -0.38780552
v 0.00079200 0.34818226 -0.38749316
v 0.00371568 0.34840620 -0.38734574
v 0.00057754 0.34848616 -0.38740492
v 0.00128724 0.34859249 -0.38691045
v 0.00045953 0.34846507 -0.38730504
v 0.00128011 0.34861700 -0.38675846
v 0.00309127 0.34872752 -0.38688257
v 0.00309757 0.34877032 -0.38674859
v 0.00385076 0.34865017 -0.38722760
v 0.00396379 0.34868624 -0.38717800
v 0.00393477 0.34697843 -0.38889181
v 0.00321233 0.34666060 -0.38871871
v 0.00386342 0.34682659 -0.38907194
v 0.00384905 0.34680415 -0.38904437
v 0.00311926 0.34645159 -0.38898663
v 0.00308841 0.34644335 -0.38903737
v 0.00085735 0.34690077 -0.38899075
v 0.00156243 0.34662157 -0.38876663
v 0.00094656 0.34680296 -0.38912352
v 0.00163934 0.34645109 -0.38907097
v 0.00162850 0.34645348 -0.38901316
v 0.00097258 0.34677742 -0.38909027
v 0.00057665 0.34771481 -0.38828810
v 0.00041625 0.34770941 -0.38824832
v 0.00092790 0.34681562 -0.38918643
v 0.00406701 0.34789076 -0.38803498
v 0.00417135 0.34794687 -0.38800023
v 0.00385392 0.34684410 -0.38913168
v -0.00861442 0.34603522 -0.39170783
v -0.00843080 0.34615393 -0.39179729
v -0.00867434 0.34624932 -0.39116078
v -0.00873640 0.34613079 -0.39132460
v -0.01050663 0.34591524 -0.39190006
v -0.01053506 0.34602022 -0.39147647
v -0.01069324 0.34614391 -0.39134728
v -0.01071317 0.34607386 -0.39203969
v -0.00967228 0.34598951 -0.39102202
v -0.00965153 0.34587538 -0.39127582
v -0.01825403 0.34657621 -0.39329158
v -0.01807795 0.34666051 -0.39334884
v -0.01830335 0.34675364 -0.39278582
v -0.01836858 0.34666234 -0.39294942
v -0.01989793 0.34670377 -0.39364790
v -0.01992794 0.34678173 -0.39324878
v -0.02007985 0.34690061 -0.39313396
v -0.02007830 0.34684706 -0.39378271
v -0.01920363 0.34661471 -0.39273913
v -0.01916140 0.34654092 -0.39299647
v -0.02812927 0.35015234 -0.39001434
v -0.02795715 0.35021260 -0.39003592
v -0.02818525 0.35026361 -0.38954267
v -0.02822671 0.35019984 -0.38970999
v -0.02939391 0.35062586 -0.39036190
v -0.02943514 0.35060629 -0.39003007
v -0.02954504 0.35068759 -0.38989770
v -0.02952414 0.35078624 -0.39044520
v -0.02894139 0.35028215 -0.38960054
v -0.02890888 0.35024332 -0.38985641
v -0.03708589 0.35443559 -0.38794717
v -0.03689807 0.35446017 -0.38787999
v -0.03713118 0.35451053 -0.38751896
v -0.03717966 0.35445539 -0.38770557
v -0.03818119 0.35493744 -0.38835184
v -0.03824055 0.35490220 -0.38810616
v -0.03835239 0.35498815 -0.38801663
v -0.03828491 0.35511478 -0.38841677
v -0.03779651 0.35452907 -0.38775763
v -0.03775823 0.35451497 -0.38796331
v -0.01042469 0.34582725 -0.39244323
v -0.00952675 0.34566248 -0.39226122
v -0.00958852 0.34576327 -0.39168793
v -0.00857420 0.34592246 -0.39224785
v -0.00948007 0.34560576 -0.39275772
v -0.00843544 0.34595188 -0.39268753
v -0.01051791 0.34585087 -0.39285618
v -0.00847765 0.34590980 -0.39284474
v -0.00946638 0.34559332 -0.39301777
v -0.00946543 0.34561855 -0.39305882
v -0.00847484 0.34593616 -0.39284504
v -0.00848001 0.34596833 -0.39285569
v -0.00840383 0.34616864 -0.39177562
v -0.01044375 0.34580501 -0.39298782
v -0.01046124 0.34583706 -0.39299248
v -0.01069416 0.34614667 -0.39197830
v -0.01048499 0.34585971 -0.39300936
v -0.01982053 0.34663912 -0.39407367
v -0.01900715 0.34638176 -0.39387560
v -0.01909375 0.34645864 -0.39337267
v -0.01819713 0.34650956 -0.39372459
v -0.01893733 0.34633686 -0.39431548
v -0.01800754 0.34652831 -0.39411282
v -0.01989331 0.34666866 -0.39446023
v -0.01802786 0.34650431 -0.39425630
v -0.01890467 0.34632769 -0.39454301
v -0.01890387 0.34635320 -0.39456778
v -0.01801162 0.34652840 -0.39428716
v -0.01802774 0.34656415 -0.39426897
v -0.01804128 0.34667681 -0.39332236
v -0.01981291 0.34662892 -0.39456055
v -0.01981725 0.34665518 -0.39456807
v -0.02013374 0.34684757 -0.39377785
v -0.01982676 0.34668146 -0.39457789
v -0.02932120 0.35063255 -0.39072757
v -0.02878165 0.35023155 -0.39057636
v -0.02885030 0.35022778 -0.39018502
v -0.02802502 0.35013967 -0.39041513
v -0.02870634 0.35023543 -0.39093131
v -0.02783271 0.35017843 -0.39069046
v -0.02936163 0.35075569 -0.39100556
v -0.02785485 0.35018315 -0.39081670
v -0.02866363 0.35025037 -0.39111631
v -0.02865302 0.35027726 -0.39114099
v -0.02785082 0.35020972 -0.39082634
v -0.02784167 0.35023544 -0.39084239
v -0.02791185 0.35022345 -0.38999399
v -0.02929626 0.35072583 -0.39109205
v -0.02929402 0.35075090 -0.39109659
v -0.02958330 0.35079974 -0.39043607
v -0.02930322 0.35077827 -0.39111205
v -0.03808170 0.35495795 -0.38861558
v -0.03761477 0.35453544 -0.38848833
v -0.03770126 0.35451136 -0.38820242
v -0.03699867 0.35443283 -0.38825316
v -0.03752638 0.35455076 -0.38874722
v -0.03680897 0.35444876 -0.38845006
v -0.03807293 0.35508745 -0.38885248
v -0.03683115 0.35445135 -0.38857405
v -0.03746716 0.35455734 -0.38892179
v -0.03745433 0.35457795 -0.38894175
v -0.03682410 0.35447297 -0.38857561
v -0.03683546 0.35449638 -0.38858156
v -0.03686910 0.35446304 -0.38784210
v -0.03800541 0.35505393 -0.38892178
v -0.03801105 0.35507888 -0.38892611
v -0.03833849 0.35513641 -0.38842017
v -0.03799942 0.35509292 -0.38891589
v 0.00316660 0.34655867 -0.38885043
v 0.00389272 0.34689436 -0.38896607
v 0.00382325 0.34687002 -0.38909350
v 0.00385392 0.34684410 -0.38913168
v 0.00382325 0.34687002 -0.38909350
v 0.00304604 0.34649583 -0.38905819
v 0.00305676 0.34646351 -0.38911100
v 0.00163840 0.34649962 -0.38910601
v 0.00165049 0.34647222 -0.38915087
v 0.00094468 0.34683147 -0.38915104
v 0.00092790 0.34681562 -0.38918643
v 0.00094468 0.34683147 -0.38915104
v 0.00091142 0.34684270 -0.38903762
v 0.00159815 0.34653102 -0.38889987
v -0.00947310 0.34565455 -0.39307535
v -0.00946937 0.34563940 -0.39305109
v -0.01046818 0.34584893 -0.39298383
v -0.01048499 0.34585971 -0.39300936
v -0.01046818 0.34584893 -0.39298383
v -0.01048244 0.34582909 -0.39291892
v -0.00947445 0.34560063 -0.39287553
v -0.00845464 0.34593288 -0.39275908
v -0.00848440 0.34594831 -0.39283651
v -0.00848001 0.34596833 -0.39285569
v -0.00848440 0.34594831 -0.39283651
v -0.03745398 0.35461050 -0.38892409
v -0.03745874 0.35459942 -0.38891887
v -0.03799348 0.35507656 -0.38890902
v -0.03799942 0.35509292 -0.38891589
v -0.03799348 0.35507656 -0.38890902
v -0.03804024 0.35506800 -0.38888832
v -0.03749678 0.35455178 -0.38883595
v -0.03682026 0.35445033 -0.38851140
v -0.03684357 0.35449029 -0.38857477
v -0.03683546 0.35449638 -0.38858156
v -0.03684357 0.35449029 -0.38857477
v -0.02784167 0.35023544 -0.39084239
v -0.02788162 0.35024068 -0.39082431
v -0.02865918 0.35032572 -0.39110641
v -0.02864760 0.35031268 -0.39115314
v -0.02928261 0.35077033 -0.39107929
v -0.02930322 0.35077827 -0.39111205
v -0.02928261 0.35077033 -0.39107929
v -0.02932890 0.35074210 -0.39104973
v -0.02868575 0.35024319 -0.39102799
v -0.02784347 0.35018072 -0.39075202
v -0.02788162 0.35024068 -0.39082431
v -0.01890474 0.34639520 -0.39456751
v -0.01891386 0.34638473 -0.39455018
v -0.01980936 0.34666891 -0.39456111
v -0.01982676 0.34668146 -0.39457789
v -0.01980936 0.34666891 -0.39456111
v -0.01985455 0.34664920 -0.39450853
v -0.01892486 0.34633218 -0.39442365
v -0.01801835 0.34651876 -0.39418060
v -0.01803639 0.34655633 -0.39425355
v -0.01802774 0.34656415 -0.39426897
v -0.01803639 0.34655633 -0.39425355
v 0.49867791 -0.19351431 0.37264764
v 0.49892141 -0.19384788 0.37149657
v 0.49937674 -0.19384406 0.37168947
v 0.49917838 -0.19352739 0.37276627
v 0.49903040 -0.19385871 0.37068541
v 0.49944005 -0.19387439 0.37090716
v 0.49757936 -0.19364637 0.37094864
v 0.49789583 -0.19371639 0.37109689
v 0.49760973 -0.19339713 0.37224467
v 0.49727782 -0.19332099 0.37204531
v 0.49795016 -0.19377926 0.37006355
v 0.49808153 -0.19377066 0.37035380
v 0.49839287 -0.19378495 0.37131578
v 0.49812334 -0.19345855 0.37247023
v 0.49854512 -0.19380715 0.37050802
v 0.49864781 -0.19372360 0.37009936
v 0.49906114 -0.19375791 0.37029454
v 0.49944352 -0.19380820 0.37050737
v 0.49794058 -0.19383110 0.37001581
v 0.49864787 -0.19373674 0.37004124
v 0.49906264 -0.19371323 0.37023337
v 0.49942806 -0.19375975 0.37043937
v 0.49724611 -0.19332038 0.37202869
v 0.49755044 -0.19367218 0.37094427
v 0.49957722 -0.19376068 0.37063269
v 0.49942806 -0.19375975 0.37043937
v 0.49951338 -0.19370036 0.37103779
v 0.49964946 -0.19373718 0.37107586
v 0.49953819 -0.19362679 0.37177306
v 0.49962706 -0.19371546 0.37181912
v 0.49930925 -0.19324266 0.37265183
v 0.49943688 -0.19342195 0.37279564
v 0.49959106 -0.19379995 0.37066314
v 0.49964030 -0.19382825 0.37109238
v 0.49961789 -0.19379441 0.37181993
v 0.49943494 -0.19349641 0.37281802
v 0.49957722 -0.19376068 0.37063269
v 0.49969019 -0.19373886 0.37086735
v 0.49972979 -0.19374300 0.37115896
v 0.49970436 -0.19369223 0.37184635
v 0.49952175 -0.19341539 0.37281467
v 0.49969344 -0.19376706 0.37087062
v 0.49972529 -0.19377091 0.37119836
v 0.49970429 -0.19373779 0.37185545
v 0.49952234 -0.19344776 0.37283023
v 0.49883371 -0.19295550 0.37364119
v 0.49838906 -0.19294032 0.37355569
v 0.49856217 -0.19242248 0.37407617
v 0.49815958 -0.19235311 0.37405528
v 0.49701773 -0.19277456 0.37307206
v 0.49733373 -0.19284076 0.37321848
v 0.49690324 -0.19205022 0.37380941
v 0.49718068 -0.19230802 0.37375675
v 0.49784636 -0.19288987 0.37339288
v 0.49764130 -0.19228348 0.37395029
v 0.49757648 -0.19184015 0.37413619
v 0.49840424 -0.19208338 0.37422508
v 0.49803429 -0.19197989 0.37419216
v 0.49753923 -0.19183524 0.37420452
v 0.49687083 -0.19207586 0.37389023
v 0.49801211 -0.19190510 0.37419949
v 0.49835977 -0.19199884 0.37425071
v 0.49698784 -0.19278299 0.37306783
v 0.49873839 -0.19238333 0.37396018
v 0.49835977 -0.19199884 0.37425071
v 0.49855583 -0.19211877 0.37417946
v 0.49878339 -0.19242823 0.37400381
v 0.49909656 -0.19289624 0.37360260
v 0.49903286 -0.19282234 0.37354847
v 0.49856725 -0.19216207 0.37418954
v 0.49876373 -0.19246589 0.37403761
v 0.49908539 -0.19295462 0.37363169
v 0.49855583 -0.19211877 0.37417946
v 0.49870999 -0.19224468 0.37411473
v 0.49885802 -0.19243279 0.37399923
v 0.49917706 -0.19289396 0.37360303
v 0.49870903 -0.19226030 0.37412441
v 0.49885522 -0.19245418 0.37401082
v 0.49918087 -0.19292752 0.37361878
v 0.49625093 -0.20031381 0.36200103
v 0.49654077 -0.20066484 0.36078669
v 0.49699734 -0.20068740 0.36098736
v 0.49674478 -0.20034722 0.36213240
v 0.49671225 -0.20068301 0.35993242
v 0.49711294 -0.20070907 0.36016810
v 0.49516289 -0.20027151 0.36027446
v 0.49549377 -0.20041825 0.36042292
v 0.49516328 -0.20009237 0.36162011
v 0.49481663 -0.19994820 0.36140906
v 0.49559716 -0.20044961 0.35931116
v 0.49572791 -0.20048651 0.35961388
v 0.49600643 -0.20056401 0.36060890
v 0.49568846 -0.20021754 0.36182897
v 0.49623770 -0.20061108 0.35968271
v 0.49635875 -0.20051861 0.35931554
v 0.49677690 -0.20057560 0.35953320
v 0.49715029 -0.20064022 0.35975949
v 0.49558769 -0.20049183 0.35926198
v 0.49636271 -0.20054094 0.35924518
v 0.49678379 -0.20052341 0.35947293
v 0.49714874 -0.20059691 0.35968969
v 0.49478150 -0.20000744 0.36141781
v 0.49512681 -0.20033197 0.36028872
v 0.49727431 -0.20060017 0.35989712
v 0.49714874 -0.20059691 0.35968969
v 0.49722005 -0.20052483 0.36043446
v 0.49729702 -0.20059723 0.36041831
v 0.49713999 -0.20046350 0.36109948
v 0.49724547 -0.20054710 0.36114334
v 0.49690763 -0.20015399 0.36210313
v 0.49700610 -0.20026045 0.36218025
v 0.49728547 -0.20064391 0.35992569
v 0.49729259 -0.20067221 0.36037151
v 0.49721759 -0.20064560 0.36113226
v 0.49699344 -0.20033294 0.36219511
v 0.49727431 -0.20060017 0.35989712
v 0.49736412 -0.20059228 0.36014922
v 0.49736650 -0.20059225 0.36050179
v 0.49730252 -0.20055853 0.36117469
v 0.49708158 -0.20025764 0.36220004
v 0.49736805 -0.20061954 0.36014932
v 0.49737050 -0.20063102 0.36049453
v 0.49730091 -0.20059978 0.36117882
v 0.49708023 -0.20029372 0.36221245
v 0.49641593 -0.19975768 0.36309118
v 0.49596625 -0.19969985 0.36298298
v 0.49616044 -0.19918705 0.36358402
v 0.49574713 -0.19909040 0.36354559
v 0.49454794 -0.19941649 0.36245119
v 0.49486765 -0.19951061 0.36261549
v 0.49443908 -0.19866272 0.36327027
v 0.49471164 -0.19895015 0.36320761
v 0.49539833 -0.19960902 0.36280422
v 0.49519822 -0.19898596 0.36341717
v 0.49514263 -0.19853771 0.36365459
v 0.49600793 -0.19882277 0.36376509
v 0.49562405 -0.19870205 0.36372481
v 0.49510032 -0.19852735 0.36372685
v 0.49440572 -0.19869811 0.36335912
v 0.49560213 -0.19862406 0.36373766
v 0.49596187 -0.19873620 0.36376972
v 0.49451519 -0.19947981 0.36246371
v 0.49633850 -0.19915620 0.36347041
v 0.49596187 -0.19873620 0.36376972
v 0.49616427 -0.19887106 0.36371866
v 0.49638046 -0.19921310 0.36351487
v 0.49668010 -0.19973316 0.36305454
v 0.49661767 -0.19963980 0.36300379
v 0.49617412 -0.19891678 0.36372375
v 0.49636337 -0.19925420 0.36354169
v 0.49666250 -0.19979061 0.36308594
v 0.49616427 -0.19887106 0.36371866
v 0.49631788 -0.19901586 0.36363943
v 0.49645642 -0.19922969 0.36351204
v 0.49675440 -0.19973112 0.36306691
v 0.49631556 -0.19903753 0.36364752
v 0.49645334 -0.19925414 0.36352189
v 0.49675749 -0.19977071 0.36307632
v 0.49196713 -0.18552581 0.37971786
v 0.49227552 -0.18604692 0.37870464
v 0.49270096 -0.18602331 0.37892864
v 0.49243122 -0.18553265 0.37988040
v 0.49244684 -0.18624180 0.37793103
v 0.49283028 -0.18622766 0.37818388
v 0.49089338 -0.18582580 0.37809422
v 0.49123066 -0.18589767 0.37826045
v 0.49089167 -0.18537975 0.37926354
v 0.49053892 -0.18530952 0.37903665
v 0.49133369 -0.18617366 0.37727597
v 0.49145905 -0.18611624 0.37755426
v 0.49174520 -0.18599532 0.37848446
v 0.49141228 -0.18544762 0.37952234
v 0.49195214 -0.18618551 0.37772709
v 0.49209348 -0.18620320 0.37732433
v 0.49251323 -0.18624430 0.37753850
v 0.49286906 -0.18625569 0.37778763
v 0.49132432 -0.18622407 0.37723484
v 0.49208981 -0.18623348 0.37725565
v 0.49252420 -0.18621477 0.37746940
v 0.49287093 -0.18623527 0.37770135
v 0.49049676 -0.18534785 0.37904257
v 0.49085068 -0.18584458 0.37810167
v 0.49300042 -0.18620020 0.37790806
v 0.49287093 -0.18623527 0.37770135
v 0.49294076 -0.18600423 0.37837547
v 0.49301377 -0.18608409 0.37839284
v 0.49285844 -0.18581912 0.37898473
v 0.49290581 -0.18587274 0.37903124
v 0.49260066 -0.18534940 0.37981502
v 0.49269009 -0.18544558 0.37991361
v 0.49300813 -0.18623242 0.37794592
v 0.49300362 -0.18616172 0.37837370
v 0.49291702 -0.18597877 0.37906283
v 0.49267224 -0.18550477 0.37994972
v 0.49300042 -0.18620020 0.37790806
v 0.49308573 -0.18613934 0.37814679
v 0.49308126 -0.18605977 0.37847471
v 0.49300417 -0.18589348 0.37908370
v 0.49276346 -0.18544048 0.37994091
v 0.49308888 -0.18616575 0.37815096
v 0.49308347 -0.18610094 0.37848063
v 0.49299985 -0.18592965 0.37910511
v 0.49275935 -0.18547149 0.37995964
v 0.49206212 -0.18479818 0.38058899
v 0.49164091 -0.18476492 0.38046815
v 0.49180543 -0.18419328 0.38090504
v 0.49141420 -0.18407355 0.38084127
v 0.49024868 -0.18459425 0.37988805
v 0.49057333 -0.18463645 0.38006759
v 0.49015622 -0.18376151 0.38045060
v 0.49042638 -0.18402628 0.38047387
v 0.49110939 -0.18469566 0.38027816
v 0.49090241 -0.18399290 0.38068597
v 0.49085581 -0.18353847 0.38077301
v 0.49166471 -0.18381934 0.38097955
v 0.49130908 -0.18367957 0.38089381
v 0.49081690 -0.18350817 0.38082798
v 0.49011629 -0.18376899 0.38051464
v 0.49129104 -0.18360587 0.38088423
v 0.49163738 -0.18374501 0.38096093
v 0.49021383 -0.18464090 0.37989368
v 0.49198134 -0.18418425 0.38077759
v 0.49163738 -0.18374501 0.38096093
v 0.49181448 -0.18387527 0.38095244
v 0.49202162 -0.18423020 0.38085134
v 0.49232732 -0.18478637 0.38055219
v 0.49226792 -0.18470666 0.38048589
v 0.49182314 -0.18391620 0.38097162
v 0.49200155 -0.18425478 0.38088682
v 0.49230372 -0.18482723 0.38060100
v 0.49181448 -0.18387527 0.38095244
v 0.49196078 -0.18402971 0.38091941
v 0.49209556 -0.18424164 0.38084804
v 0.49239907 -0.18478453 0.38056624
v 0.49195682 -0.18404158 0.38093106
v 0.49209112 -0.18426247 0.38086722
v 0.49240085 -0.18481648 0.38059074
v 0.47664567 -0.18018463 0.38275736
v 0.47690647 -0.18075184 0.38202820
v 0.47722336 -0.18070966 0.38217398
v 0.47699899 -0.18018622 0.38286880
v 0.47705983 -0.18099125 0.38144684
v 0.47734455 -0.18095526 0.38162552
v 0.47624318 -0.18105948 0.38091033
v 0.47632764 -0.18097949 0.38114347
v 0.47611458 -0.18071839 0.38167017
v 0.47586681 -0.18069233 0.38151999
v 0.47669554 -0.18099402 0.38129236
v 0.47650668 -0.18073950 0.38186187
v 0.47682109 -0.18106314 0.38098087
v 0.47712755 -0.18103514 0.38113970
v 0.47739049 -0.18103006 0.38132434
v 0.47622946 -0.18110139 0.38088429
v 0.47682666 -0.18110027 0.38090970
v 0.47713912 -0.18102578 0.38108330
v 0.47739148 -0.18101938 0.38125690
v 0.47584383 -0.18069398 0.38150153
v 0.47748451 -0.18097519 0.38140856
v 0.47739148 -0.18101938 0.38125690
v 0.47742983 -0.18077647 0.38173477
v 0.47747933 -0.18082841 0.38176422
v 0.47734559 -0.18055190 0.38219158
v 0.47739731 -0.18060765 0.38225302
v 0.47713866 -0.18007497 0.38279415
v 0.47719247 -0.18012321 0.38287820
v 0.47748723 -0.18099343 0.38144124
v 0.47747307 -0.18088433 0.38175431
v 0.47738255 -0.18066161 0.38227381
v 0.47748451 -0.18097519 0.38140856
v 0.47754367 -0.18090591 0.38157964
v 0.47753079 -0.18080320 0.38181889
v 0.47744978 -0.18059684 0.38227767
v 0.47724481 -0.18011736 0.38289784
v 0.47754392 -0.18092222 0.38158831
v 0.47752981 -0.18083044 0.38182751
v 0.47744522 -0.18062321 0.38229605
v 0.47724086 -0.18013614 0.38291793
v 0.47583251 -0.18017889 0.38239115
v 0.47557152 -0.18016147 0.38219616
v 0.47622893 -0.18018094 0.38259686
v 0.47554517 -0.18016670 0.38219012
v 0.47717579 -0.18016666 0.38291543
v 0.47675055 -0.17954441 0.38333054
v 0.47641812 -0.17953216 0.38323609
v 0.47657641 -0.17905646 0.38349617
v 0.47627752 -0.17899498 0.38342601
v 0.47531430 -0.17878760 0.38306580
v 0.47536708 -0.17950144 0.38275653
v 0.47560303 -0.17952491 0.38289274
v 0.47550708 -0.17899541 0.38312113
v 0.47600301 -0.17953238 0.38307371
v 0.47587214 -0.17896473 0.38329270
v 0.47586079 -0.17860869 0.38330595
v 0.47648302 -0.17877881 0.38351027
v 0.47620979 -0.17869858 0.38341778
v 0.47583058 -0.17858222 0.38334660
v 0.47528197 -0.17877969 0.38312700
v 0.47620088 -0.17865078 0.38340075
v 0.47646784 -0.17872760 0.38348577
v 0.47533732 -0.17950718 0.38276123
v 0.47671397 -0.17906291 0.38342397
v 0.47646784 -0.17872760 0.38348577
v 0.47660021 -0.17882594 0.38350182
v 0.47674629 -0.17909165 0.38346222
v 0.47694845 -0.17953578 0.38330850
v 0.47691487 -0.17949956 0.38324708
v 0.47660358 -0.17885292 0.38351967
v 0.47672701 -0.17910743 0.38350077
v 0.47693240 -0.17956426 0.38334814
v 0.47660021 -0.17882594 0.38350182
v 0.47670722 -0.17894192 0.38349888
v 0.47680578 -0.17910670 0.38347061
v 0.47700763 -0.17953777 0.38331855
v 0.47670438 -0.17895088 0.38350788
v 0.47680021 -0.17911803 0.38348547
v 0.47700627 -0.17955625 0.38333919
v 0.45928368 -0.22077539 0.32827121
v 0.45918435 -0.21986065 0.32685555
v 0.45975036 -0.21998502 0.32685152
v 0.45986260 -0.22081904 0.32818015
v 0.45915025 -0.21900044 0.32609228
v 0.45967750 -0.21919514 0.32614831
v 0.45745974 -0.21941437 0.32701177
v 0.45784037 -0.21954400 0.32697202
v 0.45789868 -0.22054417 0.32852734
v 0.45748620 -0.22035555 0.32859219
v 0.45769141 -0.21845314 0.32594761
v 0.45790712 -0.21873902 0.32617757
v 0.45848253 -0.21971982 0.32689844
v 0.45856090 -0.22069537 0.32842612
v 0.45851024 -0.21884345 0.32610782
v 0.45860681 -0.21831400 0.32580515
v 0.45916079 -0.21849546 0.32584186
v 0.45963394 -0.21872911 0.32588553
v 0.45765597 -0.21841008 0.32586653
v 0.45859872 -0.21824923 0.32569902
v 0.45916897 -0.21838962 0.32583931
v 0.45962906 -0.21861245 0.32588456
v 0.45742470 -0.22039835 0.32858244
v 0.45741070 -0.21942624 0.32701566
v 0.45983303 -0.21880757 0.32599547
v 0.45962906 -0.21861245 0.32588456
v 0.45993694 -0.21925969 0.32651715
v 0.45999239 -0.21930449 0.32640835
v 0.46003947 -0.21986197 0.32711793
v 0.46010699 -0.21997208 0.32702856
v 0.46012810 -0.22057782 0.32829195
v 0.46019674 -0.22071738 0.32821791
v 0.45983614 -0.21886831 0.32596490
v 0.45994329 -0.21933094 0.32628678
v 0.46005255 -0.22004584 0.32693498
v 0.46015352 -0.22080529 0.32816147
v 0.45983303 -0.21880757 0.32599547
v 0.45999923 -0.21902480 0.32616187
v 0.46008916 -0.21936034 0.32644068
v 0.46018828 -0.21997890 0.32702810
v 0.46027847 -0.22071750 0.32821206
v 0.45999311 -0.21905120 0.32613611
v 0.46007553 -0.21939624 0.32638888
v 0.46017056 -0.22003052 0.32698792
v 0.46026350 -0.22076525 0.32818155
v 0.45994346 -0.22119117 0.32963123
v 0.45942274 -0.22118345 0.32976197
v 0.45998378 -0.22114803 0.33063819
v 0.45954949 -0.22114824 0.33085125
v 0.45808994 -0.22103896 0.33014858
v 0.45771535 -0.22091905 0.33027741
v 0.45813278 -0.22090980 0.33162743
v 0.45831393 -0.22104968 0.33116955
v 0.45873859 -0.22112806 0.32995553
v 0.45892887 -0.22111458 0.33108882
v 0.45910953 -0.22089038 0.33167831
v 0.45999777 -0.22100157 0.33115931
v 0.45960926 -0.22095470 0.33138133
v 0.45909295 -0.22093721 0.33174940
v 0.45810620 -0.22103209 0.33169199
v 0.45961947 -0.22089797 0.33146578
v 0.45999335 -0.22093744 0.33124134
v 0.45765223 -0.22100840 0.33025002
v 0.46017180 -0.22097565 0.33051304
v 0.45999335 -0.22093744 0.33124134
v 0.46014096 -0.22096089 0.33103160
v 0.46020936 -0.22105197 0.33049192
v 0.46024112 -0.22106277 0.32955879
v 0.46016650 -0.22091410 0.32960490
v 0.46013752 -0.22100862 0.33099086
v 0.46018150 -0.22111707 0.33048531
v 0.46020888 -0.22115370 0.32953001
v 0.46014096 -0.22096089 0.33103160
v 0.46023723 -0.22099182 0.33078879
v 0.46028469 -0.22104194 0.33045104
v 0.46032678 -0.22105123 0.32953353
v 0.46024268 -0.22102491 0.33081204
v 0.46027550 -0.22107694 0.33044178
v 0.46031837 -0.22110474 0.32950486
v -0.49842692 -0.35934967 0.15601983
v -0.49890148 -0.35952495 0.15592614
v -0.49853911 -0.35981454 0.15488517
v -0.49806773 -0.35966573 0.15489428
v -0.49826773 -0.35980878 0.15414722
v -0.49783027 -0.35965324 0.15410973
v -0.49675383 -0.35902246 0.15492357
v -0.49703815 -0.35869301 0.15602339
v -0.49738085 -0.35888184 0.15607631
v -0.49706389 -0.35919516 0.15493445
v -0.49667407 -0.35920302 0.15397421
v -0.49690697 -0.35925555 0.15418539
v -0.49755916 -0.35943018 0.15493807
v -0.49789537 -0.35911397 0.15607828
v -0.49735675 -0.35944221 0.15414109
v -0.49730627 -0.35936822 0.15372166
v -0.49812974 -0.35972067 0.15377715
v -0.49773031 -0.35954166 0.15373433
v -0.49727864 -0.35937684 0.15366944
v -0.49663028 -0.35924485 0.15393800
v -0.49772044 -0.35949540 0.15367537
v -0.49810431 -0.35966563 0.15371912
v -0.49671921 -0.35903632 0.15493203
v -0.49700451 -0.35868293 0.15602162
v -0.49831049 -0.35972708 0.15383465
v -0.49855847 -0.35975726 0.15420846
v -0.49843735 -0.35967558 0.15422618
v -0.49810431 -0.35966563 0.15371912
v -0.49884621 -0.35977978 0.15489469
v -0.49877864 -0.35966391 0.15488200
v -0.49916816 -0.35950728 0.15584221
v -0.49905564 -0.35928828 0.15575044
v -0.49832236 -0.35976963 0.15386001
v -0.49852913 -0.35984000 0.15423232
v -0.49881479 -0.35985218 0.15490422
v -0.49915327 -0.35957857 0.15586798
v -0.49831049 -0.35972708 0.15383465
v -0.49850896 -0.35975652 0.15400232
v -0.49865943 -0.35979209 0.15425317
v -0.49893123 -0.35978232 0.15488625
v -0.49925144 -0.35952632 0.15582363
v -0.49850440 -0.35978516 0.15400550
v -0.49866319 -0.35982033 0.15429232
v -0.49892132 -0.35982498 0.15489652
v -0.49924825 -0.35956058 0.15584076
v -0.49872332 -0.35877696 0.15692652
v -0.49913610 -0.35893485 0.15682589
v -0.49890937 -0.35818120 0.15743539
v -0.49924316 -0.35837420 0.15729636
v -0.49739834 -0.35816440 0.15702902
v -0.49770936 -0.35833342 0.15703865
v -0.49782206 -0.35748903 0.15769837
v -0.49796009 -0.35781793 0.15755624
v -0.49820587 -0.35855136 0.15699422
v -0.49844254 -0.35794814 0.15754407
v -0.49859886 -0.35752159 0.15770978
v -0.49927211 -0.35801404 0.15747325
v -0.49897221 -0.35779814 0.15758590
v -0.49859567 -0.35750984 0.15778704
v -0.49781838 -0.35750949 0.15778599
v -0.49897929 -0.35772090 0.15759645
v -0.49926964 -0.35792107 0.15750820
v -0.49736827 -0.35816176 0.15703710
v -0.49935884 -0.35838505 0.15711739
v -0.49940208 -0.35844358 0.15714149
v -0.49937282 -0.35809123 0.15737195
v -0.49926964 -0.35792107 0.15750820
v -0.49931009 -0.35886314 0.15665137
v -0.49936456 -0.35895774 0.15668062
v -0.49937359 -0.35813655 0.15737985
v -0.49938716 -0.35847379 0.15718238
v -0.49934896 -0.35901268 0.15671605
v -0.49937282 -0.35809123 0.15737195
v -0.49946199 -0.35846896 0.15710619
v -0.49943995 -0.35825462 0.15725936
v -0.49943436 -0.35898033 0.15664781
v -0.49943801 -0.35826754 0.15726884
v -0.49945854 -0.35848906 0.15711975
v -0.49943382 -0.35901416 0.15666274
v -0.48992942 -0.36433121 0.14774588
v -0.49039719 -0.36452467 0.14766831
v -0.49004694 -0.36484851 0.14654432
v -0.48957970 -0.36467300 0.14654514
v -0.48980835 -0.36485035 0.14575234
v -0.48937613 -0.36468642 0.14569770
v -0.48830849 -0.36383993 0.14660887
v -0.48856919 -0.36350043 0.14776092
v -0.48890786 -0.36375983 0.14782362
v -0.48860771 -0.36408987 0.14661945
v -0.48823781 -0.36407762 0.14556619
v -0.48846124 -0.36417357 0.14579224
v -0.48907925 -0.36439983 0.14659216
v -0.48940609 -0.36405520 0.14781045
v -0.48888915 -0.36445428 0.14565741
v -0.48887341 -0.36437862 0.14526644
v -0.48969631 -0.36476843 0.14536017
v -0.48930378 -0.36457729 0.14530055
v -0.48884126 -0.36439763 0.14520291
v -0.48819654 -0.36411148 0.14552809
v -0.48930190 -0.36452542 0.14523924
v -0.48968059 -0.36472216 0.14529393
v -0.48826425 -0.36388586 0.14663981
v -0.48852409 -0.36354765 0.14778799
v -0.48987224 -0.36477892 0.14543257
v -0.49010263 -0.36481856 0.14589876
v -0.49006489 -0.36472696 0.14593969
v -0.48968059 -0.36472216 0.14529393
v -0.49036670 -0.36480321 0.14657728
v -0.49028423 -0.36468778 0.14657406
v -0.49066857 -0.36452768 0.14760134
v -0.49058596 -0.36439049 0.14756314
v -0.48987918 -0.36482464 0.14545730
v -0.49005695 -0.36488493 0.14586304
v -0.49030775 -0.36488734 0.14658497
v -0.49064103 -0.36459298 0.14762438
v -0.48987224 -0.36477892 0.14543257
v -0.49005320 -0.36481554 0.14562560
v -0.49019766 -0.36484063 0.14594645
v -0.49042485 -0.36483441 0.14658433
v -0.49074263 -0.36455010 0.14758866
v -0.49004775 -0.36484228 0.14562592
v -0.49018643 -0.36487802 0.14594054
v -0.49041210 -0.36487215 0.14659028
v -0.49073527 -0.36458228 0.14760153
v -0.49027133 -0.36372748 0.14871569
v -0.49068490 -0.36392963 0.14863719
v -0.49049864 -0.36311875 0.14927613
v -0.49084056 -0.36334182 0.14915156
v -0.48892370 -0.36298245 0.14878404
v -0.48923608 -0.36318343 0.14881229
v -0.48939420 -0.36229186 0.14952599
v -0.48951493 -0.36264387 0.14937819
v -0.48973829 -0.36345372 0.14877591
v -0.49000718 -0.36284223 0.14937465
v -0.49019404 -0.36241473 0.14958280
v -0.49089549 -0.36296125 0.14935405
v -0.49058603 -0.36272505 0.14946387
v -0.49018975 -0.36239800 0.14966526
v -0.48939067 -0.36232003 0.14962241
v -0.49059677 -0.36264512 0.14947956
v -0.49088456 -0.36286507 0.14937078
v -0.48888093 -0.36303417 0.14881342
v -0.49095758 -0.36336090 0.14897411
v -0.49099399 -0.36342946 0.14900058
v -0.49099616 -0.36305221 0.14925082
v -0.49088456 -0.36286507 0.14937078
v -0.49085952 -0.36387326 0.14846700
v -0.49090472 -0.36398451 0.14849424
v -0.49099280 -0.36310005 0.14925591
v -0.49097743 -0.36346532 0.14903487
v -0.49088453 -0.36403713 0.14853471
v -0.49099616 -0.36305221 0.14925082
v -0.49105337 -0.36346952 0.14896939
v -0.49105175 -0.36323108 0.14912645
v -0.49097459 -0.36400605 0.14847548
v -0.49104614 -0.36325291 0.14913697
v -0.49104682 -0.36349132 0.14898070
v -0.49096892 -0.36404614 0.14848609
v -0.49798116 -0.35016992 0.16464372
v -0.49844408 -0.35033241 0.16460587
v -0.49813977 -0.35081618 0.16366080
v -0.49767569 -0.35069224 0.16363032
v -0.49788606 -0.35099861 0.16294236
v -0.49745018 -0.35087742 0.16286828
v -0.49630805 -0.35001246 0.16361718
v -0.49654367 -0.34947501 0.16458463
v -0.49691730 -0.34966718 0.16465409
v -0.49664317 -0.35019590 0.16363689
v -0.49624820 -0.35042396 0.16271656
v -0.49648629 -0.35042585 0.16291461
v -0.49744872 -0.34991170 0.16468552
v -0.49714555 -0.35046260 0.16363962
v -0.49695904 -0.35065677 0.16287798
v -0.49691306 -0.35069040 0.16245514
v -0.49775109 -0.35101093 0.16256725
v -0.49734773 -0.35087312 0.16248340
v -0.49687255 -0.35071329 0.16239583
v -0.49620828 -0.35046679 0.16268641
v -0.49733821 -0.35084253 0.16241396
v -0.49772474 -0.35098599 0.16248759
v -0.49626849 -0.35001850 0.16364296
v -0.49649780 -0.34950133 0.16461073
v -0.49793036 -0.35100675 0.16262168
v -0.49817363 -0.35093389 0.16304924
v -0.49812818 -0.35083466 0.16305929
v -0.49772474 -0.35098599 0.16248759
v -0.49840374 -0.35074422 0.16366241
v -0.49836063 -0.35067500 0.16363518
v -0.49870676 -0.35033191 0.16452584
v -0.49861956 -0.35020573 0.16446535
v -0.49794228 -0.35104170 0.16265505
v -0.49813241 -0.35100177 0.16304052
v -0.49839402 -0.35085001 0.16369306
v -0.49868814 -0.35038429 0.16456976
v -0.49793036 -0.35100675 0.16262168
v -0.49811872 -0.35099196 0.16280072
v -0.49827194 -0.35093841 0.16309652
v -0.49850327 -0.35079675 0.16367103
v -0.49878220 -0.35035053 0.16451955
v -0.49811497 -0.35101807 0.16280570
v -0.49826314 -0.35097516 0.16310248
v -0.49849771 -0.35083151 0.16369459
v -0.49877718 -0.35037878 0.16453970
v -0.49823919 -0.34939823 0.16540950
v -0.49864042 -0.34956817 0.16535223
v -0.49840928 -0.34869626 0.16579506
v -0.49873446 -0.34893524 0.16570321
v -0.49685938 -0.34876617 0.16543135
v -0.49719841 -0.34891839 0.16546746
v -0.49726480 -0.34798545 0.16592669
v -0.49742458 -0.34832099 0.16585627
v -0.49772606 -0.34915361 0.16544564
v -0.49793046 -0.34845181 0.16585528
v -0.49806622 -0.34801117 0.16592290
v -0.49875935 -0.34854158 0.16580271
v -0.49846172 -0.34829292 0.16585830
v -0.49806415 -0.34797498 0.16598592
v -0.49725382 -0.34798447 0.16600000
v -0.49846456 -0.34821672 0.16585213
v -0.49875117 -0.34846206 0.16579061
v -0.49681748 -0.34879964 0.16545371
v -0.49883693 -0.34897377 0.16551519
v -0.49888725 -0.34903351 0.16556923
v -0.49885910 -0.34864148 0.16572085
v -0.49875117 -0.34846206 0.16579061
v -0.49880352 -0.34953750 0.16516812
v -0.49885707 -0.34963754 0.16521095
v -0.49886191 -0.34868323 0.16573784
v -0.49887674 -0.34905419 0.16561196
v -0.49884405 -0.34967039 0.16526638
v -0.49885910 -0.34864148 0.16572085
v -0.49894600 -0.34906845 0.16553770
v -0.49892422 -0.34882908 0.16564213
v -0.49892529 -0.34965840 0.16519413
v -0.49892186 -0.34884064 0.16565482
v -0.49894311 -0.34908656 0.16555659
v -0.49892640 -0.34968925 0.16521638
v -0.48767591 -0.34056726 0.17325109
v -0.48802405 -0.34068519 0.17321067
v -0.48777484 -0.34120379 0.17252109
v -0.48743016 -0.34113525 0.17251855
v -0.48758155 -0.34143873 0.17198903
v -0.48725341 -0.34137266 0.17194365
v -0.48631189 -0.34114825 0.17178806
v -0.48634822 -0.34072505 0.17247233
v -0.48661450 -0.34083602 0.17251050
v -0.48650365 -0.34111336 0.17196134
v -0.48702239 -0.34099085 0.17252861
v -0.48687629 -0.34125134 0.17194944
v -0.48683712 -0.34133522 0.17161944
v -0.48747615 -0.34150414 0.17170089
v -0.48717370 -0.34141537 0.17163916
v -0.48680150 -0.34136764 0.17155490
v -0.48627647 -0.34118201 0.17177281
v -0.48716319 -0.34140521 0.17158165
v -0.48745280 -0.34149009 0.17163712
v -0.48632027 -0.34071715 0.17246403
v -0.48760826 -0.34148633 0.17173548
v -0.48779259 -0.34136727 0.17205106
v -0.48775445 -0.34130237 0.17204178
v -0.48745280 -0.34149009 0.17163712
v -0.48798842 -0.34116715 0.17251613
v -0.48793517 -0.34109386 0.17247730
v -0.48821441 -0.34068688 0.17313711
v -0.48814852 -0.34061659 0.17307769
v -0.48761774 -0.34150677 0.17176528
v -0.48776615 -0.34142000 0.17204993
v -0.48796674 -0.34121427 0.17254417
v -0.48760826 -0.34148633 0.17173548
v -0.48774947 -0.34144890 0.17186261
v -0.48786673 -0.34136452 0.17207961
v -0.48804625 -0.34117469 0.17251697
v -0.48826858 -0.34069836 0.17313349
v -0.48774806 -0.34146714 0.17187278
v -0.48786078 -0.34139166 0.17209039
v -0.48804136 -0.34119892 0.17253692
v -0.48826729 -0.34071652 0.17315486
v -0.48682963 -0.34028541 0.17324539
v -0.48653129 -0.34017451 0.17317204
v -0.48725332 -0.34042419 0.17327327
v -0.48650480 -0.34017164 0.17317812
v -0.48820157 -0.34072420 0.17318003
v -0.48787575 -0.33991056 0.17373611
v -0.48819558 -0.34003179 0.17368897
v -0.48799754 -0.33936964 0.17392998
v -0.48826384 -0.33952562 0.17387717
v -0.48708696 -0.33885076 0.17397834
v -0.48721096 -0.33911208 0.17396351
v -0.48703752 -0.33962809 0.17375227
v -0.48678633 -0.33952342 0.17372182
v -0.48760396 -0.33920566 0.17396937
v -0.48745252 -0.33977017 0.17375539
v -0.48771007 -0.33886659 0.17396397
v -0.48827542 -0.33923467 0.17390896
v -0.48802743 -0.33906809 0.17393049
v -0.48770839 -0.33883388 0.17401092
v -0.48708621 -0.33883586 0.17404543
v -0.48802744 -0.33901804 0.17391456
v -0.48826801 -0.33918008 0.17389114
v -0.48676069 -0.33951979 0.17373815
v -0.48835096 -0.33956976 0.17375636
v -0.48838584 -0.33960935 0.17378130
v -0.48835739 -0.33931411 0.17385646
v -0.48826801 -0.33918008 0.17389114
v -0.48831780 -0.34003331 0.17354322
v -0.48835983 -0.34008207 0.17358842
v -0.48835983 -0.33934357 0.17387506
v -0.48837982 -0.33962096 0.17382411
v -0.48835305 -0.34010782 0.17363302
v -0.48835739 -0.33931411 0.17385646
v -0.48843529 -0.33964247 0.17376474
v -0.48841303 -0.33945790 0.17381934
v -0.48841393 -0.34010287 0.17357313
v -0.48841148 -0.33946690 0.17383027
v -0.48843304 -0.33965348 0.17378248
v -0.48841558 -0.34012169 0.17359469
v -0.43814484 -0.37003255 0.13329811
v -0.43859289 -0.37024760 0.13298468
v -0.43821784 -0.36933179 0.13176181
v -0.43777029 -0.36903901 0.13198525
v -0.43811519 -0.36851253 0.13109651
v -0.43769953 -0.36816216 0.13124555
v -0.43648724 -0.36809233 0.13279452
v -0.43685744 -0.36909921 0.13428850
v -0.43712811 -0.36940167 0.13407585
v -0.43675902 -0.36833183 0.13261404
v -0.43655348 -0.36718048 0.13166510
v -0.43674444 -0.36753406 0.13180783
v -0.43722701 -0.36869158 0.13229924
v -0.43761019 -0.36974299 0.13372583
v -0.43720266 -0.36781515 0.13150776
v -0.43732740 -0.36732163 0.13115632
v -0.43811629 -0.36804033 0.13084395
v -0.43776379 -0.36766866 0.13097978
v -0.43650380 -0.36712378 0.13160337
v -0.43729755 -0.36725054 0.13105828
v -0.43780243 -0.36757085 0.13096661
v -0.43814753 -0.36792931 0.13083778
v -0.43644281 -0.36808918 0.13281896
v -0.43678758 -0.36912052 0.13430730
v -0.43830774 -0.36818418 0.13086969
v -0.43845727 -0.36873208 0.13121385
v -0.43846691 -0.36868119 0.13133384
v -0.43814753 -0.36792931 0.13083778
v -0.43860044 -0.36944254 0.13177806
v -0.43861192 -0.36932354 0.13187982
v -0.43892764 -0.37025632 0.13287672
v -0.43894096 -0.37010880 0.13296333
v -0.43827904 -0.36824003 0.13084442
v -0.43835819 -0.36873211 0.13112386
v -0.43849277 -0.36948908 0.13172004
v -0.43884033 -0.37032392 0.13284927
v -0.43830774 -0.36818418 0.13086969
v -0.43845022 -0.36845354 0.13096908
v -0.43853687 -0.36881800 0.13120875
v -0.43866764 -0.36947458 0.13174634
v -0.43899525 -0.37028264 0.13283895
v -0.43842613 -0.36847487 0.13094935
v -0.43849336 -0.36884286 0.13116889
v -0.43862050 -0.36951561 0.13172000
v -0.43895531 -0.37032064 0.13282039
v -0.43874099 -0.37056376 0.13462970
v -0.43913376 -0.37072403 0.13430077
v -0.43930106 -0.37064356 0.13556998
v -0.43958915 -0.37076153 0.13519960
v -0.43756158 -0.36982029 0.13577252
v -0.43779489 -0.37004030 0.13551150
v -0.43846934 -0.37002795 0.13683315
v -0.43839668 -0.37018798 0.13635235
v -0.43824747 -0.37031086 0.13507803
v -0.43887359 -0.37043689 0.13603573
v -0.43933660 -0.37031812 0.13648426
v -0.43985763 -0.37066234 0.13566003
v -0.43962752 -0.37051441 0.13601732
v -0.43933648 -0.37036179 0.13655886
v -0.43843482 -0.37014151 0.13691174
v -0.43968849 -0.37046803 0.13608606
v -0.43990725 -0.37060549 0.13573193
v -0.43746840 -0.36988276 0.13577824
v -0.43975387 -0.37064973 0.13499840
v -0.43975425 -0.37073321 0.13496979
v -0.43994191 -0.37066089 0.13548279
v -0.43990725 -0.37060549 0.13573193
v -0.43940069 -0.37052810 0.13416753
v -0.43940086 -0.37068884 0.13410578
v -0.43990757 -0.37070095 0.13545006
v -0.43970668 -0.37078444 0.13497852
v -0.43933315 -0.37076299 0.13409830
v -0.43994191 -0.37066089 0.13548279
v -0.43980646 -0.37074350 0.13490155
v -0.43991701 -0.37070531 0.13522574
v -0.43946802 -0.37070372 0.13404756
v -0.43992123 -0.37073758 0.13524619
v -0.43978266 -0.37077157 0.13489813
v -0.43943205 -0.37074819 0.13402746
vt 0.66602403 0.73278296
vt 0.60253900 0.73282695
vt 0.60949802 0.80110502
vt 0.66706097 0.80215895
vt 0.61299700 0.85230696
vt 0.66307700 0.85322404
vt 0.69730997 0.84610200
vt 0.70989299 0.80631697
vt 0.57991302 0.84198594
vt 0.56784302 0.80263495
vt 0.70535499 0.75205600
vt 0.56593001 0.75096202
vt 0.72071201 0.73774600
vt 0.67229599 0.70093405
vt 0.73149699 0.73201203
vt 0.67747301 0.68861103
vt 0.60017198 0.70104897
vt 0.59806001 0.68801403
vt 0.55226398 0.73612201
vt 0.54283297 0.72843695
vt 0.56756401 0.85430396
vt 0.61165202 0.86732996
vt 0.56891900 0.91782904
vt 0.60946000 0.93369496
vt 0.61021900 0.91794097
vt 0.57185602 0.90218103
vt 0.70794702 0.85886002
vt 0.66288298 0.86908102
vt 0.70691299 0.91958702
vt 0.70422500 0.90528703
vt 0.66300499 0.91862297
vt 0.66394597 0.93403697
vt 0.72956699 0.80911803
vt 0.73739702 0.82168198
vt 0.72364300 0.86230695
vt 0.54894602 0.80371106
vt 0.53908998 0.81476998
vt 0.55142403 0.85968101
vt 0.84295601 0.62382197
vt 0.84999001 0.58765996
vt 0.82667100 0.57851005
vt 0.81970602 0.62520397
vt 0.94953299 0.61934102
vt 0.96868199 0.62530696
vt 0.96580499 0.58445597
vt 0.94435501 0.58732200
vt 0.89846402 0.57708502
vt 0.90034097 0.55725300
vt 0.84630501 0.85406494
vt 0.85263300 0.82167101
vt 0.83023000 0.81208205
vt 0.82350099 0.85549402
vt 0.94856602 0.85224605
vt 0.96655297 0.85842097
vt 0.96662003 0.81875396
vt 0.94469702 0.82202601
vt 0.90031898 0.81271696
vt 0.90194100 0.79310405
vt 0.54682899 0.56867397
vt 0.55233300 0.54233301
vt 0.53294802 0.53566396
vt 0.52783000 0.57180500
vt 0.63048100 0.56640899
vt 0.64588499 0.57142401
vt 0.64401603 0.53904498
vt 0.62671798 0.54155195
vt 0.59088999 0.53413200
vt 0.59169197 0.51858306
vt 0.70239502 0.57790005
vt 0.70634103 0.55250502
vt 0.68989903 0.54644799
vt 0.68597698 0.57988298
vt 0.77258098 0.57583594
vt 0.78618801 0.58042598
vt 0.78575897 0.55041897
vt 0.76890200 0.55211902
vt 0.73853600 0.54444695
vt 0.74005300 0.52981699
vt 0.93886101 0.64907801
vt 0.89688498 0.61787796
vt 0.89432001 0.65601099
vt 0.84705001 0.65019798
vt 0.84017801 0.65708494
vt 0.89343899 0.66283298
vt 0.94616199 0.65472698
vt 0.84426999 0.69373596
vt 0.84289598 0.70238900
vt 0.89331102 0.70952499
vt 0.89313298 0.70006502
vt 0.80942601 0.63108599
vt 0.82525402 0.66039896
vt 0.94450402 0.69116795
vt 0.94605201 0.69963503
vt 0.96195298 0.65763605
vt 0.97671700 0.62876296
vt 0.93746102 0.88309503
vt 0.89934498 0.85063601
vt 0.89725000 0.88932204
vt 0.85658097 0.88293099
vt 0.84414101 0.88993001
vt 0.89554298 0.89923501
vt 0.94379199 0.89040101
vt 0.84793901 0.92425299
vt 0.84677398 0.93297005
vt 0.89436799 0.94319797
vt 0.89454597 0.93386495
vt 0.81484002 0.86251998
vt 0.82795602 0.89288497
vt 0.94165802 0.92492604
vt 0.94270903 0.93357801
vt 0.96007401 0.89247501
vt 0.97589803 0.86207199
vt 0.62261403 0.59164000
vt 0.59060699 0.56534803
vt 0.58779299 0.59787905
vt 0.55405498 0.59117997
vt 0.54378098 0.59916401
vt 0.58681798 0.60484099
vt 0.62850398 0.59691203
vt 0.54772103 0.63216698
vt 0.54688102 0.63929904
vt 0.58622003 0.64611804
vt 0.58594900 0.63912201
vt 0.51916599 0.57415605
vt 0.53443998 0.60141695
vt 0.62611800 0.63088000
vt 0.62765402 0.63737404
vt 0.63912100 0.59905803
vt 0.65399599 0.57235003
vt 0.76594901 0.59982395
vt 0.73900098 0.57448804
vt 0.73752999 0.60443103
vt 0.70996100 0.60113096
vt 0.69950199 0.60628104
vt 0.73698902 0.61292696
vt 0.77207601 0.60432994
vt 0.70417202 0.63742697
vt 0.70321703 0.64388502
vt 0.73733300 0.65074801
vt 0.73668098 0.64383495
vt 0.67816198 0.58295000
vt 0.68937302 0.60889006
vt 0.77019101 0.63595104
vt 0.77181602 0.64236796
vt 0.78242803 0.60609198
vt 0.79248798 0.58314097
vt 0.56971002 0.88695800
vt 0.61093497 0.90135396
vt 0.55995399 0.89816296
vt 0.56128299 0.96343195
vt 0.61010301 0.98247302
vt 0.60978103 0.95891702
vt 0.56535798 0.94139504
vt 0.66569901 0.98413897
vt 0.66482300 0.95991695
vt 0.71386701 0.96505904
vt 0.71035701 0.94349205
vt 0.70608598 0.89078903
vt 0.71534598 0.90002203
vt 0.66294402 0.90256906
vt 0.89422101 0.74106705
vt 0.95012701 0.73080897
vt 0.94802201 0.71476603
vt 0.89378703 0.72480500
vt 0.94525701 0.67779398
vt 0.95400202 0.67929304
vt 0.89328599 0.68626904
vt 0.84222400 0.68022895
vt 0.83441502 0.68232799
vt 0.83805400 0.73381698
vt 0.84077501 0.71755505
vt 0.73765898 0.66838396
vt 0.77687401 0.65859199
vt 0.77452701 0.65113497
vt 0.73749602 0.66033304
vt 0.77123600 0.62288296
vt 0.77739602 0.62997305
vt 0.73673898 0.63087797
vt 0.70183700 0.62451100
vt 0.69618601 0.63137603
vt 0.69834799 0.65937197
vt 0.70098197 0.65233302
vt 0.54284102 0.66211998
vt 0.58711803 0.66962695
vt 0.58666903 0.65907097
vt 0.54530501 0.65181696
vt 0.63334101 0.65881503
vt 0.63028902 0.64932704
vt 0.62731099 0.61374104
vt 0.63351500 0.62055194
vt 0.58638400 0.62182701
vt 0.54575098 0.61550999
vt 0.54079503 0.62258005
vt 0.89466399 0.97827303
vt 0.94750601 0.96629500
vt 0.94527900 0.95425105
vt 0.89458299 0.96502495
vt 0.94272399 0.90726399
vt 0.95130801 0.92165995
vt 0.89504403 0.91614902
vt 0.84604001 0.90669096
vt 0.83720201 0.92201495
vt 0.84278101 0.96548605
vt 0.84473902 0.95325899
vt 0.33397600 0.73278296
vt 0.33293900 0.80215895
vt 0.39050201 0.80110502
vt 0.39746100 0.73282695
vt 0.33692300 0.85322404
vt 0.38700300 0.85230696
vt 0.29010701 0.80631697
vt 0.30269000 0.84610200
vt 0.42008701 0.84198594
vt 0.43215701 0.80263495
vt 0.29464501 0.75205600
vt 0.43406999 0.75096202
vt 0.27928799 0.73774600
vt 0.32770401 0.70093405
vt 0.26850301 0.73201203
vt 0.32252699 0.68861103
vt 0.39982799 0.70104897
vt 0.40193999 0.68801403
vt 0.44773600 0.73612201
vt 0.45716700 0.72843695
vt 0.43243599 0.85430396
vt 0.38834801 0.86732996
vt 0.43108100 0.91782904
vt 0.42814401 0.90218103
vt 0.38978100 0.91794097
vt 0.39054000 0.93369496
vt 0.29205301 0.85886002
vt 0.33711699 0.86908102
vt 0.29308701 0.91958702
vt 0.33605400 0.93403697
vt 0.33699501 0.91862297
vt 0.29577500 0.90528703
vt 0.27043301 0.80911803
vt 0.26260301 0.82168198
vt 0.27635700 0.86230695
vt 0.45105401 0.80371106
vt 0.46090999 0.81476998
vt 0.44857600 0.85968101
vt 0.15704399 0.62382197
vt 0.18029401 0.62520397
vt 0.17332900 0.57851005
vt 0.15001000 0.58765996
vt 0.05046700 0.61934102
vt 0.05564500 0.58732200
vt 0.03419500 0.58445597
vt 0.03131800 0.62530696
vt 0.09965900 0.55725300
vt 0.10153600 0.57708502
vt 0.15369500 0.85406494
vt 0.17649899 0.85549402
vt 0.16977000 0.81208205
vt 0.14736700 0.82167101
vt 0.05143400 0.85224605
vt 0.05530300 0.82202601
vt 0.03338000 0.81875396
vt 0.03344700 0.85842097
vt 0.09805900 0.79310405
vt 0.09968100 0.81271696
vt 0.45317101 0.56867397
vt 0.47217000 0.57180500
vt 0.46705201 0.53566396
vt 0.44766700 0.54233301
vt 0.36951900 0.56640899
vt 0.37328199 0.54155195
vt 0.35598400 0.53904498
vt 0.35411501 0.57142401
vt 0.40830800 0.51858306
vt 0.40911001 0.53413200
vt 0.29760501 0.57790005
vt 0.31402299 0.57988298
vt 0.31010100 0.54644799
vt 0.29365900 0.55250502
vt 0.22741900 0.57583594
vt 0.23109800 0.55211902
vt 0.21424100 0.55041897
vt 0.21381199 0.58042598
vt 0.25994700 0.52981699
vt 0.26146400 0.54444695
vt 0.06113900 0.64907801
vt 0.10568000 0.65601099
vt 0.10311500 0.61787796
vt 0.15295000 0.65019798
vt 0.10656100 0.66283298
vt 0.15982200 0.65708494
vt 0.05383800 0.65472698
vt 0.15572999 0.69373596
vt 0.10686700 0.70006502
vt 0.10668900 0.70952499
vt 0.15710400 0.70238900
vt 0.17474601 0.66039896
vt 0.19057401 0.63108599
vt 0.05549600 0.69116795
vt 0.05394800 0.69963503
vt 0.02328300 0.62876296
vt 0.03804700 0.65763605
vt 0.06253900 0.88309503
vt 0.10275000 0.88932204
vt 0.10065500 0.85063601
vt 0.14341900 0.88293099
vt 0.10445700 0.89923501
vt 0.15585899 0.88993001
vt 0.05620800 0.89040101
vt 0.15206100 0.92425299
vt 0.10545400 0.93386495
vt 0.10563200 0.94319797
vt 0.15322600 0.93297005
vt 0.17204399 0.89288497
vt 0.18516000 0.86251998
vt 0.05834200 0.92492604
vt 0.05729100 0.93357801
vt 0.02410200 0.86207199
vt 0.03992600 0.89247501
vt 0.37738600 0.59164000
vt 0.41220701 0.59787905
vt 0.40939301 0.56534803
vt 0.44594499 0.59117997
vt 0.41318199 0.60484099
vt 0.45621899 0.59916401
vt 0.37149599 0.59691203
vt 0.45227900 0.63216698
vt 0.41405100 0.63912201
vt 0.41378000 0.64611804
vt 0.45311901 0.63929904
vt 0.46555999 0.60141695
vt 0.48083401 0.57415605
vt 0.37388200 0.63088000
vt 0.37234601 0.63737404
vt 0.34600401 0.57235003
vt 0.36087900 0.59905803
vt 0.23405100 0.59982395
vt 0.26247001 0.60443103
vt 0.26099899 0.57448804
vt 0.29003900 0.60113096
vt 0.26301101 0.61292696
vt 0.30049801 0.60628104
vt 0.22792400 0.60432994
vt 0.29582801 0.63742697
vt 0.26331899 0.64383495
vt 0.26266700 0.65074801
vt 0.29678300 0.64388502
vt 0.31062701 0.60889006
vt 0.32183799 0.58295000
vt 0.22980900 0.63595104
vt 0.22818400 0.64236796
vt 0.20751201 0.58314097
vt 0.21757200 0.60609198
vt 0.38906500 0.90135396
vt 0.43029001 0.88695800
vt 0.44004601 0.89816296
vt 0.43871701 0.96343195
vt 0.43464199 0.94139504
vt 0.39021900 0.95891702
vt 0.38989699 0.98247302
vt 0.33517700 0.95991695
vt 0.33430099 0.98413897
vt 0.28964299 0.94349205
vt 0.28613299 0.96505904
vt 0.28465399 0.90002203
vt 0.29391399 0.89078903
vt 0.33705601 0.90256906
vt 0.10577900 0.74106705
vt 0.10621300 0.72480500
vt 0.05197800 0.71476603
vt 0.04987300 0.73080897
vt 0.04599800 0.67929304
vt 0.05474300 0.67779398
vt 0.10671400 0.68626904
vt 0.15777600 0.68022895
vt 0.16558500 0.68232799
vt 0.16194600 0.73381698
vt 0.15922500 0.71755505
vt 0.26234099 0.66838396
vt 0.26250401 0.66033304
vt 0.22547300 0.65113497
vt 0.22312599 0.65859199
vt 0.22260401 0.62997305
vt 0.22876400 0.62288296
vt 0.26326099 0.63087797
vt 0.29816300 0.62451100
vt 0.30381399 0.63137603
vt 0.30165201 0.65937197
vt 0.29901800 0.65233302
vt 0.45715901 0.66211998
vt 0.45469499 0.65181696
vt 0.41333100 0.65907097
vt 0.41288200 0.66962695
vt 0.36971101 0.64932704
vt 0.36665899 0.65881503
vt 0.36648500 0.62055194
vt 0.37268901 0.61374104
vt 0.41361600 0.62182701
vt 0.45424899 0.61550999
vt 0.45920500 0.62258005
vt 0.10533600 0.97827303
vt 0.10541700 0.96502495
vt 0.05472100 0.95425105
vt 0.05249400 0.96629500
vt 0.04869200 0.92165995
vt 0.05727600 0.90726399
vt 0.10495600 0.91614902
vt 0.15396000 0.90669096
vt 0.16279800 0.92201495
vt 0.15721899 0.96548605
vt 0.15526100 0.95325899
vt 0.90888000 0.38630795
vt 0.87943202 0.38482404
vt 0.88222301 0.42129695
vt 0.90866399 0.42394996
vt 0.84697199 0.38160098
vt 0.85443199 0.41629696
vt 0.87886900 0.29557002
vt 0.87885100 0.30691600
vt 0.90977502 0.30624604
vt 0.90990603 0.29261100
vt 0.85334098 0.30617499
vt 0.85559201 0.31331897
vt 0.87903601 0.33925498
vt 0.90940499 0.33957899
vt 0.84842300 0.33747303
vt 0.83704400 0.33486903
vt 0.83363402 0.37924302
vt 0.84230101 0.41174901
vt 0.85026199 0.30092299
vt 0.83088398 0.33466899
vt 0.82739103 0.38032901
vt 0.83624601 0.41352105
vt 0.91022903 0.28701305
vt 0.87758702 0.28963697
vt 0.84483200 0.47858799
vt 0.83447099 0.49786794
vt 0.85490698 0.49764895
vt 0.85858703 0.48044896
vt 0.87807697 0.50564003
vt 0.88192999 0.48732400
vt 0.90874702 0.51045895
vt 0.90919697 0.49060500
vt 0.84717202 0.43394995
vt 0.85965103 0.43884897
vt 0.88426399 0.44343305
vt 0.90867299 0.44523501
vt 0.84299701 0.43665898
vt 0.85315901 0.46364295
vt 0.86265999 0.46529806
vt 0.88501900 0.46910703
vt 0.90868598 0.47133803
vt 0.85384101 0.45837498
vt 0.86291200 0.46057904
vt 0.88492900 0.46415496
vt 0.90868098 0.46629405
vt 0.93517298 0.42135096
vt 0.93848902 0.38501799
vt 0.96314698 0.41665006
vt 0.97127098 0.38227201
vt 0.94092399 0.29593003
vt 0.94072598 0.30726802
vt 0.96633297 0.30685103
vt 0.96394199 0.31396902
vt 0.93986303 0.33956897
vt 0.97068399 0.33821499
vt 0.98216301 0.33578205
vt 0.97539198 0.41244900
vt 0.98472202 0.38019800
vt 0.98793799 0.33496904
vt 0.96966100 0.30188406
vt 0.99040699 0.38119495
vt 0.98121500 0.41439700
vt 0.94242799 0.29069602
vt 0.96250802 0.49679697
vt 0.98289597 0.49689806
vt 0.97374099 0.47867894
vt 0.95874500 0.47977102
vt 0.93557298 0.48717201
vt 0.93951601 0.50542605
vt 0.97035801 0.43444002
vt 0.95784301 0.43906999
vt 0.93313199 0.44347501
vt 0.97513402 0.43636501
vt 0.96444899 0.46343100
vt 0.95544899 0.46511805
vt 0.93247098 0.46905601
vt 0.96411800 0.45849502
vt 0.95538002 0.46045303
vt 0.93245500 0.46416104
vt 0.86978197 0.11085999
vt 0.83954602 0.10972703
vt 0.84200698 0.14639795
vt 0.86952102 0.14884400
vt 0.80618298 0.10795295
vt 0.81346798 0.14208698
vt 0.83844602 0.02873504
vt 0.83852100 0.03971303
vt 0.87014401 0.03867698
vt 0.87021500 0.02550697
vt 0.81238902 0.03978801
vt 0.81476003 0.04665804
vt 0.83899599 0.07085705
vt 0.86993903 0.07078004
vt 0.80765998 0.07046902
vt 0.79589599 0.06846499
vt 0.79247898 0.10639596
vt 0.79884201 0.13809800
vt 0.80927801 0.03165996
vt 0.78862602 0.06673098
vt 0.78528100 0.10485601
vt 0.79226899 0.14022505
vt 0.87025303 0.01709104
vt 0.83764499 0.02045906
vt 0.80261803 0.21591902
vt 0.79369998 0.24487495
vt 0.81401497 0.24407196
vt 0.81725800 0.21609294
vt 0.83789003 0.25599003
vt 0.84128702 0.22284305
vt 0.86916798 0.25695705
vt 0.86934900 0.22594202
vt 0.80392498 0.16027606
vt 0.81840497 0.16499805
vt 0.84378803 0.16892099
vt 0.86944801 0.17065597
vt 0.79930300 0.16185999
vt 0.81199098 0.19374704
vt 0.82039601 0.19513905
vt 0.84349602 0.19906497
vt 0.86940199 0.20094299
vt 0.81260502 0.18916297
vt 0.82016498 0.19087696
vt 0.84438300 0.19412506
vt 0.86941499 0.19628298
vt 0.89711100 0.14670205
vt 0.90006799 0.11002803
vt 0.92575300 0.14255404
vt 0.93356198 0.10859704
vt 0.90196103 0.02903700
vt 0.90176898 0.04001796
vt 0.92792702 0.04035294
vt 0.92547703 0.04719996
vt 0.90090901 0.07115102
vt 0.93231797 0.07108104
vt 0.94411999 0.06923699
vt 0.94034600 0.13880706
vt 0.94731402 0.10723197
vt 0.95099300 0.06606102
vt 0.93278003 0.03446698
vt 0.95492601 0.10641396
vt 0.94789797 0.13996994
vt 0.90311301 0.02048504
vt 0.92574900 0.24459398
vt 0.94594902 0.24601305
vt 0.93689001 0.21068799
vt 0.92172098 0.21674097
vt 0.89758599 0.22339702
vt 0.90012300 0.25338304
vt 0.93580300 0.16089594
vt 0.92068303 0.16532695
vt 0.89523101 0.16930902
vt 0.94169402 0.16263795
vt 0.92705899 0.19649005
vt 0.91841698 0.19574499
vt 0.89550799 0.19943905
vt 0.92628598 0.18976498
vt 0.91842997 0.19132400
vt 0.89462000 0.19454503
vt 0.73978800 0.39403498
vt 0.71124899 0.39323604
vt 0.71419603 0.42795599
vt 0.74000102 0.43011296
vt 0.67983800 0.39119005
vt 0.68724102 0.42386699
vt 0.70958900 0.31155205
vt 0.70969301 0.32237601
vt 0.73949599 0.32122898
vt 0.73945397 0.30824196
vt 0.68506902 0.32214797
vt 0.68732899 0.32895005
vt 0.71027899 0.35284805
vt 0.73956299 0.35255206
vt 0.68072200 0.35205603
vt 0.66966802 0.34985399
vt 0.66693300 0.38933504
vt 0.67548501 0.42009306
vt 0.68229598 0.31720603
vt 0.66433299 0.34795594
vt 0.66134900 0.38884795
vt 0.66903400 0.42108500
vt 0.73975497 0.30159605
vt 0.70734000 0.30514395
vt 0.67716098 0.48227799
vt 0.66897798 0.49984097
vt 0.68779498 0.49967599
vt 0.69126898 0.48275399
vt 0.71218300 0.50566101
vt 0.71391797 0.48952699
vt 0.74069297 0.50865400
vt 0.74017102 0.49201405
vt 0.68037701 0.43701899
vt 0.69238001 0.44107902
vt 0.71610701 0.44505000
vt 0.74008000 0.44645703
vt 0.67558402 0.43854403
vt 0.68589801 0.46439302
vt 0.69512099 0.46590698
vt 0.71592098 0.46905398
vt 0.74012399 0.47051096
vt 0.68672502 0.45665896
vt 0.69552100 0.45864105
vt 0.71671301 0.46171701
vt 0.74010903 0.46347499
vt 0.76593697 0.42745697
vt 0.76846999 0.39267004
vt 0.79312998 0.42296803
vt 0.80023599 0.39008200
vt 0.76938999 0.31096196
vt 0.76936698 0.32178700
vt 0.79410100 0.32108796
vt 0.79189098 0.32793498
vt 0.76895201 0.35226798
vt 0.79874200 0.35092700
vt 0.80986798 0.34847796
vt 0.80495501 0.41902101
vt 0.81324703 0.38812399
vt 0.81577498 0.34685695
vt 0.79796600 0.31555295
vt 0.81922400 0.38859701
vt 0.81056201 0.42048800
vt 0.77057099 0.30343604
vt 0.79291701 0.49865699
vt 0.81205702 0.49784195
vt 0.80357403 0.48042905
vt 0.78934097 0.48185897
vt 0.76649398 0.48904705
vt 0.76862502 0.50491202
vt 0.80017400 0.43602800
vt 0.78813201 0.44027400
vt 0.76419300 0.44459796
vt 0.80503303 0.43860900
vt 0.79477602 0.46304405
vt 0.78533399 0.46481895
vt 0.76447898 0.46855402
vt 0.79414499 0.45572102
vt 0.78503102 0.45783997
vt 0.76364100 0.46129096
vt 0.58634299 0.39818096
vt 0.56199700 0.39685595
vt 0.56324202 0.42589903
vt 0.58568102 0.42819798
vt 0.53522801 0.39455998
vt 0.54018003 0.42188299
vt 0.54161400 0.33506894
vt 0.54336202 0.34087396
vt 0.56258303 0.33618498
vt 0.56278902 0.32707798
vt 0.53710997 0.35986996
vt 0.56231099 0.36143804
vt 0.52783602 0.35764897
vt 0.52437103 0.39279902
vt 0.53035998 0.41834795
vt 0.53836799 0.33106101
vt 0.52277797 0.35658002
vt 0.51939702 0.39189005
vt 0.52558601 0.42075300
vt 0.56140798 0.32180798
vt 0.53151798 0.47149801
vt 0.52461100 0.49182904
vt 0.53996998 0.49243605
vt 0.54283702 0.47281098
vt 0.56091100 0.49889898
vt 0.56234598 0.47899199
vt 0.58528799 0.50209904
vt 0.58526301 0.48148894
vt 0.53397202 0.43328905
vt 0.54396898 0.43717003
vt 0.56445003 0.44103503
vt 0.53000301 0.43508303
vt 0.53815800 0.45771098
vt 0.54565102 0.45924199
vt 0.56445700 0.46265996
vt 0.58542198 0.46425402
vt 0.53916299 0.45267999
vt 0.54642600 0.45459604
vt 0.56485301 0.45759296
vt 0.58544499 0.45954204
vt 0.58788002 0.33619499
vt 0.58815002 0.32528400
vt 0.58723199 0.36200798
vt 0.58839798 0.31939399
vt 0.58551598 0.44270003
vt 0.60829598 0.42686701
vt 0.61081898 0.39783800
vt 0.63171101 0.42382205
vt 0.63790298 0.39669204
vt 0.63429397 0.33689594
vt 0.61343300 0.32807696
vt 0.61319298 0.33718598
vt 0.63225299 0.34263599
vt 0.61221999 0.36242795
vt 0.63762701 0.36187398
vt 0.64706701 0.35999298
vt 0.64175498 0.42068195
vt 0.64891702 0.39539802
vt 0.65236002 0.35918295
vt 0.63769698 0.33231604
vt 0.65412700 0.39530504
vt 0.64718902 0.42170799
vt 0.61466002 0.32303703
vt 0.63116997 0.49447596
vt 0.64702898 0.49420202
vt 0.64019299 0.47356105
vt 0.62842798 0.47493899
vt 0.60839403 0.48014200
vt 0.60991597 0.50001597
vt 0.63799399 0.43551195
vt 0.62755102 0.43897700
vt 0.60674798 0.44194806
vt 0.64232898 0.43699300
vt 0.63278401 0.45959699
vt 0.62506402 0.46094704
vt 0.60640699 0.46353602
vt 0.63221997 0.45459497
vt 0.62489998 0.45622206
vt 0.60622799 0.45850694
vt 0.64238298 0.13439703
vt 0.60250700 0.13531995
vt 0.60695601 0.17719603
vt 0.64280999 0.17938900
vt 0.55624598 0.13052404
vt 0.56997502 0.17151999
vt 0.59633201 0.02696705
vt 0.59683698 0.03851795
vt 0.64230800 0.03513598
vt 0.64238697 0.02081394
vt 0.55721599 0.04448605
vt 0.56237501 0.05271399
vt 0.59928501 0.07723904
vt 0.64232898 0.07840204
vt 0.55255598 0.07730901
vt 0.53404498 0.08003998
vt 0.53546602 0.12845099
vt 0.54302901 0.16571796
vt 0.55276197 0.03723598
vt 0.52680999 0.07931197
vt 0.52789402 0.12786102
vt 0.53576100 0.16685498
vt 0.64229500 0.01236796
vt 0.59504199 0.01837599
vt 0.55559403 0.25827301
vt 0.54415298 0.28322506
vt 0.57270700 0.28131402
vt 0.57659900 0.25910699
vt 0.60418200 0.28940105
vt 0.60714900 0.26356101
vt 0.64259398 0.29398203
vt 0.64272702 0.26689005
vt 0.55088699 0.19073701
vt 0.57706898 0.19731605
vt 0.60941601 0.20255697
vt 0.64288300 0.20402396
vt 0.54597300 0.19424999
vt 0.56853700 0.22723401
vt 0.58101398 0.22889900
vt 0.60917503 0.23325801
vt 0.64279401 0.23511195
vt 0.56946701 0.22058797
vt 0.58131701 0.22342300
vt 0.61010599 0.22756898
vt 0.64279598 0.22962606
vt 0.67889601 0.17592800
vt 0.68276101 0.13398397
vt 0.71706802 0.16910195
vt 0.72762698 0.12582600
vt 0.68772900 0.03629696
vt 0.68826002 0.02469504
vt 0.72474200 0.03838599
vt 0.71891099 0.04743004
vt 0.68529600 0.07476699
vt 0.72919899 0.07165897
vt 0.74639601 0.07134998
vt 0.73415601 0.16275299
vt 0.74627799 0.12211895
vt 0.75387597 0.07015598
vt 0.72981602 0.03165495
vt 0.75477302 0.12362599
vt 0.74317002 0.16604996
vt 0.68970299 0.01588404
vt 0.71392399 0.27984297
vt 0.74195802 0.27852094
vt 0.73064601 0.25369298
vt 0.70938498 0.25549400
vt 0.67803401 0.26218498
vt 0.68159097 0.28777504
vt 0.72845602 0.18873298
vt 0.70946300 0.19496000
vt 0.67648202 0.20132196
vt 0.73478001 0.19159698
vt 0.71889502 0.22426903
vt 0.70550799 0.22652102
vt 0.67649603 0.23188102
vt 0.71706599 0.21838903
vt 0.70485699 0.22121704
vt 0.67554402 0.22634900
vt 0.09112000 0.38630795
vt 0.09133600 0.42394996
vt 0.11777700 0.42129695
vt 0.12056800 0.38482404
vt 0.14556800 0.41629696
vt 0.15302800 0.38160098
vt 0.12113100 0.29557002
vt 0.09009400 0.29261100
vt 0.09022500 0.30624604
vt 0.12114900 0.30691600
vt 0.14665900 0.30617499
vt 0.14440800 0.31331897
vt 0.12096400 0.33925498
vt 0.09059500 0.33957899
vt 0.15157700 0.33747303
vt 0.16295600 0.33486903
vt 0.15769900 0.41174901
vt 0.16636600 0.37924302
vt 0.16911601 0.33466899
vt 0.14973800 0.30092299
vt 0.17260900 0.38032901
vt 0.16375400 0.41352105
vt 0.12241300 0.28963697
vt 0.08977100 0.28701305
vt 0.15516800 0.47858799
vt 0.14141300 0.48044896
vt 0.14509299 0.49764895
vt 0.16552900 0.49786794
vt 0.11807000 0.48732400
vt 0.12192300 0.50564003
vt 0.09080300 0.49060500
vt 0.09125300 0.51045895
vt 0.15282799 0.43394995
vt 0.14034900 0.43884897
vt 0.11573600 0.44343305
vt 0.09132700 0.44523501
vt 0.15700300 0.43665898
vt 0.14684100 0.46364295
vt 0.13733999 0.46529806
vt 0.11498100 0.46910703
vt 0.09131400 0.47133803
vt 0.14615899 0.45837498
vt 0.13708800 0.46057904
vt 0.11507100 0.46415496
vt 0.09131900 0.46629405
vt 0.06151100 0.38501799
vt 0.06482700 0.42135096
vt 0.02872900 0.38227201
vt 0.03685300 0.41665006
vt 0.05907600 0.29593003
vt 0.05927400 0.30726802
vt 0.03366700 0.30685103
vt 0.03605800 0.31396902
vt 0.06013700 0.33956897
vt 0.02931600 0.33821499
vt 0.01783700 0.33578205
vt 0.02460800 0.41244900
vt 0.01527800 0.38019800
vt 0.01206200 0.33496904
vt 0.03033900 0.30188406
vt 0.00959300 0.38119495
vt 0.01878500 0.41439700
vt 0.05757200 0.29069602
vt 0.03749200 0.49679697
vt 0.04125500 0.47977102
vt 0.02625900 0.47867894
vt 0.01710400 0.49689806
vt 0.06048400 0.50542605
vt 0.06442700 0.48717201
vt 0.02964200 0.43444002
vt 0.04215700 0.43906999
vt 0.06686800 0.44347501
vt 0.02486600 0.43636501
vt 0.04455100 0.46511805
vt 0.03555100 0.46343100
vt 0.06752900 0.46905601
vt 0.03588200 0.45849502
vt 0.04462000 0.46045303
vt 0.06754500 0.46416104
vt 0.13021800 0.11085999
vt 0.13047899 0.14884400
vt 0.15799300 0.14639795
vt 0.16045401 0.10972703
vt 0.18653201 0.14208698
vt 0.19381700 0.10795295
vt 0.16155399 0.02873504
vt 0.12978500 0.02550697
vt 0.12985601 0.03867698
vt 0.16147900 0.03971303
vt 0.18761100 0.03978801
vt 0.18524000 0.04665804
vt 0.16100401 0.07085705
vt 0.13006100 0.07078004
vt 0.19234000 0.07046902
vt 0.20410401 0.06846499
vt 0.20115800 0.13809800
vt 0.20752101 0.10639596
vt 0.21137400 0.06673098
vt 0.19072200 0.03165996
vt 0.21471900 0.10485601
vt 0.20773099 0.14022505
vt 0.16235501 0.02045906
vt 0.12974700 0.01709104
vt 0.19738200 0.21591902
vt 0.18274200 0.21609294
vt 0.18598500 0.24407196
vt 0.20630001 0.24487495
vt 0.15871300 0.22284305
vt 0.16211000 0.25599003
vt 0.13065100 0.22594202
vt 0.13083200 0.25695705
vt 0.19607501 0.16027606
vt 0.18159500 0.16499805
vt 0.15621200 0.16892099
vt 0.13055199 0.17065597
vt 0.20069700 0.16185999
vt 0.18800899 0.19374704
vt 0.17960399 0.19513905
vt 0.15650401 0.19906497
vt 0.13059799 0.20094299
vt 0.18739501 0.18916297
vt 0.17983501 0.19087696
vt 0.15561700 0.19412506
vt 0.13058500 0.19628298
vt 0.09993200 0.11002803
vt 0.10288900 0.14670205
vt 0.06643800 0.10859704
vt 0.07424700 0.14255404
vt 0.09803900 0.02903700
vt 0.09823100 0.04001796
vt 0.07207300 0.04035294
vt 0.07452300 0.04719996
vt 0.09909100 0.07115102
vt 0.06768200 0.07108104
vt 0.05588000 0.06923699
vt 0.05965400 0.13880706
vt 0.05268600 0.10723197
vt 0.04900700 0.06606102
vt 0.06722000 0.03446698
vt 0.04507400 0.10641396
vt 0.05210200 0.13996994
vt 0.09688700 0.02048504
vt 0.07425100 0.24459398
vt 0.07827900 0.21674097
vt 0.06311000 0.21068799
vt 0.05405100 0.24601305
vt 0.09987700 0.25338304
vt 0.10241400 0.22339702
vt 0.06419700 0.16089594
vt 0.07931700 0.16532695
vt 0.10476900 0.16930902
vt 0.05830600 0.16263795
vt 0.08158300 0.19574499
vt 0.07294100 0.19649005
vt 0.10449200 0.19943905
vt 0.07371400 0.18976498
vt 0.08157000 0.19132400
vt 0.10538000 0.19454503
vt 0.26021200 0.39403498
vt 0.25999901 0.43011296
vt 0.28580400 0.42795599
vt 0.28875101 0.39323604
vt 0.31275901 0.42386699
vt 0.32016200 0.39119005
vt 0.29041100 0.31155205
vt 0.26054600 0.30824196
vt 0.26050401 0.32122898
vt 0.29030699 0.32237601
vt 0.31493101 0.32214797
vt 0.31267101 0.32895005
vt 0.26043701 0.35255206
vt 0.28972101 0.35284805
vt 0.31927800 0.35205603
vt 0.33033201 0.34985399
vt 0.32451501 0.42009306
vt 0.33306700 0.38933504
vt 0.33566701 0.34795594
vt 0.31770399 0.31720603
vt 0.33865100 0.38884795
vt 0.33096600 0.42108500
vt 0.29266000 0.30514395
vt 0.26024500 0.30159605
vt 0.32283899 0.48227799
vt 0.30873099 0.48275399
vt 0.31220499 0.49967599
vt 0.33102199 0.49984097
vt 0.28608200 0.48952699
vt 0.28781700 0.50566101
vt 0.25982901 0.49201405
vt 0.25930700 0.50865400
vt 0.31962299 0.43701899
vt 0.30761999 0.44107902
vt 0.28389299 0.44505000
vt 0.25992000 0.44645703
vt 0.32441601 0.43854403
vt 0.31410199 0.46439302
vt 0.30487901 0.46590698
vt 0.28407899 0.46905398
vt 0.25987601 0.47051096
vt 0.31327501 0.45665896
vt 0.30447900 0.45864105
vt 0.28328699 0.46171701
vt 0.25989100 0.46347499
vt 0.23153000 0.39267004
vt 0.23406300 0.42745697
vt 0.19976400 0.39008200
vt 0.20687000 0.42296803
vt 0.23061000 0.31096196
vt 0.23063301 0.32178700
vt 0.20589900 0.32108796
vt 0.20810901 0.32793498
vt 0.23104800 0.35226798
vt 0.20125800 0.35092700
vt 0.19013201 0.34847796
vt 0.19504499 0.41902101
vt 0.18675300 0.38812399
vt 0.18422499 0.34685695
vt 0.20203400 0.31555295
vt 0.18077600 0.38859701
vt 0.18943800 0.42048800
vt 0.22942901 0.30343604
vt 0.20708300 0.49865699
vt 0.21065900 0.48185897
vt 0.19642600 0.48042905
vt 0.18794300 0.49784195
vt 0.23137499 0.50491202
vt 0.23350599 0.48904705
vt 0.19982600 0.43602800
vt 0.21186800 0.44027400
vt 0.23580700 0.44459796
vt 0.19496700 0.43860900
vt 0.21466599 0.46481895
vt 0.20522401 0.46304405
vt 0.23552100 0.46855402
vt 0.20585500 0.45572102
vt 0.21496899 0.45783997
vt 0.23635900 0.46129096
vt 0.41365701 0.39818096
vt 0.41431901 0.42819798
vt 0.43675801 0.42589903
vt 0.43800300 0.39685595
vt 0.45982000 0.42188299
vt 0.46477199 0.39455998
vt 0.45838600 0.33506894
vt 0.43721101 0.32707798
vt 0.43741700 0.33618498
vt 0.45663801 0.34087396
vt 0.43768901 0.36143804
vt 0.46289000 0.35986996
vt 0.47216401 0.35764897
vt 0.46963999 0.41834795
vt 0.47562900 0.39279902
vt 0.47722200 0.35658002
vt 0.46163201 0.33106101
vt 0.48060301 0.39189005
vt 0.47441399 0.42075300
vt 0.43859199 0.32180798
vt 0.46848199 0.47149801
vt 0.45716301 0.47281098
vt 0.46002999 0.49243605
vt 0.47538900 0.49182904
vt 0.43765399 0.47899199
vt 0.43908900 0.49889898
vt 0.41473699 0.48148894
vt 0.41471201 0.50209904
vt 0.46602800 0.43328905
vt 0.45603099 0.43717003
vt 0.43555000 0.44103503
vt 0.46999699 0.43508303
vt 0.46184200 0.45771098
vt 0.45434901 0.45924199
vt 0.43554300 0.46265996
vt 0.41457799 0.46425402
vt 0.46083701 0.45267999
vt 0.45357400 0.45459604
vt 0.43514699 0.45759296
vt 0.41455501 0.45954204
vt 0.41212001 0.33619499
vt 0.41185001 0.32528400
vt 0.41276801 0.36200798
vt 0.41160199 0.31939399
vt 0.41448399 0.44270003
vt 0.38918099 0.39783800
vt 0.39170399 0.42686701
vt 0.36209700 0.39669204
vt 0.36828899 0.42382205
vt 0.36570600 0.33689594
vt 0.36774701 0.34263599
vt 0.38680699 0.33718598
vt 0.38656700 0.32807696
vt 0.36237299 0.36187398
vt 0.38778001 0.36242795
vt 0.35293299 0.35999298
vt 0.35824499 0.42068195
vt 0.35108301 0.39539802
vt 0.34764001 0.35918295
vt 0.36230299 0.33231604
vt 0.34587300 0.39530504
vt 0.35281101 0.42170799
vt 0.38534001 0.32303703
vt 0.36883000 0.49447596
vt 0.37157199 0.47493899
vt 0.35980701 0.47356105
vt 0.35297099 0.49420202
vt 0.39008400 0.50001597
vt 0.39160600 0.48014200
vt 0.36200601 0.43551195
vt 0.37244901 0.43897700
vt 0.39325199 0.44194806
vt 0.35767099 0.43699300
vt 0.37493601 0.46094704
vt 0.36721599 0.45959699
vt 0.39359301 0.46353602
vt 0.36778000 0.45459497
vt 0.37509999 0.45622206
vt 0.39377201 0.45850694
vt 0.35761699 0.13439703
vt 0.35719001 0.17938900
vt 0.39304399 0.17719603
vt 0.39749300 0.13531995
vt 0.43002501 0.17151999
vt 0.44375399 0.13052404
vt 0.40366799 0.02696705
vt 0.35761300 0.02081394
vt 0.35769200 0.03513598
vt 0.40316299 0.03851795
vt 0.44278401 0.04448605
vt 0.43762499 0.05271399
vt 0.40071499 0.07723904
vt 0.35767099 0.07840204
vt 0.44744399 0.07730901
vt 0.46595499 0.08003998
vt 0.45697099 0.16571796
vt 0.46453401 0.12845099
vt 0.44723800 0.03723598
vt 0.47319001 0.07931197
vt 0.47210601 0.12786102
vt 0.46423900 0.16685498
vt 0.40495801 0.01837599
vt 0.35770500 0.01236796
vt 0.44440600 0.25827301
vt 0.42340100 0.25910699
vt 0.42729300 0.28131402
vt 0.45584700 0.28322506
vt 0.39285100 0.26356101
vt 0.39581800 0.28940105
vt 0.35727301 0.26689005
vt 0.35740599 0.29398203
vt 0.44911301 0.19073701
vt 0.42293099 0.19731605
vt 0.39058399 0.20255697
vt 0.35711700 0.20402396
vt 0.45402700 0.19424999
vt 0.43146300 0.22723401
vt 0.41898599 0.22889900
vt 0.39082500 0.23325801
vt 0.35720599 0.23511195
vt 0.43053299 0.22058797
vt 0.41868299 0.22342300
vt 0.38989401 0.22756898
vt 0.35720399 0.22962606
vt 0.31723899 0.13398397
vt 0.32110399 0.17592800
vt 0.27237299 0.12582600
vt 0.28293201 0.16910195
vt 0.31174001 0.02469504
vt 0.31227100 0.03629696
vt 0.27525800 0.03838599
vt 0.28108901 0.04743004
vt 0.31470400 0.07476699
vt 0.27080101 0.07165897
vt 0.25360399 0.07134998
vt 0.26584399 0.16275299
vt 0.25372201 0.12211895
vt 0.24612400 0.07015598
vt 0.27018401 0.03165495
vt 0.24522699 0.12362599
vt 0.25683001 0.16604996
vt 0.31029701 0.01588404
vt 0.28607601 0.27984297
vt 0.29061499 0.25549400
vt 0.26935399 0.25369298
vt 0.25804201 0.27852094
vt 0.31840900 0.28777504
vt 0.32196599 0.26218498
vt 0.27154401 0.18873298
vt 0.29053700 0.19496000
vt 0.32351801 0.20132196
vt 0.26521999 0.19159698
vt 0.29449201 0.22652102
vt 0.28110501 0.22426903
vt 0.32350400 0.23188102
vt 0.28293401 0.21838903
vt 0.29514301 0.22121704
vt 0.32445601 0.22634900
f 1/1 2/2 3/3
f 1/1 3/3 4/4
f 4/4 3/3 5/5
f 4/4 5/5 6/6
f 4/4 6/6 7/7
f 4/4 7/7 8/8
f 9/9 5/5 3/3
f 9/9 3/3 10/10
f 4/4 8/8 11/11
f 4/4 11/11 1/1
f 12/12 10/10 3/3
f 12/12 3/3 2/2
f 13/13 14/14 1/1
f 13/13 1/1 11/11
f 15/15 16/16 14/14
f 15/15 14/14 13/13
f 14/14 17/17 2/2
f 14/14 2/2 1/1
f 16/16 18/18 17/17
f 16/16 17/17 14/14
f 19/19 12/12 2/2
f 19/19 2/2 17/17
f 20/20 19/19 17/17
f 20/20 17/17 18/18
f 21/21 22/22 5/5
f 21/21 5/5 9/9
f 23/23 24/24 25/25
f 23/23 25/25 26/26
f 27/27 7/7 6/6
f 27/27 6/6 28/28
f 29/29 30/30 31/31
f 29/29 31/31 32/32
f 27/27 33/33 8/8
f 27/27 8/8 7/7
f 34/34 33/33 27/27
f 34/34 27/27 35/35
f 22/22 28/28 6/6
f 22/22 6/6 5/5
f 24/24 32/32 31/31
f 24/24 31/31 25/25
f 36/36 10/10 12/12
f 36/36 12/12 19/19
f 20/20 37/37 36/36
f 20/20 36/36 19/19
f 33/33 13/13 11/11
f 33/33 11/11 8/8
f 15/15 13/13 33/33
f 15/15 33/33 34/34
f 21/21 9/9 10/10
f 21/21 10/10 36/36
f 37/37 38/38 21/21
f 37/37 21/21 36/36
f 39/39 40/40 41/41
f 39/39 41/41 42/42
f 43/43 44/44 45/45
f 43/43 45/45 46/46
f 40/40 47/47 48/48
f 40/40 48/48 41/41
f 46/46 45/45 48/48
f 46/46 48/48 47/47
f 49/49 50/50 51/51
f 49/49 51/51 52/52
f 53/53 54/54 55/55
f 53/53 55/55 56/56
f 50/50 57/57 58/58
f 50/50 58/58 51/51
f 56/56 55/55 58/58
f 56/56 58/58 57/57
f 59/59 60/60 61/61
f 59/59 61/61 62/62
f 63/63 64/64 65/65
f 63/63 65/65 66/66
f 60/60 67/67 68/68
f 60/60 68/68 61/61
f 66/66 65/65 68/68
f 66/66 68/68 67/67
f 69/69 70/70 71/71
f 69/69 71/71 72/72
f 73/73 74/74 75/75
f 73/73 75/75 76/76
f 70/70 77/77 78/78
f 70/70 78/78 71/71
f 76/76 75/75 78/78
f 76/76 78/78 77/77
f 79/79 43/43 80/80
f 79/79 80/80 81/81
f 46/46 47/47 80/80
f 46/46 80/80 43/43
f 82/82 81/81 80/80
f 82/82 80/80 39/39
f 40/40 39/39 80/80
f 40/40 80/80 47/47
f 82/82 83/83 84/84
f 82/82 84/84 81/81
f 83/83 82/82 39/39
f 83/83 39/39 42/42
f 79/79 81/81 84/84
f 79/79 84/84 85/85
f 43/43 79/79 85/85
f 43/43 85/85 44/44
f 86/86 87/87 88/88
f 86/86 88/88 89/89
f 83/83 42/42 90/90
f 83/83 90/90 91/91
f 92/92 89/89 88/88
f 92/92 88/88 93/93
f 85/85 94/94 95/95
f 85/85 95/95 44/44
f 96/96 53/53 97/97
f 96/96 97/97 98/98
f 56/56 57/57 97/97
f 56/56 97/97 53/53
f 99/99 98/98 97/97
f 99/99 97/97 49/49
f 50/50 49/49 97/97
f 50/50 97/97 57/57
f 99/99 100/100 101/101
f 99/99 101/101 98/98
f 100/100 99/99 49/49
f 100/100 49/49 52/52
f 96/96 98/98 101/101
f 96/96 101/101 102/102
f 53/53 96/96 102/102
f 53/53 102/102 54/54
f 103/103 104/104 105/105
f 103/103 105/105 106/106
f 100/100 52/52 107/107
f 100/100 107/107 108/108
f 109/109 106/106 105/105
f 109/109 105/105 110/110
f 102/102 111/111 112/112
f 102/102 112/112 54/54
f 113/113 63/63 114/114
f 113/113 114/114 115/115
f 66/66 67/67 114/114
f 66/66 114/114 63/63
f 116/116 115/115 114/114
f 116/116 114/114 59/59
f 60/60 59/59 114/114
f 60/60 114/114 67/67
f 116/116 117/117 118/118
f 116/116 118/118 115/115
f 117/117 116/116 59/59
f 117/117 59/59 62/62
f 113/113 115/115 118/118
f 113/113 118/118 119/119
f 63/63 113/113 119/119
f 63/63 119/119 64/64
f 120/120 121/121 122/122
f 120/120 122/122 123/123
f 117/117 62/62 124/124
f 117/117 124/124 125/125
f 126/126 123/123 122/122
f 126/126 122/122 127/127
f 119/119 128/128 129/129
f 119/119 129/129 64/64
f 130/130 73/73 131/131
f 130/130 131/131 132/132
f 76/76 77/77 131/131
f 76/76 131/131 73/73
f 133/133 132/132 131/131
f 133/133 131/131 69/69
f 70/70 69/69 131/131
f 70/70 131/131 77/77
f 133/133 134/134 135/135
f 133/133 135/135 132/132
f 134/134 133/133 69/69
f 134/134 69/69 72/72
f 130/130 132/132 135/135
f 130/130 135/135 136/136
f 73/73 130/130 136/136
f 73/73 136/136 74/74
f 137/137 138/138 139/139
f 137/137 139/139 140/140
f 134/134 72/72 141/141
f 134/134 141/141 142/142
f 143/143 140/140 139/139
f 143/143 139/139 144/144
f 136/136 145/145 146/146
f 136/136 146/146 74/74
f 22/22 21/21 147/147
f 22/22 147/147 148/148
f 21/21 38/38 149/149
f 21/21 149/149 147/147
f 150/150 151/151 152/152
f 150/150 152/152 153/153
f 151/151 154/154 155/155
f 151/151 155/155 152/152
f 154/154 156/156 157/157
f 154/154 157/157 155/155
f 35/35 27/27 158/158
f 35/35 158/158 159/159
f 27/27 28/28 160/160
f 27/27 160/160 158/158
f 28/28 22/22 148/148
f 28/28 148/148 160/160
f 161/161 162/162 163/163
f 161/161 163/163 164/164
f 94/94 85/85 165/165
f 94/94 165/165 166/166
f 85/85 84/84 167/167
f 85/85 167/167 165/165
f 84/84 83/83 168/168
f 84/84 168/168 167/167
f 83/83 91/91 169/169
f 83/83 169/169 168/168
f 170/170 161/161 164/164
f 170/170 164/164 171/171
f 172/172 173/173 174/174
f 172/172 174/174 175/175
f 145/145 136/136 176/176
f 145/145 176/176 177/177
f 136/136 135/135 178/178
f 136/136 178/178 176/176
f 135/135 134/134 179/179
f 135/135 179/179 178/178
f 134/134 142/142 180/180
f 134/134 180/180 179/179
f 181/181 172/172 175/175
f 181/181 175/175 182/182
f 183/183 184/184 185/185
f 183/183 185/185 186/186
f 184/184 187/187 188/188
f 184/184 188/188 185/185
f 128/128 119/119 189/189
f 128/128 189/189 190/190
f 119/119 118/118 191/191
f 119/119 191/191 189/189
f 118/118 117/117 192/192
f 118/118 192/192 191/191
f 117/117 125/125 193/193
f 117/117 193/193 192/192
f 194/194 195/195 196/196
f 194/194 196/196 197/197
f 111/111 102/102 198/198
f 111/111 198/198 199/199
f 102/102 101/101 200/200
f 102/102 200/200 198/198
f 101/101 100/100 201/201
f 101/101 201/201 200/200
f 100/100 108/108 202/202
f 100/100 202/202 201/201
f 203/203 194/194 197/197
f 203/203 197/197 204/204
f 205/205 206/206 207/207
f 205/205 207/207 208/208
f 206/206 209/209 210/210
f 206/206 210/210 207/207
f 206/206 211/211 212/212
f 206/206 212/212 209/209
f 213/213 214/214 207/207
f 213/213 207/207 210/210
f 206/206 205/205 215/215
f 206/206 215/215 211/211
f 216/216 208/208 207/207
f 216/216 207/207 214/214
f 217/217 215/215 205/205
f 217/217 205/205 218/218
f 219/219 217/217 218/218
f 219/219 218/218 220/220
f 218/218 205/205 208/208
f 218/218 208/208 221/221
f 220/220 218/218 221/221
f 220/220 221/221 222/222
f 223/223 221/221 208/208
f 223/223 208/208 216/216
f 224/224 222/222 221/221
f 224/224 221/221 223/223
f 225/225 213/213 210/210
f 225/225 210/210 226/226
f 227/227 228/228 229/229
f 227/227 229/229 230/230
f 231/231 232/232 209/209
f 231/231 209/209 212/212
f 233/233 234/234 235/235
f 233/233 235/235 236/236
f 231/231 212/212 211/211
f 231/231 211/211 237/237
f 238/238 239/239 231/231
f 238/238 231/231 237/237
f 226/226 210/210 209/209
f 226/226 209/209 232/232
f 230/230 229/229 235/235
f 230/230 235/235 234/234
f 240/240 223/223 216/216
f 240/240 216/216 214/214
f 224/224 223/223 240/240
f 224/224 240/240 241/241
f 237/237 211/211 215/215
f 237/237 215/215 217/217
f 219/219 238/238 237/237
f 219/219 237/237 217/217
f 225/225 240/240 214/214
f 225/225 214/214 213/213
f 241/241 240/240 225/225
f 241/241 225/225 242/242
f 243/243 244/244 245/245
f 243/243 245/245 246/246
f 247/247 248/248 249/249
f 247/247 249/249 250/250
f 246/246 245/245 251/251
f 246/246 251/251 252/252
f 248/248 252/252 251/251
f 248/248 251/251 249/249
f 253/253 254/254 255/255
f 253/253 255/255 256/256
f 257/257 258/258 259/259
f 257/257 259/259 260/260
f 256/256 255/255 261/261
f 256/256 261/261 262/262
f 258/258 262/262 261/261
f 258/258 261/261 259/259
f 263/263 264/264 265/265
f 263/263 265/265 266/266
f 267/267 268/268 269/269
f 267/267 269/269 270/270
f 266/266 265/265 271/271
f 266/266 271/271 272/272
f 268/268 272/272 271/271
f 268/268 271/271 269/269
f 273/273 274/274 275/275
f 273/273 275/275 276/276
f 277/277 278/278 279/279
f 277/277 279/279 280/280
f 276/276 275/275 281/281
f 276/276 281/281 282/282
f 278/278 282/282 281/281
f 278/278 281/281 279/279
f 283/283 284/284 285/285
f 283/283 285/285 247/247
f 248/248 247/247 285/285
f 248/248 285/285 252/252
f 286/286 243/243 285/285
f 286/286 285/285 284/284
f 246/246 252/252 285/285
f 246/246 285/285 243/243
f 286/286 284/284 287/287
f 286/286 287/287 288/288
f 288/288 244/244 243/243
f 288/288 243/243 286/286
f 283/283 289/289 287/287
f 283/283 287/287 284/284
f 247/247 250/250 289/289
f 247/247 289/289 283/283
f 290/290 291/291 292/292
f 290/290 292/292 293/293
f 288/288 294/294 295/295
f 288/288 295/295 244/244
f 296/296 297/297 292/292
f 296/296 292/292 291/291
f 289/289 250/250 298/298
f 289/289 298/298 299/299
f 300/300 301/301 302/302
f 300/300 302/302 257/257
f 258/258 257/257 302/302
f 258/258 302/302 262/262
f 303/303 253/253 302/302
f 303/303 302/302 301/301
f 256/256 262/262 302/302
f 256/256 302/302 253/253
f 303/303 301/301 304/304
f 303/303 304/304 305/305
f 305/305 254/254 253/253
f 305/305 253/253 303/303
f 300/300 306/306 304/304
f 300/300 304/304 301/301
f 257/257 260/260 306/306
f 257/257 306/306 300/300
f 307/307 308/308 309/309
f 307/307 309/309 310/310
f 305/305 311/311 312/312
f 305/305 312/312 254/254
f 313/313 314/314 309/309
f 313/313 309/309 308/308
f 306/306 260/260 315/315
f 306/306 315/315 316/316
f 317/317 318/318 319/319
f 317/317 319/319 267/267
f 268/268 267/267 319/319
f 268/268 319/319 272/272
f 320/320 263/263 319/319
f 320/320 319/319 318/318
f 266/266 272/272 319/319
f 266/266 319/319 263/263
f 320/320 318/318 321/321
f 320/320 321/321 322/322
f 322/322 264/264 263/263
f 322/322 263/263 320/320
f 317/317 323/323 321/321
f 317/317 321/321 318/318
f 267/267 270/270 323/323
f 267/267 323/323 317/317
f 324/324 325/325 326/326
f 324/324 326/326 327/327
f 322/322 328/328 329/329
f 322/322 329/329 264/264
f 330/330 331/331 326/326
f 330/330 326/326 325/325
f 323/323 270/270 332/332
f 323/323 332/332 333/333
f 334/334 335/335 336/336
f 334/334 336/336 277/277
f 278/278 277/277 336/336
f 278/278 336/336 282/282
f 337/337 273/273 336/336
f 337/337 336/336 335/335
f 276/276 282/282 336/336
f 276/276 336/336 273/273
f 337/337 335/335 338/338
f 337/337 338/338 339/339
f 339/339 274/274 273/273
f 339/339 273/273 337/337
f 334/334 340/340 338/338
f 334/334 338/338 335/335
f 277/277 280/280 340/340
f 277/277 340/340 334/334
f 341/341 342/342 343/343
f 341/341 343/343 344/344
f 339/339 345/345 346/346
f 339/339 346/346 274/274
f 347/347 348/348 343/343
f 347/347 343/343 342/342
f 340/340 280/280 349/349
f 340/340 349/349 350/350
f 226/226 351/351 352/352
f 226/226 352/352 225/225
f 225/225 352/352 353/353
f 225/225 353/353 242/242
f 354/354 355/355 356/356
f 354/354 356/356 357/357
f 357/357 356/356 358/358
f 357/357 358/358 359/359
f 359/359 358/358 360/360
f 359/359 360/360 361/361
f 239/239 362/362 363/363
f 239/239 363/363 231/231
f 231/231 363/363 364/364
f 231/231 364/364 232/232
f 232/232 364/364 351/351
f 232/232 351/351 226/226
f 365/365 366/366 367/367
f 365/365 367/367 368/368
f 299/299 369/369 370/370
f 299/299 370/370 289/289
f 289/289 370/370 371/371
f 289/289 371/371 287/287
f 287/287 371/371 372/372
f 287/287 372/372 288/288
f 288/288 372/372 373/373
f 288/288 373/373 294/294
f 374/374 375/375 366/366
f 374/374 366/366 365/365
f 376/376 377/377 378/378
f 376/376 378/378 379/379
f 350/350 380/380 381/381
f 350/350 381/381 340/340
f 340/340 381/381 382/382
f 340/340 382/382 338/338
f 338/338 382/382 383/383
f 338/338 383/383 339/339
f 339/339 383/383 384/384
f 339/339 384/384 345/345
f 385/385 386/386 377/377
f 385/385 377/377 376/376
f 387/387 388/388 389/389
f 387/387 389/389 390/390
f 390/390 389/389 391/391
f 390/390 391/391 392/392
f 333/333 393/393 394/394
f 333/333 394/394 323/323
f 323/323 394/394 395/395
f 323/323 395/395 321/321
f 321/321 395/395 396/396
f 321/321 396/396 322/322
f 322/322 396/396 397/397
f 322/322 397/397 328/328
f 398/398 399/399 400/400
f 398/398 400/400 401/401
f 316/316 402/402 403/403
f 316/316 403/403 306/306
f 306/306 403/403 404/404
f 306/306 404/404 304/304
f 304/304 404/404 405/405
f 304/304 405/405 305/305
f 305/305 405/405 406/406
f 305/305 406/406 311/311
f 407/407 408/408 399/399
f 407/407 399/399 398/398
f 409/409 410/410 411/411
f 409/409 411/411 412/412
f 410/410 413/413 414/414
f 410/410 414/414 411/411
f 415/415 416/416 417/417
f 415/415 417/417 418/418
f 419/419 420/420 416/416
f 419/419 416/416 415/415
f 421/421 422/422 417/417
f 421/421 417/417 416/416
f 420/420 423/423 421/421
f 420/420 421/421 416/416
f 410/410 409/409 422/422
f 410/410 422/422 421/421
f 413/413 410/410 421/421
f 413/413 421/421 423/423
f 419/419 424/424 423/423
f 419/419 423/423 420/420
f 413/413 425/425 426/426
f 413/413 426/426 414/414
f 423/423 424/424 425/425
f 423/423 425/425 413/413
f 419/419 427/427 428/428
f 419/419 428/428 424/424
f 425/425 424/424 428/428
f 425/425 428/428 429/429
f 425/425 429/429 430/430
f 425/425 430/430 426/426
f 418/418 431/431 432/432
f 418/418 432/432 415/415
f 415/415 432/432 427/427
f 415/415 427/427 419/419
f 433/433 434/434 435/435
f 433/433 435/435 436/436
f 435/435 437/437 438/438
f 435/435 438/438 436/436
f 438/438 437/437 439/439
f 438/438 439/439 440/440
f 441/441 442/442 414/414
f 441/441 414/414 426/426
f 442/442 443/443 411/411
f 442/442 411/411 414/414
f 443/443 444/444 412/412
f 443/443 412/412 411/411
f 445/445 441/441 426/426
f 445/445 426/426 430/430
f 446/446 433/433 436/436
f 446/446 436/436 447/447
f 447/447 436/436 438/438
f 447/447 438/438 448/448
f 448/448 438/438 440/440
f 448/448 440/440 449/449
f 450/450 451/451 442/442
f 450/450 442/442 441/441
f 451/451 452/452 443/443
f 451/451 443/443 442/442
f 452/452 453/453 444/444
f 452/452 444/444 443/443
f 452/452 448/448 449/449
f 452/452 449/449 453/453
f 451/451 447/447 448/448
f 451/451 448/448 452/452
f 409/409 412/412 454/454
f 409/409 454/454 455/455
f 455/455 454/454 456/456
f 455/455 456/456 457/457
f 458/458 418/418 417/417
f 458/458 417/417 459/459
f 460/460 458/458 459/459
f 460/460 459/459 461/461
f 417/417 422/422 462/462
f 417/417 462/462 459/459
f 461/461 459/459 462/462
f 461/461 462/462 463/463
f 422/422 409/409 455/455
f 422/422 455/455 462/462
f 462/462 455/455 457/457
f 462/462 457/457 463/463
f 463/463 464/464 460/460
f 463/463 460/460 461/461
f 465/465 466/466 457/457
f 465/465 457/457 456/456
f 466/466 464/464 463/463
f 466/466 463/463 457/457
f 467/467 468/468 460/460
f 467/467 460/460 464/464
f 466/466 469/469 467/467
f 466/466 467/467 464/464
f 470/470 469/469 466/466
f 470/470 466/466 465/465
f 471/471 431/431 418/418
f 471/471 418/418 458/458
f 468/468 471/471 458/458
f 468/468 458/458 460/460
f 472/472 473/473 474/474
f 472/472 474/474 475/475
f 475/475 476/476 477/477
f 475/475 477/477 472/472
f 439/439 477/477 476/476
f 439/439 476/476 440/440
f 478/478 465/465 456/456
f 478/478 456/456 479/479
f 479/479 456/456 454/454
f 479/479 454/454 480/480
f 480/480 454/454 412/412
f 480/480 412/412 444/444
f 481/481 470/470 465/465
f 481/481 465/465 478/478
f 475/475 474/474 482/482
f 475/475 482/482 483/483
f 476/476 475/475 483/483
f 476/476 483/483 484/484
f 440/440 476/476 484/484
f 440/440 484/484 449/449
f 485/485 478/478 479/479
f 485/485 479/479 486/486
f 486/486 479/479 480/480
f 486/486 480/480 487/487
f 487/487 480/480 444/444
f 487/487 444/444 453/453
f 449/449 484/484 487/487
f 449/449 487/487 453/453
f 484/484 483/483 486/486
f 484/484 486/486 487/487
f 488/488 489/489 490/490
f 488/488 490/490 491/491
f 489/489 492/492 493/493
f 489/489 493/493 490/490
f 494/494 495/495 496/496
f 494/494 496/496 497/497
f 498/498 499/499 495/495
f 498/498 495/495 494/494
f 500/500 501/501 496/496
f 500/500 496/496 495/495
f 499/499 502/502 500/500
f 499/499 500/500 495/495
f 489/489 488/488 501/501
f 489/489 501/501 500/500
f 492/492 489/489 500/500
f 492/492 500/500 502/502
f 498/498 503/503 502/502
f 498/498 502/502 499/499
f 492/492 504/504 505/505
f 492/492 505/505 493/493
f 502/502 503/503 504/504
f 502/502 504/504 492/492
f 498/498 506/506 507/507
f 498/498 507/507 503/503
f 504/504 503/503 507/507
f 504/504 507/507 508/508
f 504/504 508/508 509/509
f 504/504 509/509 505/505
f 497/497 510/510 511/511
f 497/497 511/511 494/494
f 494/494 511/511 506/506
f 494/494 506/506 498/498
f 512/512 513/513 514/514
f 512/512 514/514 515/515
f 514/514 516/516 517/517
f 514/514 517/517 515/515
f 517/517 516/516 518/518
f 517/517 518/518 519/519
f 520/520 521/521 493/493
f 520/520 493/493 505/505
f 521/521 522/522 490/490
f 521/521 490/490 493/493
f 522/522 523/523 491/491
f 522/522 491/491 490/490
f 524/524 520/520 505/505
f 524/524 505/505 509/509
f 525/525 512/512 515/515
f 525/525 515/515 526/526
f 526/526 515/515 517/517
f 526/526 517/517 527/527
f 527/527 517/517 519/519
f 527/527 519/519 528/528
f 529/529 530/530 521/521
f 529/529 521/521 520/520
f 530/530 531/531 522/522
f 530/530 522/522 521/521
f 531/531 532/532 523/523
f 531/531 523/523 522/522
f 531/531 527/527 528/528
f 531/531 528/528 532/532
f 530/530 526/526 527/527
f 530/530 527/527 531/531
f 488/488 491/491 533/533
f 488/488 533/533 534/534
f 534/534 533/533 535/535
f 534/534 535/535 536/536
f 537/537 497/497 496/496
f 537/537 496/496 538/538
f 539/539 537/537 538/538
f 539/539 538/538 540/540
f 496/496 501/501 541/541
f 496/496 541/541 538/538
f 540/540 538/538 541/541
f 540/540 541/541 542/542
f 501/501 488/488 534/534
f 501/501 534/534 541/541
f 541/541 534/534 536/536
f 541/541 536/536 542/542
f 542/542 543/543 539/539
f 542/542 539/539 540/540
f 544/544 545/545 536/536
f 544/544 536/536 535/535
f 545/545 543/543 542/542
f 545/545 542/542 536/536
f 546/546 547/547 539/539
f 546/546 539/539 543/543
f 545/545 548/548 546/546
f 545/545 546/546 543/543
f 549/549 548/548 545/545
f 549/549 545/545 544/544
f 550/550 510/510 497/497
f 550/550 497/497 537/537
f 547/547 550/550 537/537
f 547/547 537/537 539/539
f 551/551 552/552 553/553
f 551/551 553/553 554/554
f 554/554 555/555 556/556
f 554/554 556/556 551/551
f 518/518 556/556 555/555
f 518/518 555/555 519/519
f 557/557 544/544 535/535
f 557/557 535/535 558/558
f 558/558 535/535 533/533
f 558/558 533/533 559/559
f 559/559 533/533 491/491
f 559/559 491/491 523/523
f 560/560 549/549 544/544
f 560/560 544/544 557/557
f 554/554 553/553 561/561
f 554/554 561/561 562/562
f 555/555 554/554 562/562
f 555/555 562/562 563/563
f 519/519 555/555 563/563
f 519/519 563/563 528/528
f 564/564 557/557 558/558
f 564/564 558/558 565/565
f 565/565 558/558 559/559
f 565/565 559/559 566/566
f 566/566 559/559 523/523
f 566/566 523/523 532/532
f 528/528 563/563 566/566
f 528/528 566/566 532/532
f 563/563 562/562 565/565
f 563/563 565/565 566/566
f 567/567 568/568 569/569
f 567/567 569/569 570/570
f 568/568 571/571 572/572
f 568/568 572/572 569/569
f 573/573 574/574 575/575
f 573/573 575/575 576/576
f 577/577 578/578 574/574
f 577/577 574/574 573/573
f 574/574 579/579 580/580
f 574/574 580/580 575/575
f 578/578 581/581 579/579
f 578/578 579/579 574/574
f 568/568 567/567 580/580
f 568/568 580/580 579/579
f 571/571 568/568 579/579
f 571/571 579/579 581/581
f 577/577 582/582 581/581
f 577/577 581/581 578/578
f 571/571 583/583 584/584
f 571/571 584/584 572/572
f 581/581 582/582 583/583
f 581/581 583/583 571/571
f 577/577 585/585 586/586
f 577/577 586/586 582/582
f 583/583 582/582 586/586
f 583/583 586/586 587/587
f 583/583 587/587 588/588
f 583/583 588/588 584/584
f 576/576 589/589 590/590
f 576/576 590/590 573/573
f 573/573 590/590 585/585
f 573/573 585/585 577/577
f 591/591 592/592 593/593
f 591/591 593/593 594/594
f 593/593 595/595 596/596
f 593/593 596/596 594/594
f 596/596 595/595 597/597
f 596/596 597/597 598/598
f 599/599 600/600 572/572
f 599/599 572/572 584/584
f 600/600 601/601 569/569
f 600/600 569/569 572/572
f 601/601 602/602 570/570
f 601/601 570/570 569/569
f 603/603 599/599 584/584
f 603/603 584/584 588/588
f 604/604 591/591 594/594
f 604/604 594/594 605/605
f 605/605 594/594 596/596
f 605/605 596/596 606/606
f 606/606 596/596 598/598
f 606/606 598/598 607/607
f 608/608 609/609 600/600
f 608/608 600/600 599/599
f 609/609 610/610 601/601
f 609/609 601/601 600/600
f 610/610 611/611 602/602
f 610/610 602/602 601/601
f 610/610 606/606 607/607
f 610/610 607/607 611/611
f 609/609 605/605 606/606
f 609/609 606/606 610/610
f 567/567 570/570 612/612
f 567/567 612/612 613/613
f 613/613 612/612 614/614
f 613/613 614/614 615/615
f 616/616 576/576 575/575
f 616/616 575/575 617/617
f 618/618 616/616 617/617
f 618/618 617/617 619/619
f 575/575 580/580 620/620
f 575/575 620/620 617/617
f 619/619 617/617 620/620
f 619/619 620/620 621/621
f 580/580 567/567 613/613
f 580/580 613/613 620/620
f 620/620 613/613 615/615
f 620/620 615/615 621/621
f 621/621 622/622 618/618
f 621/621 618/618 619/619
f 623/623 624/624 615/615
f 623/623 615/615 614/614
f 624/624 622/622 621/621
f 624/624 621/621 615/615
f 625/625 626/626 618/618
f 625/625 618/618 622/622
f 624/624 627/627 625/625
f 624/624 625/625 622/622
f 628/628 627/627 624/624
f 628/628 624/624 623/623
f 629/629 589/589 576/576
f 629/629 576/576 616/616
f 626/626 629/629 616/616
f 626/626 616/616 618/618
f 630/630 631/631 632/632
f 630/630 632/632 633/633
f 633/633 634/634 635/635
f 633/633 635/635 630/630
f 597/597 635/635 634/634
f 597/597 634/634 598/598
f 636/636 623/623 614/614
f 636/636 614/614 637/637
f 637/637 614/614 612/612
f 637/637 612/612 638/638
f 638/638 612/612 570/570
f 638/638 570/570 602/602
f 639/639 628/628 623/623
f 639/639 623/623 636/636
f 633/633 632/632 640/640
f 633/633 640/640 641/641
f 634/634 633/633 641/641
f 634/634 641/641 642/642
f 598/598 634/634 642/642
f 598/598 642/642 607/607
f 643/643 636/636 637/637
f 643/643 637/637 644/644
f 644/644 637/637 638/638
f 644/644 638/638 645/645
f 645/645 638/638 602/602
f 645/645 602/602 611/611
f 607/607 642/642 645/645
f 607/607 645/645 611/611
f 642/642 641/641 644/644
f 642/642 644/644 645/645
f 646/646 647/647 648/648
f 646/646 648/648 649/649
f 647/647 650/650 651/651
f 647/647 651/651 648/648
f 652/652 653/653 654/654
f 652/652 654/654 655/655
f 653/653 656/656 657/657
f 653/653 657/657 654/654
f 650/650 647/647 657/657
f 650/650 657/657 656/656
f 653/653 652/652 658/658
f 653/653 658/658 656/656
f 650/650 659/659 660/660
f 650/650 660/660 651/651
f 656/656 658/658 659/659
f 656/656 659/659 650/650
f 652/652 661/661 662/662
f 652/652 662/662 658/658
f 659/659 658/658 662/662
f 659/659 662/662 663/663
f 659/659 663/663 664/664
f 659/659 664/664 660/660
f 655/655 665/665 661/661
f 655/655 661/661 652/652
f 666/666 667/667 668/668
f 666/666 668/668 669/669
f 668/668 670/670 671/671
f 668/668 671/671 669/669
f 671/671 670/670 672/672
f 671/671 672/672 673/673
f 674/674 675/675 651/651
f 674/674 651/651 660/660
f 675/675 676/676 648/648
f 675/675 648/648 651/651
f 677/677 674/674 660/660
f 677/677 660/660 664/664
f 678/678 666/666 669/669
f 678/678 669/669 679/679
f 679/679 669/669 671/671
f 679/679 671/671 680/680
f 680/680 671/671 673/673
f 680/680 673/673 681/681
f 682/682 683/683 675/675
f 682/682 675/675 674/674
f 683/683 684/684 676/676
f 683/683 676/676 675/675
f 684/684 680/680 681/681
f 684/684 681/681 685/685
f 683/683 679/679 680/680
f 683/683 680/680 684/684
f 686/686 687/687 655/655
f 686/686 655/655 654/654
f 688/688 686/686 654/654
f 688/688 654/654 657/657
f 647/647 646/646 688/688
f 647/647 688/688 657/657
f 687/687 689/689 665/665
f 687/687 665/665 655/655
f 676/676 690/690 649/649
f 676/676 649/649 648/648
f 684/684 685/685 690/690
f 684/684 690/690 676/676
f 646/646 649/649 691/691
f 646/646 691/691 692/692
f 692/692 691/691 693/693
f 692/692 693/693 694/694
f 695/695 696/696 697/697
f 695/695 697/697 698/698
f 698/698 697/697 699/699
f 698/698 699/699 700/700
f 699/699 692/692 694/694
f 699/699 694/694 700/700
f 698/698 700/700 701/701
f 698/698 701/701 695/695
f 702/702 703/703 694/694
f 702/702 694/694 693/693
f 703/703 701/701 700/700
f 703/703 700/700 694/694
f 704/704 705/705 695/695
f 704/704 695/695 701/701
f 703/703 706/706 704/704
f 703/703 704/704 701/701
f 707/707 706/706 703/703
f 707/707 703/703 702/702
f 705/705 708/708 696/696
f 705/705 696/696 695/695
f 709/709 710/710 711/711
f 709/709 711/711 712/712
f 712/712 713/713 714/714
f 712/712 714/714 709/709
f 672/672 714/714 713/713
f 672/672 713/713 673/673
f 715/715 702/702 693/693
f 715/715 693/693 716/716
f 716/716 693/693 691/691
f 716/716 691/691 717/717
f 718/718 707/707 702/702
f 718/718 702/702 715/715
f 712/712 711/711 719/719
f 712/712 719/719 720/720
f 713/713 712/712 720/720
f 713/713 720/720 721/721
f 673/673 713/713 721/721
f 673/673 721/721 681/681
f 722/722 715/715 716/716
f 722/722 716/716 723/723
f 723/723 716/716 717/717
f 723/723 717/717 724/724
f 681/681 721/721 724/724
f 681/681 724/724 685/685
f 721/721 720/720 723/723
f 721/721 723/723 724/724
f 696/696 687/687 686/686
f 696/696 686/686 697/697
f 697/697 686/686 688/688
f 697/697 688/688 699/699
f 692/692 699/699 688/688
f 692/692 688/688 646/646
f 708/708 689/689 687/687
f 708/708 687/687 696/696
f 717/717 691/691 649/649
f 717/717 649/649 690/690
f 724/724 717/717 690/690
f 724/724 690/690 685/685
f 446/446 450/450 441/441
f 446/446 441/441 445/445
f 450/450 446/446 447/447
f 450/450 447/447 451/451
f 485/485 486/486 483/483
f 485/485 483/483 482/482
f 478/478 485/485 482/482
f 478/478 482/482 481/481
f 525/525 529/529 520/520
f 525/525 520/520 524/524
f 529/529 525/525 526/526
f 529/529 526/526 530/530
f 564/564 565/565 562/562
f 564/564 562/562 561/561
f 557/557 564/564 561/561
f 557/557 561/561 560/560
f 643/643 644/644 641/641
f 643/643 641/641 640/640
f 636/636 643/643 640/640
f 636/636 640/640 639/639
f 604/604 608/608 599/599
f 604/604 599/599 603/603
f 608/608 604/604 605/605
f 608/608 605/605 609/609
f 678/678 682/682 674/674
f 678/678 674/674 677/677
f 722/722 723/723 720/720
f 722/722 720/720 719/719
f 715/715 722/722 719/719
f 715/715 719/719 718/718
f 682/682 678/678 679/679
f 682/682 679/679 683/683
f 725/725 726/726 727/727
f 725/725 727/727 728/728
f 726/726 729/729 730/730
f 726/726 730/730 727/727
f 731/731 732/732 733/733
f 731/731 733/733 734/734
f 735/735 736/736 732/732
f 735/735 732/732 731/731
f 737/737 738/738 733/733
f 737/737 733/733 732/732
f 736/736 739/739 737/737
f 736/736 737/737 732/732
f 726/726 725/725 738/738
f 726/726 738/738 737/737
f 729/729 726/726 737/737
f 729/729 737/737 739/739
f 735/735 740/740 739/739
f 735/735 739/739 736/736
f 729/729 741/741 742/742
f 729/729 742/742 730/730
f 739/739 740/740 741/741
f 739/739 741/741 729/729
f 743/743 744/744 740/740
f 743/743 740/740 735/735
f 741/741 740/740 744/744
f 741/741 744/744 745/745
f 741/741 745/745 746/746
f 741/741 746/746 742/742
f 734/734 747/747 748/748
f 734/734 748/748 731/731
f 731/731 748/748 743/743
f 731/731 743/743 735/735
f 749/749 750/750 751/751
f 749/749 751/751 752/752
f 751/751 753/753 754/754
f 751/751 754/754 752/752
f 754/754 753/753 755/755
f 754/754 755/755 756/756
f 757/757 758/758 730/730
f 757/757 730/730 742/742
f 758/758 759/759 727/727
f 758/758 727/727 730/730
f 759/759 760/760 728/728
f 759/759 728/728 727/727
f 761/761 757/757 742/742
f 761/761 742/742 746/746
f 762/762 749/749 752/752
f 762/762 752/752 763/763
f 763/763 752/752 754/754
f 763/763 754/754 764/764
f 764/764 754/754 756/756
f 764/764 756/756 765/765
f 766/766 767/767 758/758
f 766/766 758/758 757/757
f 767/767 768/768 759/759
f 767/767 759/759 758/758
f 768/768 769/769 760/760
f 768/768 760/760 759/759
f 768/768 764/764 765/765
f 768/768 765/765 769/769
f 768/768 767/767 763/763
f 768/768 763/763 764/764
f 725/725 728/728 770/770
f 725/725 770/770 771/771
f 771/771 770/770 772/772
f 771/771 772/772 773/773
f 734/734 733/733 774/774
f 734/734 774/774 775/775
f 776/776 775/775 774/774
f 776/776 774/774 777/777
f 733/733 738/738 778/778
f 733/733 778/778 774/774
f 777/777 774/774 778/778
f 777/777 778/778 779/779
f 738/738 725/725 771/771
f 738/738 771/771 778/778
f 778/778 771/771 773/773
f 778/778 773/773 779/779
f 779/779 780/780 776/776
f 779/779 776/776 777/777
f 781/781 782/782 773/773
f 781/781 773/773 772/772
f 782/782 780/780 779/779
f 782/782 779/779 773/773
f 783/783 784/784 776/776
f 783/783 776/776 780/780
f 782/782 785/785 783/783
f 782/782 783/783 780/780
f 786/786 785/785 782/782
f 786/786 782/782 781/781
f 775/775 787/787 747/747
f 775/775 747/747 734/734
f 784/784 787/787 775/775
f 784/784 775/775 776/776
f 788/788 789/789 790/790
f 788/788 790/790 791/791
f 791/791 792/792 793/793
f 791/791 793/793 788/788
f 755/755 793/793 792/792
f 755/755 792/792 756/756
f 794/794 781/781 772/772
f 794/794 772/772 795/795
f 795/795 772/772 770/770
f 795/795 770/770 796/796
f 796/796 770/770 728/728
f 796/796 728/728 760/760
f 797/797 786/786 781/781
f 797/797 781/781 794/794
f 791/791 790/790 798/798
f 791/791 798/798 799/799
f 792/792 791/791 799/799
f 792/792 799/799 800/800
f 756/756 792/792 800/800
f 756/756 800/800 765/765
f 801/801 794/794 795/795
f 801/801 795/795 802/802
f 802/802 795/795 796/796
f 802/802 796/796 803/803
f 803/803 796/796 760/760
f 803/803 760/760 769/769
f 765/765 800/800 803/803
f 765/765 803/803 769/769
f 800/800 799/799 802/802
f 800/800 802/802 803/803
f 762/762 766/766 757/757
f 762/762 757/757 761/761
f 801/801 802/802 799/799
f 801/801 799/799 798/798
f 794/794 801/801 798/798
f 794/794 798/798 797/797
f 762/762 763/763 767/767
f 762/762 767/767 766/766
f 147/147 26/26 25/25
f 147/147 25/25 148/148
f 149/149 23/23 26/26
f 149/149 26/26 147/147
f 152/152 24/24 23/23
f 152/152 23/23 153/153
f 155/155 32/32 24/24
f 155/155 24/24 152/152
f 157/157 29/29 32/32
f 157/157 32/32 155/155
f 158/158 30/30 29/29
f 158/158 29/29 159/159
f 160/160 31/31 30/30
f 160/160 30/30 158/158
f 148/148 25/25 31/31
f 148/148 31/31 160/160
f 163/163 93/93 88/88
f 163/163 88/88 164/164
f 165/165 92/92 93/93
f 165/165 93/93 166/166
f 167/167 89/89 92/92
f 167/167 92/92 165/165
f 168/168 86/86 89/89
f 168/168 89/89 167/167
f 169/169 87/87 86/86
f 169/169 86/86 168/168
f 164/164 88/88 87/87
f 164/164 87/87 171/171
f 196/196 110/110 105/105
f 196/196 105/105 197/197
f 198/198 109/109 110/110
f 198/198 110/110 199/199
f 200/200 106/106 109/109
f 200/200 109/109 198/198
f 201/201 103/103 106/106
f 201/201 106/106 200/200
f 202/202 104/104 103/103
f 202/202 103/103 201/201
f 197/197 105/105 104/104
f 197/197 104/104 204/204
f 185/185 122/122 121/121
f 185/185 121/121 186/186
f 188/188 127/127 122/122
f 188/188 122/122 185/185
f 189/189 126/126 127/127
f 189/189 127/127 190/190
f 191/191 123/123 126/126
f 191/191 126/126 189/189
f 192/192 120/120 123/123
f 192/192 123/123 191/191
f 193/193 121/121 120/120
f 193/193 120/120 192/192
f 174/174 144/144 139/139
f 174/174 139/139 175/175
f 176/176 143/143 144/144
f 176/176 144/144 177/177
f 178/178 140/140 143/143
f 178/178 143/143 176/176
f 179/179 137/137 140/140
f 179/179 140/140 178/178
f 180/180 138/138 137/137
f 180/180 137/137 179/179
f 175/175 139/139 138/138
f 175/175 138/138 182/182
f 351/351 229/229 228/228
f 351/351 228/228 352/352
f 352/352 228/228 227/227
f 352/352 227/227 353/353
f 355/355 227/227 230/230
f 355/355 230/230 356/356
f 356/356 230/230 234/234
f 356/356 234/234 358/358
f 358/358 234/234 233/233
f 358/358 233/233 360/360
f 362/362 233/233 236/236
f 362/362 236/236 363/363
f 363/363 236/236 235/235
f 363/363 235/235 364/364
f 364/364 235/235 229/229
f 364/364 229/229 351/351
f 366/366 292/292 297/297
f 366/366 297/297 367/367
f 369/369 297/297 296/296
f 369/369 296/296 370/370
f 370/370 296/296 291/291
f 370/370 291/291 371/371
f 371/371 291/291 290/290
f 371/371 290/290 372/372
f 372/372 290/290 293/293
f 372/372 293/293 373/373
f 375/375 293/293 292/292
f 375/375 292/292 366/366
f 399/399 309/309 314/314
f 399/399 314/314 400/400
f 402/402 314/314 313/313
f 402/402 313/313 403/403
f 403/403 313/313 308/308
f 403/403 308/308 404/404
f 404/404 308/308 307/307
f 404/404 307/307 405/405
f 405/405 307/307 310/310
f 405/405 310/310 406/406
f 408/408 310/310 309/309
f 408/408 309/309 399/399
f 388/388 327/327 326/326
f 388/388 326/326 389/389
f 389/389 326/326 331/331
f 389/389 331/331 391/391
f 393/393 331/331 330/330
f 393/393 330/330 394/394
f 394/394 330/330 325/325
f 394/394 325/325 395/395
f 395/395 325/325 324/324
f 395/395 324/324 396/396
f 396/396 324/324 327/327
f 396/396 327/327 397/397
f 377/377 343/343 348/348
f 377/377 348/348 378/378
f 380/380 348/348 347/347
f 380/380 347/347 381/381
f 381/381 347/347 342/342
f 381/381 342/342 382/382
f 382/382 342/342 341/341
f 382/382 341/341 383/383
f 383/383 341/341 344/344
f 383/383 344/344 384/384
f 386/386 344/344 343/343
f 386/386 343/343 377/377
f 804/804 805/805 806/806
f 804/804 806/806 807/807
f 807/807 806/806 808/808
f 807/807 808/808 809/809
f 810/810 811/811 812/812
f 810/810 812/812 813/813
f 814/814 810/810 813/813
f 814/814 813/813 815/815
f 816/816 813/813 812/812
f 816/816 812/812 817/817
f 815/815 813/813 816/816
f 815/815 816/816 818/818
f 807/807 816/816 817/817
f 807/807 817/817 804/804
f 809/809 818/818 816/816
f 809/809 816/816 807/807
f 814/814 815/815 818/818
f 814/814 818/818 819/819
f 809/809 808/808 820/820
f 809/809 820/820 821/821
f 818/818 809/809 821/821
f 818/818 821/821 819/819
f 814/814 819/819 822/822
f 814/814 822/822 823/823
f 821/821 824/824 822/822
f 821/821 822/822 819/819
f 821/821 820/820 825/825
f 821/821 825/825 824/824
f 811/811 810/810 826/826
f 811/811 826/826 827/827
f 810/810 814/814 823/823
f 810/810 823/823 826/826
f 828/828 829/829 830/830
f 828/828 830/830 831/831
f 830/830 829/829 832/832
f 830/830 832/832 833/833
f 832/832 834/834 835/835
f 832/832 835/835 833/833
f 836/836 820/820 808/808
f 836/836 808/808 837/837
f 837/837 808/808 806/806
f 837/837 806/806 838/838
f 838/838 806/806 805/805
f 838/838 805/805 839/839
f 840/840 825/825 820/820
f 840/840 820/820 836/836
f 841/841 842/842 829/829
f 841/841 829/829 828/828
f 842/842 843/843 832/832
f 842/842 832/832 829/829
f 843/843 844/844 834/834
f 843/843 834/834 832/832
f 845/845 836/836 837/837
f 845/845 837/837 846/846
f 846/846 837/837 838/838
f 846/846 838/838 847/847
f 847/847 838/838 839/839
f 847/847 839/839 848/848
f 847/847 848/848 844/844
f 847/847 844/844 843/843
f 846/846 847/847 843/843
f 846/846 843/843 842/842
f 804/804 849/849 850/850
f 804/804 850/850 805/805
f 849/849 851/851 852/852
f 849/849 852/852 850/850
f 853/853 854/854 812/812
f 853/853 812/812 811/811
f 855/855 856/856 854/854
f 855/855 854/854 853/853
f 812/812 854/854 857/857
f 812/812 857/857 817/817
f 856/856 858/858 857/857
f 856/856 857/857 854/854
f 817/817 857/857 849/849
f 817/817 849/849 804/804
f 857/857 858/858 851/851
f 857/857 851/851 849/849
f 858/858 856/856 855/855
f 858/858 855/855 859/859
f 860/860 852/852 851/851
f 860/860 851/851 861/861
f 861/861 851/851 858/858
f 861/861 858/858 859/859
f 862/862 859/859 855/855
f 862/862 855/855 863/863
f 861/861 859/859 862/862
f 861/861 862/862 864/864
f 865/865 860/860 861/861
f 865/865 861/861 864/864
f 866/866 853/853 811/811
f 866/866 811/811 827/827
f 863/863 855/855 853/853
f 863/863 853/853 866/866
f 867/867 868/868 869/869
f 867/867 869/869 870/870
f 868/868 867/867 871/871
f 868/868 871/871 872/872
f 835/835 834/834 872/872
f 835/835 872/872 871/871
f 873/873 874/874 852/852
f 873/873 852/852 860/860
f 874/874 875/875 850/850
f 874/874 850/850 852/852
f 875/875 839/839 805/805
f 875/875 805/805 850/850
f 876/876 873/873 860/860
f 876/876 860/860 865/865
f 868/868 877/877 878/878
f 868/868 878/878 869/869
f 872/872 879/879 877/877
f 872/872 877/877 868/868
f 834/834 844/844 879/879
f 834/834 879/879 872/872
f 880/880 881/881 874/874
f 880/880 874/874 873/873
f 881/881 882/882 875/875
f 881/881 875/875 874/874
f 882/882 848/848 839/839
f 882/882 839/839 875/875
f 844/844 848/848 882/882
f 844/844 882/882 879/879
f 879/879 882/882 881/881
f 879/879 881/881 877/877
f 883/883 884/884 885/885
f 883/883 885/885 886/886
f 886/886 885/885 887/887
f 886/886 887/887 888/888
f 889/889 890/890 891/891
f 889/889 891/891 892/892
f 893/893 889/889 892/892
f 893/893 892/892 894/894
f 895/895 892/892 891/891
f 895/895 891/891 896/896
f 894/894 892/892 895/895
f 894/894 895/895 897/897
f 886/886 895/895 896/896
f 886/886 896/896 883/883
f 888/888 897/897 895/895
f 888/888 895/895 886/886
f 893/893 894/894 897/897
f 893/893 897/897 898/898
f 888/888 887/887 899/899
f 888/888 899/899 900/900
f 897/897 888/888 900/900
f 897/897 900/900 898/898
f 893/893 898/898 901/901
f 893/893 901/901 902/902
f 900/900 903/903 901/901
f 900/900 901/901 898/898
f 900/900 899/899 904/904
f 900/900 904/904 903/903
f 890/890 889/889 905/905
f 890/890 905/905 906/906
f 889/889 893/893 902/902
f 889/889 902/902 905/905
f 907/907 908/908 909/909
f 907/907 909/909 910/910
f 909/909 908/908 911/911
f 909/909 911/911 912/912
f 911/911 913/913 914/914
f 911/911 914/914 912/912
f 915/915 899/899 887/887
f 915/915 887/887 916/916
f 916/916 887/887 885/885
f 916/916 885/885 917/917
f 917/917 885/885 884/884
f 917/917 884/884 918/918
f 919/919 904/904 899/899
f 919/919 899/899 915/915
f 920/920 921/921 908/908
f 920/920 908/908 907/907
f 921/921 922/922 911/911
f 921/921 911/911 908/908
f 922/922 923/923 913/913
f 922/922 913/913 911/911
f 924/924 915/915 916/916
f 924/924 916/916 925/925
f 925/925 916/916 917/917
f 925/925 917/917 926/926
f 926/926 917/917 918/918
f 926/926 918/918 927/927
f 926/926 927/927 923/923
f 926/926 923/923 922/922
f 925/925 926/926 922/922
f 925/925 922/922 921/921
f 883/883 928/928 929/929
f 883/883 929/929 884/884
f 928/928 930/930 931/931
f 928/928 931/931 929/929
f 932/932 933/933 891/891
f 932/932 891/891 890/890
f 934/934 935/935 933/933
f 934/934 933/933 932/932
f 891/891 933/933 936/936
f 891/891 936/936 896/896
f 935/935 937/937 936/936
f 935/935 936/936 933/933
f 896/896 936/936 928/928
f 896/896 928/928 883/883
f 936/936 937/937 930/930
f 936/936 930/930 928/928
f 937/937 935/935 934/934
f 937/937 934/934 938/938
f 939/939 931/931 930/930
f 939/939 930/930 940/940
f 940/940 930/930 937/937
f 940/940 937/937 938/938
f 941/941 938/938 934/934
f 941/941 934/934 942/942
f 940/940 938/938 941/941
f 940/940 941/941 943/943
f 944/944 939/939 940/940
f 944/944 940/940 943/943
f 945/945 932/932 890/890
f 945/945 890/890 906/906
f 942/942 934/934 932/932
f 942/942 932/932 945/945
f 946/946 947/947 948/948
f 946/946 948/948 949/949
f 947/947 946/946 950/950
f 947/947 950/950 951/951
f 914/914 913/913 951/951
f 914/914 951/951 950/950
f 952/952 953/953 931/931
f 952/952 931/931 939/939
f 953/953 954/954 929/929
f 953/953 929/929 931/931
f 954/954 918/918 884/884
f 954/954 884/884 929/929
f 955/955 952/952 939/939
f 955/955 939/939 944/944
f 947/947 956/956 957/957
f 947/947 957/957 948/948
f 951/951 958/958 956/956
f 951/951 956/956 947/947
f 913/913 923/923 958/958
f 913/913 958/958 951/951
f 959/959 960/960 953/953
f 959/959 953/953 952/952
f 960/960 961/961 954/954
f 960/960 954/954 953/953
f 961/961 927/927 918/918
f 961/961 918/918 954/954
f 923/923 927/927 961/961
f 923/923 961/961 958/958
f 958/958 961/961 960/960
f 958/958 960/960 956/956
f 962/962 963/963 964/964
f 962/962 964/964 965/965
f 965/965 964/964 966/966
f 965/965 966/966 967/967
f 968/968 969/969 970/970
f 968/968 970/970 971/971
f 972/972 968/968 971/971
f 972/972 971/971 973/973
f 971/971 970/970 974/974
f 971/971 974/974 975/975
f 973/973 971/971 975/975
f 973/973 975/975 976/976
f 965/965 975/975 974/974
f 965/965 974/974 962/962
f 967/967 976/976 975/975
f 967/967 975/975 965/965
f 972/972 973/973 976/976
f 972/972 976/976 977/977
f 967/967 966/966 978/978
f 967/967 978/978 979/979
f 976/976 967/967 979/979
f 976/976 979/979 977/977
f 972/972 977/977 980/980
f 972/972 980/980 981/981
f 979/979 982/982 980/980
f 979/979 980/980 977/977
f 979/979 978/978 983/983
f 979/979 983/983 982/982
f 969/969 968/968 984/984
f 969/969 984/984 985/985
f 968/968 972/972 981/981
f 968/968 981/981 984/984
f 986/986 987/987 988/988
f 986/986 988/988 989/989
f 988/988 987/987 990/990
f 988/988 990/990 991/991
f 990/990 992/992 993/993
f 990/990 993/993 991/991
f 994/994 978/978 966/966
f 994/994 966/966 995/995
f 995/995 966/966 964/964
f 995/995 964/964 996/996
f 996/996 964/964 963/963
f 996/996 963/963 997/997
f 998/998 983/983 978/978
f 998/998 978/978 994/994
f 999/999 1000/1000 987/987
f 999/999 987/987 986/986
f 1000/1000 1001/1001 990/990
f 1000/1000 990/990 987/987
f 1001/1001 1002/1002 992/992
f 1001/1001 992/992 990/990
f 1003/1003 994/994 995/995
f 1003/1003 995/995 1004/1004
f 1004/1004 995/995 996/996
f 1004/1004 996/996 1005/1005
f 1005/1005 996/996 997/997
f 1005/1005 997/997 1006/1006
f 1005/1005 1006/1006 1002/1002
f 1005/1005 1002/1002 1001/1001
f 1004/1004 1005/1005 1001/1001
f 1004/1004 1001/1001 1000/1000
f 962/962 1007/1007 1008/1008
f 962/962 1008/1008 963/963
f 1007/1007 1009/1009 1010/1010
f 1007/1007 1010/1010 1008/1008
f 1011/1011 1012/1012 970/970
f 1011/1011 970/970 969/969
f 1013/1013 1014/1014 1012/1012
f 1013/1013 1012/1012 1011/1011
f 970/970 1012/1012 1015/1015
f 970/970 1015/1015 974/974
f 1014/1014 1016/1016 1015/1015
f 1014/1014 1015/1015 1012/1012
f 974/974 1015/1015 1007/1007
f 974/974 1007/1007 962/962
f 1015/1015 1016/1016 1009/1009
f 1015/1015 1009/1009 1007/1007
f 1016/1016 1014/1014 1013/1013
f 1016/1016 1013/1013 1017/1017
f 1018/1018 1010/1010 1009/1009
f 1018/1018 1009/1009 1019/1019
f 1019/1019 1009/1009 1016/1016
f 1019/1019 1016/1016 1017/1017
f 1020/1020 1017/1017 1013/1013
f 1020/1020 1013/1013 1021/1021
f 1019/1019 1017/1017 1020/1020
f 1019/1019 1020/1020 1022/1022
f 1023/1023 1018/1018 1019/1019
f 1023/1023 1019/1019 1022/1022
f 1024/1024 1011/1011 969/969
f 1024/1024 969/969 985/985
f 1021/1021 1013/1013 1011/1011
f 1021/1021 1011/1011 1024/1024
f 1025/1025 1026/1026 1027/1027
f 1025/1025 1027/1027 1028/1028
f 1026/1026 1025/1025 1029/1029
f 1026/1026 1029/1029 1030/1030
f 993/993 992/992 1030/1030
f 993/993 1030/1030 1029/1029
f 1031/1031 1032/1032 1010/1010
f 1031/1031 1010/1010 1018/1018
f 1032/1032 1033/1033 1008/1008
f 1032/1032 1008/1008 1010/1010
f 1033/1033 997/997 963/963
f 1033/1033 963/963 1008/1008
f 1034/1034 1031/1031 1018/1018
f 1034/1034 1018/1018 1023/1023
f 1026/1026 1035/1035 1036/1036
f 1026/1026 1036/1036 1027/1027
f 1030/1030 1037/1037 1035/1035
f 1030/1030 1035/1035 1026/1026
f 992/992 1002/1002 1037/1037
f 992/992 1037/1037 1030/1030
f 1038/1038 1039/1039 1032/1032
f 1038/1038 1032/1032 1031/1031
f 1039/1039 1040/1040 1033/1033
f 1039/1039 1033/1033 1032/1032
f 1040/1040 1006/1006 997/997
f 1040/1040 997/997 1033/1033
f 1002/1002 1006/1006 1040/1040
f 1002/1002 1040/1040 1037/1037
f 1037/1037 1040/1040 1039/1039
f 1037/1037 1039/1039 1035/1035
f 1041/1041 1042/1042 1043/1043
f 1041/1041 1043/1043 1044/1044
f 1044/1044 1043/1043 1045/1045
f 1044/1044 1045/1045 1046/1046
f 1047/1047 1048/1048 1049/1049
f 1047/1047 1049/1049 1050/1050
f 1050/1050 1049/1049 1051/1051
f 1050/1050 1051/1051 1052/1052
f 1046/1046 1052/1052 1051/1051
f 1046/1046 1051/1051 1044/1044
f 1050/1050 1052/1052 1053/1053
f 1050/1050 1053/1053 1047/1047
f 1046/1046 1045/1045 1054/1054
f 1046/1046 1054/1054 1055/1055
f 1052/1052 1046/1046 1055/1055
f 1052/1052 1055/1055 1053/1053
f 1047/1047 1053/1053 1056/1056
f 1047/1047 1056/1056 1057/1057
f 1055/1055 1058/1058 1056/1056
f 1055/1055 1056/1056 1053/1053
f 1055/1055 1054/1054 1059/1059
f 1055/1055 1059/1059 1058/1058
f 1048/1048 1047/1047 1057/1057
f 1048/1048 1057/1057 1060/1060
f 1061/1061 1062/1062 1063/1063
f 1061/1061 1063/1063 1064/1064
f 1063/1063 1062/1062 1065/1065
f 1063/1063 1065/1065 1066/1066
f 1065/1065 1067/1067 1068/1068
f 1065/1065 1068/1068 1066/1066
f 1069/1069 1054/1054 1045/1045
f 1069/1069 1045/1045 1070/1070
f 1070/1070 1045/1045 1043/1043
f 1070/1070 1043/1043 1071/1071
f 1072/1072 1059/1059 1054/1054
f 1072/1072 1054/1054 1069/1069
f 1073/1073 1074/1074 1062/1062
f 1073/1073 1062/1062 1061/1061
f 1074/1074 1075/1075 1065/1065
f 1074/1074 1065/1065 1062/1062
f 1075/1075 1076/1076 1067/1067
f 1075/1075 1067/1067 1065/1065
f 1077/1077 1069/1069 1070/1070
f 1077/1077 1070/1070 1078/1078
f 1078/1078 1070/1070 1071/1071
f 1078/1078 1071/1071 1079/1079
f 1079/1079 1080/1080 1076/1076
f 1079/1079 1076/1076 1075/1075
f 1078/1078 1079/1079 1075/1075
f 1078/1078 1075/1075 1074/1074
f 1081/1081 1049/1049 1048/1048
f 1081/1081 1048/1048 1082/1082
f 1083/1083 1051/1051 1049/1049
f 1083/1083 1049/1049 1081/1081
f 1044/1044 1051/1051 1083/1083
f 1044/1044 1083/1083 1041/1041
f 1082/1082 1048/1048 1060/1060
f 1082/1082 1060/1060 1084/1084
f 1071/1071 1043/1043 1042/1042
f 1071/1071 1042/1042 1085/1085
f 1079/1079 1071/1071 1085/1085
f 1079/1079 1085/1085 1080/1080
f 1041/1041 1086/1086 1087/1087
f 1041/1041 1087/1087 1042/1042
f 1086/1086 1088/1088 1089/1089
f 1086/1086 1089/1089 1087/1087
f 1090/1090 1091/1091 1092/1092
f 1090/1090 1092/1092 1093/1093
f 1091/1091 1094/1094 1095/1095
f 1091/1091 1095/1095 1092/1092
f 1095/1095 1094/1094 1088/1088
f 1095/1095 1088/1088 1086/1086
f 1091/1091 1090/1090 1096/1096
f 1091/1091 1096/1096 1094/1094
f 1097/1097 1089/1089 1088/1088
f 1097/1097 1088/1088 1098/1098
f 1098/1098 1088/1088 1094/1094
f 1098/1098 1094/1094 1096/1096
f 1099/1099 1096/1096 1090/1090
f 1099/1099 1090/1090 1100/1100
f 1098/1098 1096/1096 1099/1099
f 1098/1098 1099/1099 1101/1101
f 1102/1102 1097/1097 1098/1098
f 1102/1102 1098/1098 1101/1101
f 1100/1100 1090/1090 1093/1093
f 1100/1100 1093/1093 1103/1103
f 1104/1104 1105/1105 1106/1106
f 1104/1104 1106/1106 1107/1107
f 1105/1105 1104/1104 1108/1108
f 1105/1105 1108/1108 1109/1109
f 1068/1068 1067/1067 1109/1109
f 1068/1068 1109/1109 1108/1108
f 1110/1110 1111/1111 1089/1089
f 1110/1110 1089/1089 1097/1097
f 1111/1111 1112/1112 1087/1087
f 1111/1111 1087/1087 1089/1089
f 1113/1113 1110/1110 1097/1097
f 1113/1113 1097/1097 1102/1102
f 1105/1105 1114/1114 1115/1115
f 1105/1105 1115/1115 1106/1106
f 1109/1109 1116/1116 1114/1114
f 1109/1109 1114/1114 1105/1105
f 1067/1067 1076/1076 1116/1116
f 1067/1067 1116/1116 1109/1109
f 1117/1117 1118/1118 1111/1111
f 1117/1117 1111/1111 1110/1110
f 1118/1118 1119/1119 1112/1112
f 1118/1118 1112/1112 1111/1111
f 1076/1076 1080/1080 1119/1119
f 1076/1076 1119/1119 1116/1116
f 1116/1116 1119/1119 1118/1118
f 1116/1116 1118/1118 1114/1114
f 1093/1093 1092/1092 1081/1081
f 1093/1093 1081/1081 1082/1082
f 1092/1092 1095/1095 1083/1083
f 1092/1092 1083/1083 1081/1081
f 1086/1086 1041/1041 1083/1083
f 1086/1086 1083/1083 1095/1095
f 1103/1103 1093/1093 1082/1082
f 1103/1103 1082/1082 1084/1084
f 1112/1112 1085/1085 1042/1042
f 1112/1112 1042/1042 1087/1087
f 1119/1119 1080/1080 1085/1085
f 1119/1119 1085/1085 1112/1112
f 841/841 840/840 836/836
f 841/841 836/836 845/845
f 845/845 846/846 842/842
f 845/845 842/842 841/841
f 880/880 878/878 877/877
f 880/880 877/877 881/881
f 873/873 876/876 878/878
f 873/873 878/878 880/880
f 920/920 919/919 915/915
f 920/920 915/915 924/924
f 924/924 925/925 921/921
f 924/924 921/921 920/920
f 959/959 957/957 956/956
f 959/959 956/956 960/960
f 952/952 955/955 957/957
f 952/952 957/957 959/959
f 1038/1038 1036/1036 1035/1035
f 1038/1038 1035/1035 1039/1039
f 1031/1031 1034/1034 1036/1036
f 1031/1031 1036/1036 1038/1038
f 999/999 998/998 994/994
f 999/999 994/994 1003/1003
f 1003/1003 1004/1004 1000/1000
f 1003/1003 1000/1000 999/999
f 1073/1073 1072/1072 1069/1069
f 1073/1073 1069/1069 1077/1077
f 1117/1117 1115/1115 1114/1114
f 1117/1117 1114/1114 1118/1118
f 1110/1110 1113/1113 1115/1115
f 1110/1110 1115/1115 1117/1117
f 1077/1077 1078/1078 1074/1074
f 1077/1077 1074/1074 1073/1073
f 1120/1120 1121/1121 1122/1122
f 1120/1120 1122/1122 1123/1123
f 1123/1123 1122/1122 1124/1124
f 1123/1123 1124/1124 1125/1125
f 1126/1126 1127/1127 1128/1128
f 1126/1126 1128/1128 1129/1129
f 1130/1130 1126/1126 1129/1129
f 1130/1130 1129/1129 1131/1131
f 1132/1132 1129/1129 1128/1128
f 1132/1132 1128/1128 1133/1133
f 1131/1131 1129/1129 1132/1132
f 1131/1131 1132/1132 1134/1134
f 1123/1123 1132/1132 1133/1133
f 1123/1123 1133/1133 1120/1120
f 1125/1125 1134/1134 1132/1132
f 1125/1125 1132/1132 1123/1123
f 1130/1130 1131/1131 1134/1134
f 1130/1130 1134/1134 1135/1135
f 1125/1125 1124/1124 1136/1136
f 1125/1125 1136/1136 1137/1137
f 1134/1134 1125/1125 1137/1137
f 1134/1134 1137/1137 1135/1135
f 1138/1138 1130/1130 1135/1135
f 1138/1138 1135/1135 1139/1139
f 1137/1137 1140/1140 1139/1139
f 1137/1137 1139/1139 1135/1135
f 1137/1137 1136/1136 1141/1141
f 1137/1137 1141/1141 1140/1140
f 1127/1127 1126/1126 1142/1142
f 1127/1127 1142/1142 1143/1143
f 1126/1126 1130/1130 1138/1138
f 1126/1126 1138/1138 1142/1142
f 1144/1144 1145/1145 1146/1146
f 1144/1144 1146/1146 1147/1147
f 1146/1146 1145/1145 1148/1148
f 1146/1146 1148/1148 1149/1149
f 1148/1148 1150/1150 1151/1151
f 1148/1148 1151/1151 1149/1149
f 1152/1152 1136/1136 1124/1124
f 1152/1152 1124/1124 1153/1153
f 1153/1153 1124/1124 1122/1122
f 1153/1153 1122/1122 1154/1154
f 1154/1154 1122/1122 1121/1121
f 1154/1154 1121/1121 1155/1155
f 1156/1156 1141/1141 1136/1136
f 1156/1156 1136/1136 1152/1152
f 1157/1157 1158/1158 1145/1145
f 1157/1157 1145/1145 1144/1144
f 1158/1158 1159/1159 1148/1148
f 1158/1158 1148/1148 1145/1145
f 1159/1159 1160/1160 1150/1150
f 1159/1159 1150/1150 1148/1148
f 1161/1161 1152/1152 1153/1153
f 1161/1161 1153/1153 1162/1162
f 1162/1162 1153/1153 1154/1154
f 1162/1162 1154/1154 1163/1163
f 1163/1163 1154/1154 1155/1155
f 1163/1163 1155/1155 1164/1164
f 1163/1163 1164/1164 1160/1160
f 1163/1163 1160/1160 1159/1159
f 1163/1163 1159/1159 1158/1158
f 1163/1163 1158/1158 1162/1162
f 1120/1120 1165/1165 1166/1166
f 1120/1120 1166/1166 1121/1121
f 1165/1165 1167/1167 1168/1168
f 1165/1165 1168/1168 1166/1166
f 1127/1127 1169/1169 1170/1170
f 1127/1127 1170/1170 1128/1128
f 1171/1171 1172/1172 1170/1170
f 1171/1171 1170/1170 1169/1169
f 1128/1128 1170/1170 1173/1173
f 1128/1128 1173/1173 1133/1133
f 1172/1172 1174/1174 1173/1173
f 1172/1172 1173/1173 1170/1170
f 1133/1133 1173/1173 1165/1165
f 1133/1133 1165/1165 1120/1120
f 1173/1173 1174/1174 1167/1167
f 1173/1173 1167/1167 1165/1165
f 1174/1174 1172/1172 1171/1171
f 1174/1174 1171/1171 1175/1175
f 1176/1176 1168/1168 1167/1167
f 1176/1176 1167/1167 1177/1177
f 1177/1177 1167/1167 1174/1174
f 1177/1177 1174/1174 1175/1175
f 1178/1178 1175/1175 1171/1171
f 1178/1178 1171/1171 1179/1179
f 1177/1177 1175/1175 1178/1178
f 1177/1177 1178/1178 1180/1180
f 1181/1181 1176/1176 1177/1177
f 1181/1181 1177/1177 1180/1180
f 1169/1169 1127/1127 1143/1143
f 1169/1169 1143/1143 1182/1182
f 1179/1179 1171/1171 1169/1169
f 1179/1179 1169/1169 1182/1182
f 1183/1183 1184/1184 1185/1185
f 1183/1183 1185/1185 1186/1186
f 1184/1184 1183/1183 1187/1187
f 1184/1184 1187/1187 1188/1188
f 1151/1151 1150/1150 1188/1188
f 1151/1151 1188/1188 1187/1187
f 1189/1189 1190/1190 1168/1168
f 1189/1189 1168/1168 1176/1176
f 1190/1190 1191/1191 1166/1166
f 1190/1190 1166/1166 1168/1168
f 1191/1191 1155/1155 1121/1121
f 1191/1191 1121/1121 1166/1166
f 1192/1192 1189/1189 1176/1176
f 1192/1192 1176/1176 1181/1181
f 1184/1184 1193/1193 1194/1194
f 1184/1184 1194/1194 1185/1185
f 1188/1188 1195/1195 1193/1193
f 1188/1188 1193/1193 1184/1184
f 1150/1150 1160/1160 1195/1195
f 1150/1150 1195/1195 1188/1188
f 1196/1196 1197/1197 1190/1190
f 1196/1196 1190/1190 1189/1189
f 1197/1197 1198/1198 1191/1191
f 1197/1197 1191/1191 1190/1190
f 1198/1198 1164/1164 1155/1155
f 1198/1198 1155/1155 1191/1191
f 1160/1160 1164/1164 1198/1198
f 1160/1160 1198/1198 1195/1195
f 1195/1195 1198/1198 1197/1197
f 1195/1195 1197/1197 1193/1193
f 1157/1157 1156/1156 1152/1152
f 1157/1157 1152/1152 1161/1161
f 1196/1196 1194/1194 1193/1193
f 1196/1196 1193/1193 1197/1197
f 1189/1189 1192/1192 1194/1194
f 1189/1189 1194/1194 1196/1196
f 1157/1157 1161/1161 1162/1162
f 1157/1157 1162/1162 1158/1158

