# https://github.com/mikedh/trimesh
mtllib material.mtl
usemtl PinCaps
v -0.00970132 0.24695164 -0.24409010
v -0.01006762 0.24691143 -0.24450897
v -0.00937269 0.24708132 -0.24471470
v -0.00911804 0.24707577 -0.24408361
v -0.01077785 0.24706933 -0.24841743
v -0.01026531 0.24707690 -0.24901901
v -0.01020580 0.24709592 -0.24828184
v -0.01089573 0.24701975 -0.24780942
v -0.00974568 0.24815045 -0.24364309
v -0.00916154 0.24836506 -0.24371638
v -0.00941657 0.24824323 -0.24424131
v -0.01010966 0.24808329 -0.24405640
v -0.01082033 0.24794112 -0.24781519
v -0.01097121 0.24804440 -0.24721557
v -0.01021253 0.24801142 -0.24776452
v -0.01027230 0.24792079 -0.24846355
v -0.00855276 0.24839666 -0.24665960
v -0.00775681 0.24841002 -0.24710520
v -0.00771417 0.24843750 -0.24664357
v -0.00750269 0.24776821 -0.24661144
v -0.00753477 0.24771602 -0.24665295
v -0.00856379 0.24773585 -0.24677439
v -0.00753477 0.24771602 -0.24665295
v -0.00750822 0.24766794 -0.24703885
v -0.00856379 0.24773585 -0.24677439
v -0.00588541 0.24776465 -0.24919211
v -0.00610718 0.24775216 -0.24970726
v -0.00607510 0.24816456 -0.24971877
v -0.00584696 0.24812497 -0.24920122
v -0.00581296 0.24846621 -0.24929660
v -0.00601433 0.24845597 -0.24986571
v -0.00576500 0.24848454 -0.24940210
v -0.00570798 0.24858402 -0.24928032
v -0.00572259 0.24855597 -0.24909955
v -0.00510171 0.24787262 -0.24771380
v -0.00522896 0.24784293 -0.24778242
v -0.00518943 0.24788120 -0.24767744
v -0.00657560 0.24769582 -0.24724940
v -0.00654663 0.24765887 -0.24740350
v -0.00871813 0.24735965 -0.24677645
v -0.00977606 0.24714760 -0.24644704
v -0.00908457 0.24734326 -0.24697575
v -0.00896021 0.24731146 -0.24802638
v -0.00922121 0.24735393 -0.24759223
v -0.00998658 0.24716741 -0.24752412
v -0.00910675 0.24765526 -0.24724285
v -0.00898195 0.24770003 -0.24698015
v -0.00898172 0.24760659 -0.24700356
v -0.00533135 0.24754070 -0.24770625
v -0.00521666 0.24756928 -0.24763533
v -0.00544432 0.24754153 -0.24717250
v -0.00571845 0.24750982 -0.24763022
v -0.00500764 0.24758500 -0.24712648
v -0.00600045 0.24751455 -0.24926228
v -0.00601989 0.24751735 -0.24914882
v -0.00652168 0.24734963 -0.24949763
v -0.00625493 0.24736963 -0.24970234
v -0.00634802 0.24739119 -0.24890099
v -0.00889973 0.24811746 -0.24666479
v -0.00904754 0.24808124 -0.24687009
v -0.00802783 0.24840852 -0.24760338
v -0.00905519 0.24809262 -0.24711885
v -0.00679510 0.24843427 -0.24636294
v -0.00636768 0.24846089 -0.24659552
v -0.00610255 0.24855555 -0.24581181
v -0.00667900 0.24835525 -0.24738949
v 0.05214057 0.25723611 -0.23064672
v 0.05207840 0.25727770 -0.23134925
v 0.05264036 0.25733825 -0.23088606
v 0.05160022 0.25717271 -0.23089316
v 0.05488322 0.25785480 -0.23456500
v 0.05431193 0.25751199 -0.23445168
v 0.05465637 0.25755614 -0.23504757
v 0.05474721 0.25772570 -0.23384933
v 0.05163471 0.25833151 -0.23029592
v 0.05155933 0.25838163 -0.23099249
v 0.05108987 0.25838402 -0.23062539
v 0.05213049 0.25842539 -0.23053140
v 0.05446741 0.25844483 -0.23425175
v 0.05384571 0.25838643 -0.23413693
v 0.05427393 0.25866110 -0.23354889
v 0.05426082 0.25818228 -0.23486376
v 0.05187941 0.25811474 -0.23393455
v 0.05108794 0.25801637 -0.23414311
v 0.05132098 0.25803909 -0.23453957
v 0.05110916 0.25728349 -0.23415648
v 0.05213223 0.25751476 -0.23397923
v 0.05117448 0.25723405 -0.23418186
v 0.05117448 0.25723405 -0.23418186
v 0.05213223 0.25751476 -0.23397923
v 0.05130932 0.25723367 -0.23450012
v 0.05075358 0.25696393 -0.23716462
v 0.05099268 0.25747255 -0.23752325
v 0.05114324 0.25708076 -0.23749182
v 0.05059040 0.25733328 -0.23715516
v 0.05047753 0.25771745 -0.23720200
v 0.05042982 0.25783396 -0.23719641
v 0.05083288 0.25791883 -0.23752049
v 0.05030049 0.25789645 -0.23711492
v 0.05028755 0.25777612 -0.23707376
v 0.04938931 0.25686822 -0.23596102
v 0.04944736 0.25691068 -0.23590849
v 0.04949848 0.25698091 -0.23588011
v 0.05054559 0.25706985 -0.23499119
v 0.05055826 0.25711853 -0.23504447
v 0.05232132 0.25734406 -0.23371038
v 0.05274010 0.25741794 -0.23379509
v 0.05314077 0.25750768 -0.23290442
v 0.05305971 0.25732391 -0.23471883
v 0.05380033 0.25753924 -0.23393987
v 0.05312563 0.25744846 -0.23435541
v 0.05278744 0.25770599 -0.23409374
v 0.05257983 0.25763089 -0.23387657
v 0.05258556 0.25763250 -0.23398004
v 0.04958534 0.25686650 -0.23557626
v 0.04957769 0.25660538 -0.23532798
v 0.04954596 0.25661121 -0.23580187
v 0.04993312 0.25684529 -0.23541490
v 0.04917732 0.25650502 -0.23550630
v 0.05095942 0.25678400 -0.23718268
v 0.05155811 0.25677684 -0.23715494
v 0.05093144 0.25676162 -0.23706737
v 0.05138904 0.25676231 -0.23741232
v 0.05111324 0.25682931 -0.23657246
v 0.05226282 0.25797335 -0.23376140
v 0.05177651 0.25808613 -0.23492307
v 0.05248530 0.25799881 -0.23390505
v 0.05259351 0.25800461 -0.23413301
v 0.05016847 0.25774353 -0.23419612
v 0.04932439 0.25757535 -0.23402862
v 0.04988385 0.25765266 -0.23455615
v 0.05048583 0.25775315 -0.23512363
v -0.00720303 0.24886484 -0.24526613
v -0.00596266 0.24893172 -0.24566032
v -0.00628242 0.24875728 -0.24684135
v -0.00742696 0.24878976 -0.24644112
v -0.00858559 0.24846483 -0.24572231
v -0.00832437 0.24862610 -0.24485711
v -0.00967665 0.24820861 -0.24527613
v -0.00649847 0.24869623 -0.24752781
v -0.00755442 0.24866933 -0.24719575
v -0.00872228 0.24838896 -0.24640690
v -0.01051865 0.24746204 -0.24412794
v -0.00994936 0.24752954 -0.24351509
v -0.00993614 0.24793115 -0.24349613
v -0.01048103 0.24773177 -0.24394523
v -0.00802212 0.24830730 -0.24376772
v -0.00799878 0.24791304 -0.24380335
v -0.00686029 0.24805706 -0.24413202
v -0.00688551 0.24848205 -0.24412920
v -0.00909171 0.24805734 -0.24338384
v -0.00907013 0.24767608 -0.24342922
v -0.00550710 0.24822834 -0.24452860
v -0.00553776 0.24863735 -0.24451363
v -0.01091679 0.24764234 -0.24483232
v -0.01097400 0.24723558 -0.24487302
v -0.00994936 0.24752954 -0.24351509
v -0.00993614 0.24793115 -0.24349613
v -0.00717277 0.24734555 -0.24538990
v -0.00743903 0.24740633 -0.24637632
v -0.00624992 0.24739228 -0.24679332
v -0.00594635 0.24749654 -0.24575288
v -0.00855192 0.24731441 -0.24615183
v -0.00828991 0.24724628 -0.24512103
v -0.00963635 0.24711044 -0.24578060
v -0.00756024 0.24737143 -0.24699212
v -0.01045898 0.24710923 -0.24425269
v -0.00991473 0.24714201 -0.24366123
v -0.00799983 0.24750758 -0.24391894
v -0.00686581 0.24761893 -0.24422202
v -0.00906506 0.24730011 -0.24358557
v -0.00551403 0.24779162 -0.24462495
v -0.01089355 0.24709212 -0.24518740
v -0.00991473 0.24714201 -0.24366123
v -0.00669857 0.24868935 -0.24812611
v -0.00768460 0.24842997 -0.24761785
v -0.00882647 0.24830293 -0.24703983
v -0.01117121 0.24729396 -0.24808994
v -0.01136283 0.24720878 -0.24723549
v -0.01131257 0.24762879 -0.24719425
v -0.01112869 0.24766186 -0.24797551
v -0.00930310 0.24782190 -0.24957083
v -0.00816795 0.24800334 -0.25035035
v -0.00824190 0.24775053 -0.25025280
v -0.00935916 0.24754621 -0.24952268
v -0.01039936 0.24763775 -0.24887368
v -0.01042235 0.24729954 -0.24898278
v -0.00746190 0.24828679 -0.25069387
v -0.00747748 0.24783467 -0.25074457
v -0.01117121 0.24729396 -0.24808994
v -0.01112869 0.24766186 -0.24797551
v -0.01111761 0.24701772 -0.24819552
v -0.01130332 0.24688189 -0.24734744
v -0.00933860 0.24757441 -0.24987380
v -0.00824756 0.24744393 -0.25021528
v -0.01041037 0.24698685 -0.24898921
v -0.00752145 0.24751977 -0.25048330
v -0.01111761 0.24701772 -0.24819552
v -0.00985315 0.24817989 -0.24588179
v -0.01117912 0.24722155 -0.24547500
v -0.01111956 0.24762071 -0.24543371
v -0.01109553 0.24710777 -0.24581171
v -0.00997240 0.24816957 -0.24642692
v -0.01128326 0.24722148 -0.24603171
v -0.01122664 0.24761378 -0.24597934
v -0.01120374 0.24713106 -0.24637794
v -0.00929697 0.24733672 -0.24968614
v -0.00924368 0.24727243 -0.24946384
v -0.01033055 0.24713320 -0.24921232
v -0.00984458 0.24816309 -0.24359650
v -0.00912516 0.24828070 -0.24351035
v -0.01044449 0.24692090 -0.24544466
v -0.01068222 0.24693055 -0.24533318
v -0.01088785 0.24692761 -0.24594563
v -0.01064658 0.24694747 -0.24606809
v -0.00809702 0.24721206 -0.24436521
v -0.00696851 0.24732887 -0.24466330
v -0.00690968 0.24736172 -0.24441985
v -0.00804167 0.24726040 -0.24413247
v -0.01096052 0.24684368 -0.24819140
v -0.01110641 0.24702532 -0.24772476
v -0.00806119 0.24828756 -0.24990299
v -0.00730954 0.24837310 -0.25010502
v -0.00739228 0.24830716 -0.25032485
v -0.00811872 0.24821211 -0.25012733
v -0.01048175 0.24801476 -0.24494503
v -0.01068193 0.24797584 -0.24554244
v -0.01092175 0.24786400 -0.24545875
v -0.01071897 0.24790979 -0.24487200
v -0.01100034 0.24788208 -0.24786718
v -0.01033898 0.24784421 -0.24866365
v -0.00814632 0.24716469 -0.24982329
v -0.00820191 0.24722898 -0.25004847
v -0.00745354 0.24729379 -0.25032578
v -0.00737242 0.24725581 -0.25011507
v -0.00980590 0.24697495 -0.24389013
v -0.00908317 0.24712208 -0.24385901
v -0.00920476 0.24811707 -0.24913325
v -0.00925750 0.24806638 -0.24936943
v -0.00693833 0.24873586 -0.24428934
v -0.00561453 0.24889937 -0.24467288
v -0.00570199 0.24896548 -0.24487311
v -0.00700274 0.24880885 -0.24450732
v -0.00566172 0.24749517 -0.24506724
v -0.00557746 0.24755282 -0.24484933
v -0.01027169 0.24693928 -0.24440255
v -0.01118720 0.24800848 -0.24719472
v -0.01075457 0.24697566 -0.24663743
v -0.01099508 0.24695952 -0.24651518
v -0.00813558 0.24859098 -0.24410185
v -0.00807608 0.24852837 -0.24390361
v -0.01030998 0.24797687 -0.24397789
v -0.01078716 0.24797136 -0.24609512
v -0.01102524 0.24788565 -0.24603005
v -0.00984458 0.24816309 -0.24359650
v -0.00690968 0.24736172 -0.24441985
v -0.00557746 0.24755282 -0.24484933
v -0.00804167 0.24726040 -0.24413247
v -0.00908317 0.24712208 -0.24385901
v -0.01068222 0.24693055 -0.24533318
v -0.01027169 0.24693928 -0.24440255
v -0.00980590 0.24697495 -0.24389013
v -0.00795645 0.24842783 -0.24896076
v -0.00704491 0.24857768 -0.24959050
v -0.00904588 0.24809988 -0.24835292
v -0.01100034 0.24788208 -0.24786718
v -0.00797281 0.24720685 -0.24910326
v -0.00903998 0.24720393 -0.24887222
v -0.01096052 0.24684368 -0.24819140
v -0.01088785 0.24692761 -0.24594563
v -0.00997545 0.24715364 -0.24695776
v -0.01099508 0.24695952 -0.24651518
v -0.00980590 0.24697495 -0.24389013
v -0.01096052 0.24684368 -0.24819140
v -0.01110641 0.24702532 -0.24772476
v -0.00984458 0.24816309 -0.24359650
v -0.01100034 0.24788208 -0.24786718
v -0.00414735 0.24844715 -0.24502036
v -0.00415706 0.24800198 -0.24511962
v -0.00406848 0.24805127 -0.24520142
v -0.00405845 0.24845238 -0.24510114
v -0.00469286 0.24770874 -0.24624358
v -0.00490284 0.24766640 -0.24715978
v -0.00458171 0.24777978 -0.24627277
v -0.00657954 0.24738316 -0.25039485
v -0.00647259 0.24745444 -0.25041101
v -0.00615157 0.24744929 -0.24970470
v -0.00409358 0.24888331 -0.24510477
v -0.00418565 0.24888739 -0.24500859
v -0.00473725 0.24912191 -0.24609682
v -0.00462663 0.24908387 -0.24615516
v -0.00505299 0.24894233 -0.24735169
v -0.00516238 0.24898917 -0.24730616
v -0.00675467 0.24803114 -0.25101353
v -0.00662300 0.24807027 -0.25099539
v -0.00659828 0.24766620 -0.25096443
v -0.00672423 0.24760128 -0.25098259
v -0.00435151 0.24771682 -0.24554091
v -0.00424759 0.24780259 -0.24558909
v -0.00414465 0.24783906 -0.24539124
v -0.00424268 0.24776335 -0.24532421
v -0.00428834 0.24908402 -0.24510975
v -0.00418351 0.24909374 -0.24522950
v -0.00667757 0.24743150 -0.25062979
v -0.00651833 0.24741161 -0.25075785
v -0.00534209 0.24890169 -0.24804445
v -0.00544901 0.24894810 -0.24800161
v -0.00440111 0.24917494 -0.24530640
v -0.00428799 0.24913174 -0.24538022
v -0.00424268 0.24776335 -0.24532421
v -0.00414465 0.24783906 -0.24539124
v -0.00673141 0.24842808 -0.25092054
v -0.00664372 0.24864926 -0.25071172
v -0.00652679 0.24861780 -0.25071536
v -0.00660523 0.24841247 -0.25090053
v -0.00653379 0.24871404 -0.25050122
v -0.00619683 0.24871694 -0.24986261
v -0.00609458 0.24867047 -0.24989465
v -0.00642906 0.24866930 -0.25052068
v -0.00569326 0.24888170 -0.24858130
v -0.00559034 0.24883865 -0.24862040
v -0.00644475 0.24853550 -0.25067215
v -0.00651905 0.24838815 -0.25084463
v -0.00660523 0.24841247 -0.25090053
v -0.00635360 0.24858000 -0.25048857
v -0.00603432 0.24857659 -0.24988123
v -0.00530135 0.24878122 -0.24807882
v -0.00554447 0.24872603 -0.24863606
v -0.00502153 0.24881208 -0.24739434
v -0.00460304 0.24894893 -0.24625699
v -0.00428284 0.24906187 -0.24551982
v -0.00418351 0.24909374 -0.24522950
v -0.00418557 0.24899107 -0.24532590
v -0.00409358 0.24888331 -0.24510477
v -0.00409984 0.24880402 -0.24520272
v -0.00405845 0.24845238 -0.24510114
v -0.00406573 0.24846249 -0.24520157
v -0.00406848 0.24805127 -0.24520142
v -0.00407819 0.24811611 -0.24528124
v -0.00414465 0.24783906 -0.24539124
v -0.00415428 0.24795752 -0.24546975
v -0.00424759 0.24780259 -0.24558909
v -0.00425075 0.24790103 -0.24564195
v -0.00458171 0.24777978 -0.24627277
v -0.00456388 0.24787619 -0.24633888
v -0.00490284 0.24766640 -0.24715978
v -0.00487705 0.24777404 -0.24718447
v -0.00615157 0.24744929 -0.24970470
v -0.00647259 0.24745444 -0.25041101
v -0.00639403 0.24759104 -0.25038849
v -0.00610607 0.24754897 -0.24967073
v -0.00659828 0.24766620 -0.25096443
v -0.00662300 0.24807027 -0.25099539
v -0.00653793 0.24806040 -0.25090846
v -0.00651372 0.24775528 -0.25089386
v -0.00780282 0.24842459 -0.24818948
v -0.00687111 0.24870383 -0.24869066
v -0.00893032 0.24824144 -0.24757709
v -0.01004825 0.24810584 -0.24701658
v -0.01128179 0.24760938 -0.24649873
v -0.01133414 0.24722537 -0.24654718
v -0.01126575 0.24688497 -0.24665551
v -0.01108332 0.24790373 -0.24656037
v -0.01085167 0.24797558 -0.24661055
v -0.01105724 0.24699563 -0.24704206
v -0.01082575 0.24698832 -0.24715010
v -0.01105724 0.24699563 -0.24704206
v -0.00586738 0.24873475 -0.24925172
v -0.00576494 0.24868386 -0.24927801
v -0.00552201 0.24801611 -0.24487255
v -0.00565456 0.24803672 -0.24488873
v -0.00564656 0.24823720 -0.24483974
v -0.00550862 0.24824842 -0.24480310
v -0.00560121 0.24789144 -0.24501996
v -0.00572558 0.24792310 -0.24501836
v -0.00604771 0.24783486 -0.24580848
v -0.00669207 0.24774420 -0.24644404
v -0.00679903 0.24781237 -0.24632218
v -0.00617434 0.24791356 -0.24580892
v -0.00643794 0.24735391 -0.24733393
v -0.00682807 0.24836181 -0.24626842
v -0.00769309 0.24836065 -0.24659244
v -0.00784566 0.24726571 -0.24839053
v -0.00700018 0.24832802 -0.24840171
v -0.00799586 0.24837037 -0.24804052
v -0.00790699 0.24822274 -0.24812207
v -0.00694255 0.24821044 -0.24849190
v -0.00886871 0.24811920 -0.24735247
v -0.00893257 0.24801715 -0.24737161
v -0.00862140 0.24747223 -0.24688947
v -0.00759038 0.24743354 -0.24710379
v -0.00648814 0.24745635 -0.24747569
v -0.00691588 0.24734373 -0.24874250
v -0.00688310 0.24739817 -0.24860896
v -0.00783230 0.24735104 -0.24822270
v -0.00881921 0.24745381 -0.24789277
v -0.00862140 0.24747223 -0.24688947
v -0.00862719 0.24762379 -0.24687113
v -0.00759507 0.24753943 -0.24709290
v -0.00759038 0.24743354 -0.24710379
v -0.00652676 0.24755478 -0.24745932
v -0.00648814 0.24745635 -0.24747569
v -0.00783230 0.24735104 -0.24822270
v -0.00688310 0.24739817 -0.24860896
v -0.00692753 0.24755518 -0.24854696
v -0.00788271 0.24752703 -0.24811953
v -0.00882936 0.24765860 -0.24783332
v -0.00881921 0.24745381 -0.24789277
v -0.00646803 0.24830790 -0.25074554
v -0.00647296 0.24805634 -0.25079103
v -0.00646149 0.24779691 -0.25079416
v -0.00864428 0.24827531 -0.24663123
v -0.00408373 0.24847518 -0.24525406
v -0.00409997 0.24819699 -0.24532820
v -0.00420643 0.24822226 -0.24532025
v -0.00419211 0.24847265 -0.24525711
v -0.00554103 0.24861099 -0.24863292
v -0.00530199 0.24867185 -0.24808027
v -0.00539075 0.24859970 -0.24803378
v -0.00562727 0.24854919 -0.24859454
v -0.00417811 0.24806562 -0.24549823
v -0.00427292 0.24805771 -0.24568368
v -0.00437681 0.24807689 -0.24566283
v -0.00428186 0.24811523 -0.24548847
v -0.00420425 0.24889246 -0.24540133
v -0.00430714 0.24885594 -0.24538954
v -0.00439891 0.24887626 -0.24556521
v -0.00430000 0.24894157 -0.24556949
v -0.00457331 0.24798537 -0.24637737
v -0.00467077 0.24803395 -0.24637729
v -0.00502551 0.24869509 -0.24740808
v -0.00460832 0.24878330 -0.24629861
v -0.00470632 0.24872816 -0.24628222
v -0.00511926 0.24862004 -0.24734998
v -0.00422334 0.24870351 -0.24525814
v -0.00411792 0.24872980 -0.24525830
v -0.00488092 0.24791403 -0.24719828
v -0.00498040 0.24793874 -0.24717327
v -0.00589108 0.24759765 -0.24903452
v -0.00586934 0.24760237 -0.24916536
v -0.00581361 0.24775514 -0.24910973
v -0.00585660 0.24765690 -0.24889955
v -0.00712821 0.24730643 -0.24939813
v -0.00617475 0.24817687 -0.24578524
v -0.00681282 0.24809269 -0.24630721
v -0.00759642 0.24805032 -0.24660270
v -0.00788919 0.24787911 -0.24813215
v -0.00692923 0.24788173 -0.24852491
v -0.00889188 0.24804683 -0.24770973
v -0.00862004 0.24802454 -0.24672018
v -0.00582075 0.24840846 -0.24906561
v -0.00583431 0.24802005 -0.24898217
v -0.00577913 0.24806107 -0.24902959
v -0.00575520 0.24843474 -0.24913983
v -0.00571569 0.24862653 -0.24511132
v -0.00561881 0.24861121 -0.24494947
v -0.00574065 0.24853599 -0.24496892
v -0.00583613 0.24855983 -0.24513287
v -0.00553840 0.24847307 -0.24481236
v -0.00566791 0.24844614 -0.24484280
v -0.00617663 0.24849312 -0.24576100
v -0.00573651 0.24825384 -0.24500455
v -0.00569430 0.24784606 -0.24518807
v -0.00581720 0.24792717 -0.24520117
v -0.00583377 0.24823651 -0.24516899
v -0.00579610 0.24852021 -0.24902656
v -0.00631169 0.24762508 -0.25046086
v -0.00640155 0.24841468 -0.25060165
v -0.00631768 0.24845257 -0.25044214
v -0.00629692 0.24807053 -0.25047571
v -0.00639869 0.24767653 -0.25063065
v -0.00638853 0.24807637 -0.25064745
v -0.00651833 0.24741161 -0.25075785
v -0.00644189 0.24755096 -0.25069944
v -0.00527303 0.24761297 -0.24782016
v -0.00523781 0.24774172 -0.24783503
v -0.00510815 0.24775567 -0.24774858
v -0.00514377 0.24763437 -0.24773559
v -0.00514377 0.24763437 -0.24773559
v -0.00669207 0.24774420 -0.24644404
v -0.00922631 0.24735760 -0.24727551
v -0.00908565 0.24744316 -0.24761287
v -0.00910535 0.24746036 -0.24729156
v -0.00897932 0.24745452 -0.24702662
v -0.00908565 0.24744316 -0.24761287
v -0.00910946 0.24769966 -0.24751839
v -0.00910535 0.24746036 -0.24729156
v -0.00897932 0.24745452 -0.24702662
v -0.00862719 0.24762379 -0.24687113
v -0.00862140 0.24747223 -0.24688947
v -0.00856379 0.24773585 -0.24677439
v -0.00918495 0.24796854 -0.24711207
v -0.00905519 0.24809262 -0.24711885
v -0.00901762 0.24821263 -0.24680775
v -0.00916863 0.24796773 -0.24685315
v -0.00904754 0.24808124 -0.24687009
v -0.00889973 0.24811746 -0.24666479
v -0.00914725 0.24793440 -0.24740357
v -0.00913816 0.24792774 -0.24714778
v -0.00899986 0.24793716 -0.24688282
v -0.00864428 0.24827531 -0.24663123
v -0.00862004 0.24802454 -0.24672018
v -0.00557878 0.24888651 -0.24712319
v -0.00519335 0.24902037 -0.24594161
v -0.00584159 0.24885413 -0.24783915
v -0.00468958 0.24878965 -0.24480739
v -0.00465205 0.24837149 -0.24483800
v -0.00466143 0.24794151 -0.24495396
v -0.00606891 0.24883054 -0.24844580
v -0.00703562 0.24798353 -0.25093084
v -0.00701575 0.24836020 -0.25082891
v -0.00700907 0.24748976 -0.25086254
v -0.00488771 0.24908995 -0.24513327
v -0.00478337 0.24902769 -0.24494101
v -0.00693267 0.24861591 -0.25062629
v -0.00683033 0.24866930 -0.25040138
v -0.00688819 0.24732401 -0.25028361
v -0.00697885 0.24736284 -0.25051189
v -0.00473975 0.24771178 -0.24516972
v -0.00483915 0.24765865 -0.24538946
v -0.00515221 0.24762906 -0.24611219
v -0.00473975 0.24771178 -0.24516972
v -0.00651965 0.24866086 -0.24975422
v -0.00628040 0.24880567 -0.24894654
v -0.00470632 0.24872816 -0.24628222
v -0.00526473 0.24865059 -0.24609067
v -0.00564642 0.24850332 -0.24701815
v -0.00511926 0.24862004 -0.24734998
v -0.00439891 0.24887626 -0.24556521
v -0.00496908 0.24877477 -0.24534929
v -0.00430714 0.24885594 -0.24538954
v -0.00487203 0.24871448 -0.24517048
v -0.00422334 0.24870351 -0.24525814
v -0.00478752 0.24859502 -0.24505217
v -0.00419211 0.24847265 -0.24525711
v -0.00475862 0.24840883 -0.24507618
v -0.00550862 0.24824842 -0.24480310
v -0.00420643 0.24822226 -0.24532025
v -0.00477263 0.24817353 -0.24514651
v -0.00552201 0.24801611 -0.24487255
v -0.00428186 0.24811523 -0.24548847
v -0.00484942 0.24805165 -0.24531203
v -0.00560121 0.24789144 -0.24501996
v -0.00437681 0.24807689 -0.24566283
v -0.00494334 0.24800599 -0.24548306
v -0.00569430 0.24784606 -0.24518807
v -0.00467077 0.24803395 -0.24637729
v -0.00524360 0.24795512 -0.24618967
v -0.00604771 0.24783486 -0.24580848
v -0.00588431 0.24846101 -0.24778802
v -0.00539075 0.24859970 -0.24803378
v -0.00610765 0.24843522 -0.24835953
v -0.00562727 0.24854919 -0.24859454
v -0.00688020 0.24834453 -0.24801499
v -0.00626181 0.24844705 -0.24877706
v -0.00579610 0.24852021 -0.24902656
v -0.00585660 0.24765690 -0.24889955
v -0.00625806 0.24762303 -0.24879041
v -0.00626656 0.24744081 -0.24879612
v -0.00589108 0.24759765 -0.24903452
v -0.00625205 0.24831427 -0.24882482
v -0.00582075 0.24840846 -0.24906561
v -0.00625106 0.24794320 -0.24880232
v -0.00583431 0.24802005 -0.24898217
v -0.00573163 0.24755547 -0.24773081
v -0.00527303 0.24761297 -0.24782016
v -0.00573163 0.24755547 -0.24773081
v -0.00573507 0.24761470 -0.24765122
v -0.00523781 0.24774172 -0.24783503
v -0.00522896 0.24784293 -0.24778242
v -0.00574601 0.24769501 -0.24758132
v -0.00572903 0.24774492 -0.24745816
v -0.00518943 0.24788120 -0.24767744
v -0.00498040 0.24793874 -0.24717327
v -0.00559051 0.24780600 -0.24686340
v -0.00527303 0.24761297 -0.24782016
v -0.00586934 0.24760237 -0.24916536
v -0.00589108 0.24759765 -0.24903452
v -0.00626656 0.24744081 -0.24879612
v -0.00855276 0.24839666 -0.24665960
v 0.04997451 0.25813655 -0.23314829
v 0.05065050 0.25824595 -0.23408013
v 0.04981476 0.25794007 -0.23483667
v 0.04904765 0.25784690 -0.23400604
v 0.05144324 0.25827218 -0.23288472
v 0.05078317 0.25837298 -0.23212287
v 0.05222607 0.25846137 -0.23187221
v 0.05106166 0.25831151 -0.23459430
v 0.05034385 0.25788873 -0.23550705
v 0.05188407 0.25824353 -0.23351907
v 0.05270330 0.25797165 -0.23038836
v 0.05252267 0.25819690 -0.23025197
v 0.05180224 0.25819910 -0.23008327
v 0.05194381 0.25782550 -0.23007192
v 0.05014843 0.25797140 -0.23112474
v 0.04926026 0.25782207 -0.23193508
v 0.04937441 0.25741399 -0.23191945
v 0.05026502 0.25760275 -0.23114993
v 0.05099085 0.25805117 -0.23033237
v 0.05110809 0.25768771 -0.23035647
v 0.04827080 0.25743504 -0.23302288
v 0.04836999 0.25705082 -0.23298244
v 0.05327367 0.25831938 -0.23088240
v 0.05346559 0.25796267 -0.23088197
v 0.05194381 0.25782550 -0.23007192
v 0.05180224 0.25819910 -0.23008327
v 0.05037141 0.25691984 -0.23288953
v 0.04949913 0.25652260 -0.23396146
v 0.05016055 0.25667399 -0.23462979
v 0.05097901 0.25710731 -0.23366948
v 0.05188031 0.25735334 -0.23304127
v 0.05125235 0.25715555 -0.23218784
v 0.05271955 0.25748119 -0.23223334
v 0.05134372 0.25716673 -0.23419606
v 0.05209203 0.25746776 -0.23019721
v 0.05281103 0.25762700 -0.23050682
v 0.05043781 0.25722254 -0.23121946
v 0.04954902 0.25700105 -0.23196441
v 0.05128351 0.25733673 -0.23047492
v 0.04854097 0.25666596 -0.23301575
v 0.05356655 0.25782344 -0.23118727
v 0.05209203 0.25746776 -0.23019721
v 0.05142315 0.25816412 -0.23493172
v 0.05073979 0.25801562 -0.23593728
v 0.05224692 0.25826083 -0.23401888
v 0.05506140 0.25793748 -0.23413392
v 0.05487785 0.25825253 -0.23411660
v 0.05471939 0.25825815 -0.23327502
v 0.05488801 0.25793814 -0.23324614
v 0.05364794 0.25822605 -0.23596948
v 0.05381412 0.25785069 -0.23601700
v 0.05319363 0.25781389 -0.23710412
v 0.05301813 0.25798616 -0.23688506
v 0.05462437 0.25794783 -0.23514925
v 0.05472929 0.25777792 -0.23505773
v 0.05264108 0.25783527 -0.23768538
v 0.05247069 0.25824952 -0.23767443
v 0.05487785 0.25825253 -0.23411660
v 0.05506140 0.25793748 -0.23413392
v 0.05497448 0.25782777 -0.23346259
v 0.05509929 0.25792293 -0.23419600
v 0.05411733 0.25774862 -0.23650734
v 0.05330118 0.25744490 -0.23709990
v 0.05480195 0.25772379 -0.23513422
v 0.05274395 0.25737183 -0.23760107
v 0.05509929 0.25792293 -0.23419600
v 0.05270351 0.25838786 -0.23257497
v 0.05393349 0.25796156 -0.23146417
v 0.05374734 0.25828367 -0.23148863
v 0.05404567 0.25781299 -0.23183419
v 0.05306369 0.25837285 -0.23308592
v 0.05428790 0.25793744 -0.23202741
v 0.05410273 0.25826595 -0.23205890
v 0.05431309 0.25800126 -0.23213185
v 0.05389624 0.25761291 -0.23617358
v 0.05477070 0.25765040 -0.23519249
v 0.05377967 0.25748415 -0.23596578
v 0.05169072 0.25839793 -0.23022725
v 0.05100018 0.25828934 -0.23045400
v 0.05333828 0.25752537 -0.23158670
v 0.05375947 0.25764471 -0.23206999
v 0.05392193 0.25771280 -0.23187108
v 0.05349834 0.25759498 -0.23138406
v 0.05079186 0.25701647 -0.23157671
v 0.05063515 0.25702381 -0.23138384
v 0.04974521 0.25681047 -0.23212225
v 0.04990564 0.25678830 -0.23230714
v 0.05502236 0.25767420 -0.23425522
v 0.05487866 0.25780468 -0.23363995
v 0.05266514 0.25838045 -0.23670294
v 0.05283013 0.25834578 -0.23688399
v 0.05225602 0.25822035 -0.23736349
v 0.05207400 0.25824724 -0.23720667
v 0.05283232 0.25854539 -0.23119286
v 0.05303644 0.25851199 -0.23101854
v 0.05347950 0.25854755 -0.23152313
v 0.05329503 0.25852132 -0.23175667
v 0.05467086 0.25843135 -0.23426233
v 0.05442638 0.25840051 -0.23522672
v 0.05315004 0.25712194 -0.23681024
v 0.05255073 0.25705002 -0.23734416
v 0.05268785 0.25713317 -0.23748829
v 0.05326825 0.25721079 -0.23697965
v 0.05214496 0.25728034 -0.23043342
v 0.05146469 0.25720582 -0.23071156
v 0.05348053 0.25832147 -0.23581484
v 0.05364031 0.25828922 -0.23599322
v 0.04929808 0.25808653 -0.23207617
v 0.04946413 0.25808163 -0.23239857
v 0.04848220 0.25775289 -0.23337571
v 0.04833536 0.25767783 -0.23318617
v 0.04876097 0.25646559 -0.23317638
v 0.04895160 0.25642008 -0.23336180
v 0.05276375 0.25741965 -0.23070476
v 0.05445741 0.25869874 -0.23342781
v 0.05410059 0.25769232 -0.23263451
v 0.05424076 0.25780585 -0.23236024
v 0.05017871 0.25821966 -0.23124364
v 0.05029170 0.25830763 -0.23140791
v 0.05230672 0.25838199 -0.23037193
v 0.05364236 0.25851392 -0.23230901
v 0.05387895 0.25843186 -0.23224254
v 0.05169072 0.25839793 -0.23022725
v 0.04876097 0.25646559 -0.23317638
v 0.04974521 0.25681047 -0.23212225
v 0.05063515 0.25702381 -0.23138384
v 0.05146469 0.25720582 -0.23071156
v 0.05349834 0.25759498 -0.23138406
v 0.05276375 0.25741965 -0.23070476
v 0.05214496 0.25728034 -0.23043342
v 0.05222918 0.25823350 -0.23611665
v 0.05157384 0.25832850 -0.23685845
v 0.05305532 0.25815902 -0.23519961
v 0.05467086 0.25843135 -0.23426233
v 0.05347080 0.25734884 -0.23532266
v 0.05263892 0.25717251 -0.23602363
v 0.05502236 0.25767420 -0.23425522
v 0.05392193 0.25771280 -0.23187108
v 0.05355134 0.25753279 -0.23339801
v 0.05424076 0.25780585 -0.23236024
v 0.05214496 0.25728034 -0.23043342
v 0.05487866 0.25780468 -0.23363995
v 0.05502236 0.25767420 -0.23425522
v 0.05169072 0.25839793 -0.23022725
v 0.05467086 0.25843135 -0.23426233
v 0.04735371 0.25682415 -0.23406479
v 0.04730993 0.25680286 -0.23417931
v 0.04747189 0.25645501 -0.23422427
v 0.04753030 0.25645179 -0.23410819
v 0.04856097 0.25631839 -0.23495540
v 0.04845812 0.25634721 -0.23503306
v 0.04907686 0.25654107 -0.23558283
v 0.05192813 0.25696033 -0.23784976
v 0.05127576 0.25681451 -0.23746517
v 0.05181469 0.25702123 -0.23791328
v 0.04725003 0.25723690 -0.23408657
v 0.04721472 0.25719539 -0.23420806
v 0.04811858 0.25763269 -0.23493000
v 0.04902393 0.25771057 -0.23591066
v 0.04896471 0.25762364 -0.23598971
v 0.04805394 0.25756680 -0.23501202
v 0.05206402 0.25783210 -0.23824204
v 0.05216237 0.25739320 -0.23818584
v 0.05202709 0.25741078 -0.23822150
v 0.05193611 0.25780747 -0.23827072
v 0.04797466 0.25620512 -0.23441327
v 0.04776595 0.25624374 -0.23424390
v 0.04768987 0.25626990 -0.23435094
v 0.04787480 0.25626633 -0.23452322
v 0.04732099 0.25746721 -0.23418176
v 0.04728565 0.25744292 -0.23434028
v 0.05208305 0.25707574 -0.23799121
v 0.05195295 0.25715063 -0.23806285
v 0.04953898 0.25783885 -0.23632970
v 0.04947790 0.25777143 -0.23641080
v 0.04743530 0.25747842 -0.23445367
v 0.04748931 0.25754808 -0.23434513
v 0.04776595 0.25624374 -0.23424390
v 0.04768987 0.25626990 -0.23435094
v 0.05188809 0.25819082 -0.23818890
v 0.05177490 0.25813236 -0.23821906
v 0.05157498 0.25826939 -0.23808933
v 0.05166077 0.25834992 -0.23804429
v 0.05146527 0.25834394 -0.23789131
v 0.05139409 0.25828424 -0.23796066
v 0.05084751 0.25813969 -0.23751839
v 0.05091072 0.25821458 -0.23745599
v 0.04998198 0.25796168 -0.23669193
v 0.04992264 0.25789116 -0.23676895
v 0.05177490 0.25813236 -0.23821906
v 0.05169026 0.25806310 -0.23819556
v 0.05150979 0.25816793 -0.23807314
v 0.05134173 0.25817774 -0.23795539
v 0.05082341 0.25803014 -0.23752949
v 0.04991780 0.25778212 -0.23679843
v 0.04948559 0.25766910 -0.23645445
v 0.04898432 0.25752229 -0.23601118
v 0.04810892 0.25745340 -0.23508724
v 0.04751953 0.25739027 -0.23459188
v 0.04736675 0.25734015 -0.23444783
v 0.04728565 0.25744292 -0.23434028
v 0.04728643 0.25713675 -0.23432363
v 0.04721472 0.25719539 -0.23420806
v 0.04735867 0.25681055 -0.23428541
v 0.04730993 0.25680286 -0.23417931
v 0.04747189 0.25645501 -0.23422427
v 0.04750223 0.25650617 -0.23431887
v 0.04768987 0.25626990 -0.23435094
v 0.04769384 0.25639143 -0.23446190
v 0.04787480 0.25626633 -0.23452322
v 0.04787324 0.25636430 -0.23460498
v 0.04843068 0.25648479 -0.23511852
v 0.04845812 0.25634721 -0.23503306
v 0.04903011 0.25662335 -0.23562085
v 0.04907686 0.25654107 -0.23558283
v 0.05127576 0.25681451 -0.23746517
v 0.05119175 0.25689869 -0.23746246
v 0.05169428 0.25711836 -0.23790545
v 0.05181469 0.25702123 -0.23791328
v 0.05202709 0.25741078 -0.23822150
v 0.05189695 0.25746899 -0.23820196
v 0.05183126 0.25776782 -0.23822777
v 0.05193611 0.25780747 -0.23827072
v 0.05180612 0.25809292 -0.23554826
v 0.05109661 0.25815496 -0.23633590
v 0.05257029 0.25826550 -0.23445907
v 0.05336655 0.25841009 -0.23355021
v 0.05438803 0.25824265 -0.23257901
v 0.05456246 0.25790903 -0.23253830
v 0.05465063 0.25780241 -0.23278490
v 0.05416150 0.25844571 -0.23276916
v 0.05396498 0.25843111 -0.23291988
v 0.05440151 0.25767245 -0.23316897
v 0.05453255 0.25780083 -0.23293022
v 0.05453255 0.25780083 -0.23293022
v 0.05031458 0.25800231 -0.23708712
v 0.05037445 0.25809283 -0.23703765
v 0.04858437 0.25687686 -0.23325671
v 0.04847245 0.25711207 -0.23323305
v 0.04861494 0.25713788 -0.23322861
v 0.04870251 0.25692598 -0.23322744
v 0.04876438 0.25677175 -0.23339789
v 0.04885861 0.25685786 -0.23335377
v 0.04950717 0.25685214 -0.23400695
v 0.04959422 0.25697233 -0.23398074
v 0.05036093 0.25711388 -0.23413529
v 0.05033059 0.25705304 -0.23427638
v 0.05044453 0.25701252 -0.23474148
v 0.05107971 0.25792878 -0.23410777
v 0.05018935 0.25767284 -0.23410563
v 0.05223749 0.25712552 -0.23550440
v 0.05123776 0.25774571 -0.23606156
v 0.05125496 0.25764643 -0.23616127
v 0.05198243 0.25782199 -0.23556518
v 0.05198438 0.25796491 -0.23547937
v 0.05261708 0.25791258 -0.23442837
v 0.05252562 0.25796995 -0.23445474
v 0.05139642 0.25722210 -0.23428829
v 0.05225362 0.25743060 -0.23388250
v 0.05049840 0.25716371 -0.23481816
v 0.05154570 0.25696069 -0.23617883
v 0.05213940 0.25716673 -0.23537975
v 0.05144142 0.25700403 -0.23606188
v 0.05282620 0.25748984 -0.23467086
v 0.05225362 0.25743060 -0.23388250
v 0.05139642 0.25722210 -0.23428829
v 0.05144868 0.25714792 -0.23453241
v 0.05226016 0.25743016 -0.23402113
v 0.05049840 0.25716371 -0.23481816
v 0.05059452 0.25702744 -0.23509377
v 0.05213940 0.25716673 -0.23537975
v 0.05211202 0.25730326 -0.23535325
v 0.05142089 0.25712657 -0.23603768
v 0.05144142 0.25700403 -0.23606188
v 0.05279059 0.25758112 -0.23473910
v 0.05282620 0.25748984 -0.23467086
v 0.05172817 0.25773892 -0.23814949
v 0.05162601 0.25797056 -0.23812660
v 0.05179886 0.25747707 -0.23812845
v 0.05198444 0.25802413 -0.23385353
v 0.04739458 0.25681997 -0.23433308
v 0.04749606 0.25683336 -0.23430312
v 0.04760250 0.25664388 -0.23434055
v 0.04752208 0.25658136 -0.23437226
v 0.04994947 0.25767639 -0.23679295
v 0.05002651 0.25764375 -0.23672181
v 0.04960651 0.25750056 -0.23635921
v 0.04951873 0.25754693 -0.23641517
v 0.04770279 0.25647925 -0.23450406
v 0.04777780 0.25654814 -0.23446458
v 0.04794989 0.25653002 -0.23460463
v 0.04787357 0.25648313 -0.23465608
v 0.04744393 0.25721662 -0.23448981
v 0.04759371 0.25729655 -0.23464716
v 0.04769640 0.25725685 -0.23458845
v 0.04754457 0.25719441 -0.23443767
v 0.04841897 0.25659976 -0.23515329
v 0.04846822 0.25670488 -0.23504007
v 0.04899185 0.25748308 -0.23587645
v 0.04904772 0.25751268 -0.23571798
v 0.04826964 0.25730775 -0.23505451
v 0.04817235 0.25734547 -0.23512144
v 0.04735184 0.25706400 -0.23436407
v 0.04745311 0.25705685 -0.23432038
v 0.04899068 0.25676992 -0.23562260
v 0.04906284 0.25680802 -0.23556148
v 0.05075480 0.25678950 -0.23704380
v 0.05065913 0.25680315 -0.23694430
v 0.05066693 0.25692022 -0.23714619
v 0.05078480 0.25679726 -0.23715702
v 0.05204806 0.25692053 -0.23681595
v 0.04949919 0.25723909 -0.23397179
v 0.05027576 0.25738424 -0.23412513
v 0.05109791 0.25760710 -0.23414392
v 0.05137038 0.25731022 -0.23618446
v 0.05201525 0.25761899 -0.23539592
v 0.05270738 0.25793562 -0.23475839
v 0.05207430 0.25781817 -0.23394869
v 0.05041557 0.25762209 -0.23701501
v 0.05037736 0.25764791 -0.23710556
v 0.05048711 0.25724552 -0.23703959
v 0.05052322 0.25722332 -0.23695023
v 0.04868254 0.25748635 -0.23353762
v 0.04882177 0.25744531 -0.23350706
v 0.04866867 0.25741111 -0.23335863
v 0.04852955 0.25745282 -0.23339087
v 0.04843503 0.25731095 -0.23325640
v 0.04857397 0.25730302 -0.23323422
v 0.04939330 0.25751685 -0.23395457
v 0.04876728 0.25713456 -0.23336910
v 0.04893973 0.25675126 -0.23354493
v 0.04902367 0.25686287 -0.23350380
v 0.04893249 0.25714697 -0.23352366
v 0.05034085 0.25773801 -0.23698542
v 0.05159232 0.25725873 -0.23788118
v 0.05147746 0.25806172 -0.23804305
v 0.05133002 0.25803957 -0.23791793
v 0.05144474 0.25767005 -0.23792605
v 0.05159229 0.25771413 -0.23804933
v 0.05171576 0.25734609 -0.23800591
v 0.05182126 0.25723981 -0.23804387
v 0.05195295 0.25715063 -0.23806285
v 0.04955742 0.25691476 -0.23568170
v 0.04939668 0.25690551 -0.23563070
v 0.04944323 0.25676395 -0.23598353
v 0.04956256 0.25687081 -0.23591151
v 0.04939668 0.25690551 -0.23563070
v 0.05033059 0.25705304 -0.23427638
v 0.05299470 0.25745231 -0.23406179
v 0.05286708 0.25752693 -0.23414974
v 0.05297694 0.25750637 -0.23440549
v 0.05263834 0.25748929 -0.23390068
v 0.05297694 0.25750637 -0.23440549
v 0.05286708 0.25752693 -0.23414974
v 0.05285950 0.25782113 -0.23427842
v 0.05263834 0.25748929 -0.23390068
v 0.05225362 0.25743060 -0.23388250
v 0.05226016 0.25743016 -0.23402113
v 0.05213223 0.25751476 -0.23397923
v 0.05273585 0.25794685 -0.23405269
v 0.05259351 0.25800461 -0.23413301
v 0.05238928 0.25811134 -0.23386041
v 0.05226282 0.25797335 -0.23376140
v 0.05248530 0.25799881 -0.23390505
v 0.05261239 0.25793438 -0.23380632
v 0.05282912 0.25792220 -0.23434144
v 0.05272173 0.25789146 -0.23409248
v 0.05249287 0.25785176 -0.23390906
v 0.05207430 0.25781817 -0.23394869
v 0.05198444 0.25802413 -0.23385353
v 0.04847229 0.25768904 -0.23459178
v 0.04928491 0.25785683 -0.23537238
v 0.04983860 0.25787339 -0.23602676
v 0.04773122 0.25692436 -0.23369473
v 0.04762508 0.25729453 -0.23367417
v 0.04791132 0.25653644 -0.23374280
v 0.05026525 0.25801206 -0.23642424
v 0.05211878 0.25820707 -0.23799119
v 0.05229071 0.25785808 -0.23804756
v 0.05239187 0.25736300 -0.23795227
v 0.04770137 0.25754126 -0.23382836
v 0.04786419 0.25760674 -0.23400211
v 0.05169134 0.25841383 -0.23769373
v 0.05189066 0.25837935 -0.23784146
v 0.05231652 0.25708946 -0.23778220
v 0.05216484 0.25698148 -0.23763779
v 0.04835056 0.25629566 -0.23407537
v 0.04814335 0.25633920 -0.23389927
v 0.04892321 0.25640513 -0.23463822
v 0.04814335 0.25633920 -0.23389927
v 0.05115973 0.25826306 -0.23722521
v 0.05064857 0.25812453 -0.23676846
v 0.04826964 0.25730775 -0.23505451
v 0.04904772 0.25751268 -0.23571798
v 0.04940619 0.25753696 -0.23521139
v 0.04867384 0.25746432 -0.23459909
v 0.04769640 0.25725685 -0.23458845
v 0.04809517 0.25739980 -0.23406697
v 0.04754457 0.25719441 -0.23443767
v 0.04794157 0.25733864 -0.23389630
v 0.04745311 0.25705685 -0.23432038
v 0.04784288 0.25722146 -0.23376816
v 0.04749606 0.25683336 -0.23430312
v 0.04789412 0.25700831 -0.23378166
v 0.04847245 0.25711207 -0.23323305
v 0.04760250 0.25664388 -0.23434055
v 0.04803841 0.25674114 -0.23394185
v 0.04858437 0.25687686 -0.23325671
v 0.04777780 0.25654814 -0.23446458
v 0.04818560 0.25671165 -0.23399189
v 0.04876438 0.25677175 -0.23339789
v 0.04794989 0.25653002 -0.23460463
v 0.04836499 0.25668637 -0.23414933
v 0.04893973 0.25675126 -0.23354493
v 0.04846822 0.25670488 -0.23504007
v 0.04891868 0.25678253 -0.23465844
v 0.04950717 0.25685214 -0.23400695
v 0.04960651 0.25750056 -0.23635921
v 0.04998229 0.25751513 -0.23595167
v 0.05002651 0.25764375 -0.23672181
v 0.05039352 0.25763034 -0.23632981
v 0.05098097 0.25769216 -0.23577171
v 0.05034085 0.25773801 -0.23698542
v 0.05068634 0.25772321 -0.23662528
v 0.05065913 0.25680315 -0.23694430
v 0.05075480 0.25678950 -0.23704380
v 0.05098892 0.25682786 -0.23652090
v 0.05096748 0.25690284 -0.23665347
v 0.05041557 0.25762209 -0.23701501
v 0.05073849 0.25761129 -0.23667441
v 0.05052322 0.25722332 -0.23695023
v 0.05084448 0.25723646 -0.23663148
v 0.04996430 0.25693392 -0.23551378
v 0.04955742 0.25691476 -0.23568170
v 0.04956256 0.25687081 -0.23591151
v 0.04992302 0.25695158 -0.23542885
v 0.04996430 0.25693392 -0.23551378
v 0.04949848 0.25698091 -0.23588011
v 0.04944736 0.25691068 -0.23590849
v 0.04985053 0.25696573 -0.23544539
v 0.04992720 0.25694688 -0.23554756
v 0.04906284 0.25680802 -0.23556148
v 0.04952127 0.25681826 -0.23505409
v 0.04955742 0.25691476 -0.23568170
v 0.05078480 0.25679726 -0.23715702
v 0.05075480 0.25678950 -0.23704380
v 0.05098892 0.25682786 -0.23652090
v 0.05187941 0.25811474 -0.23393455
vt 0.98288703 0.42318100
vt 0.96809208 0.41631508
vt 0.96777213 0.43766612
vt 0.99063993 0.43796909
vt 0.85405612 0.42153299
vt 0.84592909 0.43599498
vt 0.86871809 0.43637198
vt 0.86887401 0.41514689
vt 0.65569001 0.42351699
vt 0.64789307 0.43826008
vt 0.67074198 0.43799400
vt 0.67049211 0.41669101
vt 0.78444600 0.42207491
vt 0.76953000 0.41558099
vt 0.76966792 0.43685389
vt 0.79247987 0.43660599
vt 0.79365999 0.63032997
vt 0.79405200 0.65580601
vt 0.80708802 0.65491104
vt 0.82359397 0.64577997
vt 0.82516801 0.64492798
vt 0.80933499 0.61906099
vt 0.94761407 0.65749300
vt 0.95944607 0.65872502
vt 0.96439302 0.62936997
vt 0.76095092 0.58500397
vt 0.77699488 0.58086401
vt 0.77367991 0.56861299
vt 0.75776798 0.57436597
vt 0.75453800 0.56354296
vt 0.77016300 0.55557597
vt 0.75406998 0.56049204
vt 0.75025702 0.55869603
vt 0.75060391 0.56228000
vt 0.71913600 0.59417599
vt 0.72038788 0.59348404
vt 0.71879101 0.59303296
vt 0.95409411 0.68561697
vt 0.95585698 0.68657100
vt 0.91770208 0.46809012
vt 0.91821599 0.43552989
vt 0.90993011 0.46143389
vt 0.88772207 0.46697998
vt 0.89424789 0.46090001
vt 0.88849998 0.43613487
vt 0.74103391 0.61624002
vt 0.74136299 0.60825098
vt 0.74014199 0.60837996
vt 0.92667592 0.55991399
vt 0.92761397 0.56116498
vt 0.94026911 0.55229497
vt 0.92514998 0.54794300
vt 0.94274998 0.56524003
vt 0.88617688 0.55040699
vt 0.88704997 0.54975104
vt 0.86776912 0.53624904
vt 0.86775702 0.54579103
vt 0.88731402 0.53990400
vt 0.78560889 0.62347496
vt 0.77737492 0.62153399
vt 0.77876699 0.65577304
vt 0.77023989 0.62329602
vt 0.82259792 0.67587799
vt 0.81954700 0.68621302
vt 0.84029800 0.69086003
vt 0.79546601 0.68523300
vt 0.01711340 0.42318100
vt 0.03222810 0.43766612
vt 0.03190760 0.41631508
vt 0.00935966 0.43796909
vt 0.14594400 0.42153299
vt 0.13128200 0.43637198
vt 0.15407100 0.43599498
vt 0.13112600 0.41514689
vt 0.34430999 0.42351699
vt 0.32925799 0.43799400
vt 0.35210699 0.43826008
vt 0.32950801 0.41669101
vt 0.21555400 0.42207491
vt 0.23033200 0.43685389
vt 0.23047000 0.41558099
vt 0.20751999 0.43660599
vt 0.20634000 0.63032997
vt 0.19291200 0.65491104
vt 0.20594800 0.65580601
vt 0.17640600 0.64577997
vt 0.19066501 0.61906099
vt 0.17483200 0.64492798
vt 0.05238631 0.65749300
vt 0.03560720 0.62936997
vt 0.04055391 0.65872502
vt 0.23904900 0.58500397
vt 0.22632000 0.56861299
vt 0.22300500 0.58086401
vt 0.24223199 0.57436597
vt 0.24546200 0.56354296
vt 0.24593000 0.56049204
vt 0.22983700 0.55557597
vt 0.24974300 0.55869603
vt 0.24939600 0.56228000
vt 0.28086400 0.59417599
vt 0.28120899 0.59303296
vt 0.27961200 0.59348404
vt 0.04590580 0.68561697
vt 0.04414281 0.68657100
vt 0.08229751 0.46809012
vt 0.09007010 0.46143389
vt 0.08178410 0.43552989
vt 0.11227800 0.46697998
vt 0.11150000 0.43613487
vt 0.10575200 0.46090001
vt 0.25896600 0.61624002
vt 0.25985801 0.60837996
vt 0.25863701 0.60825098
vt 0.07332391 0.55991399
vt 0.05973150 0.55229497
vt 0.07238600 0.56116498
vt 0.07485001 0.54794300
vt 0.05725040 0.56524003
vt 0.11382300 0.55040699
vt 0.13223100 0.53624904
vt 0.11295000 0.54975104
vt 0.13224301 0.54579103
vt 0.11268600 0.53990400
vt 0.21439099 0.62347496
vt 0.22123300 0.65577304
vt 0.22262500 0.62153399
vt 0.22976001 0.62329602
vt 0.17740200 0.67587799
vt 0.15970200 0.69086003
vt 0.18045300 0.68621302
vt 0.20453399 0.68523300
vt 0.67134601 0.49959600
vt 0.67196399 0.53726602
vt 0.70470500 0.53232896
vt 0.70431101 0.49921298
vt 0.70401198 0.46840101
vt 0.67104101 0.46879011
vt 0.70371801 0.43679798
vt 0.72109091 0.52984798
vt 0.72079092 0.49901998
vt 0.72049803 0.46821111
vt 0.66707498 0.38714403
vt 0.64547497 0.38634199
vt 0.64693499 0.39862198
vt 0.66756111 0.39867789
vt 0.63431001 0.46828908
vt 0.62238288 0.46868408
vt 0.62299103 0.49893600
vt 0.63483399 0.49873012
vt 0.63373703 0.43989491
vt 0.62235200 0.44022799
vt 0.62317598 0.53953898
vt 0.63502711 0.53961504
vt 0.70213991 0.39807701
vt 0.70185792 0.38695103
vt 0.62260789 0.41669208
vt 0.63486111 0.41642600
vt 0.96710807 0.49943602
vt 0.93589908 0.49902499
vt 0.93765610 0.53227603
vt 0.96643800 0.53713298
vt 0.93433207 0.46821398
vt 0.96741009 0.46856397
vt 0.93471909 0.43641698
vt 0.92053300 0.49878597
vt 0.66728598 0.37355500
vt 0.64637297 0.37371999
vt 0.61071402 0.46837199
vt 0.61114401 0.49884200
vt 0.61110198 0.43985599
vt 0.61115497 0.53994799
vt 0.70183003 0.37446302
vt 0.61041701 0.41691101
vt 0.73746508 0.52735400
vt 0.73727202 0.49882698
vt 0.73698288 0.46802109
vt 0.79245901 0.38617891
vt 0.76998788 0.38681102
vt 0.76942998 0.39886701
vt 0.79130691 0.39839798
vt 0.80673200 0.46696800
vt 0.80667901 0.49876511
vt 0.81874502 0.49925101
vt 0.81861502 0.46707398
vt 0.80607301 0.43668300
vt 0.81827003 0.43650389
vt 0.80637991 0.51882899
vt 0.81869000 0.51935101
vt 0.81781298 0.41283393
vt 0.80536097 0.41326112
vt 0.79091501 0.37306613
vt 0.76952612 0.37332112
vt 0.83070213 0.46710497
vt 0.83085912 0.49910498
vt 0.83040798 0.43665701
vt 0.83067000 0.51908696
vt 0.83078098 0.41313601
vt 0.72019392 0.43594289
vt 0.71917999 0.38643187
vt 0.71925992 0.39802212
vt 0.71901101 0.37373197
vt 0.73667592 0.43641198
vt 0.73586702 0.38640487
vt 0.73606497 0.39805901
vt 0.73576409 0.37357289
vt 0.84077299 0.46690398
vt 0.84545797 0.46683198
vt 0.84097701 0.43611598
vt 0.65306997 0.42077100
vt 0.64335698 0.43876809
vt 0.93498212 0.41153002
vt 0.93506807 0.40750700
vt 0.91856498 0.40612602
vt 0.91851312 0.41012901
vt 0.99029201 0.46883798
vt 0.98996699 0.49972498
vt 0.99389207 0.49977899
vt 0.99421602 0.46888608
vt 0.85153300 0.41872507
vt 0.86880207 0.41132808
vt 0.79307002 0.49817300
vt 0.79292703 0.51892501
vt 0.79707688 0.51861399
vt 0.79727691 0.49824899
vt 0.70355213 0.41201597
vt 0.71994889 0.41067803
vt 0.71956402 0.40648788
vt 0.70257401 0.40713602
vt 0.78701699 0.41927898
vt 0.79658401 0.43669099
vt 0.84498101 0.49767798
vt 0.84062612 0.49829000
vt 0.84051198 0.51858300
vt 0.84504598 0.51848197
vt 0.98551798 0.42043191
vt 0.99453801 0.43796301
vt 0.79277903 0.46736211
vt 0.79721701 0.46707398
vt 0.64434212 0.49919689
vt 0.64489907 0.54033500
vt 0.64932412 0.54071903
vt 0.64848107 0.49987388
vt 0.98906612 0.54065299
vt 0.99295688 0.54122996
vt 0.96821809 0.41241091
vt 0.76950502 0.40923291
vt 0.90202111 0.41107702
vt 0.90202898 0.40707600
vt 0.64817208 0.46904808
vt 0.64388698 0.46833211
vt 0.66895902 0.40963691
vt 0.73637092 0.41164500
vt 0.73645109 0.40702701
vt 0.64314508 0.41870701
vt 0.60199392 0.49865508
vt 0.60161000 0.53988004
vt 0.60185409 0.46788508
vt 0.60241002 0.43951499
vt 0.70139599 0.36344099
vt 0.66663802 0.36371398
vt 0.64805108 0.36411703
vt 0.77022892 0.49844402
vt 0.77023292 0.52237499
vt 0.76993889 0.46764213
vt 0.78969592 0.40657502
vt 0.86780012 0.49802399
vt 0.86832511 0.46721309
vt 0.83976197 0.41600507
vt 0.71877402 0.36319798
vt 0.90170097 0.43596798
vt 0.73592108 0.36280888
vt 0.60217601 0.41950703
vt 0.78916311 0.36310899
vt 0.77008092 0.36321908
vt 0.64877611 0.40668088
vt 0.79710102 0.41617298
vt 0.62363201 0.57564801
vt 0.61195892 0.57591498
vt 0.61209100 0.57797801
vt 0.62362301 0.57774699
vt 0.96587199 0.57105100
vt 0.94251311 0.56793797
vt 0.96566099 0.57372600
vt 0.84524000 0.53990698
vt 0.84531099 0.54271501
vt 0.86786813 0.54854900
vt 0.63490200 0.57752401
vt 0.63503200 0.57547903
vt 0.67242998 0.57114899
vt 0.67286211 0.57419598
vt 0.70530999 0.56594503
vt 0.70504302 0.56296700
vt 0.81839699 0.53883004
vt 0.81844002 0.54190898
vt 0.83001697 0.54202604
vt 0.83012909 0.53865600
vt 0.98816413 0.57663000
vt 0.98773211 0.57911396
vt 0.99103600 0.58004904
vt 0.99188101 0.57775599
vt 0.64502507 0.57657200
vt 0.64516908 0.57888103
vt 0.84039402 0.53914899
vt 0.84074700 0.54269499
vt 0.72153789 0.56175697
vt 0.72137189 0.55879796
vt 0.65010011 0.57661998
vt 0.65078098 0.57972002
vt 0.60273302 0.57599199
vt 0.60323602 0.57839000
vt 0.80682302 0.53853703
vt 0.79672289 0.53932202
vt 0.79599291 0.54340500
vt 0.80668902 0.54235101
vt 0.79269892 0.54029900
vt 0.77022988 0.54618001
vt 0.77015698 0.54923099
vt 0.79226291 0.54352200
vt 0.73766607 0.55460399
vt 0.73775208 0.55757600
vt 0.79304701 0.54854399
vt 0.79958701 0.55182701
vt 0.80220503 0.54871899
vt 0.79007792 0.54833496
vt 0.76890391 0.55378801
vt 0.72230393 0.56575298
vt 0.73780608 0.56173801
vt 0.70678103 0.56978798
vt 0.67573202 0.57783300
vt 0.65454298 0.58337104
vt 0.64833409 0.58217597
vt 0.65193802 0.58493698
vt 0.64425099 0.58949697
vt 0.64779109 0.59107304
vt 0.64620602 0.60112000
vt 0.64926112 0.60045701
vt 0.65025097 0.61226100
vt 0.65264201 0.60940003
vt 0.65757811 0.61669397
vt 0.65939701 0.61273700
vt 0.66091102 0.61697602
vt 0.66246212 0.61283100
vt 0.68299788 0.61122900
vt 0.68369901 0.60731399
vt 0.70582998 0.60527098
vt 0.70532697 0.60169697
vt 0.77938402 0.58607900
vt 0.80163401 0.58024400
vt 0.79790592 0.57753897
vt 0.77778298 0.58274800
vt 0.80817997 0.57117099
vt 0.80607492 0.55973601
vt 0.80280799 0.56069899
vt 0.80442512 0.56993902
vt 0.75046009 0.49867499
vt 0.75058311 0.52536893
vt 0.75017101 0.46787012
vt 0.74987298 0.43658203
vt 0.75009000 0.39843792
vt 0.74996102 0.38669598
vt 0.74982607 0.37357289
vt 0.75022501 0.40791601
vt 0.74965209 0.41320199
vt 0.88868099 0.40872800
vt 0.88870001 0.41268301
vt 0.75005198 0.36290699
vt 0.75070298 0.55123496
vt 0.75072902 0.55430800
vt 0.87702912 0.68481600
vt 0.87419409 0.68476301
vt 0.87232101 0.69069600
vt 0.87526000 0.69198799
vt 0.87319309 0.67975599
vt 0.87054902 0.68021202
vt 0.85280401 0.67140001
vt 0.83411008 0.65891898
vt 0.83304107 0.65989697
vt 0.85109109 0.67222703
vt 0.92307311 0.52982199
vt 0.82298303 0.67472196
vt 0.80861402 0.65394998
vt 0.88746607 0.49832499
vt 0.76672399 0.68426204
vt 0.76568192 0.65690601
vt 0.76257801 0.65800399
vt 0.76368302 0.68478400
vt 0.76395899 0.62968504
vt 0.76182997 0.63050401
vt 0.91444302 0.46862710
vt 0.91793197 0.49879599
vt 0.92039400 0.52898699
vt 0.88737601 0.52491099
vt 0.89008689 0.52447903
vt 0.89010400 0.49798697
vt 0.89060688 0.46818000
vt 0.97153902 0.63089699
vt 0.96777701 0.62976897
vt 0.96325213 0.66012704
vt 0.96683002 0.66080403
vt 0.95873398 0.68831396
vt 0.96145302 0.69017804
vt 0.73621702 0.65974402
vt 0.73674792 0.68759799
vt 0.74100500 0.68698400
vt 0.74056113 0.65955698
vt 0.74135602 0.63207501
vt 0.73610502 0.63247001
vt 0.79670691 0.55387402
vt 0.79948503 0.56153399
vt 0.80089009 0.56954801
vt 0.79554892 0.62936902
vt 0.65035999 0.60010201
vt 0.65354812 0.60685098
vt 0.65422612 0.60579401
vt 0.65159702 0.59972101
vt 0.73841608 0.56516504
vt 0.72325802 0.56910396
vt 0.72377902 0.57020402
vt 0.73885298 0.56628597
vt 0.65997201 0.60889000
vt 0.66292697 0.60872602
vt 0.66313398 0.60756499
vt 0.66033602 0.60773098
vt 0.65428609 0.58773696
vt 0.65519208 0.58852696
vt 0.65770411 0.58734202
vt 0.65692198 0.58644801
vt 0.68371499 0.60335898
vt 0.68382698 0.60218501
vt 0.70805401 0.57307500
vt 0.67764801 0.58099604
vt 0.67835611 0.58195603
vt 0.70863801 0.57413197
vt 0.65088302 0.59315401
vt 0.64974809 0.59260297
vt 0.70469600 0.59794700
vt 0.70467192 0.59676200
vt 0.75854897 0.59170902
vt 0.75940400 0.59119296
vt 0.75771701 0.58796096
vt 0.75681698 0.58823401
vt 0.86775398 0.52194297
vt 0.84572798 0.68048298
vt 0.82721698 0.66790402
vt 0.81567389 0.65025800
vt 0.75212997 0.65870899
vt 0.75244892 0.68604100
vt 0.75187999 0.63142204
vt 0.80259311 0.62458599
vt 0.75128901 0.56497401
vt 0.75398499 0.57667303
vt 0.75488502 0.57639503
vt 0.75211602 0.56463504
vt 0.86058402 0.69537997
vt 0.86335802 0.69604999
vt 0.86352408 0.69415200
vt 0.86073601 0.69338596
vt 0.86955613 0.69728500
vt 0.86980700 0.69485599
vt 0.84083402 0.68914801
vt 0.86652398 0.68844301
vt 0.87081212 0.67822504
vt 0.86839497 0.67890000
vt 0.86378509 0.68757403
vt 0.75080901 0.56342101
vt 0.79524487 0.57611299
vt 0.79104292 0.55102700
vt 0.78846902 0.55086803
vt 0.79058403 0.56396800
vt 0.79744399 0.57466000
vt 0.79406703 0.56301498
vt 0.80421197 0.57835299
vt 0.80038500 0.57594299
vt 0.72385901 0.60075301
vt 0.72256202 0.59721303
vt 0.72117388 0.59754699
vt 0.72225589 0.60094798
vt 0.92575401 0.56360000
vt 0.93315709 0.67338204
vt 0.90146011 0.45951998
vt 0.89530689 0.46324801
vt 0.90138799 0.46209008
vt 0.90881008 0.46384501
vt 0.73634303 0.62313402
vt 0.74150097 0.62280399
vt 0.73592401 0.61645001
vt 0.73549098 0.60866904
vt 0.73949301 0.59953904
vt 0.73513699 0.60000801
vt 0.74201101 0.59939396
vt 0.76157302 0.62207001
vt 0.76350802 0.62201703
vt 0.76031399 0.60724300
vt 0.76097202 0.61506402
vt 0.76302499 0.61480200
vt 0.76251000 0.60712397
vt 0.75173903 0.62247300
vt 0.75109392 0.61576796
vt 0.75093591 0.60786498
vt 0.75962502 0.59793901
vt 0.75067592 0.59867203
vt 0.70492297 0.55070400
vt 0.67227793 0.55759597
vt 0.72126001 0.54721099
vt 0.63534302 0.56089699
vt 0.62355798 0.56073600
vt 0.61163789 0.56125104
vt 0.73758411 0.54370099
vt 0.81841302 0.53131998
vt 0.80653298 0.53095603
vt 0.83025211 0.53148901
vt 0.64981008 0.56236398
vt 0.64523000 0.56198597
vt 0.79695803 0.53097701
vt 0.79281688 0.53178596
vt 0.84514701 0.53135502
vt 0.84036702 0.53108001
vt 0.99235201 0.56320298
vt 0.98850107 0.56235003
vt 0.96605998 0.55748701
vt 0.60218799 0.56127298
vt 0.77021801 0.53665304
vt 0.75063992 0.54087901
vt 0.84218597 0.73212898
vt 0.84114802 0.71601999
vt 0.81630200 0.71007401
vt 0.81537402 0.72646904
vt 0.86245501 0.73600602
vt 0.86152798 0.72025597
vt 0.86511809 0.73648596
vt 0.86431497 0.72081697
vt 0.87107491 0.73753601
vt 0.87054902 0.72189999
vt 0.87801099 0.73773801
vt 0.87746698 0.72177500
vt 0.87663788 0.69702601
vt 0.88495100 0.73719001
vt 0.88443100 0.72112101
vt 0.88406599 0.69621599
vt 0.89084500 0.73568600
vt 0.89061391 0.71960497
vt 0.89045799 0.69462299
vt 0.89349598 0.73498404
vt 0.89338392 0.71886003
vt 0.89333493 0.69385397
vt 0.91321802 0.72987700
vt 0.91360098 0.71360201
vt 0.91427600 0.68854201
vt 0.79597992 0.70752299
vt 0.79675788 0.72262001
vt 0.78065002 0.70578599
vt 0.78157288 0.71996498
vt 0.77983302 0.68431902
vt 0.76745409 0.70318294
vt 0.76805699 0.71707100
vt 0.74155402 0.71725798
vt 0.74130201 0.70552099
vt 0.73755097 0.70543396
vt 0.73765498 0.71735704
vt 0.76447099 0.70339704
vt 0.76511300 0.71671903
vt 0.75286102 0.70524204
vt 0.75318402 0.71718204
vt 0.92266202 0.54886198
vt 0.95568800 0.72219396
vt 0.95799702 0.70939302
vt 0.95502698 0.70904303
vt 0.95256412 0.72284901
vt 0.94904298 0.72242296
vt 0.95176512 0.70809603
vt 0.95012611 0.70777601
vt 0.94762498 0.72233999
vt 0.93355912 0.72515500
vt 0.93314511 0.70786601
vt 0.92448997 0.56214601
vt 0.88814801 0.55321401
vt 0.88926500 0.55239499
vt 0.89003491 0.54108000
vt 0.76195389 0.59776801
vt 0.32865399 0.49959600
vt 0.29568899 0.49921298
vt 0.29529500 0.53232896
vt 0.32803601 0.53726602
vt 0.29598799 0.46840101
vt 0.32895899 0.46879011
vt 0.29628199 0.43679798
vt 0.27920899 0.49901998
vt 0.27890900 0.52984798
vt 0.27950200 0.46821111
vt 0.33292499 0.38714403
vt 0.33243901 0.39867789
vt 0.35306501 0.39862198
vt 0.35452500 0.38634199
vt 0.36568999 0.46828908
vt 0.36516601 0.49873012
vt 0.37700900 0.49893600
vt 0.37761700 0.46868408
vt 0.36626300 0.43989491
vt 0.37764800 0.44022799
vt 0.36497301 0.53961504
vt 0.37682399 0.53953898
vt 0.29786000 0.39807701
vt 0.29814199 0.38695103
vt 0.37739199 0.41669208
vt 0.36513901 0.41642600
vt 0.03289160 0.49943602
vt 0.03356190 0.53713298
vt 0.06234380 0.53227603
vt 0.06410091 0.49902499
vt 0.06566831 0.46821398
vt 0.03258970 0.46856397
vt 0.06528091 0.43641698
vt 0.07946721 0.49878597
vt 0.35362700 0.37371999
vt 0.33271399 0.37355500
vt 0.38928601 0.46837199
vt 0.38885599 0.49884200
vt 0.38889799 0.43985599
vt 0.38884500 0.53994799
vt 0.29817000 0.37446302
vt 0.38958299 0.41691101
vt 0.26272801 0.49882698
vt 0.26253501 0.52735400
vt 0.26301700 0.46802109
vt 0.20754100 0.38617891
vt 0.20869300 0.39839798
vt 0.23057000 0.39886701
vt 0.23001200 0.38681102
vt 0.19326800 0.46696800
vt 0.18138500 0.46707398
vt 0.18125500 0.49925101
vt 0.19332100 0.49876511
vt 0.19392700 0.43668300
vt 0.18173000 0.43650389
vt 0.18131000 0.51935101
vt 0.19362000 0.51882899
vt 0.19463900 0.41326112
vt 0.18218701 0.41283393
vt 0.23047400 0.37332112
vt 0.20908500 0.37306613
vt 0.16929799 0.46710497
vt 0.16914099 0.49910498
vt 0.16959199 0.43665701
vt 0.16933000 0.51908696
vt 0.16921900 0.41313601
vt 0.27980599 0.43594289
vt 0.28082001 0.38643187
vt 0.28073999 0.39802212
vt 0.28098899 0.37373197
vt 0.26332399 0.43641198
vt 0.26413301 0.38640487
vt 0.26393500 0.39805901
vt 0.26423600 0.37357289
vt 0.15922700 0.46690398
vt 0.15902300 0.43611598
vt 0.15454200 0.46683198
vt 0.34693000 0.42077100
vt 0.35664299 0.43876809
vt 0.06501791 0.41153002
vt 0.08148661 0.41012901
vt 0.08143541 0.40612602
vt 0.06493230 0.40750700
vt 0.00970811 0.46883798
vt 0.00578409 0.46888608
vt 0.00610834 0.49977899
vt 0.01003250 0.49972498
vt 0.14846700 0.41872507
vt 0.13119800 0.41132808
vt 0.20693000 0.49817300
vt 0.20272300 0.49824899
vt 0.20292300 0.51861399
vt 0.20707300 0.51892501
vt 0.29644799 0.41201597
vt 0.29742599 0.40713602
vt 0.28043601 0.40648788
vt 0.28005099 0.41067803
vt 0.21298300 0.41927898
vt 0.20341600 0.43669099
vt 0.15501900 0.49767798
vt 0.15495400 0.51848197
vt 0.15948801 0.51858300
vt 0.15937400 0.49829000
vt 0.01448230 0.42043191
vt 0.00546235 0.43796301
vt 0.20722100 0.46736211
vt 0.20278300 0.46707398
vt 0.35565799 0.49919689
vt 0.35151899 0.49987388
vt 0.35067600 0.54071903
vt 0.35510099 0.54033500
vt 0.00704259 0.54122996
vt 0.01093360 0.54065299
vt 0.03178160 0.41241091
vt 0.23049501 0.40923291
vt 0.09797930 0.41107702
vt 0.09797110 0.40707600
vt 0.35611299 0.46833211
vt 0.35182801 0.46904808
vt 0.33104101 0.40963691
vt 0.26362899 0.41164500
vt 0.26354900 0.40702701
vt 0.35685509 0.41870701
vt 0.39839000 0.53988004
vt 0.39800599 0.49865508
vt 0.39814600 0.46788508
vt 0.39759001 0.43951499
vt 0.29860401 0.36344099
vt 0.33336201 0.36371398
vt 0.35194901 0.36411703
vt 0.22977100 0.49844402
vt 0.22976699 0.52237499
vt 0.23006099 0.46764213
vt 0.21030401 0.40657502
vt 0.13167500 0.46721309
vt 0.13220000 0.49802399
vt 0.16023800 0.41600507
vt 0.28122601 0.36319798
vt 0.09829931 0.43596798
vt 0.26407900 0.36280888
vt 0.39782399 0.41950703
vt 0.22991900 0.36321908
vt 0.21083701 0.36310899
vt 0.35122401 0.40668088
vt 0.20289899 0.41617298
vt 0.37636799 0.57564801
vt 0.37637699 0.57774699
vt 0.38790900 0.57797801
vt 0.38804099 0.57591498
vt 0.03412781 0.57105100
vt 0.03433900 0.57372600
vt 0.05748671 0.56793797
vt 0.15476000 0.53990698
vt 0.13213199 0.54854900
vt 0.15468900 0.54271501
vt 0.36496800 0.57547903
vt 0.36509800 0.57752401
vt 0.32756999 0.57114899
vt 0.29495701 0.56296700
vt 0.29469001 0.56594503
vt 0.32713801 0.57419598
vt 0.18160300 0.53883004
vt 0.16987100 0.53865600
vt 0.16998300 0.54202604
vt 0.18155999 0.54190898
vt 0.01183590 0.57663000
vt 0.00811917 0.57775599
vt 0.00896448 0.58004904
vt 0.01226810 0.57911396
vt 0.35497499 0.57657200
vt 0.35483110 0.57888103
vt 0.15960599 0.53914899
vt 0.15925300 0.54269499
vt 0.27862799 0.55879796
vt 0.27846199 0.56175697
vt 0.34921899 0.57972002
vt 0.34990001 0.57661998
vt 0.39726701 0.57599199
vt 0.39676401 0.57839000
vt 0.19317700 0.53853703
vt 0.19331101 0.54235101
vt 0.20400700 0.54340500
vt 0.20327701 0.53932202
vt 0.20730101 0.54029900
vt 0.20773700 0.54352200
vt 0.22984301 0.54923099
vt 0.22977000 0.54618001
vt 0.26233399 0.55460399
vt 0.26224801 0.55757600
vt 0.19779500 0.54871899
vt 0.20041300 0.55182701
vt 0.20695300 0.54854399
vt 0.20992200 0.54833496
vt 0.23109600 0.55378801
vt 0.26219401 0.56173801
vt 0.27769601 0.56575298
vt 0.29321900 0.56978798
vt 0.32426801 0.57783300
vt 0.34545699 0.58337104
vt 0.34806201 0.58493698
vt 0.35166600 0.58217597
vt 0.35220900 0.59107304
vt 0.35574901 0.58949697
vt 0.35073900 0.60045701
vt 0.35379401 0.60112000
vt 0.34974900 0.61226100
vt 0.34735799 0.60940003
vt 0.34242201 0.61669397
vt 0.34060299 0.61273700
vt 0.33908901 0.61697602
vt 0.33753800 0.61283100
vt 0.31630099 0.60731399
vt 0.31700200 0.61122900
vt 0.29467309 0.60169697
vt 0.29416999 0.60527098
vt 0.22061600 0.58607900
vt 0.22221699 0.58274800
vt 0.20209400 0.57753897
vt 0.19836600 0.58024400
vt 0.19182000 0.57117099
vt 0.19557500 0.56993902
vt 0.19719200 0.56069899
vt 0.19392499 0.55973601
vt 0.24954000 0.49867499
vt 0.24941701 0.52536893
vt 0.24982899 0.46787012
vt 0.25012699 0.43658203
vt 0.24991000 0.39843792
vt 0.25003901 0.38669598
vt 0.25017399 0.37357289
vt 0.24977501 0.40791601
vt 0.25034800 0.41320199
vt 0.11130000 0.41268301
vt 0.11131900 0.40872800
vt 0.24994799 0.36290699
vt 0.24927101 0.55430800
vt 0.24929699 0.55123496
vt 0.12297100 0.68481600
vt 0.12474000 0.69198799
vt 0.12767901 0.69069600
vt 0.12580600 0.68476301
vt 0.12680700 0.67975599
vt 0.12945101 0.68021202
vt 0.14719599 0.67140001
vt 0.14890900 0.67222703
vt 0.16695900 0.65989697
vt 0.16588999 0.65891898
vt 0.07692690 0.52982199
vt 0.19138600 0.65394998
vt 0.17701700 0.67472196
vt 0.11253400 0.49832499
vt 0.23327599 0.68426204
vt 0.23631699 0.68478400
vt 0.23742200 0.65800399
vt 0.23431800 0.65690601
vt 0.23817000 0.63050401
vt 0.23604099 0.62968504
vt 0.08206800 0.49879599
vt 0.08555681 0.46862710
vt 0.07960621 0.52898699
vt 0.11262400 0.52491099
vt 0.10989600 0.49798697
vt 0.10991300 0.52447903
vt 0.10939300 0.46818000
vt 0.02846120 0.63089699
vt 0.03317020 0.66080403
vt 0.03674840 0.66012704
vt 0.03222270 0.62976897
vt 0.03854700 0.69017804
vt 0.04126570 0.68831396
vt 0.26378301 0.65974402
vt 0.25943899 0.65955698
vt 0.25899500 0.68698400
vt 0.26325199 0.68759799
vt 0.25864401 0.63207501
vt 0.26389500 0.63247001
vt 0.20051500 0.56153399
vt 0.20329300 0.55387402
vt 0.19911000 0.56954801
vt 0.20445099 0.62936902
vt 0.34964001 0.60010201
vt 0.34840301 0.59972101
vt 0.34577399 0.60579401
vt 0.34645200 0.60685098
vt 0.26158401 0.56516504
vt 0.26114690 0.56628597
vt 0.27622101 0.57020402
vt 0.27674201 0.56910396
vt 0.34002799 0.60889000
vt 0.33966401 0.60773098
vt 0.33686599 0.60756499
vt 0.33707300 0.60872602
vt 0.34571400 0.58773696
vt 0.34307799 0.58644801
vt 0.34229600 0.58734202
vt 0.34480801 0.58852696
vt 0.31628501 0.60335898
vt 0.31617299 0.60218501
vt 0.29194599 0.57307500
vt 0.29136199 0.57413197
vt 0.32164401 0.58195603
vt 0.32235199 0.58099604
vt 0.35025200 0.59260297
vt 0.34911701 0.59315401
vt 0.29530400 0.59794700
vt 0.29532799 0.59676200
vt 0.24145100 0.59170902
vt 0.24318300 0.58823401
vt 0.24228300 0.58796096
vt 0.24059600 0.59119296
vt 0.13224600 0.52194297
vt 0.15427200 0.68048298
vt 0.17278300 0.66790402
vt 0.18432599 0.65025800
vt 0.24755099 0.68604100
vt 0.24787000 0.65870899
vt 0.24811999 0.63142204
vt 0.19740701 0.62458599
vt 0.24871100 0.56497401
vt 0.24788401 0.56463504
vt 0.24511500 0.57639503
vt 0.24601500 0.57667303
vt 0.13941599 0.69537997
vt 0.13926400 0.69338596
vt 0.13647600 0.69415200
vt 0.13664199 0.69604999
vt 0.13044401 0.69728500
vt 0.13019300 0.69485599
vt 0.15916599 0.68914801
vt 0.13347600 0.68844301
vt 0.12918800 0.67822504
vt 0.13160500 0.67890000
vt 0.13621500 0.68757403
vt 0.24919100 0.56342101
vt 0.20475499 0.57611299
vt 0.20895700 0.55102700
vt 0.21153100 0.55086803
vt 0.20941600 0.56396800
vt 0.20593300 0.56301498
vt 0.20255600 0.57466000
vt 0.19961500 0.57594299
vt 0.19578800 0.57835299
vt 0.27614099 0.60075301
vt 0.27774400 0.60094798
vt 0.27882600 0.59754699
vt 0.27743801 0.59721303
vt 0.07424591 0.56360000
vt 0.06684310 0.67338204
vt 0.09854001 0.45951998
vt 0.09861200 0.46209008
vt 0.10469300 0.46324801
vt 0.09119021 0.46384501
vt 0.26365700 0.62313402
vt 0.26407599 0.61645001
vt 0.25849900 0.62280399
vt 0.26450899 0.60866904
vt 0.26486301 0.60000801
vt 0.26050699 0.59953904
vt 0.25798899 0.59939396
vt 0.23842700 0.62207001
vt 0.23649199 0.62201703
vt 0.23968600 0.60724300
vt 0.23749000 0.60712397
vt 0.23697500 0.61480200
vt 0.23902801 0.61506402
vt 0.24826100 0.62247300
vt 0.24890600 0.61576796
vt 0.24906400 0.60786498
vt 0.24932399 0.59867203
vt 0.24037500 0.59793901
vt 0.32772201 0.55759597
vt 0.29507700 0.55070400
vt 0.27873999 0.54721099
vt 0.37644199 0.56073600
vt 0.36465701 0.56089699
vt 0.38836199 0.56125104
vt 0.26241601 0.54370099
vt 0.19346701 0.53095603
vt 0.18158700 0.53131998
vt 0.16974799 0.53148901
vt 0.35477000 0.56198597
vt 0.35019001 0.56236398
vt 0.20718300 0.53178596
vt 0.20304200 0.53097701
vt 0.15963300 0.53108001
vt 0.15485300 0.53135502
vt 0.01149850 0.56235003
vt 0.00764829 0.56320298
vt 0.03393990 0.55748701
vt 0.39781201 0.56127298
vt 0.22978200 0.53665304
vt 0.24936000 0.54087901
vt 0.15781400 0.73212898
vt 0.18462600 0.72646904
vt 0.18369800 0.71007401
vt 0.15885200 0.71601999
vt 0.13754500 0.73600602
vt 0.13847201 0.72025597
vt 0.13488200 0.73648596
vt 0.13568500 0.72081697
vt 0.12892500 0.73753601
vt 0.12945101 0.72189999
vt 0.12198900 0.73773801
vt 0.12253300 0.72177500
vt 0.12336200 0.69702601
vt 0.11504900 0.73719001
vt 0.11556900 0.72112101
vt 0.11593400 0.69621599
vt 0.10915500 0.73568600
vt 0.10938600 0.71960497
vt 0.10954200 0.69462299
vt 0.10650400 0.73498404
vt 0.10661600 0.71886003
vt 0.10666500 0.69385397
vt 0.08678160 0.72987700
vt 0.08639910 0.71360201
vt 0.08572441 0.68854201
vt 0.20324200 0.72262001
vt 0.20401999 0.70752299
vt 0.21842700 0.71996498
vt 0.21935000 0.70578599
vt 0.22016700 0.68431902
vt 0.23194300 0.71707100
vt 0.23254600 0.70318294
vt 0.25844601 0.71725798
vt 0.26234499 0.71735704
vt 0.26244900 0.70543396
vt 0.25869799 0.70552099
vt 0.23488700 0.71671903
vt 0.23552901 0.70339704
vt 0.24681599 0.71718204
vt 0.24713901 0.70524204
vt 0.07733762 0.54886198
vt 0.04431190 0.72219396
vt 0.04743640 0.72284901
vt 0.04497310 0.70904303
vt 0.04200320 0.70939302
vt 0.05095671 0.72242296
vt 0.05237471 0.72233999
vt 0.04987440 0.70777601
vt 0.04823550 0.70809603
vt 0.06644110 0.72515500
vt 0.06685520 0.70786601
vt 0.07550962 0.56214601
vt 0.11185200 0.55321401
vt 0.11073500 0.55239499
vt 0.10996500 0.54108000
vt 0.23804601 0.59776801
f 1/1 2/2 3/3
f 4/4 1/1 3/3
f 5/5 6/6 7/7
f 8/8 5/5 7/7
f 9/9 10/10 11/11
f 12/12 9/9 11/11
f 13/13 14/14 15/15
f 16/16 13/13 15/15
f 17/17 18/18 19/19
f 20/20 21/21 22/22
f 23/23 24/24 25/25
f 26/26 27/27 28/28
f 26/26 28/28 29/29
f 30/30 31/31 32/32
f 33/33 34/34 32/32
f 35/35 36/36 37/37
f 38/38 39/39 24/24
f 40/40 41/41 42/42
f 43/43 44/44 45/45
f 46/46 47/47 48/48
f 49/49 50/50 51/51
f 52/52 49/49 51/51
f 53/53 51/51 50/50
f 54/54 55/55 56/56
f 57/57 54/54 56/56
f 55/55 58/58 56/56
f 59/59 60/60 61/61
f 62/62 61/61 60/60
f 63/63 64/64 65/65
f 63/63 66/66 64/64
f 67/67 68/68 69/69
f 70/70 68/68 67/67
f 71/71 72/72 73/73
f 74/74 72/72 71/71
f 75/75 76/76 77/77
f 78/78 76/76 75/75
f 79/79 80/80 81/81
f 82/82 80/80 79/79
f 83/83 84/84 85/85
f 86/86 87/87 88/88
f 89/89 90/90 91/91
f 92/92 93/93 94/94
f 92/92 95/95 93/93
f 96/96 97/97 98/98
f 99/99 97/97 100/100
f 101/101 102/102 103/103
f 104/104 91/91 105/105
f 106/106 107/107 108/108
f 109/109 110/110 111/111
f 112/112 113/113 114/114
f 115/115 116/116 117/117
f 118/118 116/116 115/115
f 119/119 117/117 116/116
f 120/120 121/121 122/122
f 123/123 121/121 120/120
f 122/122 121/121 124/124
f 125/125 126/126 127/127
f 128/128 127/127 126/126
f 129/129 130/130 131/131
f 129/129 131/131 132/132
f 133/133 134/134 135/135
f 133/133 135/135 136/136
f 137/137 138/138 133/133
f 137/137 133/133 136/136
f 139/139 11/11 138/138
f 139/139 138/138 137/137
f 136/136 135/135 140/140
f 136/136 140/140 141/141
f 136/136 141/141 142/142
f 136/136 142/142 137/137
f 143/143 144/144 145/145
f 143/143 145/145 146/146
f 147/147 148/148 149/149
f 147/147 149/149 150/150
f 151/151 152/152 148/148
f 151/151 148/148 147/147
f 149/149 153/153 154/154
f 149/149 154/154 150/150
f 155/155 156/156 143/143
f 155/155 143/143 146/146
f 157/157 152/152 151/151
f 157/157 151/151 158/158
f 159/159 160/160 161/161
f 159/159 161/161 162/162
f 163/163 160/160 159/159
f 163/163 159/159 164/164
f 165/165 163/163 164/164
f 165/165 164/164 3/3
f 160/160 163/163 40/40
f 160/160 40/40 166/166
f 144/144 143/143 167/167
f 144/144 167/167 168/168
f 169/169 170/170 149/149
f 169/169 149/149 148/148
f 171/171 169/169 148/148
f 171/171 148/148 152/152
f 153/153 149/149 170/170
f 153/153 170/170 172/172
f 173/173 167/167 143/143
f 173/173 143/143 156/156
f 152/152 157/157 174/174
f 152/152 174/174 171/171
f 141/141 140/140 175/175
f 141/141 175/175 176/176
f 176/176 177/177 142/142
f 176/176 142/142 141/141
f 178/178 179/179 180/180
f 178/178 180/180 181/181
f 182/182 183/183 184/184
f 182/182 184/184 185/185
f 186/186 182/182 185/185
f 186/186 185/185 187/187
f 183/183 188/188 189/189
f 183/183 189/189 184/184
f 187/187 190/190 191/191
f 187/187 191/191 186/186
f 179/179 178/178 192/192
f 179/179 192/192 193/193
f 194/194 185/185 184/184
f 194/194 184/184 195/195
f 196/196 187/187 185/185
f 196/196 185/185 194/194
f 195/195 184/184 189/189
f 195/195 189/189 197/197
f 190/190 187/187 196/196
f 190/190 196/196 198/198
f 142/142 199/199 139/139
f 142/142 139/139 137/137
f 200/200 156/156 155/155
f 200/200 155/155 201/201
f 156/156 200/200 202/202
f 156/156 202/202 173/173
f 142/142 177/177 203/203
f 142/142 203/203 199/199
f 204/204 200/200 201/201
f 204/204 201/201 205/205
f 200/200 204/204 206/206
f 200/200 206/206 202/202
f 207/207 208/208 6/6
f 207/207 6/6 209/209
f 210/210 211/211 10/10
f 210/210 10/10 9/9
f 212/212 213/213 214/214
f 212/212 214/214 215/215
f 216/216 217/217 218/218
f 216/216 218/218 219/219
f 220/220 5/5 8/8
f 220/220 8/8 221/221
f 222/222 223/223 224/224
f 222/222 224/224 225/225
f 226/226 227/227 228/228
f 226/226 228/228 229/229
f 230/230 13/13 16/16
f 230/230 16/16 231/231
f 232/232 233/233 234/234
f 232/232 234/234 235/235
f 236/236 1/1 4/4
f 236/236 4/4 237/237
f 238/238 222/222 225/225
f 238/238 225/225 239/239
f 240/240 241/241 242/242
f 240/240 242/242 243/243
f 207/207 233/233 232/232
f 207/207 232/232 208/208
f 218/218 217/217 244/244
f 218/218 244/244 245/245
f 238/238 239/239 231/231
f 238/238 231/231 16/16
f 213/213 212/212 2/2
f 213/213 2/2 246/246
f 230/230 247/247 14/14
f 230/230 14/14 13/13
f 248/248 215/215 214/214
f 248/248 214/214 249/249
f 243/243 250/250 251/251
f 243/243 251/251 240/240
f 236/236 246/246 2/2
f 236/236 2/2 1/1
f 229/229 252/252 12/12
f 229/229 12/12 226/226
f 220/220 209/209 6/6
f 220/220 6/6 5/5
f 216/216 219/219 237/237
f 216/216 237/237 4/4
f 210/210 9/9 12/12
f 210/210 12/12 252/252
f 253/253 254/254 228/228
f 253/253 228/228 227/227
f 250/250 10/10 211/211
f 250/250 211/211 251/251
f 243/243 242/242 134/134
f 243/243 134/134 133/133
f 250/250 243/243 133/133
f 250/250 133/133 138/138
f 226/226 12/12 11/11
f 226/226 11/11 139/139
f 150/150 154/154 241/241
f 150/150 241/241 240/240
f 240/240 251/251 147/147
f 240/240 147/147 150/150
f 211/211 151/151 147/147
f 211/211 147/147 251/251
f 151/151 211/211 255/255
f 151/151 255/255 158/158
f 229/229 155/155 146/146
f 229/229 146/146 252/252
f 217/217 159/159 162/162
f 217/217 162/162 244/244
f 159/159 217/217 216/216
f 159/159 216/216 164/164
f 212/212 165/165 3/3
f 212/212 3/3 2/2
f 170/170 256/256 257/257
f 170/170 257/257 172/172
f 169/169 258/258 256/256
f 169/169 256/256 170/170
f 171/171 259/259 258/258
f 171/171 258/258 169/169
f 260/260 261/261 167/167
f 260/260 167/167 173/173
f 167/167 261/261 262/262
f 167/167 262/262 168/168
f 263/263 264/264 223/223
f 263/263 223/223 222/222
f 263/263 222/222 238/238
f 263/263 238/238 265/265
f 225/225 224/224 188/188
f 225/225 188/188 183/183
f 182/182 239/239 225/225
f 182/182 225/225 183/183
f 186/186 231/231 239/239
f 186/186 239/239 182/182
f 180/180 247/247 266/266
f 180/180 266/266 181/181
f 208/208 232/232 267/267
f 208/208 267/267 268/268
f 234/234 233/233 195/195
f 234/234 195/195 197/197
f 233/233 207/207 194/194
f 233/233 194/194 195/195
f 209/209 196/196 194/194
f 209/209 194/194 207/207
f 196/196 209/209 269/269
f 196/196 269/269 198/198
f 199/199 227/227 226/226
f 199/199 226/226 139/139
f 155/155 229/229 228/228
f 155/155 228/228 201/201
f 41/41 165/165 212/212
f 41/41 212/212 215/215
f 173/173 202/202 270/270
f 173/173 270/270 260/260
f 199/199 203/203 253/253
f 199/199 253/253 227/227
f 205/205 201/201 228/228
f 205/205 228/228 254/254
f 41/41 215/215 248/248
f 41/41 248/248 271/271
f 206/206 272/272 270/270
f 206/206 270/270 202/202
f 4/4 3/3 164/164
f 4/4 164/164 216/216
f 171/171 174/174 273/273
f 171/171 273/273 259/259
f 7/7 6/6 208/208
f 7/7 208/208 268/268
f 193/193 192/192 274/274
f 193/193 274/274 275/275
f 11/11 10/10 250/250
f 11/11 250/250 138/138
f 146/146 145/145 276/276
f 146/146 276/276 252/252
f 16/16 15/15 265/265
f 16/16 265/265 238/238
f 186/186 191/191 277/277
f 186/186 277/277 231/231
f 278/278 279/279 280/280
f 278/278 280/280 281/281
f 282/282 53/53 283/283
f 282/282 283/283 284/284
f 285/285 286/286 287/287
f 285/285 287/287 57/57
f 278/278 281/281 288/288
f 278/278 288/288 289/289
f 290/290 291/291 292/292
f 290/290 292/292 293/293
f 294/294 295/295 296/296
f 294/294 296/296 297/297
f 298/298 299/299 300/300
f 298/298 300/300 301/301
f 302/302 289/289 288/288
f 302/302 288/288 303/303
f 304/304 305/305 286/286
f 304/304 286/286 285/285
f 293/293 292/292 306/306
f 293/293 306/306 307/307
f 297/297 296/296 305/305
f 297/297 305/305 304/304
f 290/290 308/308 309/309
f 290/290 309/309 291/291
f 310/310 311/311 280/280
f 310/310 280/280 279/279
f 282/282 284/284 299/299
f 282/282 299/299 298/298
f 312/312 313/313 314/314
f 312/312 314/314 315/315
f 308/308 302/302 303/303
f 308/308 303/303 309/309
f 316/316 317/317 318/318
f 316/316 318/318 319/319
f 294/294 312/312 315/315
f 294/294 315/315 295/295
f 313/313 316/316 319/319
f 313/313 319/319 314/314
f 320/320 307/307 306/306
f 320/320 306/306 321/321
f 314/314 322/322 323/323
f 314/314 323/323 324/324
f 319/319 325/325 322/322
f 319/319 322/322 314/314
f 318/318 326/326 325/325
f 318/318 325/325 319/319
f 321/321 306/306 327/327
f 321/321 327/327 328/328
f 306/306 292/292 329/329
f 306/306 329/329 327/327
f 292/292 291/291 330/330
f 292/292 330/330 329/329
f 309/309 331/331 330/330
f 309/309 330/330 291/291
f 309/309 332/332 333/333
f 309/309 333/333 331/331
f 332/332 334/334 335/335
f 332/332 335/335 333/333
f 334/334 336/336 337/337
f 334/334 337/337 335/335
f 338/338 339/339 337/337
f 338/338 337/337 336/336
f 340/340 341/341 339/339
f 340/340 339/339 338/338
f 342/342 343/343 341/341
f 342/342 341/341 340/340
f 342/342 344/344 345/345
f 342/342 345/345 343/343
f 344/344 346/346 347/347
f 344/344 347/347 345/345
f 348/348 349/349 350/350
f 348/348 350/350 351/351
f 352/352 353/353 354/354
f 352/352 354/354 355/355
f 324/324 323/323 354/354
f 324/324 354/354 353/353
f 356/356 357/357 264/264
f 356/356 264/264 263/263
f 176/176 175/175 357/357
f 176/176 357/357 356/356
f 265/265 358/358 356/356
f 265/265 356/356 263/263
f 358/358 177/177 176/176
f 358/358 176/176 356/356
f 359/359 358/358 265/265
f 359/359 265/265 15/15
f 203/203 177/177 358/358
f 203/203 358/358 359/359
f 360/360 180/180 179/179
f 360/360 179/179 361/361
f 205/205 360/360 361/361
f 205/205 361/361 204/204
f 193/193 362/362 361/361
f 193/193 361/361 179/179
f 362/362 206/206 204/204
f 362/362 204/204 361/361
f 363/363 364/364 14/14
f 363/363 14/14 247/247
f 254/254 253/253 364/364
f 254/254 364/364 363/363
f 249/249 365/365 366/366
f 249/249 366/366 248/248
f 364/364 359/359 15/15
f 364/364 15/15 14/14
f 253/253 203/203 359/359
f 253/253 359/359 364/364
f 363/363 247/247 180/180
f 363/363 180/180 360/360
f 254/254 363/363 360/360
f 254/254 360/360 205/205
f 367/367 362/362 193/193
f 367/367 193/193 275/275
f 272/272 206/206 362/362
f 272/272 362/362 367/367
f 317/317 368/368 369/369
f 317/317 369/369 318/318
f 368/368 320/320 321/321
f 368/368 321/321 369/369
f 369/369 321/321 328/328
f 369/369 328/328 33/33
f 369/369 33/33 326/326
f 369/369 326/326 318/318
f 370/370 371/371 372/372
f 370/370 372/372 373/373
f 374/374 375/375 371/371
f 374/374 371/371 370/370
f 365/365 221/221 8/8
f 365/365 8/8 366/366
f 248/248 366/366 45/45
f 248/248 45/45 271/271
f 366/366 8/8 7/7
f 366/366 7/7 45/45
f 376/376 377/377 378/378
f 376/376 378/378 379/379
f 160/160 166/166 380/380
f 160/160 380/380 161/161
f 377/377 21/21 20/20
f 377/377 20/20 378/378
f 19/19 63/63 381/381
f 19/19 381/381 382/382
f 43/43 268/268 267/267
f 43/43 267/267 383/383
f 384/384 385/385 386/386
f 384/384 386/386 387/387
f 386/386 385/385 388/388
f 386/386 388/388 389/389
f 40/40 390/390 391/391
f 40/40 391/391 166/166
f 380/380 166/166 391/391
f 380/380 391/391 392/392
f 393/393 394/394 395/395
f 393/393 395/395 383/383
f 396/396 43/43 383/383
f 396/396 383/383 395/395
f 397/397 398/398 399/399
f 397/397 399/399 400/400
f 400/400 399/399 401/401
f 400/400 401/401 402/402
f 403/403 404/404 405/405
f 403/403 405/405 406/406
f 407/407 408/408 403/403
f 407/407 403/403 406/406
f 354/354 323/323 409/409
f 354/354 409/409 410/410
f 354/354 410/410 411/411
f 354/354 411/411 355/355
f 412/412 17/17 19/19
f 412/412 19/19 382/382
f 413/413 414/414 415/415
f 413/413 415/415 416/416
f 417/417 418/418 419/419
f 417/417 419/419 420/420
f 421/421 422/422 423/423
f 421/421 423/423 424/424
f 425/425 426/426 427/427
f 425/425 427/427 428/428
f 429/429 430/430 423/423
f 429/429 423/423 422/422
f 431/431 432/432 433/433
f 431/431 433/433 434/434
f 413/413 416/416 435/435
f 413/413 435/435 436/436
f 436/436 435/435 426/426
f 436/436 426/426 425/425
f 437/437 438/438 430/430
f 437/437 430/430 429/429
f 414/414 421/421 424/424
f 414/414 424/424 415/415
f 418/418 431/431 434/434
f 418/418 434/434 419/419
f 432/432 428/428 427/427
f 432/432 427/427 433/433
f 327/327 418/418 417/417
f 327/327 417/417 328/328
f 329/329 431/431 418/418
f 329/329 418/418 327/327
f 330/330 432/432 431/431
f 330/330 431/431 329/329
f 331/331 428/428 432/432
f 331/331 432/432 330/330
f 331/331 333/333 425/425
f 331/331 425/425 428/428
f 333/333 335/335 436/436
f 333/333 436/436 425/425
f 335/335 337/337 413/413
f 335/335 413/413 436/436
f 339/339 414/414 413/413
f 339/339 413/413 337/337
f 341/341 421/421 414/414
f 341/341 414/414 339/339
f 343/343 422/422 421/421
f 343/343 421/421 341/341
f 343/343 345/345 429/429
f 343/343 429/429 422/422
f 345/345 347/347 437/437
f 345/345 437/437 429/429
f 439/439 440/440 441/441
f 439/439 441/441 442/442
f 351/351 441/441 440/440
f 351/351 440/440 348/348
f 441/441 351/351 27/27
f 441/441 27/27 26/26
f 267/267 232/232 235/235
f 267/267 235/235 443/443
f 383/383 267/267 443/443
f 383/383 443/443 393/393
f 33/33 328/328 417/417
f 33/33 417/417 34/34
f 444/444 379/379 378/378
f 444/444 378/378 445/445
f 381/381 445/445 446/446
f 381/381 446/446 382/382
f 445/445 378/378 20/20
f 445/445 20/20 446/446
f 386/386 447/447 448/448
f 386/386 448/448 387/387
f 447/447 406/406 405/405
f 447/447 405/405 448/448
f 389/389 449/449 447/447
f 389/389 447/447 386/386
f 449/449 407/407 406/406
f 449/449 406/406 447/447
f 382/382 446/446 450/450
f 382/382 450/450 412/412
f 446/446 20/20 22/22
f 446/446 22/22 450/450
f 451/451 452/452 453/453
f 451/451 453/453 454/454
f 452/452 442/442 441/441
f 452/452 441/441 453/453
f 453/453 441/441 26/26
f 453/453 26/26 29/29
f 453/453 29/29 30/30
f 453/453 30/30 454/454
f 31/31 30/30 29/29
f 31/31 29/29 28/28
f 455/455 456/456 457/457
f 455/455 457/457 458/458
f 459/459 460/460 457/457
f 459/459 457/457 456/456
f 459/459 373/373 372/372
f 459/459 372/372 460/460
f 445/445 381/381 461/461
f 445/445 461/461 444/444
f 462/462 372/372 371/371
f 462/462 371/371 375/375
f 462/462 457/457 460/460
f 462/462 460/460 372/372
f 455/455 458/458 461/461
f 455/455 461/461 65/65
f 463/463 464/464 375/375
f 463/463 375/375 374/374
f 463/463 376/376 379/379
f 463/463 379/379 464/464
f 464/464 379/379 444/444
f 464/464 444/444 465/465
f 465/465 462/462 375/375
f 465/465 375/375 464/464
f 465/465 458/458 457/457
f 465/465 457/457 462/462
f 461/461 458/458 465/465
f 461/461 465/465 444/444
f 326/326 33/33 32/32
f 326/326 32/32 31/31
f 34/34 417/417 420/420
f 34/34 420/420 466/466
f 454/454 34/34 466/466
f 454/454 466/466 451/451
f 32/32 34/34 454/454
f 32/32 454/454 30/30
f 350/350 467/467 27/27
f 350/350 27/27 351/351
f 323/323 322/322 468/468
f 323/323 468/468 409/409
f 325/325 469/469 468/468
f 325/325 468/468 322/322
f 326/326 31/31 469/469
f 326/326 469/469 325/325
f 467/467 470/470 28/28
f 467/467 28/28 27/27
f 470/470 467/467 471/471
f 470/470 471/471 472/472
f 31/31 28/28 470/470
f 31/31 470/470 469/469
f 470/470 472/472 468/468
f 470/470 468/468 469/469
f 472/472 410/410 409/409
f 472/472 409/409 468/468
f 349/349 473/473 474/474
f 349/349 474/474 350/350
f 473/473 352/352 355/355
f 473/473 355/355 474/474
f 472/472 471/471 411/411
f 472/472 411/411 410/410
f 474/474 471/471 467/467
f 474/474 467/467 350/350
f 355/355 411/411 471/471
f 355/355 471/471 474/474
f 475/475 476/476 477/477
f 475/475 477/477 478/478
f 478/478 477/477 347/347
f 478/478 347/347 346/346
f 479/479 283/283 53/53
f 479/479 53/53 50/50
f 477/477 35/35 437/437
f 477/477 437/437 347/347
f 476/476 36/36 35/35
f 476/476 35/35 477/477
f 35/35 37/37 438/438
f 35/35 438/438 437/437
f 24/24 23/23 480/480
f 24/24 480/480 38/38
f 399/399 398/398 25/25
f 399/399 25/25 24/24
f 399/399 24/24 39/39
f 399/399 39/39 401/401
f 40/40 163/163 165/165
f 40/40 165/165 41/41
f 41/41 271/271 481/481
f 41/41 481/481 42/42
f 7/7 268/268 43/43
f 7/7 43/43 45/45
f 271/271 45/45 44/44
f 271/271 44/44 481/481
f 44/44 482/482 483/483
f 44/44 483/483 481/481
f 43/43 396/396 482/482
f 43/43 482/482 44/44
f 42/42 481/481 483/483
f 42/42 483/483 484/484
f 40/40 42/42 484/484
f 40/40 484/484 390/390
f 485/485 486/486 46/46
f 485/485 46/46 487/487
f 408/408 407/407 486/486
f 408/408 486/486 485/485
f 488/488 48/48 489/489
f 488/488 489/489 490/490
f 46/46 48/48 488/488
f 46/46 488/488 487/487
f 491/491 489/489 48/48
f 491/491 48/48 47/47
f 492/492 389/389 388/388
f 492/492 388/388 493/493
f 494/494 495/495 496/496
f 494/494 496/496 497/497
f 492/492 498/498 449/449
f 492/492 449/449 389/389
f 495/495 499/499 498/498
f 495/495 498/498 492/492
f 498/498 486/486 407/407
f 498/498 407/407 449/449
f 499/499 46/46 486/486
f 499/499 486/486 498/498
f 499/499 495/495 494/494
f 499/499 494/494 500/500
f 500/500 494/494 501/501
f 500/500 501/501 502/502
f 46/46 499/499 500/500
f 46/46 500/500 47/47
f 500/500 502/502 491/491
f 500/500 491/491 47/47
f 293/293 503/503 504/504
f 293/293 504/504 290/290
f 503/503 135/135 134/134
f 503/503 134/134 504/504
f 307/307 505/505 503/503
f 307/307 503/503 293/293
f 505/505 140/140 135/135
f 505/505 135/135 503/503
f 289/289 506/506 507/507
f 289/289 507/507 278/278
f 506/506 154/154 153/153
f 506/506 153/153 507/507
f 278/278 507/507 508/508
f 278/278 508/508 279/279
f 507/507 153/153 172/172
f 507/507 172/172 508/508
f 320/320 509/509 505/505
f 320/320 505/505 307/307
f 509/509 175/175 140/140
f 509/509 140/140 505/505
f 294/294 510/510 511/511
f 294/294 511/511 312/312
f 510/510 189/189 188/188
f 510/510 188/188 511/511
f 297/297 512/512 510/510
f 297/297 510/510 294/294
f 512/512 197/197 189/189
f 512/512 189/189 510/510
f 308/308 513/513 514/514
f 308/308 514/514 302/302
f 513/513 242/242 241/241
f 513/513 241/241 514/514
f 313/313 515/515 516/516
f 313/313 516/516 316/316
f 515/515 224/224 223/223
f 515/515 223/223 516/516
f 285/285 517/517 518/518
f 285/285 518/518 304/304
f 517/517 235/235 234/234
f 517/517 234/234 518/518
f 301/301 519/519 520/520
f 301/301 520/520 298/298
f 519/519 245/245 244/244
f 519/519 244/244 520/520
f 290/290 504/504 513/513
f 290/290 513/513 308/308
f 504/504 134/134 242/242
f 504/504 242/242 513/513
f 302/302 514/514 506/506
f 302/302 506/506 289/289
f 514/514 241/241 154/154
f 514/514 154/154 506/506
f 298/298 520/520 521/521
f 298/298 521/521 282/282
f 520/520 244/244 162/162
f 520/520 162/162 521/521
f 279/279 508/508 522/522
f 279/279 522/522 310/310
f 508/508 172/172 257/257
f 508/508 257/257 522/522
f 316/316 516/516 523/523
f 316/316 523/523 317/317
f 516/516 223/223 264/264
f 516/516 264/264 523/523
f 312/312 511/511 515/515
f 312/312 515/515 313/313
f 511/511 188/188 224/224
f 511/511 224/224 515/515
f 304/304 518/518 512/512
f 304/304 512/512 297/297
f 518/518 234/234 197/197
f 518/518 197/197 512/512
f 317/317 523/523 524/524
f 317/317 524/524 368/368
f 523/523 264/264 357/357
f 523/523 357/357 524/524
f 368/368 524/524 509/509
f 368/368 509/509 320/320
f 524/524 357/357 175/175
f 524/524 175/175 509/509
f 525/525 526/526 527/527
f 525/525 527/527 528/528
f 529/529 530/530 526/526
f 529/529 526/526 525/525
f 530/530 455/455 65/65
f 530/530 65/65 526/526
f 531/531 532/532 530/530
f 531/531 530/530 529/529
f 532/532 456/456 455/455
f 532/532 455/455 530/530
f 533/533 534/534 532/532
f 533/533 532/532 531/531
f 534/534 459/459 456/456
f 534/534 456/456 532/532
f 535/535 536/536 534/534
f 535/535 534/534 533/533
f 536/536 537/537 459/459
f 536/536 459/459 534/534
f 538/538 539/539 536/536
f 538/538 536/536 535/535
f 539/539 540/540 537/537
f 539/539 537/537 536/536
f 541/541 542/542 539/539
f 541/541 539/539 538/538
f 542/542 543/543 540/540
f 542/542 540/540 539/539
f 544/544 545/545 542/542
f 544/544 542/542 541/541
f 545/545 546/546 543/543
f 545/545 543/543 542/542
f 547/547 548/548 545/545
f 547/547 545/545 544/544
f 548/548 549/549 546/546
f 548/548 546/546 545/545
f 528/528 527/527 550/550
f 528/528 550/550 551/551
f 551/551 550/550 552/552
f 551/551 552/552 553/553
f 550/550 66/66 554/554
f 550/550 554/554 552/552
f 553/553 552/552 555/555
f 553/553 555/555 556/556
f 552/552 554/554 384/384
f 552/552 384/384 555/555
f 557/557 558/558 559/559
f 557/557 559/559 560/560
f 558/558 405/405 404/404
f 558/558 404/404 559/559
f 556/556 555/555 561/561
f 556/556 561/561 562/562
f 555/555 384/384 387/387
f 555/555 387/387 561/561
f 562/562 561/561 563/563
f 562/562 563/563 564/564
f 561/561 387/387 448/448
f 561/561 448/448 563/563
f 564/564 563/563 558/558
f 564/564 558/558 557/557
f 563/563 448/448 405/405
f 563/563 405/405 558/558
f 52/52 380/380 392/392
f 52/52 392/392 565/565
f 566/566 567/567 568/568
f 566/566 568/568 569/569
f 567/567 402/402 401/401
f 567/567 401/401 568/568
f 521/521 162/162 161/161
f 521/521 161/161 51/51
f 570/570 571/571 572/572
f 570/570 572/572 573/573
f 571/571 39/39 38/38
f 571/571 38/38 572/572
f 574/574 575/575 548/548
f 574/574 548/548 547/547
f 575/575 480/480 549/549
f 575/575 549/549 548/548
f 569/569 568/568 571/571
f 569/569 571/571 570/570
f 568/568 401/401 39/39
f 568/568 39/39 571/571
f 573/573 572/572 575/575
f 573/573 575/575 574/574
f 572/572 38/38 480/480
f 572/572 480/480 575/575
f 576/576 49/49 52/52
f 576/576 52/52 565/565
f 51/51 161/161 380/380
f 51/51 380/380 52/52
f 287/287 577/577 54/54
f 287/287 54/54 57/57
f 54/54 577/577 578/578
f 54/54 578/578 55/55
f 49/49 576/576 479/479
f 49/49 479/479 50/50
f 521/521 51/51 53/53
f 521/521 53/53 282/282
f 579/579 58/58 55/55
f 579/579 55/55 578/578
f 394/394 393/393 58/58
f 394/394 58/58 579/579
f 443/443 235/235 517/517
f 443/443 517/517 56/56
f 56/56 517/517 285/285
f 56/56 285/285 57/57
f 393/393 443/443 56/56
f 393/393 56/56 58/58
f 554/554 61/61 385/385
f 554/554 385/385 384/384
f 61/61 18/18 17/17
f 61/61 17/17 59/59
f 61/61 62/62 388/388
f 61/61 388/388 385/385
f 496/496 495/495 492/492
f 496/496 492/492 493/493
f 501/501 494/494 497/497
f 501/501 497/497 580/580
f 65/65 461/461 381/381
f 65/65 381/381 63/63
f 66/66 63/63 19/19
f 66/66 19/19 18/18
f 66/66 18/18 61/61
f 66/66 61/61 554/554
f 526/526 65/65 64/64
f 526/526 64/64 527/527
f 64/64 66/66 550/550
f 64/64 550/550 527/527
f 581/581 582/582 583/583
f 581/581 583/583 584/584
f 585/585 582/582 581/581
f 585/585 581/581 586/586
f 587/587 585/585 586/586
f 587/587 586/586 76/76
f 582/582 588/588 589/589
f 582/582 589/589 583/583
f 582/582 585/585 590/590
f 582/582 590/590 588/588
f 591/591 592/592 593/593
f 591/591 593/593 594/594
f 595/595 596/596 597/597
f 595/595 597/597 598/598
f 599/599 595/595 598/598
f 599/599 598/598 600/600
f 597/597 596/596 601/601
f 597/597 601/601 602/602
f 603/603 592/592 591/591
f 603/603 591/591 604/604
f 605/605 606/606 599/599
f 605/605 599/599 600/600
f 607/607 608/608 609/609
f 607/607 609/609 610/610
f 611/611 612/612 607/607
f 611/611 607/607 610/610
f 613/613 68/68 612/612
f 613/613 612/612 611/611
f 610/610 614/614 106/106
f 610/610 106/106 611/611
f 594/594 615/615 616/616
f 594/594 616/616 591/591
f 617/617 598/598 597/597
f 617/617 597/597 618/618
f 619/619 600/600 598/598
f 619/619 598/598 617/617
f 602/602 620/620 618/618
f 602/602 618/618 597/597
f 621/621 604/604 591/591
f 621/621 591/591 616/616
f 600/600 619/619 622/622
f 600/600 622/622 605/605
f 588/588 623/623 624/624
f 588/588 624/624 589/589
f 623/623 588/588 590/590
f 623/623 590/590 625/625
f 626/626 627/627 628/628
f 626/626 628/628 629/629
f 630/630 631/631 632/632
f 630/630 632/632 633/633
f 634/634 635/635 631/631
f 634/634 631/631 630/630
f 633/633 632/632 636/636
f 633/633 636/636 637/637
f 635/635 634/634 638/638
f 635/635 638/638 639/639
f 629/629 640/640 641/641
f 629/629 641/641 626/626
f 642/642 643/643 632/632
f 642/642 632/632 631/631
f 644/644 642/642 631/631
f 644/644 631/631 635/635
f 643/643 645/645 636/636
f 643/643 636/636 632/632
f 639/639 646/646 644/644
f 639/639 644/644 635/635
f 590/590 585/585 587/587
f 590/590 587/587 647/647
f 648/648 649/649 603/603
f 648/648 603/603 604/604
f 604/604 621/621 650/650
f 604/604 650/650 648/648
f 590/590 647/647 651/651
f 590/590 651/651 625/625
f 652/652 653/653 649/649
f 652/652 649/649 648/648
f 648/648 650/650 654/654
f 648/648 654/654 652/652
f 655/655 656/656 73/73
f 655/655 73/73 657/657
f 658/658 75/75 77/77
f 658/658 77/77 659/659
f 660/660 661/661 662/662
f 660/660 662/662 663/663
f 664/664 665/665 666/666
f 664/664 666/666 667/667
f 668/668 669/669 74/74
f 668/668 74/74 71/71
f 670/670 671/671 672/672
f 670/670 672/672 673/673
f 674/674 675/675 676/676
f 674/674 676/676 677/677
f 678/678 679/679 82/82
f 678/678 82/82 79/79
f 680/680 681/681 682/682
f 680/680 682/682 683/683
f 684/684 685/685 70/70
f 684/684 70/70 67/67
f 686/686 687/687 671/671
f 686/686 671/671 670/670
f 688/688 689/689 690/690
f 688/688 690/690 691/691
f 655/655 657/657 680/680
f 655/655 680/680 683/683
f 666/666 692/692 693/693
f 666/666 693/693 667/667
f 686/686 82/82 679/679
f 686/686 679/679 687/687
f 663/663 694/694 69/69
f 663/663 69/69 660/660
f 678/678 79/79 81/81
f 678/678 81/81 695/695
f 696/696 697/697 662/662
f 696/696 662/662 661/661
f 689/689 688/688 698/698
f 689/689 698/698 699/699
f 684/684 67/67 69/69
f 684/684 69/69 694/694
f 675/675 674/674 78/78
f 675/675 78/78 700/700
f 668/668 71/71 73/73
f 668/668 73/73 656/656
f 664/664 70/70 685/685
f 664/664 685/685 665/665
f 658/658 700/700 78/78
f 658/658 78/78 75/75
f 701/701 677/677 676/676
f 701/701 676/676 702/702
f 699/699 698/698 659/659
f 699/699 659/659 77/77
f 689/689 581/581 584/584
f 689/689 584/584 690/690
f 699/699 586/586 581/581
f 699/699 581/581 689/689
f 674/674 587/587 76/76
f 674/674 76/76 78/78
f 596/596 688/688 691/691
f 596/596 691/691 601/601
f 688/688 596/596 595/595
f 688/688 595/595 698/698
f 659/659 698/698 595/595
f 659/659 595/595 599/599
f 599/599 606/606 703/703
f 599/599 703/703 659/659
f 675/675 700/700 592/592
f 675/675 592/592 603/603
f 667/667 693/693 608/608
f 667/667 608/608 607/607
f 607/607 612/612 664/664
f 607/607 664/664 667/667
f 660/660 69/69 68/68
f 660/660 68/68 613/613
f 618/618 620/620 704/704
f 618/618 704/704 705/705
f 617/617 618/618 705/705
f 617/617 705/705 706/706
f 619/619 617/617 706/706
f 619/619 706/706 707/707
f 708/708 621/621 616/616
f 708/708 616/616 709/709
f 616/616 615/615 710/710
f 616/616 710/710 709/709
f 711/711 670/670 673/673
f 711/711 673/673 712/712
f 711/711 713/713 686/686
f 711/711 686/686 670/670
f 671/671 633/633 637/637
f 671/671 637/637 672/672
f 630/630 633/633 671/671
f 630/630 671/671 687/687
f 634/634 630/630 687/687
f 634/634 687/687 679/679
f 628/628 627/627 714/714
f 628/628 714/714 695/695
f 657/657 715/715 716/716
f 657/657 716/716 680/680
f 682/682 645/645 643/643
f 682/682 643/643 683/683
f 683/683 643/643 642/642
f 683/683 642/642 655/655
f 656/656 655/655 642/642
f 656/656 642/642 644/644
f 644/644 646/646 717/717
f 644/644 717/717 656/656
f 647/647 587/587 674/674
f 647/647 674/674 677/677
f 603/603 649/649 676/676
f 603/603 676/676 675/675
f 108/108 661/661 660/660
f 108/108 660/660 613/613
f 621/621 708/708 718/718
f 621/621 718/718 650/650
f 647/647 677/677 701/701
f 647/647 701/701 651/651
f 653/653 702/702 676/676
f 653/653 676/676 649/649
f 108/108 719/719 696/696
f 108/108 696/696 661/661
f 654/654 650/650 718/718
f 654/654 718/718 720/720
f 70/70 664/664 612/612
f 70/70 612/612 68/68
f 619/619 707/707 721/721
f 619/619 721/721 622/622
f 72/72 715/715 657/657
f 72/72 657/657 73/73
f 640/640 722/722 723/723
f 640/640 723/723 641/641
f 76/76 586/586 699/699
f 76/76 699/699 77/77
f 592/592 700/700 724/724
f 592/592 724/724 593/593
f 82/82 686/686 713/713
f 82/82 713/713 80/80
f 634/634 679/679 725/725
f 634/634 725/725 638/638
f 726/726 727/727 728/728
f 726/726 728/728 729/729
f 730/730 731/731 732/732
f 730/730 732/732 119/119
f 733/733 123/123 734/734
f 733/733 734/734 735/735
f 726/726 736/736 737/737
f 726/726 737/737 727/727
f 738/738 739/739 740/740
f 738/738 740/740 741/741
f 742/742 743/743 744/744
f 742/742 744/744 745/745
f 746/746 747/747 748/748
f 746/746 748/748 749/749
f 750/750 751/751 737/737
f 750/750 737/737 736/736
f 752/752 733/733 735/735
f 752/752 735/735 753/753
f 739/739 754/754 755/755
f 739/739 755/755 740/740
f 743/743 752/752 753/753
f 743/743 753/753 744/744
f 738/738 741/741 756/756
f 738/738 756/756 757/757
f 758/758 729/729 728/728
f 758/758 728/728 759/759
f 730/730 746/746 749/749
f 730/730 749/749 731/731
f 760/760 761/761 762/762
f 760/760 762/762 763/763
f 757/757 756/756 751/751
f 757/757 751/751 750/750
f 764/764 765/765 766/766
f 764/764 766/766 767/767
f 742/742 745/745 761/761
f 742/742 761/761 760/760
f 763/763 762/762 765/765
f 763/763 765/765 764/764
f 768/768 769/769 755/755
f 768/768 755/755 754/754
f 762/762 770/770 771/771
f 762/762 771/771 772/772
f 765/765 762/762 772/772
f 765/765 772/772 773/773
f 766/766 765/765 773/773
f 766/766 773/773 774/774
f 769/769 775/775 776/776
f 769/769 776/776 755/755
f 755/755 776/776 777/777
f 755/755 777/777 740/740
f 740/740 777/777 778/778
f 740/740 778/778 741/741
f 756/756 741/741 778/778
f 756/756 778/778 779/779
f 756/756 779/779 780/780
f 756/756 780/780 781/781
f 781/781 780/780 782/782
f 781/781 782/782 783/783
f 783/783 782/782 784/784
f 783/783 784/784 785/785
f 786/786 785/785 784/784
f 786/786 784/784 787/787
f 788/788 786/786 787/787
f 788/788 787/787 789/789
f 790/790 788/788 789/789
f 790/790 789/789 791/791
f 790/790 791/791 792/792
f 790/790 792/792 793/793
f 793/793 792/792 794/794
f 793/793 794/794 795/795
f 796/796 797/797 798/798
f 796/796 798/798 799/799
f 800/800 801/801 802/802
f 800/800 802/802 803/803
f 770/770 803/803 802/802
f 770/770 802/802 771/771
f 804/804 711/711 712/712
f 804/804 712/712 805/805
f 623/623 804/804 805/805
f 623/623 805/805 624/624
f 713/713 711/711 804/804
f 713/713 804/804 806/806
f 806/806 804/804 623/623
f 806/806 623/623 625/625
f 807/807 80/80 713/713
f 807/807 713/713 806/806
f 651/651 807/807 806/806
f 651/651 806/806 625/625
f 808/808 809/809 629/629
f 808/808 629/629 628/628
f 653/653 652/652 809/809
f 653/653 809/809 808/808
f 640/640 629/629 809/809
f 640/640 809/809 810/810
f 810/810 809/809 652/652
f 810/810 652/652 654/654
f 811/811 695/695 81/81
f 811/811 81/81 812/812
f 702/702 811/811 812/812
f 702/702 812/812 701/701
f 697/697 696/696 813/813
f 697/697 813/813 814/814
f 812/812 81/81 80/80
f 812/812 80/80 807/807
f 701/701 812/812 807/807
f 701/701 807/807 651/651
f 811/811 808/808 628/628
f 811/811 628/628 695/695
f 702/702 653/653 808/808
f 702/702 808/808 811/811
f 815/815 722/722 640/640
f 815/815 640/640 810/810
f 720/720 815/815 810/810
f 720/720 810/810 654/654
f 767/767 766/766 816/816
f 767/767 816/816 817/817
f 817/817 816/816 769/769
f 817/817 769/769 768/768
f 816/816 99/99 775/775
f 816/816 775/775 769/769
f 816/816 766/766 774/774
f 816/816 774/774 99/99
f 818/818 819/819 820/820
f 818/818 820/820 821/821
f 822/822 818/818 821/821
f 822/822 821/821 823/823
f 814/814 813/813 74/74
f 814/814 74/74 669/669
f 696/696 719/719 110/110
f 696/696 110/110 813/813
f 813/813 110/110 72/72
f 813/813 72/72 74/74
f 824/824 825/825 826/826
f 824/824 826/826 827/827
f 610/610 609/609 828/828
f 610/610 828/828 614/614
f 827/827 826/826 86/86
f 827/827 86/86 88/88
f 84/84 829/829 830/830
f 84/84 830/830 129/129
f 109/109 831/831 716/716
f 109/109 716/716 715/715
f 832/832 833/833 834/834
f 832/832 834/834 835/835
f 834/834 836/836 837/837
f 834/834 837/837 835/835
f 106/106 614/614 838/838
f 106/106 838/838 839/839
f 828/828 840/840 838/838
f 828/828 838/838 614/614
f 841/841 831/831 842/842
f 841/841 842/842 843/843
f 844/844 842/842 831/831
f 844/844 831/831 109/109
f 845/845 846/846 847/847
f 845/845 847/847 848/848
f 846/846 849/849 850/850
f 846/846 850/850 847/847
f 851/851 852/852 853/853
f 851/851 853/853 854/854
f 855/855 852/852 851/851
f 855/855 851/851 856/856
f 802/802 857/857 858/858
f 802/802 858/858 771/771
f 802/802 801/801 859/859
f 802/802 859/859 857/857
f 860/860 829/829 84/84
f 860/860 84/84 83/83
f 861/861 862/862 863/863
f 861/861 863/863 864/864
f 865/865 866/866 867/867
f 865/865 867/867 868/868
f 869/869 870/870 871/871
f 869/869 871/871 872/872
f 873/873 874/874 875/875
f 873/873 875/875 876/876
f 877/877 872/872 871/871
f 877/877 871/871 878/878
f 879/879 880/880 881/881
f 879/879 881/881 882/882
f 861/861 883/883 884/884
f 861/861 884/884 862/862
f 883/883 873/873 876/876
f 883/883 876/876 884/884
f 885/885 877/877 878/878
f 885/885 878/878 886/886
f 864/864 863/863 870/870
f 864/864 870/870 869/869
f 868/868 867/867 880/880
f 868/868 880/880 879/879
f 882/882 881/881 875/875
f 882/882 875/875 874/874
f 776/776 775/775 865/865
f 776/776 865/865 868/868
f 777/777 776/776 868/868
f 777/777 868/868 879/879
f 778/778 777/777 879/879
f 778/778 879/879 882/882
f 779/779 778/778 882/882
f 779/779 882/882 874/874
f 779/779 874/874 873/873
f 779/779 873/873 780/780
f 780/780 873/873 883/883
f 780/780 883/883 782/782
f 782/782 883/883 861/861
f 782/782 861/861 784/784
f 787/787 784/784 861/861
f 787/787 861/861 864/864
f 789/789 787/787 864/864
f 789/789 864/864 869/869
f 791/791 789/789 869/869
f 791/791 869/869 872/872
f 791/791 872/872 877/877
f 791/791 877/877 792/792
f 792/792 877/877 885/885
f 792/792 885/885 794/794
f 887/887 888/888 889/889
f 887/887 889/889 890/890
f 797/797 796/796 890/890
f 797/797 890/890 889/889
f 889/889 92/92 94/94
f 889/889 94/94 797/797
f 716/716 891/891 681/681
f 716/716 681/681 680/680
f 831/831 841/841 891/891
f 831/831 891/891 716/716
f 99/99 100/100 865/865
f 99/99 865/865 775/775
f 892/892 893/893 826/826
f 892/892 826/826 825/825
f 830/830 829/829 894/894
f 830/830 894/894 893/893
f 893/893 894/894 86/86
f 893/893 86/86 826/826
f 834/834 833/833 895/895
f 834/834 895/895 896/896
f 896/896 895/895 853/853
f 896/896 853/853 852/852
f 836/836 834/834 896/896
f 836/836 896/896 897/897
f 897/897 896/896 852/852
f 897/897 852/852 855/855
f 829/829 860/860 898/898
f 829/829 898/898 894/894
f 894/894 898/898 87/87
f 894/894 87/87 86/86
f 899/899 900/900 901/901
f 899/899 901/901 902/902
f 902/902 901/901 889/889
f 902/902 889/889 888/888
f 901/901 95/95 92/92
f 901/901 92/92 889/889
f 901/901 900/900 96/96
f 901/901 96/96 95/95
f 98/98 93/93 95/95
f 98/98 95/95 96/96
f 903/903 904/904 905/905
f 903/903 905/905 906/906
f 907/907 906/906 905/905
f 907/907 905/905 908/908
f 907/907 908/908 820/820
f 907/907 820/820 819/819
f 893/893 892/892 909/909
f 893/893 909/909 830/830
f 910/910 823/823 821/821
f 910/910 821/821 820/820
f 910/910 820/820 908/908
f 910/910 908/908 905/905
f 903/903 130/130 909/909
f 903/903 909/909 904/904
f 911/911 822/822 823/823
f 911/911 823/823 912/912
f 911/911 912/912 825/825
f 911/911 825/825 824/824
f 912/912 913/913 892/892
f 912/912 892/892 825/825
f 913/913 912/912 823/823
f 913/913 823/823 910/910
f 913/913 910/910 905/905
f 913/913 905/905 904/904
f 909/909 892/892 913/913
f 909/909 913/913 904/904
f 774/774 98/98 97/97
f 774/774 97/97 99/99
f 100/100 914/914 866/866
f 100/100 866/866 865/865
f 900/900 899/899 914/914
f 900/900 914/914 100/100
f 97/97 96/96 900/900
f 97/97 900/900 100/100
f 798/798 797/797 94/94
f 798/798 94/94 915/915
f 771/771 858/858 916/916
f 771/771 916/916 772/772
f 773/773 772/772 916/916
f 773/773 916/916 917/917
f 774/774 773/773 917/917
f 774/774 917/917 98/98
f 915/915 94/94 93/93
f 915/915 93/93 918/918
f 918/918 919/919 920/920
f 918/918 920/920 915/915
f 98/98 917/917 918/918
f 98/98 918/918 93/93
f 918/918 917/917 916/916
f 918/918 916/916 919/919
f 919/919 916/916 858/858
f 919/919 858/858 857/857
f 799/799 798/798 921/921
f 799/799 921/921 922/922
f 922/922 921/921 801/801
f 922/922 801/801 800/800
f 919/919 857/857 859/859
f 919/919 859/859 920/920
f 921/921 798/798 915/915
f 921/921 915/915 920/920
f 801/801 921/921 920/920
f 801/801 920/920 859/859
f 923/923 924/924 925/925
f 923/923 925/925 926/926
f 924/924 795/795 794/794
f 924/924 794/794 925/925
f 927/927 117/117 119/119
f 927/927 119/119 732/732
f 925/925 794/794 885/885
f 925/925 885/885 101/101
f 926/926 925/925 101/101
f 926/926 101/101 103/103
f 101/101 885/885 886/886
f 101/101 886/886 102/102
f 91/91 104/104 928/928
f 91/91 928/928 89/89
f 847/847 91/91 90/90
f 847/847 90/90 848/848
f 847/847 850/850 105/105
f 847/847 105/105 91/91
f 106/106 108/108 613/613
f 106/106 613/613 611/611
f 108/108 107/107 929/929
f 108/108 929/929 719/719
f 72/72 110/110 109/109
f 72/72 109/109 715/715
f 719/719 929/929 111/111
f 719/719 111/111 110/110
f 111/111 929/929 930/930
f 111/111 930/930 931/931
f 109/109 111/111 931/931
f 109/109 931/931 844/844
f 107/107 932/932 930/930
f 107/107 930/930 929/929
f 106/106 839/839 932/932
f 106/106 932/932 107/107
f 933/933 934/934 112/112
f 933/933 112/112 935/935
f 856/856 933/933 935/935
f 856/856 935/935 855/855
f 936/936 937/937 938/938
f 936/936 938/938 113/113
f 112/112 934/934 936/936
f 112/112 936/936 113/113
f 939/939 114/114 113/113
f 939/939 113/113 938/938
f 940/940 941/941 837/837
f 940/940 837/837 836/836
f 942/942 943/943 944/944
f 942/942 944/944 945/945
f 940/940 836/836 897/897
f 940/940 897/897 946/946
f 945/945 940/940 946/946
f 945/945 946/946 947/947
f 946/946 897/897 855/855
f 946/946 855/855 935/935
f 947/947 946/946 935/935
f 947/947 935/935 112/112
f 947/947 948/948 942/942
f 947/947 942/942 945/945
f 948/948 949/949 950/950
f 948/948 950/950 942/942
f 112/112 114/114 948/948
f 112/112 948/948 947/947
f 948/948 114/114 939/939
f 948/948 939/939 949/949
f 739/739 738/738 951/951
f 739/739 951/951 952/952
f 952/952 951/951 584/584
f 952/952 584/584 583/583
f 754/754 739/739 952/952
f 754/754 952/952 953/953
f 953/953 952/952 583/583
f 953/953 583/583 589/589
f 736/736 726/726 954/954
f 736/736 954/954 955/955
f 955/955 954/954 602/602
f 955/955 602/602 601/601
f 726/726 729/729 956/956
f 726/726 956/956 954/954
f 954/954 956/956 620/620
f 954/954 620/620 602/602
f 768/768 754/754 953/953
f 768/768 953/953 957/957
f 957/957 953/953 589/589
f 957/957 589/589 624/624
f 742/742 760/760 958/958
f 742/742 958/958 959/959
f 959/959 958/958 637/637
f 959/959 637/637 636/636
f 743/743 742/742 959/959
f 743/743 959/959 960/960
f 960/960 959/959 636/636
f 960/960 636/636 645/645
f 757/757 750/750 961/961
f 757/757 961/961 962/962
f 962/962 961/961 691/691
f 962/962 691/691 690/690
f 763/763 764/764 963/963
f 763/763 963/963 964/964
f 964/964 963/963 673/673
f 964/964 673/673 672/672
f 733/733 752/752 965/965
f 733/733 965/965 966/966
f 966/966 965/965 682/682
f 966/966 682/682 681/681
f 747/747 746/746 967/967
f 747/747 967/967 968/968
f 968/968 967/967 693/693
f 968/968 693/693 692/692
f 738/738 757/757 962/962
f 738/738 962/962 951/951
f 951/951 962/962 690/690
f 951/951 690/690 584/584
f 750/750 736/736 955/955
f 750/750 955/955 961/961
f 961/961 955/955 601/601
f 961/961 601/601 691/691
f 746/746 730/730 969/969
f 746/746 969/969 967/967
f 967/967 969/969 608/608
f 967/967 608/608 693/693
f 729/729 758/758 970/970
f 729/729 970/970 956/956
f 956/956 970/970 704/704
f 956/956 704/704 620/620
f 764/764 767/767 971/971
f 764/764 971/971 963/963
f 963/963 971/971 712/712
f 963/963 712/712 673/673
f 760/760 763/763 964/964
f 760/760 964/964 958/958
f 958/958 964/964 672/672
f 958/958 672/672 637/637
f 752/752 743/743 960/960
f 752/752 960/960 965/965
f 965/965 960/960 645/645
f 965/965 645/645 682/682
f 767/767 817/817 972/972
f 767/767 972/972 971/971
f 971/971 972/972 805/805
f 971/971 805/805 712/712
f 817/817 768/768 957/957
f 817/817 957/957 972/972
f 972/972 957/957 624/624
f 972/972 624/624 805/805
f 973/973 974/974 975/975
f 973/973 975/975 976/976
f 977/977 973/973 976/976
f 977/977 976/976 978/978
f 978/978 976/976 130/130
f 978/978 130/130 903/903
f 979/979 977/977 978/978
f 979/979 978/978 980/980
f 980/980 978/978 903/903
f 980/980 903/903 906/906
f 981/981 979/979 980/980
f 981/981 980/980 982/982
f 982/982 980/980 906/906
f 982/982 906/906 907/907
f 983/983 981/981 982/982
f 983/983 982/982 984/984
f 984/984 982/982 907/907
f 984/984 907/907 985/985
f 986/986 983/983 984/984
f 986/986 984/984 987/987
f 987/987 984/984 985/985
f 987/987 985/985 988/988
f 989/989 986/986 987/987
f 989/989 987/987 990/990
f 990/990 987/987 988/988
f 990/990 988/988 991/991
f 992/992 989/989 990/990
f 992/992 990/990 993/993
f 993/993 990/990 991/991
f 993/993 991/991 994/994
f 995/995 992/992 993/993
f 995/995 993/993 996/996
f 996/996 993/993 994/994
f 996/996 994/994 997/997
f 974/974 998/998 999/999
f 974/974 999/999 975/975
f 998/998 1000/1000 1001/1001
f 998/998 1001/1001 999/999
f 999/999 1001/1001 1002/1002
f 999/999 1002/1002 132/132
f 1000/1000 1003/1003 1004/1004
f 1000/1000 1004/1004 1001/1001
f 1001/1001 1004/1004 832/832
f 1001/1001 832/832 1002/1002
f 1005/1005 1006/1006 1007/1007
f 1005/1005 1007/1007 1008/1008
f 1008/1008 1007/1007 854/854
f 1008/1008 854/854 853/853
f 1003/1003 1009/1009 1010/1010
f 1003/1003 1010/1010 1004/1004
f 1004/1004 1010/1010 833/833
f 1004/1004 833/833 832/832
f 1009/1009 1011/1011 1012/1012
f 1009/1009 1012/1012 1010/1010
f 1010/1010 1012/1012 895/895
f 1010/1010 895/895 833/833
f 1011/1011 1005/1005 1008/1008
f 1011/1011 1008/1008 1012/1012
f 1012/1012 1008/1008 853/853
f 1012/1012 853/853 895/895
f 118/118 1013/1013 840/840
f 118/118 840/840 828/828
f 1014/1014 1015/1015 1016/1016
f 1014/1014 1016/1016 1017/1017
f 1017/1017 1016/1016 850/850
f 1017/1017 850/850 849/849
f 969/969 116/116 609/609
f 969/969 609/609 608/608
f 1018/1018 1019/1019 1020/1020
f 1018/1018 1020/1020 1021/1021
f 1021/1021 1020/1020 104/104
f 1021/1021 104/104 105/105
f 1022/1022 995/995 996/996
f 1022/1022 996/996 1023/1023
f 1023/1023 996/996 997/997
f 1023/1023 997/997 928/928
f 1015/1015 1018/1018 1021/1021
f 1015/1015 1021/1021 1016/1016
f 1016/1016 1021/1021 105/105
f 1016/1016 105/105 850/850
f 1019/1019 1022/1022 1023/1023
f 1019/1019 1023/1023 1020/1020
f 1020/1020 1023/1023 928/928
f 1020/1020 928/928 104/104
f 1024/1024 1013/1013 118/118
f 1024/1024 118/118 115/115
f 116/116 118/118 828/828
f 116/116 828/828 609/609
f 734/734 123/123 120/120
f 734/734 120/120 1025/1025
f 120/120 122/122 1026/1026
f 120/120 1026/1026 1025/1025
f 115/115 117/117 927/927
f 115/115 927/927 1024/1024
f 969/969 730/730 119/119
f 969/969 119/119 116/116
f 1027/1027 1026/1026 122/122
f 1027/1027 122/122 124/124
f 843/843 1027/1027 124/124
f 843/843 124/124 841/841
f 891/891 121/121 966/966
f 891/891 966/966 681/681
f 121/121 123/123 733/733
f 121/121 733/733 966/966
f 841/841 124/124 121/121
f 841/841 121/121 891/891
f 1002/1002 832/832 835/835
f 1002/1002 835/835 126/126
f 126/126 125/125 83/83
f 126/126 83/83 85/85
f 126/126 835/835 837/837
f 126/126 837/837 128/128
f 944/944 941/941 940/940
f 944/944 940/940 945/945
f 950/950 1028/1028 943/943
f 950/950 943/943 942/942
f 130/130 129/129 830/830
f 130/130 830/830 909/909
f 132/132 85/85 84/84
f 132/132 84/84 129/129
f 132/132 1002/1002 126/126
f 132/132 126/126 85/85
f 976/976 975/975 131/131
f 976/976 131/131 130/130
f 131/131 975/975 999/999
f 131/131 999/999 132/132

