# https://github.com/mikedh/trimesh
mtllib material.mtl
usemtl Std_Skin_Body
v 0.00012050 -0.04704907 0.11294000
v 0.00422529 -0.04740775 0.11442530
v 0.00476528 -0.04222715 0.11197197
v 0.00010270 -0.03999825 0.10917337
v 0.00093512 -0.25277984 0.30150717
v -0.00197124 -0.26084126 0.30418697
v 0.00776129 -0.26121459 0.30622957
v 0.01010966 -0.25518358 0.30530836
v 0.00472544 -0.24444685 0.29929828
v 0.01561420 -0.24781019 0.30463438
v 0.00705374 -0.05445852 0.11775113
v 0.00963369 -0.05805630 0.12022457
v 0.01183585 -0.05600060 0.11965141
v 0.01020248 -0.05345904 0.11812907
v -0.01155819 -0.24399268 0.29330072
v -0.01108245 -0.24943301 0.29525772
v -0.00498477 -0.25015452 0.29744881
v -0.00389271 -0.24323305 0.29462076
v 0.03276134 -0.33668168 0.29403006
v 0.02930327 -0.33606840 0.28533869
v 0.03054594 -0.33193797 0.28686378
v 0.03376266 -0.33379452 0.29514793
v 0.03626589 -0.29799668 0.28311596
v 0.03887286 -0.29355474 0.27969517
v 0.04031374 -0.28984926 0.29010724
v 0.03727928 -0.29369821 0.29345893
v 0.01219202 0.02298472 -0.01431416
v 0.01516064 0.00381724 0.00091520
v 0.01319305 0.00888138 0.00725313
v 0.01001404 0.02904767 -0.00706421
v 0.01583946 -0.32141777 0.26131865
v 0.01682315 -0.32587549 0.26656110
v 0.01265569 -0.32529877 0.26317815
v 0.01283617 -0.31918667 0.25754473
v 0.01968392 -0.31690170 0.26013035
v 0.02343160 -0.32784650 0.27333173
v 0.03114277 -0.31773738 0.31259562
v 0.03089602 -0.32254583 0.31846882
v 0.03521541 -0.33100591 0.31240092
v 0.03534283 -0.32788276 0.30614936
v 0.01031925 -0.34421523 0.26929840
v 0.00912016 -0.33712258 0.26938496
v 0.01286378 -0.33685753 0.27038485
v 0.01378845 -0.34360991 0.27030155
v 0.01680069 -0.28273364 0.31508169
v 0.00635029 -0.28794261 0.31740561
v 0.01823233 -0.29777179 0.31927391
v 0.02229278 -0.29383930 0.31596504
v 0.02852693 -0.30818539 0.26581808
v 0.03110945 -0.31569742 0.28232969
v 0.02803568 -0.32119878 0.27681687
v 0.02456711 -0.31210064 0.26096506
v 0.02949488 -0.30057520 0.25822610
v 0.03100882 -0.30637302 0.27242644
v 0.02602976 -0.30330178 0.25403650
v 0.03608647 -0.33563158 0.30913393
v 0.03556412 -0.33308415 0.30267526
v 0.02399365 -0.26907272 0.31022932
v 0.01758512 -0.26866928 0.31024720
v 0.02651415 -0.27715778 0.31140436
v 0.03112827 -0.27562240 0.30942844
v 0.02101769 -0.32215724 0.33358691
v 0.02301007 -0.31512045 0.32727855
v 0.01322308 -0.31063526 0.33120018
v 0.01047275 -0.31908168 0.33705664
v 0.02230126 -0.03672345 -0.02124415
v 0.02625666 -0.03604087 -0.02015673
v 0.02888622 -0.05060554 -0.01748803
v 0.02419248 -0.05175494 -0.01844297
v 0.04156045 -0.27844703 0.30648738
v 0.05142749 -0.27594951 0.30675490
v 0.04831922 -0.27174421 0.31019573
v 0.03834776 -0.27426151 0.30966799
v 0.03301503 -0.29674212 0.26072643
v 0.03365157 -0.29895711 0.27024199
v 0.03007753 -0.29480051 0.24534198
v 0.03476974 -0.29252078 0.25084469
v 0.03324342 -0.30792442 0.28814176
v 0.03432901 -0.28791805 0.30239815
v 0.02771703 -0.29778930 0.31103114
v 0.03272389 -0.30247563 0.30082930
v 0.04111858 -0.26337941 0.31237724
v 0.03102891 -0.26683517 0.31069600
v 0.01542750 -0.30949813 0.25060357
v -0.01047751 -0.26248668 0.30245756
v -0.01022301 -0.26996343 0.30700912
v -0.00156078 -0.26738801 0.30763699
v 0.03064724 -0.28263366 0.30794373
v 0.00880793 -0.32622988 0.26248157
v 0.01035892 -0.27096998 0.31110532
v 0.03119728 -0.06449878 -0.01490630
v 0.02594953 -0.06565452 -0.01589025
v 0.03117374 -0.03547457 -0.01774569
v 0.03450260 -0.04859850 -0.01523262
v -0.00001519 -0.27798023 0.31320514
v 0.01561146 -0.26244864 0.30740086
v 0.02074847 -0.25930804 0.30899229
v 0.04486269 -0.28233445 0.29953372
v 0.05395353 -0.28033698 0.29919303
v 0.01712101 -0.33683029 0.27211257
v 0.00904731 -0.31880858 0.25569930
v 0.02876370 -0.25441551 0.31028995
v 0.02476682 -0.30330779 0.31600306
v 0.03199833 -0.31289728 0.30597599
v 0.03377753 -0.32084380 0.29278321
v 0.03235388 -0.32630840 0.28934378
v 0.03480144 -0.27992208 0.30596189
v 0.03910285 -0.28496648 0.30035735
v 0.03392882 -0.31478506 0.29688831
v 0.02381977 -0.30823971 0.32108680
v 0.02301007 -0.31512045 0.32727855
v 0.02118207 -0.30580591 0.25037817
v 0.02072832 -0.29716716 0.23688556
v 0.01535354 -0.29745625 0.23578844
v 0.02204830 -0.33635473 0.27601115
v 0.00793152 -0.26523090 0.30806505
v 0.01209428 -0.26530584 0.30867903
v 0.03813172 -0.06286677 -0.01236243
v 0.05395353 -0.28033698 0.29919303
v 0.04486269 -0.28233445 0.29953372
v 0.04520703 -0.28612203 0.28777932
v 0.05265361 -0.28360899 0.28443872
v 0.03607471 -0.33748651 0.31416278
v 0.03657580 -0.33923665 0.31327587
v 0.03602539 -0.33750986 0.30825022
v 0.00963492 -0.00526280 0.01107446
v 0.00841186 -0.00538066 0.01794750
v 0.01086975 -0.00446743 0.01760064
v 0.01361099 -0.00596601 0.01121412
v 0.01795626 -0.34264163 0.27251522
v 0.03493885 -0.29695533 0.27006639
v -0.00638469 -0.25485181 0.29932647
v -0.01088546 -0.25393890 0.29779941
v 0.00927679 -0.30793299 0.24632048
v 0.01011562 -0.29827260 0.23507021
v 0.02549021 -0.29643726 0.24067276
v 0.00190673 -0.30813721 0.33130195
v 0.00057836 -0.31837693 0.33754145
v 0.03743877 -0.29415591 0.26608174
v 0.04040954 -0.29036435 0.25907730
v 0.04725042 -0.28707499 0.26977558
v 0.04181440 -0.29043506 0.27649790
v 0.03442147 -0.33000732 0.29651956
v 0.03472472 -0.32442695 0.29992623
v -0.00952072 -0.28093357 0.31218370
v -0.00902059 -0.28838716 0.31564775
v 0.03910285 -0.28496648 0.30035735
v 0.02244143 0.00670245 -0.02664041
v 0.03644761 -0.00539239 -0.03022114
v 0.03471575 -0.02503152 -0.01535870
v 0.02410090 -0.01029303 -0.01357468
v 0.02878421 -0.33964939 0.28592934
v 0.02363079 -0.34092769 0.27752875
v 0.02771703 -0.29778930 0.31103114
v 0.03432901 -0.28791805 0.30239815
v 0.02476682 -0.30330779 0.31600306
v 0.03507206 -0.33565284 0.30175311
v -0.00917575 -0.29657993 0.32257326
v -0.00884041 -0.30827486 0.33000053
v 0.00408612 -0.29719944 0.32354420
v 0.02105605 -0.05724095 0.12209113
v 0.01511713 -0.05727642 0.12112220
v 0.01369137 -0.06365687 0.12498552
v 0.02209866 -0.06477804 0.12692183
v 0.08809519 -0.05022575 0.00499458
v 0.08667094 -0.04102990 -0.00318602
v 0.09613577 -0.03769822 0.00492922
v 0.09514066 -0.05098591 0.01281805
v 0.01705564 0.03553572 0.06065952
v 0.01151583 0.02718295 0.06794565
v 0.02552414 0.03284288 0.07725555
v 0.03180674 0.03926201 0.06871530
v 0.08575337 -0.06563692 0.11693669
v 0.07107501 -0.05602152 0.12486693
v 0.07087900 -0.07076624 0.13176094
v 0.08213042 -0.07634291 0.12534621
v 0.02113983 -0.02044277 -0.01527880
v 0.02467274 -0.02032141 -0.01327275
v 0.05762020 -0.01703592 0.11742912
v 0.03697978 -0.01458925 0.11801437
v 0.04302741 -0.02598319 0.12213923
v 0.06231226 -0.02767157 0.12001356
v 0.03411068 -0.03450132 -0.01500011
v 0.03837505 -0.04589642 -0.01273203
v 0.01229418 0.00170801 0.01776001
v 0.00886728 0.01374658 0.01340977
v 0.01450117 -0.00157743 0.01166922
v 0.01880409 -0.01624419 0.11403198
v 0.02605216 -0.02737171 0.11957250
v 0.02771984 -0.05571298 0.12263403
v 0.03802364 -0.05434570 0.12517863
v 0.03288716 -0.04134848 0.12278504
v 0.02039279 -0.04360177 0.11886900
v -0.00384027 -0.06097128 0.11764375
v 0.00337771 -0.05984970 0.11907592
v 0.00192365 -0.05505511 0.11685469
v -0.00417834 -0.05599072 0.11539404
v 0.00844043 0.02735305 0.04980207
v 0.00465429 0.01964996 0.05713108
v -0.00322054 -0.01766581 0.09300045
v -0.00422813 -0.02180895 0.08941281
v -0.00477778 -0.02713960 0.09733435
v -0.00136123 -0.02781632 0.10465222
v 0.10451550 -0.04002404 0.04009853
v 0.10446780 -0.03474642 0.05312671
v 0.10387633 -0.04919995 0.05822444
v 0.10323986 -0.05368696 0.04604969
v 0.00112408 -0.00119092 0.05095490
v 0.00482391 -0.00235508 0.03553713
v 0.00401622 -0.00469223 0.03815472
v 0.00089490 -0.00533026 0.05325547
v 0.04302005 -0.06646360 0.13084140
v 0.05578667 -0.06781234 0.13239528
v 0.05304544 -0.05457381 0.12761908
v 0.10318108 -0.03112149 0.01739297
v 0.10549862 -0.02306125 0.03252476
v 0.10122104 -0.04642079 0.02525723
v 0.03414622 -0.03189110 -0.01343431
v 0.02670557 -0.01912499 -0.01125993
v 0.02650831 -0.01786787 -0.01044433
v 0.00643537 -0.02120438 0.10908482
v 0.01533037 -0.00742428 0.10695415
v 0.00301803 -0.01199949 0.10086848
v 0.01234477 -0.00242699 0.01834474
v 0.01481205 -0.00496174 0.01208378
v 0.04942015 0.03943434 0.07487424
v 0.04582343 0.03099887 0.08428551
v 0.06495192 0.02265728 0.08607895
v 0.06693977 0.03185281 0.07516068
v 0.10366471 0.00952753 0.04410773
v 0.09829381 0.01924850 0.05003920
v 0.09731403 0.00756593 0.06159569
v 0.10253435 -0.00344932 0.05487474
v 0.00749951 0.01892843 0.04238853
v 0.00498134 0.01271971 0.04471835
v 0.10288454 -0.02064466 0.05933697
v 0.10195821 -0.01317493 0.06479531
v 0.10059755 -0.02427165 0.07305646
v 0.10341903 -0.03163662 0.06421979
v 0.09592436 -0.00449337 0.07151387
v 0.08826377 0.00513137 0.07867435
v 0.08634144 -0.00645185 0.08782113
v 0.09497678 -0.01629100 0.08037813
v 0.09159343 -0.08442453 0.11631691
v 0.09422356 -0.07565089 0.10469416
v 0.10460751 -0.01401670 0.00759092
v 0.10610616 -0.00553305 0.02279570
v 0.06141982 -0.09928714 0.00194300
v 0.05507907 -0.08715783 -0.00441044
v 0.06067011 -0.08566129 0.00106690
v 0.06843060 -0.09570864 0.00898713
v 0.09476663 -0.02969871 0.09055245
v 0.08442234 -0.01782518 0.09782742
v 0.08729416 -0.02824607 0.09986073
v 0.09260616 -0.03192497 0.09548167
v 0.03882317 -0.09088113 -0.01536939
v 0.04289581 -0.10395702 -0.01173098
v 0.03241229 -0.10483457 -0.01564342
v 0.03086105 -0.09220451 -0.01817356
v 0.04731253 -0.08866130 -0.01057567
v 0.05264403 -0.10180046 -0.00556713
v 0.00725127 -0.03636605 0.11202607
v 0.04933528 -0.04045061 0.12530961
v 0.04157488 -0.03670023 -0.01112902
v 0.03964938 -0.04293549 -0.01074316
v 0.01848148 -0.02059636 -0.01600404
v 0.10600235 0.00151098 0.03547095
v 0.10522665 -0.01688494 0.04756343
v 0.00860435 0.01975701 0.03522483
v 0.00810591 0.00881786 0.03312682
v 0.03353312 -0.00548729 0.11360151
v 0.01304734 -0.00824073 -0.00095104
v 0.01505501 -0.00810966 -0.00118461
v 0.01437165 -0.03164809 0.11501831
v 0.08985960 0.01676125 0.06802832
v 0.10012597 -0.05955358 0.03086392
v 0.09106522 -0.06270744 0.01682213
v 0.10089886 -0.03693912 0.08000401
v 0.03268044 -0.06556142 0.12850210
v 0.10400565 -0.04564575 0.07044517
v 0.01404830 -0.05209927 0.11848604
v 0.06598528 -0.04038282 0.12324541
v 0.05512073 -0.00921719 0.11404039
v 0.09321458 -0.03737668 0.09715266
v 0.09680297 -0.04074306 0.09199295
v 0.01743754 -0.00772130 0.00513819
v 0.01643643 -0.00527047 0.00501563
v 0.09744549 -0.02161213 -0.00612160
v 0.06399632 -0.08175396 0.00477007
v 0.07240904 -0.09057618 0.01279224
v 0.01081306 -0.00543516 0.00717834
v 0.01652197 -0.00745235 0.00332921
v 0.00462011 -0.06663500 0.12365001
v -0.00369681 -0.06774104 0.12225332
v 0.08343213 -0.05530089 0.00613274
v 0.10074872 -0.04553425 0.08408995
v 0.10221607 -0.04987860 0.07766627
v 0.00090795 -0.05153581 0.11512065
v 0.00539538 -0.05110725 0.11611461
v 0.00053405 0.01046447 0.06428351
v 0.00648684 0.01659903 0.07594092
v 0.05088410 -0.04941475 -0.00466599
v 0.04709214 -0.05519023 -0.00544430
v 0.06951369 -0.01190649 -0.02895487
v 0.06549100 0.00961865 -0.04544588
v 0.08235097 0.01501238 -0.04546843
v 0.08514149 -0.00690038 -0.02882880
v 0.00841186 -0.00538066 0.01794750
v 0.00640051 -0.00505759 0.02773718
v 0.00803134 -0.00359388 0.02636499
v 0.01086975 -0.00446743 0.01760064
v 0.00896507 0.02257513 0.02393213
v 0.01023730 0.00495143 0.02524137
v 0.06866202 -0.07746702 0.00893319
v 0.05457590 -0.07177938 -0.00130790
v 0.05729759 -0.06699554 0.00123081
v 0.10513224 0.00748203 -0.00502096
v 0.10664820 0.01478336 0.01059723
v 0.03890873 0.02242123 0.09359116
v 0.03365871 0.01223918 0.10239749
v 0.05752041 0.00638356 0.10483271
v 0.06193019 0.01507788 0.09667542
v 0.04911910 -0.07599511 -0.00690494
v 0.04485020 -0.06209677 -0.00757064
v 0.05498687 -0.07798852 -0.00277765
v 0.08357932 -0.08123765 0.02149949
v 0.07834413 -0.08724257 0.01751534
v 0.07322472 -0.07075497 0.01076603
v -0.00127858 -0.00912737 0.06618675
v -0.00226139 -0.00150342 0.07128857
v 0.03376500 -0.12174453 -0.00892387
v 0.04582886 -0.12120555 -0.00415254
v 0.01931707 0.02258190 0.08574869
v 0.01546655 0.01087423 0.09354114
v 0.09988160 0.03108877 0.03740832
v 0.10251607 0.04380256 0.01741507
v 0.09450206 0.05724139 0.02504004
v 0.09231800 0.04056867 0.04329125
v 0.05536263 0.06080291 0.04673596
v 0.05358904 0.05172011 0.05762041
v 0.06825962 0.05034907 0.05499210
v 0.06945812 0.06322702 0.04213547
v 0.04218520 -0.07637597 -0.01194192
v 0.00283483 0.00600317 0.04884225
v 0.02149455 0.04198656 0.05426023
v 0.01112239 0.03052954 0.04421321
v 0.07870957 -0.10772121 0.02374428
v 0.08351720 -0.12454346 0.03515266
v 0.07361916 -0.12881026 0.02414018
v 0.06871736 -0.11295134 0.01312426
v 0.00228958 0.00620847 0.08422677
v 0.09119815 0.02808309 0.05699184
v 0.05854539 -0.11786678 0.00348464
v 0.09939097 -0.10607480 0.06126619
v 0.09919854 -0.09677446 0.05531838
v 0.09960797 -0.09373639 0.07282532
v 0.09988058 -0.09947496 0.07709147
v 0.06265486 -0.13418983 0.01426097
v 0.04830156 -0.13812935 0.00578178
v 0.01198421 0.03652014 0.03643724
v 0.00886728 0.01374658 0.01340977
v 0.01229418 0.00170801 0.01776001
v 0.10378238 0.02050282 0.03566500
v 0.00616056 0.00277681 0.03453350
v 0.00634868 0.04074433 0.01673231
v 0.01330136 0.05424485 0.02735779
v 0.09915829 -0.08168832 0.08167300
v 0.09920951 -0.08910988 0.08462720
v 0.09988515 -0.08584684 0.06985311
v 0.04127869 0.06119727 0.04431690
v 0.03863608 0.05187746 0.05499298
v 0.00629006 0.03430070 0.00141346
v 0.06068636 -0.06131011 0.00234237
v 0.09853254 -0.00153868 -0.01953724
v 0.08561650 -0.02626574 -0.01458630
v 0.00947135 0.00001372 0.02541131
v 0.01234477 -0.00242699 0.01834474
v 0.09952277 -0.11423022 0.06973007
v 0.10036198 -0.10701021 0.08393484
v 0.05160246 0.04535885 0.06611725
v 0.06819988 0.04056465 0.06571859
v 0.02461612 0.04632125 0.04957353
v 0.03534721 0.04629092 0.06203358
v 0.03433086 -0.13707297 0.00020701
v 0.03528052 -0.07781373 -0.01580226
v 0.09763124 0.02100078 -0.03530692
v 0.10493588 0.03017862 -0.02051063
v 0.07318497 -0.03089562 -0.01448328
v 0.10596544 0.02043024 0.02488959
v 0.09929045 -0.09297253 0.08875003
v 0.09949400 -0.09993981 0.09572621
v 0.10666398 0.03819887 -0.00429790
v 0.02859381 -0.07879585 -0.01800178
v 0.02650843 0.05991237 0.03663604
v 0.09410671 -0.12109296 0.05182226
v 0.09144385 -0.10939866 0.04245774
v 0.08849759 -0.09712948 0.03381425
v 0.04780397 -0.02556918 -0.01777877
v 0.05678505 -0.04126291 -0.00718193
v 0.09912170 -0.08855062 0.05534297
v 0.09761162 -0.08635366 0.09815433
v 0.09671953 -0.09291357 0.10702501
v 0.09702534 -0.07908123 0.03806350
v 0.09938693 -0.06981257 0.03587483
v 0.10230669 -0.06572206 0.04966224
v 0.10126930 -0.07752832 0.05273065
v 0.09811119 -0.08505827 0.09280217
v 0.09782418 -0.07768899 0.09263669
v 0.06474590 -0.05385550 0.00047962
v 0.07035420 -0.06055521 0.00517922
v 0.07090397 -0.04940484 -0.00117805
v 0.07707965 -0.05920434 0.00643463
v 0.09674447 -0.06317235 0.09675390
v 0.09938477 -0.06745399 0.08664154
v 0.06427812 -0.03532747 -0.01122917
v 0.05762944 -0.01817043 -0.02357205
v 0.09328794 -0.08771259 0.03578032
v 0.10051012 -0.07070188 0.07580913
v 0.10170073 -0.07429459 0.06513089
v 0.06779799 -0.01369701 0.11100027
v 0.07021288 -0.01993849 0.11205925
v 0.08252157 -0.06796526 0.01416849
v 0.08941718 -0.07595705 0.02424244
v 0.07875083 -0.03786989 0.11397535
v 0.08451517 -0.04823924 0.11324108
v 0.09066339 -0.04235424 0.10277467
v 0.08616714 -0.03530498 0.10566556
v 0.08101136 0.03581403 0.06252908
v 0.08138486 0.04698598 0.05038365
v 0.09360204 -0.07063273 0.02525463
v 0.08253306 0.06276430 0.03478754
v 0.00827554 -0.23466743 0.29529493
v -0.00288570 -0.23429605 0.29039981
v 0.07816442 0.01385439 0.08354692
v 0.07966262 0.02493663 0.07317711
v 0.02089894 -0.23871942 0.30211977
v 0.01142480 -0.04520322 0.11596082
v 0.01849754 -0.05125342 0.11917690
v 0.07996292 -0.09857484 0.02269091
v 0.07799253 -0.04433294 -0.00344905
v 0.10335160 -0.06204472 0.06114876
v 0.09149493 -0.05669554 0.10683022
v 0.07706666 0.00477350 0.09186319
v 0.07433603 -0.02845226 0.11335049
v 0.10147796 -0.05768631 0.08079722
v 0.10251954 -0.05890591 0.07157688
v 0.07773786 -0.01935427 0.10628317
v 0.07068922 -0.01050192 0.10690055
v 0.08899472 -0.03384373 0.10051757
v 0.08211537 -0.02815674 0.10611561
v 0.09573784 -0.04833070 0.09747385
v 0.09966689 -0.05377546 0.08926718
v 0.07415826 -0.00431965 0.09996968
v 0.05126826 0.00354260 -0.03926999
v -0.01210358 -0.23449019 0.28852353
v -0.00329032 -0.07664606 0.12781193
v 0.00529414 -0.07556070 0.12938407
v 0.09199129 -0.10500410 0.11920059
v 0.08945474 -0.11086245 0.12498986
v 0.09318407 -0.11752444 0.11863217
v 0.09584719 -0.11163164 0.11137033
v 0.08047156 -0.24452598 0.16190692
v 0.07518314 -0.24832143 0.15882212
v 0.07200880 -0.24622446 0.15658048
v 0.07997405 -0.24122866 0.16076934
v 0.04136464 -0.28735559 0.21824784
v 0.04282218 -0.28476358 0.21061378
v 0.05300717 -0.28211785 0.21685828
v 0.05081478 -0.28517733 0.22466571
v 0.02861233 -0.08762781 0.14243125
v 0.04315089 -0.09054555 0.14531756
v 0.04405151 -0.07907613 0.13761642
v 0.03277406 -0.07669058 0.13500618
v 0.08214405 -0.09541803 0.13016907
v 0.08036614 -0.08817263 0.12927478
v 0.07206781 -0.08768858 0.13587743
v 0.07893237 -0.09851434 0.13418844
v 0.00209925 -0.11896704 0.17191214
v 0.00900665 -0.11784862 0.17703492
v 0.01212272 -0.10908153 0.16534774
v 0.00367625 -0.11206731 0.16348098
v 0.05733208 -0.08253283 0.13815254
v 0.10004734 -0.11390508 0.09221899
v 0.09829943 -0.11944394 0.10184198
v 0.09868682 -0.12923857 0.08965413
v 0.09913457 -0.12195390 0.07907552
v 0.09472630 -0.09942322 0.11373939
v 0.08851429 -0.09265001 0.12226196
v 0.00511337 -0.10583082 0.15496990
v 0.01372628 -0.10329718 0.15732397
v -0.01304680 -0.20599733 0.27095663
v -0.01260962 -0.22290793 0.28199578
v -0.00250475 -0.22172690 0.28407583
v -0.00312287 -0.20456372 0.27266997
v 0.06376649 -0.27510500 0.30617333
v 0.06437136 -0.27918031 0.29574668
v 0.03525700 -0.17541439 0.26227116
v 0.03425717 -0.18461256 0.27109692
v 0.05173623 -0.18510885 0.27366855
v 0.06574081 -0.18138882 0.26162938
v 0.04873229 -0.28737463 0.23220605
v 0.03975518 -0.28889188 0.22488499
v 0.09597314 -0.14039025 0.07439032
v 0.09491851 -0.13160303 0.06243847
v 0.09860746 -0.10648534 0.10368926
v 0.02347356 -0.16323937 0.24525419
v 0.02110924 -0.17560047 0.25950968
v 0.04034365 -0.16936616 0.25268945
v 0.06322992 -0.25204167 0.15531400
v 0.06823144 -0.25264542 0.15739556
v 0.06437136 -0.27918031 0.29574668
v 0.06161440 -0.28230896 0.28022022
v 0.07208550 -0.28092360 0.28491000
v 0.07390506 -0.27815241 0.29595948
v 0.07115167 -0.27995986 0.24663059
v 0.05926968 -0.28462194 0.24153972
v 0.06136478 -0.28169869 0.23171163
v 0.07294584 -0.27691282 0.23840302
v 0.06532083 -0.25649626 0.31421766
v 0.05193400 -0.25661383 0.31354940
v 0.05992239 -0.26852491 0.31189030
v 0.07118258 -0.26546813 0.31131901
v 0.05730598 -0.10229647 0.15233934
v 0.04329952 -0.09875579 0.15312616
v 0.04175170 -0.10518910 0.16085007
v 0.05723204 -0.10909411 0.16087895
v 0.08394032 -0.25958108 0.20335416
v 0.09671995 -0.25553236 0.22808578
v 0.09168132 -0.26215609 0.23070439
v 0.07905689 -0.26680923 0.22100013
v 0.04642109 -0.19662023 0.28419797
v 0.05859716 -0.19705581 0.28680803
v 0.06584359 -0.18882795 0.27525147
v 0.08957475 -0.24808271 0.20359037
v 0.09740830 -0.24644328 0.22813586
v 0.08593812 -0.27120784 0.24506185
v 0.08347599 -0.27527728 0.25256009
v 0.08665058 -0.24185781 0.17258518
v 0.08784266 -0.23682802 0.17343844
v 0.08878749 -0.23511951 0.18094749
v 0.08837211 -0.24129438 0.17961869
v 0.07091556 -0.18177826 0.25094196
v 0.03218456 -0.28602406 0.20557873
v 0.03177187 -0.28389194 0.19864861
v 0.04367388 -0.28229433 0.20339050
v 0.07596185 -0.14435002 0.03467186
v 0.08541034 -0.13871167 0.04698537
v 0.06351086 -0.14980670 0.02419374
v 0.04642977 -0.15380543 0.01492868
v 0.06408052 -0.27766479 0.22314333
v 0.05673313 -0.09444469 0.14565300
v 0.09574526 -0.12464405 0.11070661
v 0.09735902 -0.13455842 0.10063503
v 0.05294030 -0.25859856 0.15640059
v 0.05950393 -0.25826421 0.15856409
v 0.02984862 -0.09686158 0.15108412
v 0.02791922 -0.10317358 0.15966308
v 0.03572425 -0.24645017 0.30818183
v 0.00571952 -0.09931744 0.14749780
v -0.00362069 -0.10030728 0.14580850
v -0.00422247 -0.10679156 0.15345344
v 0.01434148 -0.09701527 0.14976817
v 0.07645560 -0.18904082 0.26530589
v 0.01872495 -0.18865198 0.27141473
v 0.08647132 -0.09911202 0.12601954
v 0.08014384 -0.19236377 0.25871272
v 0.08714559 -0.23339424 0.19490878
v 0.08836607 -0.23997005 0.19245289
v 0.07577003 -0.27233412 0.23043605
v 0.06663013 -0.27314061 0.21462026
v 0.04492605 -0.16508494 0.24659189
v 0.06226401 -0.17114297 0.24323048
v -0.00556636 -0.11879131 0.17106792
v -0.00709150 -0.12574516 0.18121757
v -0.00007306 -0.12497711 0.18093593
v 0.08140877 -0.27910552 0.26026277
v 0.07085995 -0.28228296 0.25519226
v 0.07593478 -0.18375010 0.23511947
v 0.07219518 -0.17053882 0.22477991
v 0.05422563 -0.16040236 0.23453184
v 0.00529318 -0.09234062 0.14112696
v 0.00516496 -0.08450475 0.13518339
v -0.00293542 -0.08620019 0.13319278
v -0.00294771 -0.09388112 0.13947596
v 0.08432125 -0.24233770 0.16709979
v 0.08518379 -0.23796320 0.16662573
v 0.03735761 -0.15886789 0.23929879
v 0.07867479 -0.28120557 0.26730624
v 0.06918190 -0.28432955 0.26335360
v -0.00350431 -0.19367313 0.26374355
v -0.00335154 -0.18365804 0.25384792
v -0.01250474 -0.18521008 0.25283904
v -0.01291328 -0.19482333 0.26172043
v 0.05266427 -0.15177588 0.22436431
v 0.03528710 -0.15030266 0.22918523
v 0.03180802 -0.28806816 0.21210549
v 0.07967264 -0.19377483 0.24050724
v 0.08453376 -0.10460469 0.13040651
v 0.00364424 -0.12856125 0.19048473
v -0.00465293 -0.11220907 0.16228590
v 0.07397925 -0.27254284 0.30497042
v 0.06602297 -0.28442922 0.27122648
v 0.07506156 -0.28227067 0.27577882
v 0.03561416 -0.27097090 0.16607400
v 0.04267798 -0.26446845 0.15899597
v 0.05168689 -0.26336965 0.16163127
v 0.04589815 -0.26994262 0.16837727
v 0.01420359 -0.07408350 0.13236531
v 0.01393883 -0.08965899 0.14312555
v 0.01347096 -0.08236903 0.13791047
v -0.00844102 -0.13277175 0.19261399
v 0.07044014 -0.15872514 0.21357747
v 0.03327169 -0.19783803 0.28280865
v 0.08820073 -0.23706936 0.20708898
v 0.09408271 -0.23668446 0.23010887
v 0.03463394 -0.14986732 0.00860736
v 0.02962852 -0.27720821 0.17644099
v 0.04695799 -0.27623055 0.18159281
v -0.01185257 -0.17383827 0.24107413
v -0.00234230 -0.17262769 0.24194437
v 0.07390506 -0.27815241 0.29595948
v 0.09582846 -0.14849341 0.08653465
v 0.08374496 -0.20346075 0.24869095
v 0.08830137 -0.26747146 0.23651531
v 0.04991880 -0.23059565 0.30434600
v 0.03962797 -0.22767822 0.30152400
v 0.03833907 -0.23710713 0.30509325
v 0.05135206 -0.24310179 0.30948452
v 0.04918298 -0.16254972 0.02320480
v 0.04842506 -0.16931283 0.02822519
v 0.04253955 -0.16846136 0.02539508
v 0.04328162 -0.16417666 0.02193026
v 0.04586818 -0.28902520 0.23866176
v 0.05429703 -0.28736387 0.24900711
v 0.04584624 -0.20657510 0.29148340
v 0.03437656 -0.20869018 0.29029977
v 0.05827852 -0.21359688 0.29932021
v 0.05736362 -0.20639688 0.29414485
v 0.04713013 -0.21459470 0.29649362
v 0.06693852 -0.25764987 0.15993710
v 0.06265157 -0.26114882 0.16288359
v 0.06136163 -0.26465448 0.16795818
v 0.06308358 -0.26728648 0.17506022
v 0.08623404 -0.24656261 0.17688907
v 0.08454199 -0.24625039 0.17056410
v 0.06874345 -0.24407040 0.15235073
v 0.07916711 -0.23664748 0.15791495
v 0.02233767 -0.07394416 0.13296459
v 0.08774719 -0.22771672 0.18214281
v 0.08667719 -0.22470151 0.19438312
v 0.02793676 -0.28719449 0.20670951
v 0.02773505 -0.28611667 0.20313409
v 0.01143015 -0.22145728 0.29097927
v 0.01706541 -0.28504560 0.19295923
v 0.01823773 -0.28260045 0.18568934
v 0.02235258 -0.28202113 0.18677423
v 0.02265022 -0.28505544 0.19703219
v 0.03958111 -0.17261587 0.02805971
v 0.04381870 -0.17610271 0.03287183
v 0.03434926 -0.17945222 0.03256594
v 0.03454852 -0.17472868 0.02803313
v 0.02223416 -0.28014475 0.17896965
v 0.01952718 -0.28048386 0.17812445
v 0.08299944 -0.24642776 0.16616894
v 0.08006446 -0.24591356 0.16235937
v 0.02908923 -0.28038726 0.18266923
v 0.04222845 -0.27991861 0.18923712
v 0.02164903 -0.11703544 0.18036506
v 0.02596812 -0.10941459 0.16848649
v 0.07209731 -0.26879574 0.19865308
v 0.07436366 -0.26598149 0.18880378
v 0.08233176 -0.25816872 0.18999075
v 0.02162792 -0.08127843 0.13799333
v 0.02107375 -0.15296695 0.23071081
v 0.06172416 -0.23202935 0.30796709
v 0.06008240 -0.22189410 0.30347278
v 0.04893123 -0.22214352 0.30051231
v 0.02063664 -0.29170053 0.21779850
v 0.02038100 -0.29392692 0.22401527
v 0.01569043 -0.29401037 0.22226290
v 0.01721296 -0.29100583 0.21402150
v 0.00733327 -0.19191990 0.26965343
v 0.00746906 -0.20420424 0.27987713
v 0.01995403 -0.20068288 0.28171188
v 0.02566743 -0.28952101 0.21390108
v 0.02678569 -0.28837934 0.21034860
v 0.03185695 -0.28964148 0.21879953
v 0.02485532 -0.29199529 0.22168508
v 0.02434672 -0.29371523 0.22699337
v 0.02469436 -0.28740263 0.20588933
v 0.00793312 -0.17914390 0.25655438
v 0.05484587 -0.27904760 0.20886694
v 0.03428274 -0.15662115 0.01539464
v 0.04175776 -0.15938682 0.01768264
v 0.05098368 -0.28796170 0.26087348
v 0.04355296 -0.28998943 0.24448554
v 0.04127672 -0.22197430 0.29846118
v 0.03605821 -0.16299854 0.02032145
v 0.03649260 -0.16435056 0.02141459
v 0.06301817 -0.24389463 0.31121949
v 0.08509871 -0.22484354 0.21260861
v 0.08700871 -0.15053350 0.05811600
v 0.04889361 -0.25796826 0.15337160
v 0.05972648 -0.25193983 0.15339034
v 0.02411447 -0.21240264 0.29012961
v 0.08771649 -0.23020750 0.17416765
v 0.08667462 -0.24836675 0.18813765
v 0.03654661 -0.16624287 0.02275909
v 0.03777983 -0.21669466 0.29533034
v 0.02237464 -0.28868000 0.20923630
v 0.05969685 -0.27454195 0.19357386
v 0.06591350 -0.26937411 0.18372112
v 0.04380678 -0.28028869 0.19563378
v 0.03077377 -0.28232177 0.18998434
v 0.07257652 -0.25367297 0.15891808
v 0.03123466 -0.22122723 0.29638049
v 0.02442437 -0.22952260 0.29901193
v 0.03441590 -0.16440755 0.02074283
v 0.03440432 -0.16279012 0.01955592
v 0.03660155 -0.16785968 0.02411975
v 0.03442947 -0.16898637 0.02418532
v 0.03445284 -0.16644929 0.02213563
v 0.03828144 -0.29013579 0.23025060
v 0.08530296 -0.23359540 0.16590413
v 0.06398927 -0.15944246 0.03132677
v 0.07580043 -0.24903218 0.15986819
v 0.03813156 -0.26399710 0.15476396
v 0.03030354 -0.29179660 0.22700219
v 0.02938002 -0.29323888 0.23204038
v 0.00811495 -0.16665686 0.24307155
v 0.01126729 -0.29575272 0.22784165
v 0.01233377 -0.29366184 0.22133248
v 0.01580743 -0.29539853 0.22844484
v 0.08608298 -0.13316486 0.14263515
v 0.08004534 -0.12284884 0.14847296
v 0.08003320 -0.13612418 0.16137579
v 0.08589663 -0.14582795 0.15276293
v 0.09298969 -0.17073868 0.13332486
v 0.08958381 -0.19091410 0.13009340
v 0.08943945 -0.18800885 0.11801774
v 0.09340843 -0.16653850 0.12245385
v 0.06318326 -0.16765129 0.03708780
v 0.07639389 -0.15560519 0.04327083
v 0.07748779 -0.25969735 0.17648684
v 0.08065003 -0.25675868 0.17730647
v 0.02038495 -0.29565937 0.23050418
v 0.04008946 -0.29102559 0.24483818
v 0.03556871 -0.29188539 0.23873678
v 0.03683766 -0.29109573 0.23444668
v 0.02698871 -0.27610101 0.17232779
v 0.07129508 -0.25705443 0.16022372
v 0.06918876 -0.25951189 0.16241104
v 0.08032387 -0.24935570 0.16220949
v 0.07770064 -0.25141364 0.16033270
v 0.07998113 -0.25083399 0.16251075
v 0.07828269 -0.25218514 0.16126597
v 0.08294649 -0.24928322 0.16815371
v 0.08221047 -0.24847335 0.16514911
v 0.06559372 -0.21998595 0.11357287
v 0.05793513 -0.22182196 0.10748233
v 0.06521198 -0.20732688 0.09390245
v 0.07500383 -0.20648834 0.10646798
v 0.07473004 -0.25403524 0.15960803
v 0.07633609 -0.25397337 0.16082989
v 0.08453833 -0.11990700 0.13820845
v 0.08185060 -0.11410961 0.13929996
v 0.07692854 -0.11268631 0.14356695
v 0.03350528 -0.27039941 0.16316055
v 0.09188362 -0.15494811 0.13784431
v 0.08949641 -0.16004618 0.14946294
v 0.09131983 -0.17624827 0.14529702
v 0.07427433 -0.25600937 0.16115220
v 0.04991994 -0.21498159 0.08777205
v 0.03836243 -0.21835749 0.08419051
v 0.04008642 -0.20828759 0.07111634
v 0.05222059 -0.20531687 0.07603780
v 0.08326935 -0.25025478 0.17159484
v 0.08193321 -0.25178993 0.16839899
v 0.08188019 -0.25079813 0.16671510
v 0.02456297 -0.29525243 0.23328341
v 0.02935466 -0.29408040 0.23822810
v 0.06000443 -0.22781195 0.11926512
v 0.05352818 -0.22939494 0.11535286
v 0.06911768 -0.26133749 0.16574602
v 0.07299852 -0.25774454 0.16243517
v 0.07323005 -0.25862204 0.16438610
v 0.03419400 -0.24588948 0.12528488
v 0.02584125 -0.24802867 0.12421485
v 0.02660144 -0.24208887 0.11616507
v 0.03482849 -0.24011240 0.11729703
v 0.04373690 -0.23700376 0.11870744
v 0.03544456 -0.23543703 0.11004800
v 0.04481707 -0.23210757 0.11165506
v 0.08225750 -0.18349551 0.08876856
v 0.08695162 -0.18600050 0.10586471
v 0.08125832 -0.25034119 0.16462737
v 0.04714420 -0.22519048 0.10178833
v 0.01543510 -0.28695357 0.20187523
v 0.01974774 -0.28777212 0.20462604
v 0.01808340 -0.28915941 0.20936706
v 0.01463764 -0.28839407 0.20664886
v 0.02533790 -0.29081670 0.21788438
v 0.03153935 -0.29060564 0.22237545
v 0.07032249 -0.18874910 0.07380136
v 0.06263216 -0.20161323 0.08202839
v 0.03505420 -0.29227921 0.24521935
v 0.02136625 -0.29015196 0.21356843
v 0.03217367 -0.11626493 0.18004585
v 0.03818208 -0.11146708 0.17120108
v 0.09286781 -0.15018914 0.12854641
v 0.02041384 -0.27823242 0.17235606
v 0.07035568 -0.26244696 0.17071360
v 0.07456232 -0.25874583 0.16680100
v 0.03386327 -0.18703490 0.04060668
v 0.04444740 -0.18496646 0.04252968
v 0.06082964 -0.17423944 0.04171847
v 0.08300982 -0.25289692 0.17573973
v 0.07176110 -0.17185974 0.05127701
v 0.07397170 -0.17538842 0.06111277
v 0.06008094 -0.18200573 0.05024590
v 0.07535079 -0.16548556 0.05068251
v 0.07834352 -0.25704630 0.16980364
v 0.08008255 -0.25538449 0.17018139
v 0.05181663 -0.23816111 0.12619859
v 0.04341270 -0.24211209 0.12528870
v 0.05166590 -0.23426322 0.12057721
v 0.03626678 -0.22789347 0.09850590
v 0.04244488 -0.19669585 0.05569705
v 0.05613063 -0.19383853 0.06237802
v 0.07355220 -0.26187062 0.17461690
v 0.09452477 -0.14541331 0.11930166
v 0.09385214 -0.16216564 0.11069974
v 0.01399639 -0.29105285 0.21167286
v 0.03545416 -0.25148624 0.13246258
v 0.04729626 -0.24780941 0.13568353
v 0.04710226 -0.25279261 0.14441369
v 0.03669600 -0.25731133 0.14221735
v 0.04179099 -0.29008073 0.25210510
v 0.08474077 -0.16621899 0.06939802
v 0.09128249 -0.13386544 0.12752443
v 0.09009166 -0.14003456 0.13544529
v 0.08131901 -0.25351080 0.16997126
v 0.08935004 -0.14621819 0.14164352
v 0.02164175 -0.27302842 0.16273115
v 0.08551112 -0.21720263 0.16081931
v 0.08839581 -0.20699366 0.16083526
v 0.08773540 -0.21809980 0.16777186
v 0.08477611 -0.22709050 0.16390834
v 0.08834328 -0.12691354 0.13373030
v 0.07627506 -0.25834073 0.16877298
v 0.05704186 -0.23192917 0.12241819
v 0.08995021 -0.18174391 0.15553414
v 0.08861512 -0.19810159 0.15342647
v 0.08879856 -0.19399802 0.14247889
v 0.08210951 -0.20352342 0.21396093
v 0.08182207 -0.20129858 0.22025939
v 0.08157701 -0.21180329 0.22289868
v 0.08215381 -0.20958364 0.21268894
v 0.08521156 -0.21966792 0.23713766
v 0.08918516 -0.22840324 0.23118559
v 0.08772906 -0.21471259 0.17670692
v 0.08664574 -0.21687855 0.18467072
v 0.08786167 -0.18874533 0.17381491
v 0.08423628 -0.17674738 0.18110612
v 0.08401671 -0.18928103 0.18792876
v 0.08646366 -0.20178353 0.18138724
v 0.06021831 -0.12877612 0.18932136
v 0.04260613 -0.12974106 0.19918349
v 0.04866764 -0.13571261 0.20601587
v 0.06517258 -0.13833257 0.19681841
v 0.07469263 -0.14646689 0.18793554
v 0.07290302 -0.13655763 0.17991530
v 0.05775264 -0.24769630 0.14581748
v 0.05675313 -0.24392769 0.13769861
v 0.08925889 -0.20347442 0.17002715
v 0.05113085 -0.14297564 0.21452030
v 0.03505649 -0.13776606 0.21314664
v 0.03560659 -0.14327796 0.22016043
v 0.08456873 -0.21665503 0.15494632
v 0.07433182 -0.22119790 0.13169744
v 0.08243020 -0.20809133 0.12966024
v 0.08375135 -0.20959269 0.14242930
v 0.07837547 -0.22569662 0.14618163
v 0.05380447 -0.11835193 0.17724388
v 0.03620743 -0.12213470 0.18858192
v 0.08200551 -0.20390865 0.23176015
v 0.08438455 -0.21213388 0.24253915
v 0.07324183 -0.23388017 0.14712605
v 0.06519871 -0.24102184 0.14586807
v 0.06367686 -0.24028253 0.13868220
v 0.06906679 -0.23396619 0.13760102
v 0.08503828 -0.21788152 0.19476153
v 0.08430882 -0.21140182 0.19785894
v 0.08321755 -0.21737478 0.20693107
v 0.08377935 -0.21987896 0.20303108
v 0.08525868 -0.20755692 0.18880683
v 0.05811831 -0.23393408 0.12685867
v 0.06374408 -0.22822834 0.12481001
v 0.07984560 -0.15688421 0.18087446
v 0.07621577 -0.15638973 0.19528552
v 0.08028678 -0.16721199 0.18830402
v 0.07723335 -0.16811612 0.20490755
v 0.08076045 -0.18063703 0.19730978
v 0.07901444 -0.18041739 0.21677782
v 0.08102116 -0.19533730 0.22721533
v 0.07977091 -0.20733014 0.11655357
v 0.07982451 -0.14757522 0.17329791
v 0.08122902 -0.22955351 0.15745417
v 0.09057611 -0.19007764 0.16186177
v 0.08841960 -0.17792174 0.16648602
v 0.08226388 -0.19695972 0.20601600
v 0.08274043 -0.20321725 0.20298685
v 0.08397126 -0.19824448 0.19348023
v 0.08222964 -0.19133942 0.19861619
v 0.07053029 -0.21974178 0.12066444
v 0.01881583 -0.12785963 0.19599575
v 0.02432240 -0.13705774 0.21157166
v 0.06825120 -0.14800798 0.20444799
v 0.08435712 -0.16708403 0.17371844
v 0.08117980 -0.18935559 0.20963953
v 0.08806356 -0.16836629 0.16089637
v 0.08440917 -0.15797186 0.16637017
v 0.02430440 -0.25762531 0.13867133
v 0.02547448 -0.25338012 0.13000185
v 0.08391654 -0.22368736 0.20446929
v 0.00000098 -0.14225137 0.20854040
v -0.00078817 -0.15661212 0.22607918
v 0.00977563 -0.15100814 0.22467519
v 0.00835633 -0.13944219 0.20977805
v 0.02557476 -0.14460776 0.22123006
v 0.07119939 -0.12612800 0.16900873
v 0.02289775 -0.26552228 0.15122488
v 0.03282955 -0.19794035 0.05371303
v 0.03130326 -0.21049771 0.07034588
v 0.03009891 -0.22021775 0.08332730
v -0.00938609 -0.14333819 0.20718525
v -0.01102472 -0.15872157 0.22496374
v 0.08056499 -0.25282216 0.16612771
v 0.08024463 -0.25350442 0.16652768
v 0.07852783 -0.25550186 0.16650763
v 0.07756100 -0.25613383 0.16582508
v 0.07943242 -0.25459543 0.16670875
v 0.07006114 -0.11584000 0.15571693
v 0.07901628 -0.25370536 0.16385076
v 0.07905052 -0.25378679 0.16404634
v 0.07892713 -0.25387784 0.16395960
v 0.07893067 -0.25377504 0.16379815
v 0.09484446 -0.15660222 0.09925609
v 0.09583087 -0.14076242 0.10952661
v 0.06891850 -0.10706164 0.14870477
v 0.07833708 -0.25437149 0.16370281
v 0.07882224 -0.25379470 0.16383329
v 0.07867780 -0.25400024 0.16371116
v 0.07862465 -0.25413346 0.16382957
v 0.07915382 -0.25351663 0.16381384
v 0.07898693 -0.25360794 0.16363521
v 0.07924934 -0.25364724 0.16419987
v 0.09122338 -0.12212049 0.12599374
v 0.08741817 -0.11579559 0.13123173
v 0.06918694 -0.09901698 0.14308551
v 0.07737961 -0.10538933 0.13941020
v 0.08295152 -0.11008386 0.13524784
v 0.08062865 -0.25217671 0.16526385
v 0.08028721 -0.25186582 0.16404923
v 0.07590619 -0.25644007 0.16366881
v 0.07668066 -0.25645909 0.16482820
v 0.09378136 -0.12943296 0.11892000
v 0.07579338 -0.25605378 0.16288395
v 0.07758795 -0.25398676 0.16218166
v 0.07635491 -0.25526054 0.16236554
v 0.07909738 -0.25394058 0.16439423
v 0.07882070 -0.25422519 0.16435876
v 0.07887640 -0.25402993 0.16412143
v 0.07900106 -0.25392546 0.16418195
v 0.07952543 -0.25217032 0.16288686
v 0.07858603 -0.25307438 0.16245239
v 0.00150102 -0.00327541 0.09287498
v 0.01412725 0.00146364 0.10067880
v 0.05929308 -0.28605561 0.26345397
v 0.06132037 -0.28591974 0.25675374
v -0.00249231 -0.01527009 0.07664374
v -0.00389902 -0.01017335 0.08322827
v 0.05533474 -0.00224749 0.11021436
v 0.03216994 0.00281907 0.10851839
v 0.06320861 -0.28390818 0.25051353
v 0.00637790 -0.04752688 0.11538172
v 0.00815403 -0.04964551 0.11635858
v 0.00747245 -0.04514457 0.11476885
v 0.07828523 -0.25496485 0.16468281
v 0.07870149 -0.25466996 0.16495058
v 0.07943036 -0.25317417 0.16381690
v 0.07973064 -0.25338590 0.16477217
v 0.07860245 -0.25439725 0.16423543
v 0.07924454 -0.25411800 0.16502847
v 0.07880127 -0.25398173 0.16389649
v 0.07874873 -0.25412959 0.16405086
v 0.07861138 -0.25423232 0.16396916
v 0.07885541 -0.25371610 0.16362474
v 0.07879302 -0.25389188 0.16373898
v 0.07914068 -0.25326132 0.16338941
v 0.07873757 -0.25357151 0.16312374
v 0.07814644 -0.25411406 0.16295015
v 0.07767487 -0.25488407 0.16342334
v 0.07838299 -0.25450588 0.16401319
v 0.07789904 -0.25508047 0.16414969
v 0.02732679 -0.23670241 0.10870537
v -0.00514449 -0.03966602 0.10717969
v 0.02853200 -0.22910218 0.09734039
v -0.00472121 -0.04677955 0.11085284
v -0.00448885 -0.05212152 0.11385793
v 0.03432098 -0.33757066 0.30059831
v 0.03430311 -0.33950249 0.30052708
v 0.03242069 -0.33920936 0.29426150
v 0.01886715 -0.34619106 0.27159415
v 0.01489413 -0.34768635 0.26900092
v 0.03495078 -0.34096751 0.30040127
v 0.03615015 -0.34042672 0.30658585
v 0.03657083 -0.34146523 0.30596560
v 0.02514014 -0.34410122 0.27852518
v 0.01136424 -0.34858889 0.26783826
v 0.03036593 -0.34180232 0.28818454
v 0.00629006 0.03430070 0.00141346
v 0.03000384 -0.32804716 0.32484046
v 0.03462567 -0.33373518 0.31773481
v 0.01584768 -0.30295102 0.32474982
v 0.02381977 -0.30823971 0.32108680
v 0.02101769 -0.32215724 0.33358691
v 0.03584637 -0.33915070 0.30711022
v -0.00846589 -0.31871461 0.33626349
v 0.03321210 -0.34133607 0.29453247
v 0.03700770 -0.34078831 0.31217854
v 0.03745383 -0.34197823 0.31133602
v 0.03802198 -0.34306297 0.31037242
v -0.00965489 -0.04867476 0.11081605
v -0.01029905 -0.04172824 0.10691365
v -0.01475367 -0.04547343 0.10773136
v -0.01367740 -0.05038525 0.11053609
v -0.02291823 -0.25674713 0.29632575
v -0.03160872 -0.26212186 0.29624549
v -0.02809257 -0.26717806 0.29844073
v -0.01900597 -0.26367374 0.30048612
v -0.02786504 -0.24986745 0.29221826
v -0.03835571 -0.25678544 0.29290892
v -0.01527415 -0.05817180 0.11290016
v -0.01844644 -0.05822396 0.11190533
v -0.01968116 -0.06124239 0.11280459
v -0.01738118 -0.06254933 0.11435571
v -0.01155819 -0.24399268 0.29330072
v -0.01893152 -0.24573550 0.29135473
v -0.01699377 -0.25215154 0.29483979
v -0.01108245 -0.24943301 0.29525772
v -0.01799090 -0.34001145 0.27631972
v -0.01502609 -0.34344152 0.27570827
v -0.02132535 -0.34567805 0.28228026
v -0.02353312 -0.34332403 0.28270046
v -0.03189780 -0.30934216 0.26831369
v -0.03837170 -0.30622386 0.27700109
v -0.04094564 -0.30322724 0.27236413
v -0.03391145 -0.30591442 0.26409309
v 0.00972402 0.02257588 -0.01485325
v 0.00679167 0.02851405 -0.00776770
v 0.00450823 0.00743818 0.00536414
v 0.00694402 0.00245247 -0.00087258
v 0.00173698 -0.32376355 0.25825513
v 0.00515728 -0.32046363 0.25587633
v 0.00492653 -0.32658369 0.26149843
v 0.00015037 -0.32864872 0.26293919
v -0.00248906 -0.32058980 0.25531350
v -0.00766470 -0.33301915 0.26657654
v -0.03262023 -0.34228885 0.29766417
v -0.03397400 -0.33333556 0.30437635
v -0.03330100 -0.32845596 0.29859547
v -0.03117005 -0.33894538 0.29169964
v 0.00674049 -0.34478207 0.26877035
v 0.00536236 -0.33808165 0.26915651
v -0.03279413 -0.29098218 0.30430739
v -0.03444230 -0.30327497 0.30363906
v -0.03106793 -0.30597149 0.30856355
v -0.02312646 -0.29284556 0.31100198
v -0.01509640 -0.31544062 0.25634088
v -0.00851478 -0.31760307 0.25377831
v -0.01509361 -0.32837234 0.26744713
v -0.02167031 -0.32447626 0.27086360
v -0.01521449 -0.30801058 0.24851264
v -0.00969481 -0.30924376 0.24627572
v -0.02046537 -0.31493387 0.26124355
v -0.03061744 -0.34672607 0.29464290
v -0.02834602 -0.34371405 0.28879112
v -0.04125127 -0.27992348 0.29605495
v -0.04492606 -0.28825192 0.29287217
v -0.04139463 -0.28845167 0.29665144
v -0.03586826 -0.27755926 0.29863542
v -0.03170235 -0.33092573 0.32213371
v -0.02498056 -0.32497794 0.32935420
v -0.02759528 -0.31742394 0.32233214
v -0.03304574 -0.32444385 0.31510063
v 0.01941065 -0.05218122 -0.01954689
v 0.01824547 -0.03737303 -0.02189747
v -0.05019666 -0.29365668 0.28615863
v -0.05088514 -0.28899248 0.29001709
v -0.05919503 -0.28957013 0.28636301
v -0.05760800 -0.29401221 0.28213863
v -0.02044098 -0.30563300 0.24911349
v -0.02415112 -0.30857087 0.25768461
v -0.01926094 -0.30150668 0.23910640
v -0.01229223 -0.30184703 0.23613711
v -0.02826195 -0.31815487 0.27478049
v -0.04115061 -0.30047001 0.28599966
v -0.03462951 -0.31367802 0.28619716
v -0.03589401 -0.30836897 0.29721169
v -0.04809617 -0.27996045 0.29345591
v -0.05763932 -0.27952526 0.29038511
v 0.00273536 -0.31160896 0.24784620
v -0.01047751 -0.26248668 0.30245756
v -0.01874740 -0.27031973 0.30396064
v -0.01022301 -0.26996343 0.30700912
v -0.04185891 -0.29469132 0.29219125
v -0.02928330 -0.27756375 0.30249432
v 0.02067732 -0.06624869 -0.01719151
v 0.01304376 -0.05216743 -0.01989494
v 0.01286342 -0.03851932 -0.02172442
v -0.01903165 -0.28114198 0.30907355
v -0.04090582 -0.26950341 0.29551959
v -0.03494209 -0.27085628 0.29641811
v -0.04856286 -0.29817780 0.27909400
v -0.05554798 -0.29890071 0.27499336
v 0.00103138 -0.33946437 0.26900961
v -0.04985104 -0.26745003 0.29314591
v -0.03285995 -0.32368458 0.29188562
v -0.03365670 -0.31302450 0.30331057
v -0.02229209 -0.33539753 0.27747220
v -0.02659921 -0.33088601 0.27966661
v -0.04435826 -0.29905225 0.28220614
v -0.04526184 -0.29322712 0.28852186
v -0.03026402 -0.32546172 0.28294247
v -0.03337002 -0.31775146 0.30866222
v -0.03304574 -0.32444385 0.31510063
v -0.00326857 -0.30987267 0.24506652
v -0.00009422 -0.30063029 0.23236183
v 0.00506470 -0.29916750 0.23355318
v -0.00492289 -0.34084099 0.27015199
v -0.03154767 -0.27256367 0.29919811
v -0.02773914 -0.27116410 0.30031650
v 0.01317548 -0.06701746 -0.01778454
v -0.04410096 -0.30139640 0.26866408
v -0.04856286 -0.29817780 0.27909400
v -0.05554798 -0.29890071 0.27499336
v -0.05085612 -0.30085433 0.26196212
v -0.03206554 -0.34881967 0.29935950
v -0.02962607 -0.34842919 0.29398783
v -0.03159667 -0.35057445 0.29846514
v 0.00714134 -0.00704163 0.00980826
v 0.00645547 -0.00520090 0.01664105
v 0.00196142 -0.34511819 0.26869772
v -0.02580754 -0.30705913 0.25686965
v -0.01088546 -0.25393890 0.29779941
v -0.01509444 -0.25630050 0.29743436
v -0.00594985 -0.30166600 0.23384229
v -0.01686674 -0.32164101 0.33398864
v -0.01867001 -0.31155982 0.32683176
v -0.02721350 -0.30490767 0.25203534
v -0.03601731 -0.30365067 0.25986154
v -0.03934328 -0.30147624 0.25096230
v -0.02811053 -0.30175934 0.24419108
v -0.02919244 -0.33505838 0.28604071
v -0.02582701 -0.34002835 0.28343095
v -0.00952072 -0.28093357 0.31218370
v -0.00902059 -0.28838716 0.31564775
v -0.04435826 -0.29905225 0.28220614
v 0.00561879 -0.02986920 -0.02168281
v 0.00405895 -0.01077643 -0.03726165
v 0.01092369 0.00478840 -0.02914560
v 0.00947278 -0.01272518 -0.01675461
v -0.00548216 -0.34577004 0.27120441
v -0.01388727 -0.34692473 0.27624099
v -0.03589401 -0.30836897 0.29721169
v -0.04115061 -0.30047001 0.28599966
v -0.03365670 -0.31302450 0.30331057
v -0.02675438 -0.34593603 0.28832156
v -0.00917575 -0.29657993 0.32257326
v -0.02079332 -0.30133670 0.31814012
v -0.00884041 -0.30827486 0.33000053
v -0.02821929 -0.06543587 0.11138572
v -0.02873683 -0.07323276 0.11587781
v -0.02106488 -0.06943723 0.11743471
v -0.02270503 -0.06356684 0.11290540
v -0.04075609 -0.07165305 -0.02300196
v -0.04974783 -0.07508176 -0.01866194
v -0.05152721 -0.06225463 -0.02715417
v -0.03906909 -0.06194059 -0.03050654
v -0.02865401 0.02793510 0.05072715
v -0.04575996 0.02636340 0.05186163
v -0.04181841 0.02164432 0.06262366
v -0.02424640 0.02123624 0.06017493
v -0.07922338 -0.09307495 0.08109567
v -0.07619076 -0.10267382 0.09095082
v -0.07082577 -0.09433375 0.10097584
v -0.07277054 -0.07994515 0.09361633
v 0.01585062 -0.02132263 -0.01642755
v 0.01196138 -0.02243515 -0.01603463
v -0.07024844 -0.03830215 0.08964964
v -0.07204032 -0.05001643 0.09082561
v -0.05682331 -0.04258963 0.10044639
v -0.05347659 -0.02963362 0.09836268
v 0.00786378 -0.05097043 -0.01936173
v 0.00892458 -0.03868947 -0.02047307
v 0.00325424 0.00020509 0.01579500
v 0.00483351 -0.00318442 0.00956757
v 0.00423726 0.01297805 0.01240148
v -0.04074529 -0.03848114 0.10506093
v -0.03571068 -0.02531044 0.10218865
v -0.03464736 -0.06608536 0.10908488
v -0.03056699 -0.05207700 0.10779782
v -0.04360140 -0.05406945 0.10616770
v -0.04496759 -0.06814840 0.10714885
v -0.00384027 -0.06097128 0.11764375
v -0.00417834 -0.05599072 0.11539404
v -0.01031170 -0.05709012 0.11419674
v -0.01097725 -0.06223709 0.11595712
v -0.01163762 0.01694214 0.05359002
v -0.01431757 0.02356905 0.04485629
v -0.00781215 -0.01842969 0.09200305
v -0.01098136 -0.02941642 0.10256224
v -0.00477778 -0.02713960 0.09733435
v -0.00422813 -0.02180895 0.08941281
v -0.07223699 -0.06941932 0.00169658
v -0.06931665 -0.08238483 0.00856029
v -0.07617448 -0.07914407 0.01910698
v -0.07909547 -0.06527431 0.01324530
v 0.00034658 -0.00131946 0.05078551
v 0.00089490 -0.00533026 0.05325547
v 0.00401622 -0.00469223 0.03815472
v 0.00375524 -0.00253143 0.03530377
v -0.04780695 -0.08156934 0.11110930
v -0.05881297 -0.07317737 0.10331778
v -0.05900600 -0.08690402 0.10745658
v -0.06466473 -0.05903450 -0.01907500
v -0.06142243 -0.07346932 -0.01007971
v -0.07527053 -0.05312355 -0.00675075
v 0.00745357 -0.03632992 -0.01923495
v 0.00847895 -0.02086569 -0.01436245
v 0.00902785 -0.02206428 -0.01510129
v -0.02152986 -0.02585559 0.10300926
v -0.01811579 -0.01551404 0.09627697
v -0.03258902 -0.01539342 0.09654314
v 0.00544537 -0.00651770 0.01004724
v 0.00425365 -0.00377182 0.01658600
v -0.06346296 0.02066269 0.05034754
v -0.07631154 0.00803008 0.04403631
v -0.07616879 -0.00081199 0.05541844
v -0.06156139 0.01314064 0.06095438
v -0.08845897 -0.02242238 0.00236481
v -0.08782305 -0.03510651 0.01351659
v -0.08945523 -0.02349360 0.02101611
v -0.08924231 -0.01193843 0.00929288
v -0.00475641 0.01110211 0.04260090
v -0.00790379 0.01636798 0.03904059
v -0.08460692 -0.05182514 0.01860147
v -0.08363920 -0.06274545 0.02357895
v -0.08706215 -0.05548085 0.03228512
v -0.08832770 -0.04482004 0.02345263
v -0.08853690 -0.03516989 0.03143662
v -0.08765352 -0.04666340 0.04069914
v -0.08627470 -0.03515904 0.05031795
v -0.08781622 -0.02415100 0.04041766
v -0.07818483 -0.11266128 0.07943284
v -0.07846576 -0.10437151 0.06717740
v -0.07728484 -0.03603061 -0.01705001
v -0.06722321 -0.04259227 -0.02974293
v -0.00138063 -0.10973175 -0.01170049
v -0.01136988 -0.10898052 -0.00834955
v -0.00459815 -0.09651620 -0.01311250
v 0.00289139 -0.09583744 -0.01574823
v -0.08743694 -0.06000142 0.05096778
v -0.08688124 -0.06177615 0.05648760
v -0.08521768 -0.05693716 0.06238202
v -0.08514826 -0.04602623 0.06098647
v 0.02246527 -0.09360168 -0.01892309
v 0.02153591 -0.10750938 -0.01637151
v 0.01253362 -0.09444552 -0.01813137
v 0.00998646 -0.10889497 -0.01483454
v -0.01872911 -0.04068687 0.10638186
v -0.05905688 -0.05847750 0.10176123
v 0.00504695 -0.04868947 -0.01826255
v 0.00161638 -0.04334480 -0.01981263
v -0.08449905 -0.03016942 -0.00591921
v -0.08302698 -0.04819225 0.00666232
v -0.00621509 0.01729440 0.03200293
v -0.00155315 0.00721206 0.03102747
v -0.05154282 -0.01963669 0.09511853
v 0.01156030 -0.00874244 -0.00190327
v -0.02752735 -0.03861654 0.10591589
v -0.08848534 -0.01289760 0.02927938
v -0.05868227 -0.08596497 -0.00363873
v -0.04423130 -0.08520882 -0.01257279
v -0.08621004 -0.06805697 0.03935314
v -0.03824102 -0.07735682 0.11309446
v -0.08232578 -0.07663469 0.02996355
v -0.02232169 -0.05814819 0.11058479
v -0.07257439 -0.06342729 0.09314348
v -0.06914680 -0.02988458 0.08704318
v -0.08635412 -0.07120459 0.05220152
v -0.08639310 -0.06724785 0.05813248
v 0.00700014 -0.00683900 0.00296421
v 0.00684722 -0.00948087 0.00283589
v -0.05316507 -0.04665895 -0.03884530
v -0.01792073 -0.10559950 -0.00683165
v -0.01016714 -0.09408836 -0.01134221
v 0.00828330 -0.00882288 0.00153957
v -0.01179561 -0.06936508 0.12008370
v -0.00369681 -0.06774104 0.12225332
v -0.03563222 -0.07510207 -0.01973658
v -0.08507285 -0.07643850 0.04371942
v -0.08239478 -0.08058188 0.03755919
v -0.01422245 -0.05437015 0.11185289
v -0.00982565 -0.05332118 0.11278903
v -0.01987464 0.01221532 0.07021316
v -0.00814019 0.00902258 0.06239820
v 0.00029115 -0.06297388 -0.01561291
v -0.00507432 -0.05872054 -0.01682504
v -0.02289713 -0.02727297 -0.04903536
v -0.03794845 -0.02736956 -0.05557404
v -0.03560121 -0.00460174 -0.07109809
v -0.01942944 -0.00450241 -0.06389887
v 0.00841186 -0.00538066 0.01794750
v 0.00645547 -0.00520090 0.01664105
v 0.00508547 -0.00408272 0.02572404
v 0.00640051 -0.00505759 0.02773718
v -0.00283261 0.02061489 0.02136664
v 0.00099689 0.00341595 0.02323235
v -0.01719244 -0.09174505 -0.00971966
v -0.00753785 -0.07777835 -0.01285575
v -0.00268869 -0.08130335 -0.01374890
v -0.07910710 -0.01610717 -0.02976235
v -0.06922947 -0.02151364 -0.04290521
v -0.05671712 0.00651801 0.07281532
v -0.07550608 -0.00777921 0.06681621
v -0.07231761 -0.01520993 0.07662451
v -0.05260733 -0.00210793 0.08365572
v 0.00557503 -0.08323709 -0.01636514
v -0.00052685 -0.08722103 -0.01483846
v 0.00521753 -0.06868782 -0.01618166
v -0.03394469 -0.10078316 -0.00403342
v -0.02393746 -0.08691370 -0.01034372
v -0.02596994 -0.10459163 -0.00514706
v -0.00486233 -0.00193577 0.07072326
v -0.00127858 -0.00912737 0.06618675
v 0.02128599 -0.12528709 -0.00948465
v -0.03673393 0.01326040 0.07357086
v -0.03294676 0.00282293 0.08302288
v -0.08916706 -0.00034987 -0.00366649
v -0.08796878 0.01058743 0.00411970
v -0.08763025 0.02695378 -0.01453287
v -0.08728688 0.01223901 -0.02382412
v -0.06381521 0.04098464 0.02084063
v -0.07483768 0.03923161 0.01078292
v -0.07501835 0.02652273 0.02386108
v -0.06387812 0.03218619 0.03209712
v 0.01369711 -0.08111403 -0.01813094
v -0.00249792 0.00511738 0.04768277
v -0.01534945 0.02612871 0.03845973
v -0.03188371 0.03311175 0.04266061
v -0.02246476 -0.12454791 0.00176402
v -0.00795273 -0.12570261 -0.00353243
v -0.01171685 -0.14300283 0.00560095
v -0.02600837 -0.14275886 0.01135817
v -0.01639610 0.00310128 0.08016676
v -0.08867943 -0.00183084 0.01790991
v 0.00622018 -0.12656934 -0.00788283
v -0.05594275 -0.13190909 0.02752000
v -0.06480375 -0.12686418 0.04131376
v -0.06462043 -0.12104968 0.03714657
v -0.05625095 -0.12262759 0.02154681
v 0.02037947 -0.14277305 -0.00028437
v 0.00337867 -0.14404824 0.00138316
v -0.01480172 0.03206711 0.03061528
v 0.00325424 0.00020509 0.01579500
v 0.00423726 0.01297805 0.01240148
v -0.08854369 -0.01148043 -0.00612216
v 0.00142230 0.00199004 0.03350297
v -0.00329286 0.03914264 0.01463496
v -0.01775005 0.04908330 0.02060822
v -0.07153872 -0.11007758 0.04458903
v -0.06609931 -0.11345233 0.03379297
v -0.07048015 -0.11733149 0.04776198
v -0.05083735 0.04587996 0.02430093
v -0.04999464 0.03713902 0.03573464
v 0.00494434 0.03407949 0.00111753
v -0.01266316 -0.07350898 -0.01359422
v -0.03812193 -0.04684319 -0.04147212
v -0.05488963 -0.02705228 -0.05287224
v 0.00311499 -0.00104246 0.02402941
v 0.00425365 -0.00377182 0.01658600
v -0.05695361 -0.14025408 0.03573538
v -0.06565239 -0.13462065 0.04786823
v -0.07627508 0.01653845 0.03432805
v -0.06363450 0.02619581 0.04107868
v -0.03401727 0.03657217 0.03683209
v -0.04828125 0.03238461 0.04386210
v 0.02164543 -0.08008148 -0.01876432
v -0.06982245 0.00111733 -0.05848145
v -0.05471397 -0.00433317 -0.06840832
v -0.02603065 -0.04739502 -0.03604140
v -0.08604445 -0.01150084 -0.01682851
v -0.07102100 -0.12129762 0.05174979
v -0.07185984 -0.12843795 0.05849931
v -0.08034541 0.00710050 -0.04493060
v -0.03462194 0.04974822 0.02335172
v -0.04292924 -0.14388407 0.02205131
v -0.04047088 -0.13133761 0.01379904
v -0.03823794 -0.11820733 0.00628080
v -0.01165861 -0.05264465 -0.02205432
v -0.00450140 -0.03426684 -0.02914526
v -0.05873997 -0.11480527 0.02104758
v -0.07542578 -0.11513208 0.06056192
v -0.07621385 -0.12167462 0.06945512
v -0.05288105 -0.10401279 0.00549587
v -0.06294361 -0.10483918 0.01705538
v -0.06624960 -0.09375498 0.01304283
v -0.05689745 -0.09580533 0.00192166
v -0.07409324 -0.11369822 0.05539072
v -0.07605992 -0.10660808 0.05486020
v -0.02236458 -0.07597523 -0.01496577
v -0.01771080 -0.06756806 -0.01743676
v -0.02907866 -0.07685897 -0.01663081
v -0.02371827 -0.06514064 -0.02173762
v -0.08128745 -0.09278176 0.05807666
v -0.07814730 -0.09698004 0.04807272
v -0.01830856 -0.04906155 -0.02917418
v -0.01290584 -0.02989932 -0.03889954
v -0.04607002 -0.11088978 0.00550456
v -0.07373196 -0.09968072 0.03795499
v -0.06932838 -0.10273895 0.02797470
v -0.07744312 -0.03785246 0.07944653
v -0.07801818 -0.04459147 0.07985613
v -0.03417810 -0.08737348 -0.01118598
v -0.04171261 -0.09776620 -0.00424593
v -0.08059228 -0.06437124 0.07935846
v -0.08440993 -0.06367409 0.06860721
v -0.08492989 -0.07155778 0.06462684
v -0.08204789 -0.07594095 0.07705532
v -0.08341159 0.01958050 0.01457791
v -0.08454245 0.00828231 0.02655895
v -0.04730898 -0.09411414 -0.00532486
v -0.08297762 0.03524016 -0.00117368
v -0.02085760 -0.23728524 0.28649564
v -0.03232862 -0.24142060 0.28647387
v -0.08379286 -0.01307965 0.04835892
v -0.08431993 -0.00233383 0.03754865
v -0.04470099 -0.24962883 0.28786741
v -0.02669225 -0.05876910 0.10935961
v -0.02117701 -0.05062534 0.10887806
v -0.02594830 -0.11618952 -0.00031830
v -0.03047090 -0.06236973 -0.02701647
v -0.07293022 -0.09136283 0.02285120
v -0.08284645 -0.08569083 0.06895428
v -0.08339953 -0.02191321 0.05699974
v -0.07945406 -0.05402949 0.07993926
v -0.08060918 -0.08796992 0.04123865
v -0.07740086 -0.08882858 0.03248850
v -0.07926284 -0.03544092 0.07432319
v -0.08234061 -0.04597750 0.07150593
v -0.08521472 -0.06281729 0.06267025
v -0.08331657 -0.05567012 0.07017502
v -0.08530506 -0.07844035 0.05814191
v -0.08368443 -0.08426921 0.04943380
v -0.08135960 -0.03018401 0.06618230
v -0.00780422 -0.00627922 -0.05210766
v -0.01210358 -0.23449019 0.28852353
v -0.00329032 -0.07664606 0.12781193
v -0.01193118 -0.07842527 0.12564170
v -0.07332405 -0.13249679 0.08328435
v -0.07142671 -0.13945125 0.07502987
v -0.07024620 -0.14470332 0.08312478
v -0.07166842 -0.13765666 0.08998454
v -0.02750861 -0.26266297 0.13485704
v -0.03051513 -0.26579307 0.13575929
v -0.03754959 -0.26403963 0.13616077
v -0.03767546 -0.26067135 0.13509738
v -0.01335784 -0.29645729 0.20635968
v -0.02475893 -0.29774672 0.20824694
v -0.02443673 -0.29499738 0.20003267
v -0.01232843 -0.29393629 0.19863255
v -0.03354151 -0.09796379 0.12892737
v -0.03750646 -0.08837881 0.11973737
v -0.04753003 -0.09430648 0.11771961
v -0.04631886 -0.10542391 0.12587872
v -0.06827565 -0.11102821 0.10538656
v -0.07259910 -0.11361128 0.09604135
v -0.07224889 -0.12109343 0.09662527
v -0.07015129 -0.12330727 0.10179850
v -0.01294481 -0.12146827 0.16864316
v -0.01302821 -0.11484482 0.15985132
v -0.02197677 -0.11475141 0.15793848
v -0.02130665 -0.12288906 0.17044836
v -0.05810773 -0.10173067 0.11307201
v -0.06659648 -0.14161972 0.05601526
v -0.05800702 -0.14808661 0.04493578
v -0.05964335 -0.15556942 0.05525550
v -0.06726792 -0.14697768 0.06587094
v -0.07519770 -0.12768333 0.07682295
v -0.07539215 -0.11990897 0.08665219
v -0.01275367 -0.10880168 0.15108769
v -0.02190242 -0.10922138 0.14958249
v -0.01304680 -0.20599733 0.27095663
v -0.02268721 -0.20781764 0.26841968
v -0.02251868 -0.22505574 0.27972798
v -0.01260962 -0.22290793 0.28199578
v -0.07006600 -0.29744086 0.27672765
v -0.06643268 -0.30099812 0.26727023
v -0.06054334 -0.19134788 0.24145968
v -0.08467625 -0.20640597 0.22895148
v -0.07633621 -0.20640953 0.24584470
v -0.06040210 -0.20035606 0.25053227
v -0.01418021 -0.29786236 0.21316777
v -0.02533503 -0.29969264 0.21611411
v -0.04466685 -0.15481590 0.03211291
v -0.04768645 -0.16428162 0.04317910
v -0.07229016 -0.13490740 0.06656135
v -0.04728557 -0.17500759 0.22988197
v -0.06292016 -0.18654124 0.23025670
v -0.04718932 -0.18695958 0.24467099
v -0.01757754 -0.26539818 0.13767984
v -0.02254844 -0.26765793 0.13759159
v -0.06643268 -0.30099812 0.26727023
v -0.07563565 -0.30301929 0.26346338
v -0.06874402 -0.30434321 0.25430770
v -0.05740589 -0.30210252 0.25435904
v -0.05275787 -0.30056745 0.21970759
v -0.05191885 -0.29768084 0.21127368
v -0.03776403 -0.29818559 0.21017436
v -0.03902970 -0.30097076 0.22018266
v -0.08232857 -0.28104849 0.28213332
v -0.08342687 -0.29117785 0.27772204
v -0.07166674 -0.29032587 0.28287496
v -0.07048171 -0.27696495 0.28693729
v -0.05770528 -0.12142170 0.12735074
v -0.05899112 -0.12842037 0.13562652
v -0.04686405 -0.11992403 0.14159553
v -0.04706350 -0.11378238 0.13349301
v -0.05261999 -0.28233445 0.17371348
v -0.05327072 -0.28881837 0.19225027
v -0.06950619 -0.28896450 0.19568281
v -0.07484171 -0.28406650 0.19081006
v -0.08797052 -0.21441058 0.24183565
v -0.08385550 -0.22074757 0.25585858
v -0.07245355 -0.21639096 0.25837134
v -0.07826763 -0.27566018 0.18996666
v -0.06114493 -0.27317713 0.17086264
v -0.06721234 -0.30033858 0.21981802
v -0.06755939 -0.29673656 0.21171053
v -0.05534322 -0.25904569 0.14958921
v -0.05099046 -0.25983654 0.14319983
v -0.04807708 -0.26418848 0.14324087
v -0.05256458 -0.26469021 0.14895356
v -0.08469091 -0.20765879 0.21713803
v -0.00074716 -0.29150091 0.19842417
v -0.01090567 -0.29137142 0.19153293
v 0.00174964 -0.28888536 0.19212663
v -0.01318115 -0.15917538 0.01530518
v -0.02803607 -0.15757853 0.02233850
v 0.02314456 -0.15767740 0.00986950
v 0.00345994 -0.15979371 0.01114747
v -0.03788616 -0.29462317 0.20098971
v -0.05693827 -0.11334776 0.12095599
v -0.06129323 -0.16094211 0.06616585
v -0.06704366 -0.15171602 0.07533812
v -0.00710029 -0.26854011 0.14331077
v -0.01371883 -0.27039747 0.14260807
v -0.03510212 -0.11365274 0.14596977
v -0.03524689 -0.10768616 0.13694065
v -0.05752181 -0.26195752 0.28792335
v -0.00422247 -0.10679156 0.15345344
v -0.00362069 -0.10030728 0.14580850
v -0.01226940 -0.10230881 0.14358933
v -0.02132043 -0.10294515 0.14201950
v -0.09302023 -0.21722753 0.22848772
v -0.04591006 -0.19940243 0.25737341
v -0.07315280 -0.12565774 0.09133940
v -0.09250167 -0.22107842 0.22120692
v -0.06007423 -0.25787524 0.16291872
v -0.05812133 -0.26433433 0.16062352
v -0.05254570 -0.29367398 0.20255645
v -0.03803537 -0.29054788 0.19188085
v -0.06572187 -0.18348757 0.22255450
v -0.07741328 -0.19437220 0.21288550
v -0.00556636 -0.11879131 0.17106792
v -0.01286314 -0.12710357 0.17815674
v -0.00709150 -0.12574516 0.18121757
v -0.06736308 -0.30384723 0.22793587
v -0.05524967 -0.30325577 0.22779004
v -0.07029813 -0.18111213 0.20747940
v -0.07868584 -0.19563189 0.19200112
v -0.08200003 -0.21001744 0.20080949
v -0.01148515 -0.09513099 0.13748183
v -0.00294771 -0.09388112 0.13947596
v -0.00293542 -0.08620019 0.13319278
v -0.01139651 -0.08725915 0.13158554
v -0.04558576 -0.25959890 0.13811228
v -0.04368570 -0.26352521 0.13919477
v -0.05818111 -0.17475769 0.21854348
v -0.06720907 -0.30546563 0.23560606
v -0.05647263 -0.30522734 0.23605032
v -0.02212066 -0.19676893 0.25969889
v -0.01291328 -0.19482333 0.26172043
v -0.01250474 -0.18521008 0.25283904
v -0.02135120 -0.18665112 0.24993714
v -0.06751402 -0.17176232 0.19825508
v -0.05496192 -0.16531233 0.20957871
v -0.00242893 -0.29376185 0.20466735
v -0.08429662 -0.22104636 0.20488702
v -0.07155893 -0.13056145 0.09649331
v -0.01881312 -0.13229584 0.18560540
v -0.00465293 -0.11220907 0.16228590
v -0.08107845 -0.29832868 0.27127681
v -0.06719612 -0.30592762 0.24486633
v -0.05690712 -0.30487230 0.24451425
v 0.00770079 -0.27561641 0.16000500
v -0.00237956 -0.27798726 0.15789188
v -0.00664334 -0.27305732 0.14893730
v 0.00249534 -0.27113458 0.15024391
v -0.02126190 -0.07998160 0.12466010
v -0.02056422 -0.09539692 0.13562948
v -0.02030887 -0.08798641 0.13057117
v -0.00844102 -0.13277175 0.19261399
v -0.07630295 -0.18312970 0.18169715
v -0.06019515 -0.21338247 0.26250174
v -0.06476520 -0.26252314 0.17386479
v -0.07922068 -0.26550961 0.19245922
v 0.01050415 -0.28038806 0.17228516
v -0.00672577 -0.28519884 0.16995468
v -0.01185257 -0.17383827 0.24107413
v -0.02082198 -0.17570104 0.23792965
v -0.07563565 -0.30301929 0.26346338
v -0.04996367 -0.17273819 0.05485921
v -0.08811677 -0.23204502 0.21135589
v -0.06730043 -0.29335081 0.20270691
v -0.07309354 -0.25105226 0.27761743
v -0.07253508 -0.26370376 0.28256546
v -0.06141365 -0.25369544 0.28341874
v -0.06399832 -0.24491181 0.27900947
v 0.02013541 -0.16738052 0.01689408
v 0.02623349 -0.16701208 0.01822659
v 0.02679752 -0.17107955 0.02197517
v 0.02085121 -0.17389818 0.02223435
v -0.02496994 -0.30080739 0.22327255
v -0.03692084 -0.30253428 0.22918759
v -0.07182231 -0.22614424 0.26591779
v -0.06081612 -0.22452140 0.26961746
v -0.08351804 -0.23717845 0.26851165
v -0.07247037 -0.23448481 0.27050752
v -0.08286743 -0.22971761 0.26367640
v -0.02088354 -0.27221570 0.14081130
v -0.01727679 -0.27443474 0.14549962
v -0.01713556 -0.27774347 0.15091886
v -0.02070805 -0.28129481 0.15690201
v -0.04407771 -0.26757904 0.14255692
v -0.04800147 -0.26885565 0.14768735
v -0.03723123 -0.25588096 0.13251488
v -0.02363671 -0.25931889 0.13217626
v -0.02854840 -0.08240684 0.12190932
v -0.06213311 -0.24943915 0.16204223
v -0.05720242 -0.25178043 0.15061037
v 0.00281402 -0.29137251 0.20125145
v 0.00409940 -0.29004805 0.19799976
v -0.03738777 -0.22957599 0.28037318
v 0.01061415 -0.28705659 0.19441701
v 0.01407794 -0.28339701 0.18497645
v 0.02955236 -0.17428387 0.02588110
v 0.02503861 -0.17922602 0.02879185
v 0.01676459 -0.28105268 0.17777828
v -0.03694783 -0.26527016 0.13684100
v -0.04089602 -0.26694851 0.13917003
v 0.00943874 -0.28365293 0.17839565
v -0.00467248 -0.28771710 0.17904341
v -0.03378581 -0.12625262 0.16831980
v -0.03505933 -0.11956184 0.15522615
v -0.03649306 -0.28446531 0.16474730
v -0.03763842 -0.28711681 0.17486297
v -0.04628698 -0.27960191 0.16207286
v -0.02770057 -0.08948185 0.12727613
v -0.04252059 -0.16354279 0.21689435
v -0.08427526 -0.25630836 0.27624333
v -0.07330889 -0.24247231 0.27395224
v -0.08418130 -0.24588537 0.27212720
v 0.00600903 -0.29413323 0.21462081
v 0.01026769 -0.29216126 0.21251293
v 0.00917643 -0.29509389 0.22084781
v 0.00440497 -0.29658342 0.22054417
v -0.03438115 -0.19885729 0.26059081
v -0.04740721 -0.21188548 0.26707669
v -0.03482940 -0.21123850 0.27068719
v 0.00258006 -0.29336086 0.20888570
v -0.00469020 -0.29572007 0.21086013
v 0.00270036 -0.29238492 0.20511596
v 0.00089806 -0.29597977 0.21648045
v -0.00027777 -0.29781019 0.22164335
v 0.00600068 -0.29051164 0.20182803
v -0.03355502 -0.18604431 0.24754040
v -0.02373905 -0.29211810 0.19179419
v 0.02777987 -0.16171177 0.01464609
v -0.02503292 -0.30139584 0.22958458
v -0.03868242 -0.30287418 0.24139240
v -0.06594356 -0.23980502 0.27516464
v 0.03273656 -0.16355096 0.01959975
v 0.03233919 -0.16504156 0.02051232
v -0.08303328 -0.26818190 0.27948387
v -0.06807561 -0.25031887 0.17933170
v -0.03025280 -0.17003475 0.03264004
v -0.01380487 -0.26409075 0.13734133
v -0.00259789 -0.26648990 0.14214212
v -0.05076415 -0.22485653 0.27386188
v -0.05320373 -0.25356643 0.14348034
v -0.05233632 -0.27150274 0.15794211
v 0.03233479 -0.16694295 0.02184373
v -0.06330216 -0.23350538 0.27336852
v 0.00703954 -0.29123015 0.20590472
v -0.02606320 -0.28473538 0.16377981
v -0.02309193 -0.28837854 0.17563643
v -0.00850489 -0.28898901 0.18426887
v 0.00562695 -0.28650294 0.18451943
v -0.02660960 -0.27009537 0.13729624
v -0.05668988 -0.23584968 0.27727736
v -0.04932476 -0.24178695 0.28298825
v 0.03223778 -0.16858570 0.02317196
v -0.01469590 -0.29894702 0.21874156
v -0.04673544 -0.25544091 0.13711519
v 0.00314670 -0.16956104 0.01810840
v -0.03125623 -0.26673940 0.13651779
v 0.00798927 -0.26899445 0.14819578
v -0.00679773 -0.29925538 0.22418042
v -0.00600211 -0.29783429 0.21911469
v -0.03212643 -0.17334900 0.23432868
v 0.00700649 -0.29686237 0.22653354
v -0.07045283 -0.16114848 0.12867953
v -0.06935424 -0.14769230 0.11601284
v -0.06899905 -0.15895309 0.10893998
v -0.06901514 -0.17158801 0.11910494
v -0.05955360 -0.19610520 0.10018171
v -0.05681877 -0.19151948 0.08981350
v -0.04496580 -0.21035865 0.08881495
v -0.04907282 -0.21397063 0.09996680
v 0.00405184 -0.17748498 0.02424097
v -0.01354590 -0.17056277 0.02373089
v -0.04015921 -0.27688860 0.15107670
v -0.03616311 -0.27864914 0.15182133
v 0.00231458 -0.29866479 0.22657851
v -0.02187388 -0.30133124 0.23137667
v -0.01485235 -0.29969218 0.22321668
v -0.01525011 -0.30033759 0.22769659
v 0.01417144 -0.27825441 0.16955828
v -0.02496397 -0.27302340 0.13926425
v -0.02325505 -0.27487704 0.14230514
v -0.03235133 -0.26963257 0.13634128
v -0.03604419 -0.26862058 0.13684237
v -0.03540698 -0.26995040 0.13736806
v -0.03299766 -0.27062118 0.13701788
v -0.03916044 -0.26858285 0.13870513
v -0.04077175 -0.26980711 0.14121905
v -0.01275014 -0.23301328 0.09655050
v -0.02215364 -0.22264428 0.08535816
v -0.00838638 -0.21956497 0.07791105
v -0.00312802 -0.23197571 0.09421464
v -0.02864840 -0.27116085 0.13707977
v -0.03056469 -0.27169230 0.13754229
v -0.06998223 -0.14560240 0.10463577
v -0.06783300 -0.13675892 0.11211464
v -0.06990388 -0.13934491 0.10632815
v 0.01056811 -0.27423303 0.15818746
v -0.06531474 -0.18108822 0.10368932
v -0.06125134 -0.20161941 0.11214785
v -0.06637973 -0.18596652 0.11559535
v -0.02826315 -0.27302187 0.13882803
v 0.00962235 -0.22168223 0.07901616
v 0.00939572 -0.21243797 0.06673304
v 0.02274846 -0.21117042 0.06734911
v 0.02206240 -0.22106822 0.08064918
v -0.03878575 -0.27081870 0.14044685
v -0.03920781 -0.27190804 0.14204244
v -0.04214530 -0.27108816 0.14431377
v -0.00253099 -0.29975846 0.22739733
v -0.00901681 -0.30046159 0.22989157
v -0.00781867 -0.23908975 0.10452862
v -0.00017315 -0.23832490 0.10368503
v -0.02398266 -0.27684401 0.14552332
v -0.02785527 -0.27543245 0.14240919
v -0.02713244 -0.27437797 0.14065097
v 0.01755742 -0.24865606 0.12167028
v 0.01845237 -0.24283546 0.11373881
v 0.00925262 -0.24273804 0.11121490
v 0.00965853 -0.23795404 0.10401597
v 0.01940547 -0.23810423 0.10656315
v -0.03853258 -0.20686686 0.07860036
v -0.02835550 -0.20188930 0.06473545
v -0.03753609 -0.27003310 0.13875182
v 0.00950387 -0.23144961 0.09361010
v 0.01082863 -0.29036582 0.20779081
v 0.01088336 -0.28924637 0.20270007
v 0.00165439 -0.29475513 0.21273883
v -0.00556398 -0.29677612 0.21431448
v -0.01040676 -0.20217361 0.05626138
v -0.00313329 -0.21254909 0.06773925
v -0.01730630 -0.30098760 0.23384420
v 0.00661183 -0.29260608 0.21036323
v -0.04603424 -0.12547048 0.15290252
v -0.04295381 -0.12875717 0.16372224
v -0.06387554 -0.17625370 0.09449034
v -0.02674340 -0.27864566 0.14964384
v -0.02996182 -0.27614251 0.14408842
v 0.02333597 -0.18847729 0.03794295
v 0.00624440 -0.18331685 0.02985902
v -0.04277810 -0.27382781 0.14840669
v -0.00776492 -0.18508484 0.03399898
v 0.00584451 -0.19102474 0.03846198
v -0.01255195 -0.18977693 0.04231413
v -0.01258668 -0.18010999 0.03157739
v -0.03501098 -0.27591763 0.14517705
v -0.03719912 -0.27489955 0.14469435
v -0.00037138 -0.24683964 0.11485982
v 0.00082427 -0.24271749 0.10953063
v 0.00845233 -0.24792561 0.11769281
v 0.02102944 -0.23042737 0.09519541
v 0.00800118 -0.20184199 0.05192094
v 0.02336564 -0.19986842 0.05155163
v -0.03130112 -0.27936401 0.15186650
v -0.06304159 -0.17161504 0.08506709
v -0.05380149 -0.18671880 0.07861871
v 0.01533820 -0.25481490 0.12807654
v 0.01218113 -0.26135768 0.13686155
v 0.00093977 -0.26041688 0.13433426
v 0.00274785 -0.25516108 0.12595172
v -0.02656850 -0.30144964 0.23725358
v -0.02800759 -0.18496879 0.04490191
v -0.06741714 -0.16622654 0.10122307
v -0.06714855 -0.16021071 0.09310182
v -0.03877487 -0.27347801 0.14386108
v -0.06737140 -0.17227919 0.10759226
v -0.04988415 -0.23964516 0.13133582
v -0.04746313 -0.24898127 0.13508614
v -0.05435634 -0.24164152 0.13682081
v -0.05553328 -0.23085946 0.12950087
v -0.06927874 -0.15312445 0.09948358
v -0.03238449 -0.27643357 0.14516840
v -0.00526928 -0.24229065 0.10887960
v -0.06251298 -0.20709055 0.12240154
v -0.05244950 -0.21748632 0.11178996
v -0.05544725 -0.22205725 0.12212541
v -0.07263869 -0.22926250 0.18034485
v -0.07028888 -0.23493800 0.17957250
v -0.07323533 -0.23755399 0.18926972
v -0.07562740 -0.22748524 0.18605525
v -0.07800161 -0.25621090 0.19486657
v -0.07969072 -0.24709675 0.20131687
v -0.06061937 -0.24132505 0.15263571
v -0.05901624 -0.23904066 0.14475648
v -0.06817365 -0.21457732 0.15485222
v -0.06947490 -0.20230972 0.14771086
v -0.06594302 -0.21430772 0.14038373
v -0.06379392 -0.22672064 0.14869656
v -0.06162946 -0.15405450 0.18205207
v -0.05549869 -0.14605513 0.17786833
v -0.06696948 -0.14992595 0.16168693
v -0.07130669 -0.16102809 0.16716586
v -0.07167681 -0.16059999 0.14850253
v -0.07339247 -0.17109245 0.15576146
v -0.01037567 -0.25894242 0.13093852
v -0.00740921 -0.25451434 0.12368114
v -0.06108842 -0.22840926 0.13730071
v -0.06493890 -0.16227800 0.18930277
v -0.05376335 -0.15813992 0.20074363
v -0.05216097 -0.15227029 0.19419754
v -0.04686085 -0.23843673 0.12632255
v -0.02722275 -0.23808522 0.10963245
v -0.03517175 -0.24448856 0.12142774
v -0.04326106 -0.23070883 0.11482807
v -0.03742545 -0.22802165 0.10361872
v -0.04805974 -0.13614710 0.17027275
v -0.05979265 -0.13724120 0.15256182
v -0.08349599 -0.24005709 0.20607025
v -0.07963154 -0.23079346 0.19664785
v -0.02858641 -0.25071254 0.12490918
v -0.02109618 -0.24886801 0.11792603
v -0.01491152 -0.25325674 0.12152016
v -0.01891268 -0.25491601 0.12750797
v -0.06297755 -0.24248531 0.16259255
v -0.06560081 -0.23632233 0.16528082
v -0.06461042 -0.24455465 0.17078984
v -0.06647503 -0.24226801 0.17440795
v -0.06396756 -0.23233773 0.15635399
v -0.00737025 -0.24482408 0.11262982
v -0.01315009 -0.24101478 0.10810292
v -0.07460340 -0.18147112 0.16251860
v -0.07174939 -0.18209363 0.14793800
v -0.07193590 -0.19252673 0.15523212
v -0.07182992 -0.20601416 0.16415930
v -0.07573940 -0.19355683 0.17167402
v -0.07826383 -0.20657544 0.18261030
v -0.07959547 -0.22205088 0.19232318
v -0.03007373 -0.22559547 0.09268688
v -0.07154904 -0.17274771 0.14040938
v -0.04101497 -0.24978136 0.13080284
v -0.06680732 -0.20372429 0.13274918
v -0.06303701 -0.21560282 0.12846645
v -0.07159120 -0.22254834 0.17259216
v -0.07031023 -0.21670776 0.16547657
v -0.06760429 -0.22344180 0.16053976
v -0.06884229 -0.22842668 0.17005543
v -0.01994143 -0.23478603 0.10100737
v -0.04250475 -0.14817043 0.19705214
v -0.03431617 -0.13669458 0.18445141
v -0.07404578 -0.17167216 0.17353261
v -0.06958341 -0.19268360 0.14027247
v -0.07447607 -0.21524422 0.17582487
v -0.06719359 -0.19418424 0.12716382
v -0.06947742 -0.18356249 0.13293588
v -0.06413188 -0.24830772 0.17230325
v -0.01873862 -0.14536778 0.20446905
v -0.02729974 -0.14537135 0.20203101
v -0.03096310 -0.15778287 0.21582413
v -0.02070379 -0.15992414 0.22175223
v -0.04514954 -0.15636921 0.20586438
v -0.06902882 -0.14944632 0.13854100
v -0.00938609 -0.14333819 0.20718525
v -0.01102472 -0.15872157 0.22496374
v -0.03676881 -0.27230163 0.14059372
v -0.03643935 -0.27288368 0.14114121
v -0.03431107 -0.27425834 0.14196906
v -0.03299262 -0.27451001 0.14178373
v -0.03546463 -0.27368745 0.14171843
v -0.06585881 -0.13844163 0.12618502
v -0.03421530 -0.27249545 0.13920238
v -0.03409744 -0.27253173 0.13919431
v -0.03412810 -0.27264103 0.13935142
v -0.03429941 -0.27259910 0.13937416
v -0.05175051 -0.18097972 0.06740544
v -0.06165292 -0.16695072 0.07531027
v -0.06475632 -0.12929016 0.11966088
v -0.03377118 -0.27266187 0.13923412
v -0.03400575 -0.27252067 0.13927647
v -0.03335476 -0.27290967 0.13939226
v -0.03373150 -0.27278099 0.13937372
v -0.03437910 -0.27235537 0.13909883
v -0.03413231 -0.27237731 0.13900957
v -0.03457884 -0.27253853 0.13942344
v -0.07011281 -0.14894974 0.09094068
v -0.07091233 -0.14212506 0.09683170
v -0.06520456 -0.12136546 0.11388653
v -0.06879848 -0.12969785 0.10765050
v -0.07045891 -0.13559501 0.10191669
v -0.03667385 -0.27163992 0.13972801
v -0.03597842 -0.27114622 0.13873032
v -0.03057586 -0.27412779 0.14050293
v -0.03171749 -0.27447312 0.14125222
v -0.06719216 -0.15620197 0.08394579
v -0.03027841 -0.27366533 0.13980095
v -0.03220238 -0.27219584 0.13827407
v -0.03080440 -0.27304322 0.13903837
v -0.03410226 -0.27278258 0.13953166
v -0.03408942 -0.27296929 0.13978614
v -0.03443397 -0.27278573 0.13968484
v -0.03426823 -0.27272594 0.13952862
v -0.03346767 -0.27165443 0.13804866
v -0.03474580 -0.27111427 0.13799746
v -0.03176719 -0.00616904 0.09070793
v -0.01627851 -0.00623232 0.08901229
v -0.04746791 -0.30380977 0.24025608
v -0.04654533 -0.30385837 0.23331581
v -0.00559651 -0.01045577 0.08285950
v -0.00249231 -0.01527009 0.07664374
v -0.06994107 -0.02308285 0.08299813
v -0.05088521 -0.01099432 0.09047465
v -0.04626918 -0.30211553 0.22672626
v -0.01587986 -0.05122868 0.11054620
v -0.01731153 -0.04926651 0.10938459
v -0.01714784 -0.05385357 0.11086182
v -0.03408768 -0.27340127 0.14040992
v -0.03352356 -0.27353428 0.14035608
v -0.03531322 -0.27248100 0.13973289
v -0.03472832 -0.27211454 0.13896404
v -0.03379516 -0.27305668 0.13977450
v -0.03476528 -0.27304872 0.14021992
v -0.03396015 -0.27269628 0.13935233
v -0.03374593 -0.27288221 0.13951485
v -0.03393110 -0.27283270 0.13952610
v -0.03391681 -0.27259639 0.13920485
v -0.03397803 -0.27243925 0.13906270
v -0.03427444 -0.27207568 0.13869623
v -0.03371793 -0.27222720 0.13863969
v -0.03296235 -0.27254918 0.13876145
v -0.03250344 -0.27317349 0.13944390
v -0.03347934 -0.27307580 0.13966812
v -0.03293351 -0.27348413 0.14003241
v -0.00514449 -0.03966602 0.10717969
v -0.00472121 -0.04677955 0.11085284
v -0.00448885 -0.05212152 0.11385793
v -0.02504711 -0.34744460 0.28770059
v -0.02034276 -0.34798506 0.28279903
v -0.02440473 -0.34926647 0.28777285
v 0.00755495 -0.34884705 0.26751695
v 0.00260738 -0.34865605 0.26850426
v -0.02445780 -0.35084865 0.28749538
v -0.02794760 -0.35219544 0.29194903
v -0.02815760 -0.35112279 0.29261571
v -0.00622188 -0.34939480 0.27157844
v -0.01531489 -0.34939953 0.27826059
v 0.00494434 0.03407949 0.00111753
v -0.03342360 -0.34505275 0.30295098
v -0.03407837 -0.33870562 0.31091901
v -0.02962571 -0.31051438 0.31487088
v -0.03337002 -0.31775146 0.30866222
v -0.03170235 -0.33092573 0.32213371
v -0.02850309 -0.34985318 0.29313049
v -0.00846589 -0.31871461 0.33626349
v -0.02047492 -0.35026520 0.28286942
v -0.03104454 -0.35210638 0.29739419
v -0.03071975 -0.35331624 0.29652518
v -0.03048348 -0.35445606 0.29548946
vt 0.94199300 0.71894598
vt 0.93369001 0.71606004
vt 0.93320298 0.73069298
vt 0.94204301 0.74183202
vt 0.92538500 0.13567495
vt 0.93449700 0.10948002
vt 0.91720700 0.11108196
vt 0.91030502 0.12910402
vt 0.91936398 0.15484703
vt 0.90206999 0.14843595
vt 0.92693901 0.69436800
vt 0.92151898 0.68207502
vt 0.91635799 0.68750501
vt 0.91975498 0.69613898
vt 0.95247900 0.15891600
vt 0.95247900 0.14432096
vt 0.93923402 0.14096403
vt 0.93599701 0.15903604
vt 0.55045402 0.05433905
vt 0.54069602 0.06815302
vt 0.54790902 0.07218599
vt 0.55480099 0.05766904
vt 0.58364201 0.11383295
vt 0.58820897 0.11954904
vt 0.60427803 0.10653901
vt 0.59890699 0.09873700
vt 0.53510702 0.96394801
vt 0.51901698 0.95519102
vt 0.51787400 0.96860695
vt 0.53346002 0.97687101
vt 0.51516199 0.11920905
vt 0.51624697 0.10849595
vt 0.50845802 0.11040699
vt 0.50896001 0.12417698
vt 0.52371198 0.12123406
vt 0.53578401 0.09669805
vt 0.58865702 0.05270696
vt 0.59284300 0.03502798
vt 0.57716000 0.03504097
vt 0.57300103 0.04989505
vt 0.50000000 0.07601595
vt 0.50000000 0.09202600
vt 0.50883102 0.09128499
vt 0.50832897 0.07513905
vt 0.90883398 0.07543695
vt 0.92584097 0.06404996
vt 0.90605402 0.05534196
vt 0.89817798 0.06587303
vt 0.54783398 0.12376404
vt 0.55725002 0.10010505
vt 0.54536098 0.09896302
vt 0.53608799 0.12274003
vt 0.55308199 0.13986194
vt 0.55967700 0.12548196
vt 0.54103398 0.13995004
vt 0.56862402 0.03243303
vt 0.56459397 0.04620802
vt 0.89552999 0.10425901
vt 0.90490198 0.09654999
vt 0.89362299 0.08905804
vt 0.88406301 0.09728503
vt 0.90706199 0.01368797
vt 0.90093899 0.02718794
vt 0.91870803 0.03175700
vt 0.92443198 0.01870799
vt 0.50000000 0.89074194
vt 0.50704598 0.89090204
vt 0.50833100 0.87334299
vt 0.50000000 0.87338197
vt 0.86483002 0.09794605
vt 0.84945798 0.10552800
vt 0.85610598 0.11658895
vt 0.87290502 0.10580301
vt 0.56514502 0.13969505
vt 0.57060498 0.12954295
vt 0.55008399 0.15021300
vt 0.56351799 0.14830506
vt 0.57325000 0.09875596
vt 0.61393303 0.08636200
vt 0.60901701 0.06892896
vt 0.59058303 0.08160901
vt 0.86759597 0.12885296
vt 0.88376498 0.11403799
vt 0.51525098 0.13683701
vt 0.95247900 0.10674000
vt 0.95248199 0.09003794
vt 0.93436599 0.09274101
vt 0.88314700 0.08230102
vt 0.50000000 0.11115003
vt 0.91603202 0.08852005
vt 0.51009202 0.84638798
vt 0.50000000 0.84629405
vt 0.51459098 0.89166105
vt 0.51686001 0.87449300
vt 0.93210399 0.07687795
vt 0.90585899 0.10951400
vt 0.89776802 0.12219906
vt 0.85585898 0.08686805
vt 0.84364700 0.09316695
vt 0.51711202 0.08872199
vt 0.50000000 0.12625396
vt 0.88474703 0.13979805
vt 0.60936999 0.05789804
vt 0.58538097 0.06792498
vt 0.56505698 0.07631195
vt 0.55525601 0.07455504
vt 0.87497300 0.09073198
vt 0.86394298 0.08073103
vt 0.57478499 0.07729900
vt 0.61084700 0.04672503
vt 0.61387300 0.03239799
vt 0.52989101 0.13905597
vt 0.52538800 0.15267396
vt 0.51244402 0.15357804
vt 0.52750099 0.08206904
vt 0.91788799 0.09849894
vt 0.91163200 0.10036397
vt 0.52071297 0.84671605
vt 0.63757801 0.10698295
vt 0.62592900 0.09949601
vt 0.61031097 0.11363006
vt 0.62117398 0.12446904
vt 0.57227802 0.01848698
vt 0.56861901 0.01706600
vt 0.56476402 0.03029597
vt 0.50000000 0.95783699
vt 0.50000000 0.96896303
vt 0.50310600 0.96955597
vt 0.50546902 0.95876801
vt 0.51640999 0.07231295
vt 0.57445002 0.13169205
vt 0.94214702 0.12682796
vt 0.95247900 0.13100302
vt 0.50000000 0.14166796
vt 0.50000000 0.15550900
vt 0.53705299 0.15183604
vt 0.93452501 0.03435802
vt 0.93883002 0.02027905
vt 0.57635897 0.13541698
vt 0.57958102 0.14503896
vt 0.59975302 0.13891196
vt 0.59247798 0.12547004
vt 0.56027699 0.06046903
vt 0.56891698 0.06345904
vt 0.95248199 0.07301903
vt 0.95248699 0.06169605
vt 0.61904901 0.09345806
vt 0.53857797 0.93317604
vt 0.55015898 0.91118300
vt 0.53288400 0.89912200
vt 0.52489197 0.92291498
vt 0.53665900 0.06028497
vt 0.52562797 0.06752300
vt 0.88390398 0.05919600
vt 0.87107301 0.07436800
vt 0.88963503 0.04985297
vt 0.56050801 0.04383802
vt 0.95242500 0.05017495
vt 0.95246601 0.03532398
vt 0.93040597 0.04902804
vt 0.89596999 0.68120801
vt 0.90917701 0.68251801
vt 0.91198802 0.66347897
vt 0.89365298 0.65885794
vt 0.61961597 0.83506405
vt 0.61695999 0.84833598
vt 0.63464200 0.84849894
vt 0.63287401 0.83033502
vt 0.88224500 0.92251897
vt 0.89149702 0.90834105
vt 0.86862499 0.89957702
vt 0.85850698 0.91535103
vt 0.75757200 0.69902694
vt 0.79385698 0.70225799
vt 0.78772098 0.66270304
vt 0.76131302 0.66505504
vt 0.50542098 0.91560102
vt 0.51160598 0.91642201
vt 0.83521497 0.78088498
vt 0.86680698 0.77754700
vt 0.85874701 0.75287902
vt 0.82665497 0.76018202
vt 0.52191800 0.89317703
vt 0.52684098 0.87659895
vt 0.50949502 0.97430694
vt 0.51661098 0.98157501
vt 0.51169300 0.96301198
vt 0.89508897 0.77653098
vt 0.88672298 0.74909699
vt 0.88242602 0.68443799
vt 0.86010599 0.68749905
vt 0.87345302 0.71770799
vt 0.89853299 0.71434104
vt 0.95247900 0.67918396
vt 0.93590498 0.67970204
vt 0.93872499 0.69418395
vt 0.95247900 0.69449306
vt 0.90378201 0.93107605
vt 0.91137803 0.91885996
vt 0.94292903 0.80688798
vt 0.95275402 0.80875504
vt 0.95275402 0.78714299
vt 0.94057000 0.77468002
vt 0.67205501 0.82565999
vt 0.69011497 0.82323003
vt 0.68565798 0.79770994
vt 0.66831398 0.80128205
vt 0.94516301 0.91078305
vt 0.94777602 0.93437004
vt 0.95275402 0.93116403
vt 0.95275402 0.90370095
vt 0.84891701 0.65644705
vt 0.82239598 0.65801406
vt 0.83099902 0.69228399
vt 0.65460700 0.84948504
vt 0.67569399 0.85006797
vt 0.65181398 0.82758498
vt 0.52639699 0.89480698
vt 0.51736897 0.91760504
vt 0.51984698 0.91893196
vt 0.91981298 0.77628696
vt 0.89799201 0.80035305
vt 0.92282599 0.80341196
vt 0.50605702 0.97159100
vt 0.50883400 0.96082997
vt 0.83290499 0.90703106
vt 0.84186101 0.88994300
vt 0.81298798 0.87987602
vt 0.80545300 0.89770997
vt 0.71894598 0.87994695
vt 0.73518401 0.88666201
vt 0.73954803 0.86874998
vt 0.72194898 0.86091995
vt 0.91608697 0.93664801
vt 0.92395902 0.93079197
vt 0.70919198 0.83765805
vt 0.72349399 0.84322202
vt 0.72432297 0.82323694
vt 0.70633000 0.81975400
vt 0.74266398 0.85035598
vt 0.76594698 0.85900700
vt 0.77160901 0.83841705
vt 0.74571103 0.82925797
vt 0.73539603 0.66584802
vt 0.72808403 0.69651902
vt 0.65648502 0.87224197
vt 0.67813998 0.87348497
vt 0.54988402 0.75467801
vt 0.54366899 0.78348005
vt 0.55520701 0.78393698
vt 0.56631398 0.75725305
vt 0.74760598 0.80084896
vt 0.77630299 0.81171095
vt 0.76861298 0.79259300
vt 0.75486499 0.79169095
vt 0.51336497 0.78163195
vt 0.51434398 0.75325000
vt 0.50000000 0.75313497
vt 0.50000000 0.78161502
vt 0.52810299 0.78234303
vt 0.53155398 0.75321698
vt 0.92620802 0.74252796
vt 0.84460402 0.72353196
vt 0.54128301 0.88185000
vt 0.53278899 0.87869501
vt 0.50000000 0.91533506
vt 0.69919699 0.87451506
vt 0.69811600 0.84913802
vt 0.91778201 0.94368398
vt 0.93139100 0.94211495
vt 0.86933398 0.79806805
vt 0.50000000 0.94247198
vt 0.50313401 0.94226098
vt 0.91076398 0.74498701
vt 0.76064700 0.87785304
vt 0.64790100 0.80559897
vt 0.62524998 0.81198299
vt 0.72446400 0.79747605
vt 0.87167799 0.65737104
vt 0.70401502 0.79240406
vt 0.91149998 0.69763899
vt 0.81403399 0.73536503
vt 0.83814502 0.79738402
vt 0.75284499 0.77934396
vt 0.74037498 0.77894700
vt 0.51153398 0.94928098
vt 0.51341897 0.95100605
vt 0.63510698 0.87017298
vt 0.56445801 0.78944302
vt 0.57986999 0.76171100
vt 0.50000000 0.95104694
vt 0.50733900 0.94767904
vt 0.93295503 0.65942204
vt 0.95247900 0.65845203
vt 0.61209202 0.82861495
vt 0.72448200 0.77858305
vt 0.71099699 0.77737498
vt 0.94072998 0.70555198
vt 0.93121898 0.70502400
vt 0.92280400 0.90139997
vt 0.90305400 0.88712704
vt 0.55465102 0.85743594
vt 0.54537398 0.85188198
vt 0.59307599 0.89164495
vt 0.58875501 0.91936398
vt 0.61051798 0.92033899
vt 0.61293101 0.89375496
vt 0.95275402 0.96078897
vt 0.95275402 0.94729900
vt 0.94875997 0.94859195
vt 0.95036000 0.96050096
vt 0.91979098 0.95503795
vt 0.93799400 0.95315301
vt 0.57457399 0.79600203
vt 0.55057299 0.81825304
vt 0.55886602 0.82452595
vt 0.65788400 0.89727199
vt 0.68141198 0.89781594
vt 0.85380000 0.86891305
vt 0.86389703 0.84357798
vt 0.83155698 0.83623803
vt 0.82221198 0.85870898
vt 0.53709000 0.81267703
vt 0.53735799 0.84562004
vt 0.54745901 0.80524802
vt 0.60829198 0.77559197
vt 0.59168500 0.76658797
vt 0.58600402 0.80556202
vt 0.95275402 0.87586796
vt 0.93792897 0.87630904
vt 0.50000000 0.72464299
vt 0.51573598 0.72440696
vt 0.88043499 0.87740195
vt 0.89085698 0.85057700
vt 0.72919297 0.90415096
vt 0.71469700 0.92494702
vt 0.74302799 0.93582499
vt 0.75004500 0.91385400
vt 0.81455600 0.94491899
vt 0.82048702 0.93019402
vt 0.79493701 0.92716396
vt 0.79155397 0.94339502
vt 0.52481502 0.81471503
vt 0.93389201 0.92067599
vt 0.87499303 0.93211806
vt 0.89945102 0.93859196
vt 0.58555698 0.72541296
vt 0.59190702 0.69202805
vt 0.56262797 0.69381404
vt 0.55743599 0.72403598
vt 0.91476101 0.85971797
vt 0.75561899 0.89515197
vt 0.53514600 0.72424102
vt 0.64789599 0.69577396
vt 0.64797401 0.71518898
vt 0.67041099 0.70239997
vt 0.67132097 0.68846202
vt 0.53838301 0.69442499
vt 0.51582003 0.69582403
vt 0.89618498 0.94500899
vt 0.93750203 0.96641099
vt 0.94555402 0.96309996
vt 0.71651500 0.89314497
vt 0.93966198 0.93806899
vt 0.90842402 0.96933103
vt 0.88660401 0.95887399
vt 0.69117498 0.71401000
vt 0.68900597 0.69590998
vt 0.67311001 0.72104096
vt 0.83723402 0.94874096
vt 0.84496498 0.93501401
vt 0.92437899 0.97883296
vt 0.56857300 0.83220899
vt 0.63503402 0.89530396
vt 0.61452198 0.86917102
vt 0.94362301 0.95046699
vt 0.94822001 0.96145403
vt 0.65114301 0.67699003
vt 0.67424202 0.67162597
vt 0.82629102 0.91944003
vt 0.79971498 0.91194606
vt 0.87067902 0.93919897
vt 0.85130000 0.92564797
vt 0.50000000 0.69673097
vt 0.51193500 0.81455898
vt 0.63352197 0.92243397
vt 0.65815401 0.92429996
vt 0.59753102 0.86670494
vt 0.70314002 0.89701903
vt 0.69123602 0.68357897
vt 0.69467902 0.66800499
vt 0.68465102 0.92490995
vt 0.50000000 0.81484306
vt 0.86377501 0.95326304
vt 0.62259400 0.68435204
vt 0.61828798 0.70852900
vt 0.61476302 0.73577797
vt 0.55871701 0.88613296
vt 0.56843197 0.86158502
vt 0.65375698 0.73161495
vt 0.70921600 0.68356299
vt 0.71448398 0.66553199
vt 0.63969803 0.76752996
vt 0.64569998 0.78485405
vt 0.66457599 0.77735496
vt 0.65958297 0.75404799
vt 0.70298302 0.69329703
vt 0.70889997 0.70828104
vt 0.57926798 0.83868504
vt 0.58685398 0.82624495
vt 0.59120601 0.84272099
vt 0.59870899 0.82506502
vt 0.72652000 0.73123300
vt 0.70927602 0.73441803
vt 0.58344603 0.86463296
vt 0.57600999 0.88908994
vt 0.62932599 0.75199497
vt 0.69258499 0.73998499
vt 0.67648798 0.74607801
vt 0.81652802 0.79828095
vt 0.81176102 0.78662801
vt 0.60820001 0.80583096
vt 0.62120700 0.78431904
vt 0.78983498 0.75452697
vt 0.77212203 0.73874903
vt 0.75899398 0.76238501
vt 0.77325100 0.77097595
vt 0.77770799 0.90368402
vt 0.77287698 0.92150998
vt 0.62995303 0.79343200
vt 0.76862401 0.94131398
vt 0.91142702 0.17955697
vt 0.93260598 0.18267596
vt 0.78863198 0.86902595
vt 0.78284299 0.88712204
vt 0.89084399 0.17009699
vt 0.91844702 0.71666396
vt 0.90205002 0.69745898
vt 0.59227800 0.74135697
vt 0.60379499 0.84579003
vt 0.68044901 0.77140296
vt 0.74923700 0.73225904
vt 0.79572201 0.84845400
vt 0.80232900 0.77107000
vt 0.70921600 0.75968599
vt 0.69566500 0.76487994
vt 0.79484701 0.79765105
vt 0.80979598 0.81002700
vt 0.76368898 0.78200400
vt 0.78399801 0.78316998
vt 0.74307400 0.75804198
vt 0.72525799 0.75724006
vt 0.80321801 0.82660496
vt 0.57046998 0.91510296
vt 0.95247900 0.18471897
vt 0.95247900 0.63655603
vt 0.93137902 0.63639700
vt 0.72161198 0.63227701
vt 0.72512901 0.61689901
vt 0.70747501 0.61847699
vt 0.70326102 0.63435304
vt 0.61922902 0.41904604
vt 0.59678298 0.42100704
vt 0.59510899 0.43096197
vt 0.62245101 0.42880094
vt 0.56580400 0.21533000
vt 0.56436300 0.23173296
vt 0.58749098 0.23269296
vt 0.58836102 0.21533406
vt 0.87455702 0.60491502
vt 0.84272403 0.60213006
vt 0.84429199 0.62810302
vt 0.86897600 0.63083196
vt 0.75543803 0.62863696
vt 0.76303500 0.63986802
vt 0.78458500 0.62776303
vt 0.76210302 0.61724305
vt 0.93164599 0.50881004
vt 0.91070497 0.50702798
vt 0.90730900 0.53165698
vt 0.93032002 0.53201997
vt 0.81645000 0.62613595
vt 0.67878097 0.65420103
vt 0.68384397 0.63700795
vt 0.66026902 0.63996899
vt 0.65532398 0.65826797
vt 0.71861500 0.64764202
vt 0.73921603 0.64515996
vt 0.92948103 0.55355406
vt 0.90601802 0.55393302
vt 0.95247900 0.25469995
vt 0.95247900 0.21405602
vt 0.92967999 0.21317804
vt 0.92994303 0.25471103
vt 0.82545799 0.11325598
vt 0.82168198 0.09533703
vt 0.83597797 0.31084800
vt 0.84472698 0.28549600
vt 0.80959398 0.28171694
vt 0.79930902 0.30417395
vt 0.58812499 0.20060802
vt 0.56634098 0.20179403
vt 0.63224298 0.64318597
vt 0.62723702 0.66292500
vt 0.69868600 0.65068603
vt 0.85799497 0.34786499
vt 0.86886001 0.31390703
vt 0.82774401 0.33033204
vt 0.57113099 0.42564094
vt 0.57532197 0.41742098
vt 0.65465897 0.11916494
vt 0.63687199 0.14047897
vt 0.66570801 0.14416397
vt 0.67901897 0.12922800
vt 0.64104497 0.20361602
vt 0.61464500 0.20053899
vt 0.61469299 0.21622503
vt 0.64156199 0.21884000
vt 0.81249201 0.15073597
vt 0.84663600 0.14677596
vt 0.83259499 0.12793100
vt 0.80412602 0.13589895
vt 0.81176198 0.57805204
vt 0.84108800 0.57847595
vt 0.84099102 0.55414295
vt 0.80976498 0.55402899
vt 0.64922702 0.27956998
vt 0.68699598 0.26209605
vt 0.67469501 0.24812806
vt 0.64544898 0.25299203
vt 0.81924200 0.25318098
vt 0.79618198 0.25109196
vt 0.78798503 0.27816200
vt 0.67771298 0.29937506
vt 0.69904202 0.27698898
vt 0.66287398 0.22002804
vt 0.66070002 0.20560706
vt 0.65320498 0.39225197
vt 0.66398799 0.40160704
vt 0.67693698 0.37782097
vt 0.66373098 0.37044501
vt 0.78936303 0.32202697
vt 0.54256201 0.23099697
vt 0.53871799 0.24794698
vt 0.56152201 0.25161695
vt 0.56582898 0.66960394
vt 0.59652400 0.66731000
vt 0.53991503 0.66999304
vt 0.51192999 0.66979802
vt 0.61477298 0.23385894
vt 0.81410998 0.59960794
vt 0.68949699 0.62034500
vt 0.66483998 0.62278402
vt 0.54805899 0.40920305
vt 0.55575299 0.40192902
vt 0.87288398 0.57817495
vt 0.87324798 0.55464804
vt 0.87037200 0.15862703
vt 0.92932397 0.57464504
vt 0.95247900 0.57415295
vt 0.95247900 0.55327106
vt 0.90650100 0.57589602
vt 0.77926898 0.29581594
vt 0.87532097 0.28454101
vt 0.74127901 0.63002896
vt 0.77326399 0.30412197
vt 0.68822300 0.35347497
vt 0.67592001 0.34276402
vt 0.64331102 0.23438597
vt 0.61445999 0.25417805
vt 0.82122701 0.34432399
vt 0.79967499 0.34518504
vt 0.95248502 0.50965297
vt 0.95247900 0.48842299
vt 0.93422699 0.49064195
vt 0.65956300 0.19028699
vt 0.64128900 0.18908799
vt 0.77341902 0.35137904
vt 0.77671403 0.37362695
vt 0.80650300 0.36749601
vt 0.92997497 0.59535301
vt 0.93083799 0.61546302
vt 0.95247900 0.61522806
vt 0.95247900 0.59477103
vt 0.63975298 0.40783703
vt 0.64545298 0.41708195
vt 0.83236098 0.36157703
vt 0.66050601 0.17559302
vt 0.64189100 0.17555201
vt 0.93026400 0.28521502
vt 0.93003201 0.31607294
vt 0.95250398 0.31593204
vt 0.95248097 0.28587103
vt 0.81233698 0.39626503
vt 0.83644700 0.38972104
vt 0.54470301 0.21654403
vt 0.76817298 0.32945704
vt 0.74323899 0.61605000
vt 0.91849601 0.47382700
vt 0.95247900 0.53194904
vt 0.79846501 0.11989999
vt 0.64091498 0.16090596
vt 0.66199398 0.16032696
vt 0.52401602 0.34891701
vt 0.53023303 0.38515306
vt 0.54183102 0.38043797
vt 0.53759003 0.34866405
vt 0.91062099 0.63638997
vt 0.90762198 0.59738898
vt 0.90930700 0.61566198
vt 0.95247900 0.46442604
vt 0.78085399 0.40445900
vt 0.84926701 0.25483203
vt 0.69330901 0.31587696
vt 0.71206701 0.29008400
vt 0.50000000 0.67446697
vt 0.52507901 0.31505406
vt 0.54608703 0.30779898
vt 0.95265597 0.34559500
vt 0.93032598 0.34636402
vt 0.79662299 0.10224295
vt 0.63670301 0.62417102
vt 0.76090801 0.30948400
vt 0.66720402 0.23342204
vt 0.82893598 0.18841803
vt 0.84771103 0.19480300
vt 0.85779500 0.17848301
vt 0.83516401 0.16994703
vt 0.51625299 0.65501201
vt 0.51619399 0.64474702
vt 0.50760102 0.64834905
vt 0.50766802 0.65410304
vt 0.58609003 0.18600202
vt 0.61032099 0.18006599
vt 0.82382202 0.23329198
vt 0.84890401 0.23413396
vt 0.80523300 0.21506500
vt 0.80316198 0.22909701
vt 0.82573098 0.21729004
vt 0.56391901 0.39493597
vt 0.55457902 0.37529302
vt 0.55531001 0.35025299
vt 0.56540000 0.32429099
vt 0.64973301 0.36632395
vt 0.64226699 0.38550103
vt 0.59257501 0.44039500
vt 0.62526202 0.43825400
vt 0.89220798 0.63535094
vt 0.68691301 0.38384998
vt 0.69590801 0.36261296
vt 0.53424001 0.22233605
vt 0.53235602 0.23056400
vt 0.90047598 0.21137798
vt 0.50000000 0.24506402
vt 0.50000000 0.26618397
vt 0.51490301 0.26664901
vt 0.51955402 0.23928595
vt 0.50500602 0.64317095
vt 0.51224399 0.63423896
vt 0.50000000 0.63167202
vt 0.50000000 0.64103603
vt 0.51177698 0.29211199
vt 0.50000000 0.29225194
vt 0.63127702 0.39977002
vt 0.61528701 0.40860105
vt 0.52839398 0.29088604
vt 0.54891002 0.28774405
vt 0.87863600 0.50585902
vt 0.87514699 0.53073502
vt 0.61343402 0.27758002
vt 0.61018997 0.30646706
vt 0.63283801 0.31277502
vt 0.89223999 0.61796904
vt 0.86175698 0.38497698
vt 0.80653203 0.18570304
vt 0.80575103 0.20126605
vt 0.82716298 0.20282900
vt 0.51912397 0.19230700
vt 0.51913702 0.17983794
vt 0.50851202 0.18063104
vt 0.50860000 0.19554806
vt 0.90461701 0.28459501
vt 0.90464401 0.25464594
vt 0.87526202 0.25517905
vt 0.53254700 0.20633996
vt 0.53378201 0.21411502
vt 0.54613698 0.20421195
vt 0.53081203 0.18946195
vt 0.53115398 0.17773700
vt 0.52710497 0.22060096
vt 0.90183800 0.31446195
vt 0.58589602 0.25296903
vt 0.50000000 0.66437197
vt 0.50501502 0.66129100
vt 0.60345501 0.15842903
vt 0.58189201 0.17319405
vt 0.84139502 0.20448601
vt 0.50129998 0.65452302
vt 0.50160599 0.65337801
vt 0.81037998 0.16796005
vt 0.70764399 0.33481598
vt 0.59822100 0.64850903
vt 0.54102302 0.41786003
vt 0.56695902 0.43449998
vt 0.87089097 0.22899199
vt 0.67306101 0.41194296
vt 0.65381801 0.33408999
vt 0.50164700 0.65167105
vt 0.84585398 0.21739995
vt 0.52227598 0.21139300
vt 0.58344501 0.27911305
vt 0.58806801 0.30806100
vt 0.55738097 0.27028501
vt 0.53361899 0.26850295
vt 0.57993102 0.40734804
vt 0.86257100 0.21010303
vt 0.87865400 0.19151294
vt 0.50000000 0.65338600
vt 0.50000000 0.65502095
vt 0.50138801 0.65040398
vt 0.50000000 0.64981997
vt 0.50000000 0.65167701
vt 0.56524003 0.19059896
vt 0.64990902 0.42776203
vt 0.54021502 0.65438199
vt 0.59741998 0.41088605
vt 0.51695001 0.38975894
vt 0.54545099 0.18551004
vt 0.54526901 0.17435098
vt 0.89798701 0.34886706
vt 0.50000000 0.17002106
vt 0.50000000 0.18143702
vt 0.50998402 0.16891301
vt 0.72152698 0.56674194
vt 0.74895698 0.56146300
vt 0.74827200 0.53007805
vt 0.72412097 0.53050005
vt 0.66836202 0.54401100
vt 0.64447498 0.53329003
vt 0.63258100 0.55385602
vt 0.65888703 0.56500995
vt 0.53980303 0.64163601
vt 0.56703299 0.65199697
vt 0.60715503 0.32717597
vt 0.62169099 0.33395195
vt 0.52116197 0.16701901
vt 0.57340002 0.16710806
vt 0.56102598 0.17022705
vt 0.56312299 0.18049204
vt 0.51045799 0.31713998
vt 0.57270497 0.38801396
vt 0.56654698 0.37226999
vt 0.61194801 0.39981198
vt 0.59794301 0.40198100
vt 0.60888100 0.39052498
vt 0.59840798 0.39173198
vt 0.63244200 0.38115394
vt 0.62392902 0.39258003
vt 0.58003998 0.52941406
vt 0.56106198 0.53404105
vt 0.57028002 0.56255496
vt 0.59468597 0.55094695
vt 0.58401799 0.39854598
vt 0.58853298 0.38872397
vt 0.73506302 0.58544600
vt 0.74682099 0.59031498
vt 0.76047498 0.58329105
vt 0.51131499 0.34929204
vt 0.69042099 0.54993403
vt 0.70015502 0.52478695
vt 0.67910600 0.51806605
vt 0.58089298 0.38070095
vt 0.53813601 0.55804300
vt 0.51602799 0.55676401
vt 0.51620102 0.57664597
vt 0.53881502 0.57662296
vt 0.63591999 0.36616004
vt 0.62422699 0.36700296
vt 0.62251103 0.37698102
vt 0.53298700 0.16526604
vt 0.54724997 0.16235805
vt 0.57052898 0.51403403
vt 0.55563498 0.51675105
vt 0.56790900 0.35288894
vt 0.57753098 0.37004101
vt 0.57977998 0.35904205
vt 0.51733100 0.48256004
vt 0.50000000 0.48173499
vt 0.50000000 0.49911404
vt 0.51676202 0.49983799
vt 0.53549099 0.50138295
vt 0.51644701 0.51679897
vt 0.53600401 0.51662302
vt 0.60118097 0.59200096
vt 0.61989999 0.57158399
vt 0.61724299 0.38541806
vt 0.53645301 0.53488004
vt 0.50000000 0.22053802
vt 0.51222801 0.21787298
vt 0.50927597 0.20625603
vt 0.50000000 0.20919502
vt 0.53130102 0.19808602
vt 0.54606700 0.19462502
vt 0.56821299 0.59613097
vt 0.55933201 0.57730305
vt 0.56174701 0.15957904
vt 0.51984799 0.20194900
vt 0.85582900 0.50871301
vt 0.84565401 0.52853096
vt 0.68356001 0.56878102
vt 0.50000000 0.31711698
vt 0.57682598 0.33744895
vt 0.58554399 0.34947896
vt 0.50000000 0.61825705
vt 0.51596302 0.61792600
vt 0.53806901 0.63138795
vt 0.63267398 0.34830403
vt 0.55839598 0.62919402
vt 0.56816500 0.61899602
vt 0.54024899 0.61756694
vt 0.56587398 0.63693297
vt 0.60497999 0.34360600
vt 0.61436099 0.34741294
vt 0.55389303 0.48854303
vt 0.53563201 0.48457396
vt 0.55275202 0.50265098
vt 0.51619798 0.53510797
vt 0.51645398 0.59873700
vt 0.54013300 0.59755397
vt 0.59195697 0.32877505
vt 0.67720997 0.58762002
vt 0.65010297 0.58448994
vt 0.50000000 0.19796395
vt 0.51744699 0.45810401
vt 0.53674001 0.46328199
vt 0.53825700 0.43637800
vt 0.51762903 0.42937505
vt 0.57870001 0.15719700
vt 0.59668797 0.62513697
vt 0.69876099 0.58742201
vt 0.70299101 0.56891501
vt 0.62157398 0.35613000
vt 0.70477599 0.55218601
vt 0.50000000 0.34954202
vt 0.65863597 0.45504498
vt 0.67314500 0.46008801
vt 0.67329001 0.43870997
vt 0.65443200 0.44165206
vt 0.71741003 0.58531296
vt 0.59513801 0.34441102
vt 0.56464601 0.50423098
vt 0.68611997 0.49194598
vt 0.66778201 0.48182702
vt 0.65722501 0.50869501
vt 0.73045999 0.36001205
vt 0.73908103 0.35680997
vt 0.73162198 0.33617795
vt 0.72375101 0.35463500
vt 0.73775899 0.30741799
vt 0.72323102 0.30122006
vt 0.69469202 0.41620600
vt 0.69932902 0.38937998
vt 0.70853502 0.44527698
vt 0.72263902 0.44577599
vt 0.72094500 0.41680098
vt 0.70895803 0.41748297
vt 0.79586899 0.48695505
vt 0.83127499 0.46843100
vt 0.82158899 0.44489396
vt 0.79008698 0.46039200
vt 0.76692098 0.46713305
vt 0.77162999 0.49541998
vt 0.56263101 0.44697905
vt 0.55707502 0.47032297
vt 0.69235301 0.44215500
vt 0.81671000 0.42300606
vt 0.84047002 0.43113005
vt 0.83821100 0.41557002
vt 0.64917302 0.46823704
vt 0.60643601 0.50286698
vt 0.62302601 0.51880002
vt 0.63605702 0.49544001
vt 0.61925602 0.48102903
vt 0.80456603 0.51866698
vt 0.84632802 0.49240100
vt 0.75130099 0.33347201
vt 0.74984300 0.31100905
vt 0.60559499 0.46880102
vt 0.58607900 0.45656598
vt 0.57659602 0.47817004
vt 0.59244603 0.48939002
vt 0.70361102 0.36797798
vt 0.71175802 0.37032998
vt 0.71239299 0.35212004
vt 0.70699197 0.35470498
vt 0.71016800 0.39203095
vt 0.56919998 0.49491799
vt 0.58186698 0.50529301
vt 0.74390298 0.47110295
vt 0.76259798 0.44042397
vt 0.74098003 0.44437599
vt 0.75873798 0.40814805
vt 0.73745698 0.40839803
vt 0.75601298 0.37746203
vt 0.75394398 0.35513198
vt 0.60945702 0.53760302
vt 0.74655098 0.50162697
vt 0.63607198 0.45211101
vt 0.69038701 0.46565998
vt 0.70775902 0.46983504
vt 0.72965902 0.37602305
vt 0.72121203 0.37323201
vt 0.72028798 0.39284396
vt 0.72849399 0.39309394
vt 0.59407300 0.51974595
vt 0.87864399 0.46641302
vt 0.86118197 0.43994200
vt 0.78543699 0.43410802
vt 0.72367299 0.47150898
vt 0.74044198 0.37859595
vt 0.70474601 0.49811494
vt 0.72434002 0.50198901
vt 0.50000000 0.42717302
vt 0.50000000 0.45661795
vt 0.70382500 0.34891999
vt 0.92393303 0.43317294
vt 0.92769998 0.38711596
vt 0.89123201 0.39628303
vt 0.89834499 0.43447399
vt 0.85425901 0.41050601
vt 0.77684802 0.52446306
vt 0.50000000 0.38985705
vt 0.50000000 0.59913695
vt 0.50000000 0.57690096
vt 0.50000000 0.55628204
vt 0.95247900 0.43281305
vt 0.95247900 0.38610899
vt 0.61500502 0.36787403
vt 0.61343801 0.36292899
vt 0.60365099 0.35456502
vt 0.59767503 0.35511196
vt 0.60957003 0.35754800
vt 0.78134799 0.55623198
vt 0.60244298 0.36960399
vt 0.60271001 0.36871099
vt 0.60176802 0.36872995
vt 0.60178900 0.36995697
vt 0.64320302 0.60312998
vt 0.67152297 0.60479605
vt 0.78359902 0.57963598
vt 0.59854198 0.36877000
vt 0.59911299 0.37053895
vt 0.60015702 0.36958694
vt 0.59988999 0.36872804
vt 0.60349602 0.37051105
vt 0.60220999 0.37138200
vt 0.60405302 0.36865997
vt 0.71225202 0.60307503
vt 0.72914398 0.60202396
vt 0.78493398 0.60002303
vt 0.76391000 0.60002601
vt 0.74539500 0.60204005
vt 0.61427999 0.37330997
vt 0.61115098 0.37861001
vt 0.58848399 0.36383998
vt 0.59191602 0.35797501
vt 0.69415998 0.60461199
vt 0.58770001 0.36913502
vt 0.59308302 0.37986398
vt 0.58906102 0.37406802
vt 0.60353899 0.36697698
vt 0.60216999 0.36602998
vt 0.60178900 0.36750495
vt 0.60248703 0.36790895
vt 0.60591000 0.38218498
vt 0.59924400 0.38277304
vt 0.92087400 0.83014500
vt 0.89674801 0.82437503
vt 0.62441999 0.16503894
vt 0.62570202 0.17686498
vt 0.95275402 0.84430897
vt 0.94138098 0.83969402
vt 0.83634901 0.81444597
vt 0.86882901 0.81914794
vt 0.62750900 0.18816602
vt 0.92854297 0.71425200
vt 0.92477602 0.70758295
vt 0.92685002 0.72019005
vt 0.59982502 0.36290503
vt 0.60277700 0.36295700
vt 0.60586703 0.37259805
vt 0.60715997 0.36844206
vt 0.60055703 0.36600101
vt 0.60572797 0.36474097
vt 0.60087299 0.36873102
vt 0.60089302 0.36746395
vt 0.60017800 0.36784804
vt 0.60061598 0.37143803
vt 0.60086602 0.36990595
vt 0.60326499 0.37442505
vt 0.60011399 0.37451696
vt 0.59704101 0.37274504
vt 0.59559500 0.36884797
vt 0.59910500 0.36685395
vt 0.59695601 0.36471295
vt 0.50000000 0.51645303
vt 0.95247900 0.74779904
vt 0.50000000 0.53498602
vt 0.95248997 0.72139800
vt 0.95247900 0.70633197
vt 0.55698597 0.04100299
vt 0.55408198 0.03689802
vt 0.54759401 0.04877305
vt 0.51436698 0.06452703
vt 0.50718898 0.06742799
vt 0.55138701 0.03287697
vt 0.55847502 0.02536798
vt 0.55590397 0.02301300
vt 0.52414298 0.05741000
vt 0.50000000 0.06860006
vt 0.53673601 0.05136204
vt 0.53111798 0.99029005
vt 0.59549201 0.02058196
vt 0.57997501 0.02057302
vt 0.91180801 0.04470098
vt 0.89490700 0.03978097
vt 0.61710501 0.01768696
vt 0.56131899 0.02801800
vt 0.95251000 0.02125502
vt 0.54532403 0.04290497
vt 0.56514001 0.01550996
vt 0.56217301 0.01382101
vt 0.55940598 0.01199603
vt 0.05800600 0.71894598
vt 0.05795700 0.74183202
vt 0.06679700 0.73069298
vt 0.06631000 0.71606004
vt 0.07461500 0.13567495
vt 0.08969500 0.12910402
vt 0.08279300 0.11108196
vt 0.06550300 0.10948002
vt 0.08063500 0.15484703
vt 0.09793000 0.14843595
vt 0.07306100 0.69436800
vt 0.08024400 0.69613898
vt 0.08364200 0.68750501
vt 0.07848100 0.68207502
vt 0.04752100 0.15891600
vt 0.06400200 0.15903604
vt 0.06076600 0.14096403
vt 0.04752100 0.14432096
vt 0.45209000 0.07218599
vt 0.45930400 0.06815302
vt 0.44954601 0.05433905
vt 0.44519901 0.05766904
vt 0.41635799 0.11383295
vt 0.40109199 0.09873700
vt 0.39572200 0.10653901
vt 0.41179100 0.11954904
vt 0.46489301 0.96394801
vt 0.46654001 0.97687101
vt 0.48212600 0.96860695
vt 0.48098201 0.95519102
vt 0.48483801 0.11920905
vt 0.49103901 0.12417698
vt 0.49154201 0.11040699
vt 0.48375300 0.10849595
vt 0.47628799 0.12123406
vt 0.46421599 0.09669805
vt 0.42284000 0.03504097
vt 0.40715700 0.03502798
vt 0.41134301 0.05270696
vt 0.42699900 0.04989505
vt 0.49167100 0.07513905
vt 0.49116901 0.09128499
vt 0.09116600 0.07543695
vt 0.10182200 0.06587303
vt 0.09394500 0.05534196
vt 0.07415900 0.06404996
vt 0.45216599 0.12376404
vt 0.46391201 0.12274003
vt 0.45463899 0.09896302
vt 0.44275001 0.10010505
vt 0.44691801 0.13986194
vt 0.45896500 0.13995004
vt 0.44032300 0.12548196
vt 0.43137500 0.03243303
vt 0.43540600 0.04620802
vt 0.10446900 0.10425901
vt 0.11593600 0.09728503
vt 0.10637700 0.08905804
vt 0.09509700 0.09654999
vt 0.09293800 0.01368797
vt 0.07556800 0.01870799
vt 0.08129200 0.03175700
vt 0.09906000 0.02718794
vt 0.49166900 0.87334299
vt 0.49295300 0.89090204
vt 0.13516900 0.09794605
vt 0.12709500 0.10580301
vt 0.14389400 0.11658895
vt 0.15054099 0.10552800
vt 0.43485501 0.13969505
vt 0.42939499 0.12954295
vt 0.43648201 0.14830506
vt 0.44991601 0.15021300
vt 0.42675000 0.09875596
vt 0.38606700 0.08636200
vt 0.40941700 0.08160901
vt 0.39098299 0.06892896
vt 0.11623400 0.11403799
vt 0.13240400 0.12885296
vt 0.48474899 0.13683701
vt 0.04752100 0.10674000
vt 0.06563400 0.09274101
vt 0.04751700 0.09003794
vt 0.11685300 0.08230102
vt 0.08396800 0.08852005
vt 0.48990801 0.84638798
vt 0.48313999 0.87449300
vt 0.48540801 0.89166105
vt 0.06789600 0.07687795
vt 0.10223200 0.12219906
vt 0.09414100 0.10951400
vt 0.14414100 0.08686805
vt 0.15635200 0.09316695
vt 0.48288700 0.08872199
vt 0.11525300 0.13979805
vt 0.41461900 0.06792498
vt 0.39062899 0.05789804
vt 0.44474399 0.07455504
vt 0.43494299 0.07631195
vt 0.13605700 0.08073103
vt 0.12502700 0.09073198
vt 0.42521501 0.07729900
vt 0.38915300 0.04672503
vt 0.38612601 0.03239799
vt 0.47010899 0.13905597
vt 0.47461101 0.15267396
vt 0.48755500 0.15357804
vt 0.47249901 0.08206904
vt 0.08836800 0.10036397
vt 0.08211200 0.09849894
vt 0.47928700 0.84671605
vt 0.38968900 0.11363006
vt 0.37407100 0.09949601
vt 0.36242199 0.10698295
vt 0.37882599 0.12446904
vt 0.42772099 0.01848698
vt 0.43523601 0.03029597
vt 0.43138000 0.01706600
vt 0.49453101 0.95876801
vt 0.49689400 0.96955597
vt 0.48359001 0.07231295
vt 0.42555001 0.13169205
vt 0.04752100 0.13100302
vt 0.05785300 0.12682796
vt 0.46294701 0.15183604
vt 0.06117000 0.02027905
vt 0.06547500 0.03435802
vt 0.42364100 0.13541698
vt 0.40752199 0.12547004
vt 0.40024701 0.13891196
vt 0.42041901 0.14503896
vt 0.43108299 0.06345904
vt 0.43972200 0.06046903
vt 0.04751800 0.07301903
vt 0.04751300 0.06169605
vt 0.38095099 0.09345806
vt 0.46711600 0.89912200
vt 0.44984001 0.91118300
vt 0.46142200 0.93317604
vt 0.47510800 0.92291498
vt 0.47437200 0.06752300
vt 0.46334100 0.06028497
vt 0.11609500 0.05919600
vt 0.12892599 0.07436800
vt 0.11036500 0.04985297
vt 0.43949100 0.04383802
vt 0.04757500 0.05017495
vt 0.06959400 0.04902804
vt 0.04753400 0.03532398
vt 0.10403000 0.68120801
vt 0.10634700 0.65885794
vt 0.08801100 0.66347897
vt 0.09082300 0.68251801
vt 0.38038400 0.83506405
vt 0.36712599 0.83033502
vt 0.36535800 0.84849894
vt 0.38304001 0.84833598
vt 0.11775500 0.92251897
vt 0.14149299 0.91535103
vt 0.13137500 0.89957702
vt 0.10850300 0.90834105
vt 0.24242800 0.69902694
vt 0.23868699 0.66505504
vt 0.21227901 0.66270304
vt 0.20614301 0.70225799
vt 0.49457899 0.91560102
vt 0.48839399 0.91642201
vt 0.16478500 0.78088498
vt 0.17334500 0.76018202
vt 0.14125200 0.75287902
vt 0.13319300 0.77754700
vt 0.47315899 0.87659895
vt 0.47808200 0.89317703
vt 0.49050501 0.97430694
vt 0.48830700 0.96301198
vt 0.48338899 0.98157501
vt 0.11327700 0.74909699
vt 0.10491100 0.77653098
vt 0.11757400 0.68443799
vt 0.10146700 0.71434104
vt 0.12654699 0.71770799
vt 0.13989300 0.68749905
vt 0.04752100 0.67918396
vt 0.04752100 0.69449306
vt 0.06127500 0.69418395
vt 0.06409500 0.67970204
vt 0.08862200 0.91885996
vt 0.09621800 0.93107605
vt 0.05707100 0.80688798
vt 0.05943000 0.77468002
vt 0.04724500 0.78714299
vt 0.04724500 0.80875504
vt 0.32794499 0.82565999
vt 0.33168501 0.80128205
vt 0.31434101 0.79770994
vt 0.30988401 0.82323003
vt 0.05483700 0.91078305
vt 0.04724500 0.90370095
vt 0.04724500 0.93116403
vt 0.05222400 0.93437004
vt 0.15108199 0.65644705
vt 0.16900100 0.69228399
vt 0.17760400 0.65801406
vt 0.34539300 0.84948504
vt 0.34818599 0.82758498
vt 0.32430500 0.85006797
vt 0.47360200 0.89480698
vt 0.48015299 0.91893196
vt 0.48263100 0.91760504
vt 0.08018700 0.77628696
vt 0.07717400 0.80341196
vt 0.10200800 0.80035305
vt 0.49116600 0.96082997
vt 0.49394301 0.97159100
vt 0.16709501 0.90703106
vt 0.19454700 0.89770997
vt 0.18701200 0.87987602
vt 0.15813801 0.88994300
vt 0.28105399 0.87994695
vt 0.27805099 0.86091995
vt 0.26045200 0.86874998
vt 0.26481599 0.88666201
vt 0.07604100 0.93079197
vt 0.08391300 0.93664801
vt 0.29080799 0.83765805
vt 0.29366899 0.81975400
vt 0.27567601 0.82323694
vt 0.27650499 0.84322202
vt 0.25733599 0.85035598
vt 0.25428900 0.82925797
vt 0.22839101 0.83841705
vt 0.23405300 0.85900700
vt 0.26460400 0.66584802
vt 0.27191600 0.69651902
vt 0.32185999 0.87348497
vt 0.34351501 0.87224197
vt 0.45011601 0.75467801
vt 0.43368599 0.75725305
vt 0.44479200 0.78393698
vt 0.45633000 0.78348005
vt 0.25239301 0.80084896
vt 0.24513499 0.79169095
vt 0.23138700 0.79259300
vt 0.22369599 0.81171095
vt 0.48663500 0.78163195
vt 0.48565501 0.75325000
vt 0.47189701 0.78234303
vt 0.46844500 0.75321698
vt 0.07379100 0.74252796
vt 0.15539500 0.72353196
vt 0.46720999 0.87869501
vt 0.45871699 0.88185000
vt 0.30080301 0.87451506
vt 0.30188400 0.84913802
vt 0.08221800 0.94368398
vt 0.06860900 0.94211495
vt 0.13066500 0.79806805
vt 0.49686500 0.94226098
vt 0.08923600 0.74498701
vt 0.23935200 0.87785304
vt 0.35209900 0.80559897
vt 0.37474999 0.81198299
vt 0.27553600 0.79747605
vt 0.12832201 0.65737104
vt 0.29598400 0.79240406
vt 0.08850000 0.69763899
vt 0.18596500 0.73536503
vt 0.16185500 0.79738402
vt 0.25962400 0.77894700
vt 0.24715500 0.77934396
vt 0.48658100 0.95100605
vt 0.48846501 0.94928098
vt 0.36489299 0.87017298
vt 0.42012900 0.76171100
vt 0.43554199 0.78944302
vt 0.49266100 0.94767904
vt 0.06704500 0.65942204
vt 0.04752100 0.65845203
vt 0.38790700 0.82861495
vt 0.27551699 0.77858305
vt 0.28900301 0.77737498
vt 0.06878100 0.70502400
vt 0.05927000 0.70555198
vt 0.09694600 0.88712704
vt 0.07719600 0.90139997
vt 0.45462599 0.85188198
vt 0.44534799 0.85743594
vt 0.40692300 0.89164495
vt 0.38706800 0.89375496
vt 0.38948199 0.92033899
vt 0.41124499 0.91936398
vt 0.04724500 0.96078897
vt 0.04964000 0.96050096
vt 0.05124000 0.94859195
vt 0.04724500 0.94729900
vt 0.08020900 0.95503795
vt 0.06200600 0.95315301
vt 0.42542499 0.79600203
vt 0.44113401 0.82452595
vt 0.44942701 0.81825304
vt 0.31858701 0.89781594
vt 0.34211600 0.89727199
vt 0.14620000 0.86891305
vt 0.17778800 0.85870898
vt 0.16844299 0.83623803
vt 0.13610300 0.84357798
vt 0.46291000 0.81267703
vt 0.45254099 0.80524802
vt 0.46264201 0.84562004
vt 0.39170799 0.77559197
vt 0.41399500 0.80556202
vt 0.40831500 0.76658797
vt 0.06207100 0.87630904
vt 0.04724500 0.87586796
vt 0.48426399 0.72440696
vt 0.11956400 0.87740195
vt 0.10914200 0.85057700
vt 0.27080700 0.90415096
vt 0.24995500 0.91385400
vt 0.25697199 0.93582499
vt 0.28530300 0.92494702
vt 0.18544400 0.94491899
vt 0.20844500 0.94339502
vt 0.20506300 0.92716396
vt 0.17951199 0.93019402
vt 0.47518501 0.81471503
vt 0.06610700 0.92067599
vt 0.10054900 0.93859196
vt 0.12500700 0.93211806
vt 0.41444299 0.72541296
vt 0.44256300 0.72403598
vt 0.43737200 0.69381404
vt 0.40809301 0.69202805
vt 0.08523900 0.85971797
vt 0.24438000 0.89515197
vt 0.46485299 0.72424102
vt 0.35210401 0.69577396
vt 0.32867900 0.68846202
vt 0.32958901 0.70239997
vt 0.35202500 0.71518898
vt 0.48418000 0.69582403
vt 0.46161699 0.69442499
vt 0.10381500 0.94500899
vt 0.05444600 0.96309996
vt 0.06249800 0.96641099
vt 0.28348401 0.89314497
vt 0.06033800 0.93806899
vt 0.09157600 0.96933103
vt 0.11339600 0.95887399
vt 0.30882400 0.71401000
vt 0.32688999 0.72104096
vt 0.31099400 0.69590998
vt 0.16276500 0.94874096
vt 0.15503500 0.93501401
vt 0.07562100 0.97883296
vt 0.43142599 0.83220899
vt 0.38547701 0.86917102
vt 0.36496601 0.89530396
vt 0.05637700 0.95046699
vt 0.05177900 0.96145403
vt 0.34885699 0.67699003
vt 0.32575801 0.67162597
vt 0.20028500 0.91194606
vt 0.17370901 0.91944003
vt 0.12932099 0.93919897
vt 0.14869900 0.92564797
vt 0.48806500 0.81455898
vt 0.34184501 0.92429996
vt 0.36647800 0.92243397
vt 0.40246901 0.86670494
vt 0.29686001 0.89701903
vt 0.30876401 0.68357897
vt 0.30532101 0.66800499
vt 0.31534901 0.92490995
vt 0.13622400 0.95326304
vt 0.37740600 0.68435204
vt 0.38171199 0.70852900
vt 0.38523701 0.73577797
vt 0.43156800 0.86158502
vt 0.44128299 0.88613296
vt 0.34624299 0.73161495
vt 0.29078400 0.68356299
vt 0.28551599 0.66553199
vt 0.36030200 0.76752996
vt 0.34041700 0.75404799
vt 0.33542401 0.77735496
vt 0.35429999 0.78485405
vt 0.29701701 0.69329703
vt 0.29110000 0.70828104
vt 0.41314501 0.82624495
vt 0.42073101 0.83868504
vt 0.40129101 0.82506502
vt 0.40879399 0.84272099
vt 0.27347901 0.73123300
vt 0.29072401 0.73441803
vt 0.41655400 0.86463296
vt 0.42399001 0.88908994
vt 0.37067401 0.75199497
vt 0.30741400 0.73998499
vt 0.32351199 0.74607801
vt 0.18347199 0.79828095
vt 0.18823899 0.78662801
vt 0.39179999 0.80583096
vt 0.37879199 0.78431904
vt 0.21016400 0.75452697
vt 0.22674800 0.77097595
vt 0.24100600 0.76238501
vt 0.22787800 0.73874903
vt 0.22712301 0.92150998
vt 0.22229099 0.90368402
vt 0.37004700 0.79343200
vt 0.23137499 0.94131398
vt 0.06739400 0.18267596
vt 0.08857300 0.17955697
vt 0.21136799 0.86902595
vt 0.21715701 0.88712204
vt 0.10915600 0.17009699
vt 0.09795000 0.69745898
vt 0.08155200 0.71666396
vt 0.40772200 0.74135697
vt 0.39620501 0.84579003
vt 0.31955099 0.77140296
vt 0.25076199 0.73225904
vt 0.20427699 0.84845400
vt 0.19767100 0.77107000
vt 0.29078400 0.75968599
vt 0.30433500 0.76487994
vt 0.19020399 0.81002700
vt 0.20515300 0.79765105
vt 0.23631001 0.78200400
vt 0.21600100 0.78316998
vt 0.25692600 0.75804198
vt 0.27474201 0.75724006
vt 0.19678199 0.82660496
vt 0.42952999 0.91510296
vt 0.04752100 0.18471897
vt 0.04752100 0.63655603
vt 0.06862100 0.63639700
vt 0.27838799 0.63227701
vt 0.29673901 0.63435304
vt 0.29252499 0.61847699
vt 0.27487099 0.61689901
vt 0.40489000 0.43096197
vt 0.40321699 0.42100704
vt 0.38077101 0.41904604
vt 0.37754899 0.42880094
vt 0.43419600 0.21533000
vt 0.41163900 0.21533406
vt 0.41250899 0.23269296
vt 0.43563700 0.23173296
vt 0.12544300 0.60491502
vt 0.13102400 0.63083196
vt 0.15570800 0.62810302
vt 0.15727600 0.60213006
vt 0.21541400 0.62776303
vt 0.23696400 0.63986802
vt 0.24456200 0.62863696
vt 0.23789699 0.61724305
vt 0.06835400 0.50881004
vt 0.06968000 0.53201997
vt 0.09269100 0.53165698
vt 0.08929500 0.50702798
vt 0.18355000 0.62613595
vt 0.32121900 0.65420103
vt 0.34467500 0.65826797
vt 0.33973101 0.63996899
vt 0.31615600 0.63700795
vt 0.28138500 0.64764202
vt 0.26078400 0.64515996
vt 0.07051900 0.55355406
vt 0.09398200 0.55393302
vt 0.04752100 0.25469995
vt 0.07005700 0.25471103
vt 0.07032000 0.21317804
vt 0.04752100 0.21405602
vt 0.17454199 0.11325598
vt 0.17831700 0.09533703
vt 0.16402200 0.31084800
vt 0.20069000 0.30417395
vt 0.19040599 0.28171694
vt 0.15527301 0.28549600
vt 0.43365899 0.20179403
vt 0.41187501 0.20060802
vt 0.37276301 0.66292500
vt 0.36775699 0.64318597
vt 0.30131400 0.65068603
vt 0.14200500 0.34786499
vt 0.17225499 0.33033204
vt 0.13113999 0.31390703
vt 0.42886901 0.42564094
vt 0.42467800 0.41742098
vt 0.34534100 0.11916494
vt 0.32098001 0.12922800
vt 0.33429199 0.14416397
vt 0.36312801 0.14047897
vt 0.35895500 0.20361602
vt 0.35843799 0.21884000
vt 0.38530701 0.21622503
vt 0.38535401 0.20053899
vt 0.18750800 0.15073597
vt 0.19587401 0.13589895
vt 0.16740499 0.12793100
vt 0.15336400 0.14677596
vt 0.18823799 0.57805204
vt 0.19023500 0.55402899
vt 0.15900899 0.55414295
vt 0.15891200 0.57847595
vt 0.35077301 0.27956998
vt 0.35455099 0.25299203
vt 0.32530501 0.24812806
vt 0.31300399 0.26209605
vt 0.21201500 0.27816200
vt 0.20381799 0.25109196
vt 0.18075700 0.25318098
vt 0.30095801 0.27698898
vt 0.32228699 0.29937506
vt 0.33930001 0.20560706
vt 0.33712500 0.22002804
vt 0.32306299 0.37782097
vt 0.33601201 0.40160704
vt 0.34679499 0.39225197
vt 0.33626899 0.37044501
vt 0.21063700 0.32202697
vt 0.45743701 0.23099697
vt 0.43847701 0.25161695
vt 0.46128201 0.24794698
vt 0.43417099 0.66960394
vt 0.40347600 0.66731000
vt 0.48806900 0.66979802
vt 0.46008500 0.66999304
vt 0.38522699 0.23385894
vt 0.18589000 0.59960794
vt 0.33515900 0.62278402
vt 0.31050199 0.62034500
vt 0.45194101 0.40920305
vt 0.44424701 0.40192902
vt 0.12675200 0.55464804
vt 0.12711599 0.57817495
vt 0.12962800 0.15862703
vt 0.04752100 0.55327106
vt 0.04752100 0.57415295
vt 0.07067600 0.57464504
vt 0.09349900 0.57589602
vt 0.22073001 0.29581594
vt 0.12467900 0.28454101
vt 0.25872099 0.63002896
vt 0.22673599 0.30412197
vt 0.31177700 0.35347497
vt 0.32407901 0.34276402
vt 0.35668901 0.23438597
vt 0.38554001 0.25417805
vt 0.17877300 0.34432399
vt 0.20032500 0.34518504
vt 0.04751500 0.50965297
vt 0.06577200 0.49064195
vt 0.04752100 0.48842299
vt 0.34043700 0.19028699
vt 0.35871100 0.18908799
vt 0.19349700 0.36749601
vt 0.22328600 0.37362695
vt 0.22658101 0.35137904
vt 0.07002500 0.59535301
vt 0.04752100 0.59477103
vt 0.04752100 0.61522806
vt 0.06916200 0.61546302
vt 0.35454601 0.41708195
vt 0.36024699 0.40783703
vt 0.16763900 0.36157703
vt 0.33949301 0.17559302
vt 0.35810900 0.17555201
vt 0.06973600 0.28521502
vt 0.04751900 0.28587103
vt 0.04749600 0.31593204
vt 0.06996800 0.31607294
vt 0.18766300 0.39626503
vt 0.16355300 0.38972104
vt 0.45529601 0.21654403
vt 0.23182701 0.32945704
vt 0.25676101 0.61605000
vt 0.08150400 0.47382700
vt 0.04752100 0.53194904
vt 0.20153400 0.11989999
vt 0.33800501 0.16032696
vt 0.35908499 0.16090596
vt 0.47598401 0.34891701
vt 0.46241000 0.34866405
vt 0.45816800 0.38043797
vt 0.46976700 0.38515306
vt 0.08937900 0.63638997
vt 0.09237800 0.59738898
vt 0.09069200 0.61566198
vt 0.04752100 0.46442604
vt 0.21914600 0.40445900
vt 0.15073200 0.25483203
vt 0.30669099 0.31587696
vt 0.28793299 0.29008400
vt 0.47492099 0.31505406
vt 0.45391300 0.30779898
vt 0.04734400 0.34559500
vt 0.06967300 0.34636402
vt 0.20337699 0.10224295
vt 0.36329699 0.62417102
vt 0.23909201 0.30948400
vt 0.33279601 0.23342204
vt 0.17106400 0.18841803
vt 0.16483600 0.16994703
vt 0.14220400 0.17848301
vt 0.15228900 0.19480300
vt 0.48374701 0.65501201
vt 0.49233201 0.65410304
vt 0.49239901 0.64834905
vt 0.48380601 0.64474702
vt 0.41391000 0.18600202
vt 0.38967901 0.18006599
vt 0.17617700 0.23329198
vt 0.15109600 0.23413396
vt 0.19476700 0.21506500
vt 0.17426901 0.21729004
vt 0.19683801 0.22909701
vt 0.43608099 0.39493597
vt 0.44542000 0.37529302
vt 0.44468901 0.35025299
vt 0.43460000 0.32429099
vt 0.35773301 0.38550103
vt 0.35026699 0.36632395
vt 0.37473801 0.43825400
vt 0.40742499 0.44039500
vt 0.10779200 0.63535094
vt 0.30409199 0.36261296
vt 0.31308699 0.38384998
vt 0.46575901 0.22233605
vt 0.46764401 0.23056400
vt 0.09952400 0.21137798
vt 0.48044601 0.23928595
vt 0.48509699 0.26664901
vt 0.49499401 0.64317095
vt 0.48775601 0.63423896
vt 0.48822299 0.29211199
vt 0.38471299 0.40860105
vt 0.36872301 0.39977002
vt 0.47160599 0.29088604
vt 0.45109001 0.28774405
vt 0.12136400 0.50585902
vt 0.12485300 0.53073502
vt 0.38981000 0.30646706
vt 0.38656601 0.27758002
vt 0.36716199 0.31277502
vt 0.10776000 0.61796904
vt 0.13824300 0.38497698
vt 0.19346800 0.18570304
vt 0.17283601 0.20282900
vt 0.19424900 0.20126605
vt 0.48087600 0.19230700
vt 0.49140000 0.19554806
vt 0.49148801 0.18063104
vt 0.48086300 0.17983794
vt 0.09538300 0.28459501
vt 0.12473700 0.25517905
vt 0.09535500 0.25464594
vt 0.46745199 0.20633996
vt 0.45386299 0.20421195
vt 0.46621799 0.21411502
vt 0.46918800 0.18946195
vt 0.46884599 0.17773700
vt 0.47289500 0.22060096
vt 0.09816200 0.31446195
vt 0.41410300 0.25296903
vt 0.49498501 0.66129100
vt 0.41810799 0.17319405
vt 0.39654499 0.15842903
vt 0.15860499 0.20448601
vt 0.49869999 0.65452302
vt 0.49839401 0.65337801
vt 0.18961900 0.16796005
vt 0.29235601 0.33481598
vt 0.40177900 0.64850903
vt 0.43304101 0.43449998
vt 0.45897600 0.41786003
vt 0.12910900 0.22899199
vt 0.32693899 0.41194296
vt 0.34618199 0.33408999
vt 0.49835199 0.65167105
vt 0.15414600 0.21739995
vt 0.47772399 0.21139300
vt 0.41193101 0.30806100
vt 0.41655499 0.27911305
vt 0.44261900 0.27028501
vt 0.46638101 0.26850295
vt 0.42006800 0.40734804
vt 0.13742900 0.21010303
vt 0.12134600 0.19151294
vt 0.49861199 0.65040398
vt 0.43476000 0.19059896
vt 0.35009000 0.42776203
vt 0.45978501 0.65438199
vt 0.40257901 0.41088605
vt 0.48304999 0.38975894
vt 0.45473099 0.17435098
vt 0.45454901 0.18551004
vt 0.10201300 0.34886706
vt 0.49001500 0.16891301
vt 0.25172800 0.53007805
vt 0.25104299 0.56146300
vt 0.27847299 0.56674194
vt 0.27587900 0.53050005
vt 0.33163801 0.54401100
vt 0.34111300 0.56500995
vt 0.36741799 0.55385602
vt 0.35552400 0.53329003
vt 0.46019700 0.64163601
vt 0.43296701 0.65199697
vt 0.37830901 0.33395195
vt 0.39284500 0.32717597
vt 0.47883800 0.16701901
vt 0.42660001 0.16710806
vt 0.43687701 0.18049204
vt 0.43897399 0.17022705
vt 0.48954099 0.31713998
vt 0.42729500 0.38801396
vt 0.43345299 0.37226999
vt 0.40205699 0.40198100
vt 0.38805100 0.39981198
vt 0.39111799 0.39052498
vt 0.40159100 0.39173198
vt 0.37607101 0.39258003
vt 0.36755800 0.38115394
vt 0.41995999 0.52941406
vt 0.40531400 0.55094695
vt 0.42972001 0.56255496
vt 0.43893799 0.53404105
vt 0.41598201 0.39854598
vt 0.41146699 0.38872397
vt 0.26493701 0.58544600
vt 0.23952501 0.58329105
vt 0.25317901 0.59031498
vt 0.48868501 0.34929204
vt 0.30957901 0.54993403
vt 0.32089400 0.51806605
vt 0.29984501 0.52478695
vt 0.41910699 0.38070095
vt 0.46186301 0.55804300
vt 0.46118400 0.57662296
vt 0.48379800 0.57664597
vt 0.48397201 0.55676401
vt 0.37748900 0.37698102
vt 0.37577301 0.36700296
vt 0.36408001 0.36616004
vt 0.46701300 0.16526604
vt 0.45275000 0.16235805
vt 0.42947099 0.51403403
vt 0.44436401 0.51675105
vt 0.43209100 0.35288894
vt 0.42021999 0.35904205
vt 0.42246899 0.37004101
vt 0.48266900 0.48256004
vt 0.48323801 0.49983799
vt 0.46450901 0.50138295
vt 0.46399599 0.51662302
vt 0.48355299 0.51679897
vt 0.38010001 0.57158399
vt 0.39881900 0.59200096
vt 0.38275701 0.38541806
vt 0.46354699 0.53488004
vt 0.49072400 0.20625603
vt 0.48777199 0.21787298
vt 0.46869799 0.19808602
vt 0.45393199 0.19462502
vt 0.43178701 0.59613097
vt 0.44066799 0.57730305
vt 0.43825299 0.15957904
vt 0.48015201 0.20194900
vt 0.15434501 0.52853096
vt 0.14417000 0.50871301
vt 0.31643999 0.56878102
vt 0.42317399 0.33744895
vt 0.41445601 0.34947896
vt 0.48403701 0.61792600
vt 0.46193001 0.63138795
vt 0.36732599 0.34830403
vt 0.44160399 0.62919402
vt 0.45975101 0.61756694
vt 0.43183500 0.61899602
vt 0.43412599 0.63693297
vt 0.39502001 0.34360600
vt 0.38563901 0.34741294
vt 0.44610700 0.48854303
vt 0.44724801 0.50265098
vt 0.46436799 0.48457396
vt 0.48380199 0.53510797
vt 0.45986700 0.59755397
vt 0.48354599 0.59873700
vt 0.40804300 0.32877505
vt 0.32279000 0.58762002
vt 0.34989700 0.58448994
vt 0.48255199 0.45810401
vt 0.48237100 0.42937505
vt 0.46174300 0.43637800
vt 0.46325999 0.46328199
vt 0.42129999 0.15719700
vt 0.40331200 0.62513697
vt 0.29700801 0.56891501
vt 0.30123800 0.58742201
vt 0.37842599 0.35613000
vt 0.29522401 0.55218601
vt 0.34136400 0.45504498
vt 0.34556800 0.44165206
vt 0.32670900 0.43870997
vt 0.32685500 0.46008801
vt 0.28259000 0.58531296
vt 0.40486199 0.34441102
vt 0.43535301 0.50423098
vt 0.31388000 0.49194598
vt 0.34277499 0.50869501
vt 0.33221799 0.48182702
vt 0.26954001 0.36001205
vt 0.27624801 0.35463500
vt 0.26837799 0.33617795
vt 0.26091900 0.35680997
vt 0.27676901 0.30122006
vt 0.26224101 0.30741799
vt 0.30067101 0.38937998
vt 0.30530801 0.41620600
vt 0.27905500 0.41680098
vt 0.27736101 0.44577599
vt 0.29146501 0.44527698
vt 0.29104200 0.41748297
vt 0.17841101 0.44489396
vt 0.16872500 0.46843100
vt 0.20413101 0.48695505
vt 0.20991300 0.46039200
vt 0.22836900 0.49541998
vt 0.23307800 0.46713305
vt 0.43736899 0.44697905
vt 0.44292501 0.47032297
vt 0.30764601 0.44215500
vt 0.18328901 0.42300606
vt 0.16178900 0.41557002
vt 0.15953000 0.43113005
vt 0.35082701 0.46823704
vt 0.39356300 0.50286698
vt 0.38074401 0.48102903
vt 0.36394301 0.49544001
vt 0.37697399 0.51880002
vt 0.15367100 0.49240100
vt 0.19543400 0.51866698
vt 0.25015700 0.31100905
vt 0.24869800 0.33347201
vt 0.39440501 0.46880102
vt 0.40755400 0.48939002
vt 0.42340299 0.47817004
vt 0.41392100 0.45656598
vt 0.29638901 0.36797798
vt 0.28824201 0.37032998
vt 0.29300800 0.35470498
vt 0.28760600 0.35212004
vt 0.28983200 0.39203095
vt 0.43079999 0.49491799
vt 0.41813201 0.50529301
vt 0.23740201 0.44042397
vt 0.25609699 0.47110295
vt 0.25902000 0.44437599
vt 0.26254201 0.40839803
vt 0.24126101 0.40814805
vt 0.24398699 0.37746203
vt 0.24605601 0.35513198
vt 0.39054200 0.53760302
vt 0.25344899 0.50162697
vt 0.36392799 0.45211101
vt 0.29224101 0.46983504
vt 0.30961201 0.46565998
vt 0.27034000 0.37602305
vt 0.27150601 0.39309394
vt 0.27971101 0.39284396
vt 0.27878800 0.37323201
vt 0.40592700 0.51974595
vt 0.13881700 0.43994200
vt 0.12135500 0.46641302
vt 0.21456300 0.43410802
vt 0.27632701 0.47150898
vt 0.25955701 0.37859595
vt 0.29525399 0.49811494
vt 0.27566001 0.50198901
vt 0.29617399 0.34891999
vt 0.07606700 0.43317294
vt 0.10165500 0.43447399
vt 0.10876800 0.39628303
vt 0.07230000 0.38711596
vt 0.14574000 0.41050601
vt 0.22315100 0.52446306
vt 0.04752100 0.43281305
vt 0.04752100 0.38610899
vt 0.38499400 0.36787403
vt 0.38656199 0.36292899
vt 0.39634901 0.35456502
vt 0.40232500 0.35511196
vt 0.39043000 0.35754800
vt 0.21865200 0.55623198
vt 0.39755601 0.36960399
vt 0.39820999 0.36995697
vt 0.39823201 0.36872995
vt 0.39728901 0.36871099
vt 0.35679600 0.60312998
vt 0.32847700 0.60479605
vt 0.21640100 0.57963598
vt 0.39984199 0.36958694
vt 0.40088701 0.37053895
vt 0.40145701 0.36877000
vt 0.40010899 0.36872804
vt 0.39650401 0.37051105
vt 0.39779001 0.37138200
vt 0.39594701 0.36865997
vt 0.28774801 0.60307503
vt 0.27085599 0.60202396
vt 0.21506600 0.60002303
vt 0.23608901 0.60002601
vt 0.25460500 0.60204005
vt 0.38571900 0.37330997
vt 0.38884899 0.37861001
vt 0.41151601 0.36383998
vt 0.40808401 0.35797501
vt 0.30583999 0.60461199
vt 0.41229999 0.36913502
vt 0.40691701 0.37986398
vt 0.41093799 0.37406802
vt 0.39821100 0.36750495
vt 0.39782900 0.36602998
vt 0.39646000 0.36697698
vt 0.39751300 0.36790895
vt 0.40075600 0.38277304
vt 0.39409000 0.38218498
vt 0.10325200 0.82437503
vt 0.07912600 0.83014500
vt 0.37558001 0.16503894
vt 0.37429801 0.17686498
vt 0.05861900 0.83969402
vt 0.04724500 0.84430897
vt 0.16365100 0.81444597
vt 0.13117100 0.81914794
vt 0.37249100 0.18816602
vt 0.07145700 0.71425200
vt 0.07315000 0.72019005
vt 0.07522400 0.70758295
vt 0.39722201 0.36295700
vt 0.40017501 0.36290503
vt 0.39284000 0.36844206
vt 0.39413300 0.37259805
vt 0.39944300 0.36600101
vt 0.39427200 0.36474097
vt 0.39912599 0.36873102
vt 0.39982101 0.36784804
vt 0.39910701 0.36746395
vt 0.39913401 0.36990595
vt 0.39938301 0.37143803
vt 0.39673501 0.37442505
vt 0.39988601 0.37451696
vt 0.40295899 0.37274504
vt 0.40440500 0.36884797
vt 0.40089500 0.36685395
vt 0.40304399 0.36471295
vt 0.04752100 0.74779904
vt 0.04751000 0.72139800
vt 0.04752100 0.70633197
vt 0.44301400 0.04100299
vt 0.45240599 0.04877305
vt 0.44591799 0.03689802
vt 0.49281099 0.06742799
vt 0.48563299 0.06452703
vt 0.44861299 0.03287697
vt 0.44409600 0.02301300
vt 0.44152400 0.02536798
vt 0.47585601 0.05741000
vt 0.46326399 0.05136204
vt 0.46888199 0.99029005
vt 0.42002499 0.02057302
vt 0.40450799 0.02058196
vt 0.08819200 0.04470098
vt 0.10509200 0.03978097
vt 0.38289499 0.01768696
vt 0.43868101 0.02801800
vt 0.04749000 0.02125502
vt 0.45467600 0.04290497
vt 0.43485901 0.01550996
vt 0.43782699 0.01382101
vt 0.44059399 0.01199603
f 1/1 2/2 3/3
f 1/1 3/3 4/4
f 5/5 6/6 7/7
f 5/5 7/7 8/8
f 9/9 5/5 8/8
f 9/9 8/8 10/10
f 11/11 12/12 13/13
f 11/11 13/13 14/14
f 15/15 16/16 17/17
f 15/15 17/17 18/18
f 5/5 9/9 18/18
f 5/5 18/18 17/17
f 19/19 20/20 21/21
f 19/19 21/21 22/22
f 23/23 24/24 25/25
f 23/23 25/25 26/26
f 27/27 28/28 29/29
f 27/27 29/29 30/30
f 31/31 32/32 33/33
f 31/31 33/33 34/34
f 35/35 36/36 32/32
f 35/35 32/32 31/31
f 37/37 38/38 39/39
f 37/37 39/39 40/40
f 41/41 42/42 43/43
f 41/41 43/43 44/44
f 45/45 46/46 47/47
f 45/45 47/47 48/48
f 49/49 50/50 51/51
f 49/49 51/51 52/52
f 53/53 54/54 49/49
f 53/53 49/49 55/55
f 40/40 39/39 56/56
f 40/40 56/56 57/57
f 58/58 59/59 60/60
f 58/58 60/60 61/61
f 62/62 63/63 64/64
f 62/62 64/64 65/65
f 66/66 67/67 68/68
f 66/66 68/68 69/69
f 70/70 71/71 72/72
f 70/70 72/72 73/73
f 74/74 75/75 54/54
f 74/74 54/54 53/53
f 53/53 76/76 77/77
f 53/53 77/77 74/74
f 54/54 78/78 50/50
f 54/54 50/50 49/49
f 52/52 51/51 36/36
f 52/52 36/36 35/35
f 79/79 80/80 81/81
f 79/79 81/81 26/26
f 73/73 72/72 82/82
f 73/73 82/82 83/83
f 84/84 35/35 31/31
f 84/84 31/31 34/34
f 85/85 86/86 87/87
f 85/85 87/87 6/6
f 60/60 45/45 48/48
f 60/60 48/48 88/88
f 42/42 89/89 33/33
f 42/42 33/33 43/43
f 45/45 60/60 59/59
f 45/45 59/59 90/90
f 69/69 68/68 91/91
f 69/69 91/91 92/92
f 67/67 93/93 94/94
f 67/67 94/94 68/68
f 46/46 45/45 90/90
f 46/46 90/90 95/95
f 8/8 7/7 96/96
f 8/8 96/96 97/97
f 98/98 99/99 71/71
f 98/98 71/71 70/70
f 32/32 100/100 43/43
f 32/32 43/43 33/33
f 89/89 101/101 34/34
f 89/89 34/34 33/33
f 97/97 102/102 10/10
f 97/97 10/10 8/8
f 80/80 103/103 104/104
f 80/80 104/104 81/81
f 26/26 81/81 78/78
f 26/26 78/78 23/23
f 50/50 105/105 106/106
f 50/50 106/106 51/51
f 70/70 107/107 108/108
f 70/70 108/108 98/98
f 105/105 50/50 78/78
f 105/105 78/78 109/109
f 21/21 36/36 51/51
f 21/21 51/51 106/106
f 110/110 111/111 38/38
f 110/110 38/38 37/37
f 55/55 49/49 52/52
f 55/55 52/52 112/112
f 113/113 112/112 84/84
f 113/113 84/84 114/114
f 100/100 32/32 36/36
f 100/100 36/36 115/115
f 7/7 116/116 117/117
f 7/7 117/117 96/96
f 68/68 94/94 118/118
f 68/68 118/118 91/91
f 90/90 59/59 117/117
f 90/90 117/117 116/116
f 119/119 120/120 121/121
f 119/119 121/121 122/122
f 115/115 36/36 21/21
f 115/115 21/21 20/20
f 123/123 124/124 125/125
f 123/123 125/125 56/56
f 126/126 127/127 128/128
f 126/126 128/128 129/129
f 100/100 130/130 44/44
f 100/100 44/44 43/43
f 75/75 131/131 24/24
f 75/75 24/24 23/23
f 85/85 6/6 132/132
f 85/85 132/132 133/133
f 17/17 16/16 133/133
f 17/17 133/133 132/132
f 134/134 135/135 114/114
f 134/134 114/114 84/84
f 136/136 55/55 112/112
f 136/136 112/112 113/113
f 76/76 53/53 55/55
f 76/76 55/55 136/136
f 65/65 64/64 137/137
f 65/65 137/137 138/138
f 74/74 139/139 131/131
f 74/74 131/131 75/75
f 81/81 104/104 109/109
f 81/81 109/109 78/78
f 112/112 52/52 35/35
f 112/112 35/35 84/84
f 139/139 140/140 141/141
f 139/139 141/141 142/142
f 116/116 87/87 95/95
f 116/116 95/95 90/90
f 101/101 134/134 84/84
f 101/101 84/84 34/34
f 23/23 78/78 54/54
f 23/23 54/54 75/75
f 57/57 143/143 144/144
f 57/57 144/144 40/40
f 109/109 104/104 144/144
f 109/109 144/144 105/105
f 145/145 146/146 46/46
f 145/145 46/46 95/95
f 120/120 147/147 25/25
f 120/120 25/25 121/121
f 83/83 82/82 102/102
f 83/83 102/102 97/97
f 148/148 149/149 150/150
f 148/148 150/150 151/151
f 20/20 152/152 153/153
f 20/20 153/153 115/115
f 154/154 155/155 88/88
f 154/154 88/88 48/48
f 132/132 6/6 5/5
f 132/132 5/5 17/17
f 74/74 77/77 140/140
f 74/74 140/140 139/139
f 88/88 107/107 61/61
f 88/88 61/61 60/60
f 48/48 47/47 156/156
f 48/48 156/156 154/154
f 57/57 157/157 22/22
f 57/57 22/22 143/143
f 142/142 141/141 122/122
f 142/142 122/122 121/121
f 115/115 153/153 130/130
f 115/115 130/130 100/100
f 158/158 159/159 137/137
f 158/158 137/137 160/160
f 161/161 162/162 163/163
f 161/161 163/163 164/164
f 165/165 166/166 167/167
f 165/165 167/167 168/168
f 169/169 170/170 171/171
f 169/169 171/171 172/172
f 173/173 174/174 175/175
f 173/173 175/175 176/176
f 177/177 178/178 93/93
f 177/177 93/93 67/67
f 179/179 180/180 181/181
f 179/179 181/181 182/182
f 93/93 183/183 184/184
f 93/93 184/184 94/94
f 185/185 186/186 29/29
f 185/185 29/29 187/187
f 180/180 188/188 189/189
f 180/180 189/189 181/181
f 190/190 191/191 192/192
f 190/190 192/192 193/193
f 194/194 195/195 196/196
f 194/194 196/196 197/197
f 170/170 169/169 198/198
f 170/170 198/198 199/199
f 148/148 151/151 28/28
f 148/148 28/28 27/27
f 200/200 201/201 202/202
f 200/200 202/202 203/203
f 204/204 205/205 206/206
f 204/204 206/206 207/207
f 208/208 209/209 210/210
f 208/208 210/210 211/211
f 212/212 213/213 214/214
f 212/212 214/214 191/191
f 215/215 216/216 204/204
f 215/215 204/204 217/217
f 175/175 174/174 214/214
f 175/175 214/214 213/213
f 218/218 183/183 219/219
f 218/218 219/219 220/220
f 221/221 188/188 222/222
f 221/221 222/222 223/223
f 178/178 219/219 183/183
f 178/178 183/183 93/93
f 128/128 224/224 225/225
f 128/128 225/225 129/129
f 226/226 227/227 228/228
f 226/226 228/228 229/229
f 230/230 231/231 232/232
f 230/230 232/232 233/233
f 199/199 198/198 234/234
f 199/199 234/234 235/235
f 236/236 237/237 238/238
f 236/236 238/238 239/239
f 240/240 241/241 242/242
f 240/240 242/242 243/243
f 244/244 245/245 173/173
f 244/244 173/173 176/176
f 195/195 12/12 11/11
f 195/195 11/11 196/196
f 216/216 215/215 246/246
f 216/216 246/246 247/247
f 248/248 249/249 250/250
f 248/248 250/250 251/251
f 252/252 253/253 254/254
f 252/252 254/254 255/255
f 256/256 257/257 258/258
f 256/256 258/258 259/259
f 260/260 261/261 257/257
f 260/260 257/257 256/256
f 262/262 203/203 4/4
f 262/262 4/4 3/3
f 263/263 192/192 191/191
f 263/263 191/191 214/214
f 218/218 150/150 264/264
f 218/218 264/264 265/265
f 266/266 177/177 67/67
f 266/266 67/67 66/66
f 267/267 230/230 233/233
f 267/267 233/233 268/268
f 253/253 252/252 243/243
f 253/253 243/243 242/242
f 269/269 270/270 235/235
f 269/269 235/235 234/234
f 203/203 221/221 223/223
f 203/203 223/223 200/200
f 188/188 180/180 271/271
f 188/188 271/271 222/222
f 266/266 272/272 273/273
f 266/266 273/273 177/177
f 221/221 203/203 262/262
f 221/221 262/262 274/274
f 232/232 275/275 241/241
f 232/232 241/241 240/240
f 276/276 277/277 168/168
f 276/276 168/168 217/217
f 224/224 185/185 187/187
f 224/224 187/187 225/225
f 220/220 151/151 150/150
f 220/220 150/150 218/218
f 247/247 267/267 268/268
f 247/247 268/268 216/216
f 238/238 243/243 252/252
f 238/238 252/252 278/278
f 217/217 204/204 207/207
f 217/217 207/207 276/276
f 172/172 171/171 227/227
f 172/172 227/227 226/226
f 279/279 212/212 191/191
f 279/279 191/191 190/190
f 280/280 206/206 205/205
f 280/280 205/205 239/239
f 13/13 162/162 281/281
f 13/13 281/281 14/14
f 214/214 174/174 282/282
f 214/214 282/282 263/263
f 237/237 240/240 243/243
f 237/237 243/243 238/238
f 180/180 179/179 283/283
f 180/180 283/283 271/271
f 252/252 255/255 284/284
f 252/252 284/284 285/285
f 220/220 219/219 286/286
f 220/220 286/286 287/287
f 288/288 246/246 215/215
f 288/288 215/215 167/167
f 216/216 268/268 205/205
f 216/216 205/205 204/204
f 287/287 28/28 151/151
f 287/287 151/151 220/220
f 250/250 289/289 290/290
f 250/250 290/290 251/251
f 272/272 291/291 292/292
f 272/272 292/292 273/273
f 12/12 195/195 293/293
f 12/12 293/293 163/163
f 265/265 184/184 183/183
f 265/265 183/183 218/218
f 294/294 293/293 195/195
f 294/294 195/195 194/194
f 165/165 168/168 277/277
f 165/165 277/277 295/295
f 219/219 178/178 292/292
f 219/219 292/292 286/286
f 162/162 13/13 12/12
f 162/162 12/12 163/163
f 278/278 252/252 285/285
f 278/278 285/285 296/296
f 167/167 215/215 217/217
f 167/167 217/217 168/168
f 236/236 239/239 205/205
f 236/236 205/205 268/268
f 239/239 238/238 278/278
f 239/239 278/278 280/280
f 280/280 278/278 296/296
f 280/280 296/296 297/297
f 178/178 177/177 273/273
f 178/178 273/273 292/292
f 2/2 1/1 298/298
f 2/2 298/298 299/299
f 188/188 221/221 274/274
f 188/188 274/274 189/189
f 199/199 300/300 301/301
f 199/199 301/301 170/170
f 264/264 302/302 303/303
f 264/264 303/303 265/265
f 304/304 305/305 306/306
f 304/304 306/306 307/307
f 308/308 309/309 310/310
f 308/308 310/310 311/311
f 312/312 313/313 270/270
f 312/312 270/270 269/269
f 314/314 289/289 315/315
f 314/314 315/315 316/316
f 247/247 246/246 317/317
f 247/247 317/317 318/318
f 319/319 320/320 321/321
f 319/319 321/321 322/322
f 323/323 324/324 315/315
f 323/323 315/315 325/325
f 325/325 250/250 249/249
f 325/325 249/249 323/323
f 326/326 327/327 314/314
f 326/326 314/314 328/328
f 211/211 329/329 330/330
f 211/211 330/330 208/208
f 331/331 258/258 257/257
f 331/331 257/257 332/332
f 333/333 334/334 320/320
f 333/333 320/320 319/319
f 209/209 310/310 309/309
f 209/209 309/309 210/210
f 335/335 336/336 337/337
f 335/335 337/337 338/338
f 339/339 340/340 341/341
f 339/339 341/341 342/342
f 343/343 118/118 324/324
f 343/343 324/324 323/323
f 208/208 330/330 300/300
f 208/208 300/300 344/344
f 325/325 315/315 289/289
f 325/325 289/289 250/250
f 169/169 345/345 346/346
f 169/169 346/346 198/198
f 347/347 348/348 349/349
f 347/347 349/349 350/350
f 334/334 333/333 301/301
f 334/334 301/301 351/351
f 352/352 231/231 335/335
f 352/352 335/335 338/338
f 257/257 261/261 353/353
f 257/257 353/353 332/332
f 354/354 355/355 356/356
f 354/354 356/356 357/357
f 353/353 358/358 359/359
f 353/353 359/359 332/332
f 360/360 312/312 269/269
f 360/360 269/269 346/346
f 330/330 351/351 301/301
f 330/330 301/301 300/300
f 344/344 300/300 199/199
f 344/344 199/199 235/235
f 313/313 312/312 361/361
f 313/313 361/361 362/362
f 363/363 335/335 231/231
f 363/363 231/231 230/230
f 364/364 344/344 235/235
f 364/364 235/235 270/270
f 275/275 232/232 231/231
f 275/275 231/231 352/352
f 365/365 312/312 360/360
f 365/365 360/360 366/366
f 367/367 368/368 356/356
f 367/367 356/356 369/369
f 370/370 371/371 340/340
f 370/370 340/340 339/339
f 312/312 365/365 372/372
f 312/312 372/372 361/361
f 328/328 314/314 316/316
f 328/328 316/316 373/373
f 260/260 343/343 323/323
f 260/260 323/323 249/249
f 374/374 288/288 375/375
f 374/374 375/375 307/307
f 376/376 313/313 362/362
f 376/376 362/362 377/377
f 378/378 354/354 357/357
f 378/378 357/357 379/379
f 340/340 380/380 381/381
f 340/340 381/381 341/341
f 382/382 345/345 383/383
f 382/382 383/383 371/371
f 384/384 331/331 332/332
f 384/384 332/332 359/359
f 118/118 343/343 385/385
f 118/118 385/385 91/91
f 310/310 376/376 377/377
f 310/310 377/377 311/311
f 314/314 327/327 290/290
f 314/314 290/290 289/289
f 288/288 374/374 317/317
f 288/288 317/317 246/246
f 374/374 386/386 387/387
f 374/374 387/387 317/317
f 170/170 301/301 333/333
f 170/170 333/333 171/171
f 226/226 380/380 383/383
f 226/226 383/383 172/172
f 227/227 319/319 322/322
f 227/227 322/322 228/228
f 307/307 375/375 388/388
f 307/307 388/388 304/304
f 229/229 381/381 380/380
f 229/229 380/380 226/226
f 363/363 389/389 336/336
f 363/363 336/336 335/335
f 390/390 391/391 379/379
f 390/390 379/379 357/357
f 389/389 318/318 392/392
f 389/389 392/392 336/336
f 303/303 324/324 184/184
f 303/303 184/184 265/265
f 249/249 248/248 261/261
f 249/249 261/261 260/260
f 345/345 382/382 360/360
f 345/345 360/360 346/346
f 393/393 92/92 91/91
f 393/393 91/91 385/385
f 350/350 349/349 358/358
f 350/350 358/358 353/353
f 345/345 169/169 172/172
f 345/345 172/172 383/383
f 267/267 247/247 318/318
f 267/267 318/318 389/389
f 394/394 382/382 371/371
f 394/394 371/371 370/370
f 376/376 310/310 209/209
f 376/376 209/209 364/364
f 184/184 324/324 118/118
f 184/184 118/118 94/94
f 346/346 269/269 234/234
f 346/346 234/234 198/198
f 385/385 256/256 259/259
f 385/385 259/259 393/393
f 307/307 306/306 386/386
f 307/307 386/386 374/374
f 395/395 396/396 354/354
f 395/395 354/354 378/378
f 397/397 355/355 354/354
f 397/397 354/354 396/396
f 302/302 264/264 398/398
f 302/302 398/398 399/399
f 368/368 390/390 357/357
f 368/368 357/357 356/356
f 171/171 333/333 319/319
f 171/171 319/319 227/227
f 371/371 383/383 380/380
f 371/371 380/380 340/340
f 317/317 387/387 392/392
f 317/317 392/392 318/318
f 209/209 208/208 344/344
f 209/209 344/344 364/364
f 369/369 356/356 355/355
f 369/369 355/355 400/400
f 313/313 376/376 364/364
f 313/313 364/364 270/270
f 343/343 260/260 256/256
f 343/343 256/256 385/385
f 149/149 398/398 264/264
f 149/149 264/264 150/150
f 401/401 245/245 244/244
f 401/401 244/244 402/402
f 248/248 350/350 353/353
f 248/248 353/353 261/261
f 403/403 404/404 405/405
f 403/403 405/405 406/406
f 407/407 368/368 367/367
f 407/407 367/367 408/408
f 373/373 409/409 410/410
f 373/373 410/410 328/328
f 410/410 409/409 411/411
f 410/410 411/411 412/412
f 413/413 245/245 408/408
f 413/413 408/408 414/414
f 415/415 416/416 304/304
f 415/415 304/304 388/388
f 400/400 417/417 403/403
f 400/400 403/403 406/406
f 418/418 367/367 369/369
f 418/418 369/369 419/419
f 420/420 283/283 179/179
f 420/420 179/179 421/421
f 245/245 401/401 407/407
f 245/245 407/407 408/408
f 328/328 410/410 412/412
f 328/328 412/412 422/422
f 403/403 417/417 326/326
f 403/403 326/326 423/423
f 424/424 425/425 426/426
f 424/424 426/426 427/427
f 422/422 412/412 295/295
f 422/422 295/295 277/277
f 341/341 381/381 428/428
f 341/341 428/428 429/429
f 403/403 423/423 430/430
f 403/403 430/430 404/404
f 342/342 341/341 429/429
f 342/342 429/429 431/431
f 404/404 276/276 207/207
f 404/404 207/207 405/405
f 417/417 397/397 327/327
f 417/417 327/327 326/326
f 9/9 432/432 433/433
f 9/9 433/433 18/18
f 434/434 241/241 275/275
f 434/434 275/275 435/435
f 10/10 436/436 432/432
f 10/10 432/432 9/9
f 435/435 275/275 352/352
f 435/435 352/352 428/428
f 193/193 437/437 281/281
f 193/193 281/281 438/438
f 327/327 397/397 439/439
f 327/327 439/439 290/290
f 350/350 248/248 251/251
f 350/350 251/251 347/347
f 391/391 390/390 401/401
f 391/391 401/401 402/402
f 412/412 411/411 440/440
f 412/412 440/440 295/295
f 251/251 290/290 439/439
f 251/251 439/439 347/347
f 207/207 206/206 441/441
f 207/207 441/441 405/405
f 430/430 423/423 422/422
f 430/430 422/422 277/277
f 375/375 288/288 167/167
f 375/375 167/167 166/166
f 316/316 315/315 324/324
f 316/316 324/324 303/303
f 173/173 245/245 413/413
f 173/173 413/413 442/442
f 381/381 229/229 435/435
f 381/381 435/435 428/428
f 406/406 405/405 441/441
f 406/406 441/441 419/419
f 373/373 316/316 303/303
f 373/373 303/303 302/302
f 241/241 434/434 443/443
f 241/241 443/443 242/242
f 382/382 394/394 366/366
f 382/382 366/366 360/360
f 430/430 277/277 276/276
f 430/430 276/276 404/404
f 438/438 161/161 190/190
f 438/438 190/190 193/193
f 428/428 352/352 338/338
f 428/428 338/338 429/429
f 419/419 369/369 400/400
f 419/419 400/400 406/406
f 409/409 373/373 302/302
f 409/409 302/302 399/399
f 182/182 444/444 421/421
f 182/182 421/421 179/179
f 445/445 414/414 418/418
f 445/445 418/418 446/446
f 355/355 397/397 417/417
f 355/355 417/417 400/400
f 297/297 445/445 446/446
f 297/297 446/446 280/280
f 396/396 395/395 348/348
f 396/396 348/348 347/347
f 420/420 421/421 447/447
f 420/420 447/447 448/448
f 449/449 427/427 426/426
f 449/449 426/426 284/284
f 447/447 421/421 444/444
f 447/447 444/444 450/450
f 426/426 425/425 442/442
f 426/426 442/442 451/451
f 407/407 401/401 390/390
f 407/407 390/390 368/368
f 425/425 174/174 173/173
f 425/425 173/173 442/442
f 452/452 413/413 414/414
f 452/452 414/414 445/445
f 414/414 408/408 367/367
f 414/414 367/367 418/418
f 164/164 279/279 190/190
f 164/164 190/190 161/161
f 322/322 321/321 453/453
f 322/322 453/453 443/443
f 431/431 429/429 338/338
f 431/431 338/338 337/337
f 450/450 254/254 253/253
f 450/450 253/253 447/447
f 285/285 284/284 426/426
f 285/285 426/426 451/451
f 297/297 296/296 452/452
f 297/297 452/452 445/445
f 398/398 149/149 454/454
f 398/398 454/454 416/416
f 422/422 423/423 326/326
f 422/422 326/326 328/328
f 409/409 399/399 415/415
f 409/409 415/415 411/411
f 399/399 398/398 416/416
f 399/399 416/416 415/415
f 206/206 280/280 446/446
f 206/206 446/446 441/441
f 229/229 228/228 434/434
f 229/229 434/434 435/435
f 446/446 418/418 419/419
f 446/446 419/419 441/441
f 242/242 443/443 453/453
f 242/242 453/453 253/253
f 455/455 15/15 18/18
f 455/455 18/18 433/433
f 451/451 452/452 296/296
f 451/451 296/296 285/285
f 439/439 397/397 396/396
f 439/439 396/396 347/347
f 162/162 161/161 438/438
f 162/162 438/438 281/281
f 452/452 451/451 442/442
f 452/452 442/442 413/413
f 388/388 440/440 411/411
f 388/388 411/411 415/415
f 228/228 322/322 443/443
f 228/228 443/443 434/434
f 416/416 454/454 305/305
f 416/416 305/305 304/304
f 282/282 174/174 425/425
f 282/282 425/425 424/424
f 456/456 457/457 293/293
f 456/456 293/293 294/294
f 458/458 459/459 460/460
f 458/458 460/460 461/461
f 462/462 463/463 464/464
f 462/462 464/464 465/465
f 466/466 467/467 468/468
f 466/466 468/468 469/469
f 470/470 471/471 472/472
f 470/470 472/472 473/473
f 474/474 475/475 476/476
f 474/474 476/476 477/477
f 478/478 479/479 480/480
f 478/478 480/480 481/481
f 482/482 476/476 175/175
f 482/482 175/175 213/213
f 483/483 484/484 485/485
f 483/483 485/485 486/486
f 487/487 402/402 244/244
f 487/487 244/244 488/488
f 489/489 481/481 480/480
f 489/489 480/480 490/490
f 491/491 492/492 493/493
f 491/491 493/493 494/494
f 495/495 71/71 99/99
f 495/495 99/99 496/496
f 497/497 498/498 499/499
f 497/497 499/499 500/500
f 469/469 501/501 502/502
f 469/469 502/502 466/466
f 486/486 485/485 503/503
f 486/486 503/503 504/504
f 402/402 487/487 505/505
f 402/402 505/505 391/391
f 506/506 507/507 497/497
f 506/506 497/497 508/508
f 391/391 505/505 483/483
f 391/391 483/483 379/379
f 176/176 475/475 488/488
f 176/176 488/488 244/244
f 509/509 464/464 463/463
f 509/509 463/463 510/510
f 511/511 512/512 513/513
f 511/511 513/513 514/514
f 175/175 476/476 475/475
f 175/175 475/475 176/176
f 515/515 516/516 517/517
f 515/515 517/517 518/518
f 519/519 520/520 521/521
f 519/519 521/521 522/522
f 504/504 395/395 378/378
f 504/504 378/378 486/486
f 523/523 524/524 525/525
f 523/523 525/525 526/526
f 527/527 528/528 529/529
f 527/527 529/529 530/530
f 499/499 531/531 532/532
f 499/499 532/532 533/533
f 528/528 527/527 534/534
f 528/528 534/534 535/535
f 518/518 536/536 537/537
f 518/518 537/537 515/515
f 538/538 539/539 540/540
f 538/538 540/540 541/541
f 500/500 542/542 508/508
f 500/500 508/508 497/497
f 543/543 544/544 545/545
f 543/543 545/545 467/467
f 546/546 349/349 348/348
f 546/546 348/348 547/547
f 359/359 358/358 548/548
f 359/359 548/548 549/549
f 550/550 517/517 469/469
f 550/550 469/469 468/468
f 461/461 505/505 487/487
f 461/461 487/487 458/458
f 482/482 472/472 471/471
f 482/482 471/471 551/551
f 548/548 358/358 349/349
f 548/548 349/349 546/546
f 484/484 552/552 553/553
f 484/484 553/553 485/485
f 554/554 509/509 510/510
f 554/554 510/510 555/555
f 525/525 524/524 556/556
f 525/525 556/556 557/557
f 436/436 10/10 102/102
f 436/436 102/102 558/558
f 489/489 559/559 560/560
f 489/489 560/560 561/561
f 559/559 489/489 490/490
f 559/559 490/490 562/562
f 533/533 563/563 500/500
f 533/533 500/500 499/499
f 473/473 472/472 212/212
f 473/473 212/212 279/279
f 498/498 497/497 507/507
f 498/498 507/507 564/564
f 458/458 487/487 488/488
f 458/458 488/488 565/565
f 542/542 500/500 563/563
f 542/542 563/563 566/566
f 541/541 540/540 567/567
f 541/541 567/567 568/568
f 550/550 569/569 518/518
f 550/550 518/518 517/517
f 570/570 530/530 569/569
f 570/570 569/569 550/550
f 571/571 508/508 542/542
f 571/571 542/542 572/572
f 573/573 574/574 575/575
f 573/573 575/575 478/478
f 488/488 475/475 474/474
f 488/488 474/474 565/565
f 82/82 520/520 558/558
f 82/82 558/558 102/102
f 515/515 537/537 576/576
f 515/515 576/576 577/577
f 472/472 482/482 213/213
f 472/472 213/213 212/212
f 572/572 578/578 579/579
f 572/572 579/579 580/580
f 581/581 582/582 583/583
f 581/581 583/583 584/584
f 538/538 585/585 586/586
f 538/538 586/586 539/539
f 379/379 483/483 486/486
f 379/379 486/486 378/378
f 580/580 587/587 571/571
f 580/580 571/571 572/572
f 577/577 576/576 588/588
f 577/577 588/588 589/589
f 590/590 591/591 592/592
f 590/590 592/592 593/593
f 587/587 580/580 594/594
f 587/587 594/594 595/595
f 596/596 543/543 467/467
f 596/596 467/467 466/466
f 578/578 572/572 542/542
f 578/578 542/542 597/597
f 508/508 571/571 587/587
f 508/508 587/587 506/506
f 474/474 477/477 598/598
f 474/474 598/598 565/565
f 479/479 478/478 575/575
f 479/479 575/575 599/599
f 501/501 469/469 517/517
f 501/501 517/517 516/516
f 600/600 573/573 478/478
f 600/600 478/478 481/481
f 495/495 601/601 522/522
f 495/495 522/522 521/521
f 513/513 512/512 602/602
f 513/513 602/602 603/603
f 604/604 605/605 606/606
f 604/604 606/606 607/607
f 603/603 602/602 589/589
f 603/603 589/589 588/588
f 590/590 593/593 491/491
f 590/590 491/491 494/494
f 608/608 163/163 293/293
f 608/608 293/293 457/457
f 609/609 610/610 582/582
f 609/609 582/582 581/581
f 461/461 460/460 552/552
f 461/461 552/552 484/484
f 465/465 586/586 585/585
f 465/465 585/585 462/462
f 575/575 574/574 611/611
f 575/575 611/611 599/599
f 612/612 594/594 580/580
f 612/612 580/580 579/579
f 531/531 499/499 498/498
f 531/531 498/498 613/613
f 535/535 534/534 614/614
f 535/535 614/614 615/615
f 565/565 598/598 459/459
f 565/565 459/459 458/458
f 72/72 521/521 520/520
f 72/72 520/520 82/82
f 555/555 606/606 605/605
f 555/555 605/605 554/554
f 359/359 549/549 616/616
f 359/359 616/616 384/384
f 617/617 604/604 607/607
f 617/617 607/607 618/618
f 619/619 592/592 591/591
f 619/619 591/591 620/620
f 601/601 495/495 496/496
f 601/601 496/496 621/621
f 71/71 495/495 521/521
f 71/71 521/521 72/72
f 505/505 461/461 484/484
f 505/505 484/484 483/483
f 481/481 489/489 561/561
f 481/481 561/561 600/600
f 485/485 553/553 622/622
f 485/485 622/622 503/503
f 566/566 623/623 597/597
f 566/566 597/597 542/542
f 536/536 518/518 569/569
f 536/536 569/569 624/624
f 625/625 626/626 627/627
f 625/625 627/627 628/628
f 629/629 630/630 631/631
f 629/629 631/631 632/632
f 633/633 501/501 516/516
f 633/633 516/516 634/634
f 635/635 531/531 613/613
f 635/635 613/613 636/636
f 637/637 638/638 635/635
f 637/637 635/635 639/639
f 606/606 555/555 640/640
f 606/606 640/640 641/641
f 627/627 558/558 520/520
f 627/627 520/520 628/628
f 492/492 455/455 433/433
f 492/492 433/433 493/493
f 642/642 643/643 618/618
f 642/642 618/618 607/607
f 541/541 644/644 645/645
f 541/541 645/645 538/538
f 646/646 647/647 465/465
f 646/646 465/465 464/464
f 279/279 164/164 648/648
f 279/279 648/648 473/473
f 540/540 649/649 650/650
f 540/540 650/650 567/567
f 651/651 652/652 543/543
f 651/651 543/543 596/596
f 432/432 653/653 493/493
f 432/432 493/493 433/433
f 654/654 655/655 656/656
f 654/654 656/656 657/657
f 658/658 659/659 660/660
f 658/658 660/660 661/661
f 662/662 656/656 655/655
f 662/662 655/655 663/663
f 462/462 585/585 664/664
f 462/462 664/664 665/665
f 666/666 617/617 618/618
f 666/666 618/618 667/667
f 668/668 669/669 480/480
f 668/668 480/480 479/479
f 645/645 664/664 585/585
f 645/645 585/585 538/538
f 527/527 670/670 671/671
f 527/527 671/671 672/672
f 473/473 648/648 673/673
f 473/473 673/673 470/470
f 674/674 506/506 587/587
f 674/674 587/587 595/595
f 675/675 676/676 677/677
f 675/675 677/677 625/625
f 678/678 679/679 680/680
f 678/678 680/680 681/681
f 682/682 683/683 684/684
f 682/682 684/684 564/564
f 685/685 686/686 596/596
f 685/685 596/596 687/687
f 688/688 689/689 679/679
f 688/688 679/679 678/678
f 690/690 657/657 652/652
f 690/690 652/652 651/651
f 691/691 682/682 564/564
f 691/691 564/564 507/507
f 467/467 545/545 692/692
f 467/467 692/692 468/468
f 493/493 653/653 683/683
f 493/493 683/683 494/494
f 693/693 616/616 549/549
f 693/693 549/549 694/694
f 634/634 695/695 696/696
f 634/634 696/696 633/633
f 531/531 635/635 638/638
f 531/531 638/638 532/532
f 625/625 677/677 697/697
f 625/625 697/697 626/626
f 698/698 694/694 632/632
f 698/698 632/632 699/699
f 628/628 520/520 519/519
f 628/628 519/519 700/700
f 701/701 614/614 568/568
f 701/701 568/568 567/567
f 504/504 503/503 702/702
f 504/504 702/702 547/547
f 703/703 704/704 509/509
f 703/703 509/509 554/554
f 705/705 684/684 683/683
f 705/705 683/683 653/653
f 625/625 628/628 700/700
f 625/625 700/700 675/675
f 540/540 539/539 706/706
f 540/540 706/706 649/649
f 644/644 541/541 568/568
f 644/644 568/568 707/707
f 632/632 631/631 708/708
f 632/632 708/708 699/699
f 635/635 636/636 709/709
f 635/635 709/709 639/639
f 494/494 683/683 682/682
f 494/494 682/682 590/590
f 686/686 685/685 710/710
f 686/686 710/710 690/690
f 671/671 670/670 711/711
f 671/671 711/711 712/712
f 713/713 545/545 544/544
f 713/713 544/544 714/714
f 557/557 556/556 562/562
f 557/557 562/562 490/490
f 555/555 510/510 715/715
f 555/555 715/715 640/640
f 697/697 709/709 716/716
f 697/697 716/716 626/626
f 704/704 646/646 464/464
f 704/704 464/464 509/509
f 466/466 502/502 687/687
f 466/466 687/687 596/596
f 558/558 627/627 717/717
f 558/558 717/717 436/436
f 694/694 549/549 629/629
f 694/694 629/629 632/632
f 624/624 569/569 530/530
f 624/624 530/530 529/529
f 534/534 527/527 672/672
f 534/534 672/672 707/707
f 718/718 719/719 698/698
f 718/718 698/698 699/699
f 709/709 697/697 677/677
f 709/709 677/677 639/639
f 711/711 713/713 667/667
f 711/711 667/667 618/618
f 720/720 721/721 722/722
f 720/720 722/722 708/708
f 658/658 661/661 721/721
f 658/658 721/721 720/720
f 723/723 502/502 501/501
f 723/723 501/501 633/633
f 539/539 586/586 724/724
f 539/539 724/724 706/706
f 629/629 549/549 548/548
f 629/629 548/548 725/725
f 716/716 717/717 627/627
f 716/716 627/627 626/626
f 607/607 606/606 641/641
f 607/607 641/641 642/642
f 468/468 692/692 570/570
f 468/468 570/570 550/550
f 510/510 463/463 726/726
f 510/510 726/726 715/715
f 609/609 470/470 673/673
f 609/609 673/673 610/610
f 568/568 614/614 534/534
f 568/568 534/534 707/707
f 692/692 711/711 670/670
f 692/692 670/670 570/570
f 714/714 666/666 667/667
f 714/714 667/667 713/713
f 676/676 637/637 639/639
f 676/676 639/639 677/677
f 547/547 348/348 395/395
f 547/547 395/395 504/504
f 684/684 705/705 636/636
f 684/684 636/636 613/613
f 716/716 709/709 636/636
f 716/716 636/636 705/705
f 711/711 618/618 643/643
f 711/711 643/643 712/712
f 727/727 703/703 554/554
f 727/727 554/554 605/605
f 658/658 631/631 630/630
f 658/658 630/630 659/659
f 682/682 691/691 591/591
f 682/682 591/591 590/590
f 689/689 688/688 728/728
f 689/689 728/728 729/729
f 705/705 653/653 717/717
f 705/705 717/717 716/716
f 691/691 730/730 620/620
f 691/691 620/620 591/591
f 670/670 527/527 530/530
f 670/670 530/530 570/570
f 719/719 693/693 694/694
f 719/719 694/694 698/698
f 713/713 711/711 692/692
f 713/713 692/692 545/545
f 164/164 163/163 608/608
f 164/164 608/608 648/648
f 730/730 691/691 507/507
f 730/730 507/507 506/506
f 613/613 498/498 564/564
f 613/613 564/564 684/684
f 463/463 462/462 665/665
f 463/463 665/665 726/726
f 653/653 432/432 436/436
f 653/653 436/436 717/717
f 586/586 465/465 647/647
f 586/586 647/647 724/724
f 731/731 732/732 680/680
f 731/731 680/680 733/733
f 122/122 512/512 511/511
f 122/122 511/511 119/119
f 734/734 735/735 736/736
f 734/734 736/736 737/737
f 738/738 739/739 740/740
f 738/738 740/740 741/741
f 725/725 742/742 630/630
f 725/725 630/630 629/629
f 725/725 548/548 546/546
f 725/725 546/546 743/743
f 744/744 745/745 672/672
f 744/744 672/672 671/671
f 679/679 746/746 733/733
f 679/679 733/733 680/680
f 747/747 748/748 749/749
f 747/747 749/749 696/696
f 617/617 666/666 662/662
f 617/617 662/662 750/750
f 641/641 640/640 751/751
f 641/641 751/751 752/752
f 753/753 754/754 726/726
f 753/753 726/726 665/665
f 754/754 753/753 755/755
f 754/754 755/755 756/756
f 664/664 645/645 757/757
f 664/664 757/757 758/758
f 759/759 760/760 761/761
f 759/759 761/761 762/762
f 763/763 754/754 756/756
f 763/763 756/756 764/764
f 666/666 714/714 656/656
f 666/666 656/656 662/662
f 765/765 766/766 767/767
f 765/765 767/767 735/735
f 657/657 656/656 714/714
f 657/657 714/714 544/544
f 604/604 617/617 750/750
f 604/604 750/750 768/768
f 769/769 770/770 771/771
f 769/769 771/771 738/738
f 751/751 763/763 764/764
f 751/751 764/764 772/772
f 768/768 727/727 605/605
f 768/768 605/605 604/604
f 773/773 774/774 775/775
f 773/773 775/775 776/776
f 777/777 778/778 779/779
f 777/777 779/779 757/757
f 729/729 728/728 749/749
f 729/729 749/749 748/748
f 780/780 689/689 729/729
f 780/780 729/729 781/781
f 782/782 783/783 760/760
f 782/782 760/760 759/759
f 784/784 752/752 785/785
f 784/784 785/785 786/786
f 787/787 788/788 789/789
f 787/787 789/789 790/790
f 791/791 790/790 792/792
f 791/791 792/792 793/793
f 762/762 761/761 794/794
f 762/762 794/794 795/795
f 796/796 755/755 753/753
f 796/796 753/753 758/758
f 773/773 761/761 760/760
f 773/773 760/760 797/797
f 798/798 799/799 800/800
f 798/798 800/800 801/801
f 802/802 685/685 687/687
f 802/802 687/687 803/803
f 804/804 794/794 761/761
f 804/804 761/761 805/805
f 743/743 546/546 547/547
f 743/743 547/547 702/702
f 781/781 729/729 748/748
f 781/781 748/748 806/806
f 800/800 799/799 710/710
f 800/800 710/710 807/807
f 669/669 668/668 808/808
f 669/669 808/808 809/809
f 738/738 741/741 810/810
f 738/738 810/810 769/769
f 750/750 662/662 663/663
f 750/750 663/663 811/811
f 812/812 784/784 786/786
f 812/812 786/786 813/813
f 814/814 660/660 659/659
f 814/814 659/659 815/815
f 630/630 742/742 816/816
f 630/630 816/816 659/659
f 707/707 817/817 777/777
f 707/707 777/777 644/644
f 763/763 751/751 640/640
f 763/763 640/640 715/715
f 818/818 819/819 820/820
f 818/818 820/820 816/816
f 818/818 816/816 742/742
f 818/818 742/742 821/821
f 745/745 744/744 822/822
f 745/745 822/822 823/823
f 824/824 825/825 791/791
f 824/824 791/791 826/826
f 797/797 827/827 774/774
f 797/797 774/774 773/773
f 776/776 775/775 828/828
f 776/776 828/828 829/829
f 758/758 757/757 779/779
f 758/758 779/779 796/796
f 712/712 830/830 744/744
f 712/712 744/744 671/671
f 742/742 725/725 743/743
f 742/742 743/743 821/821
f 754/754 763/763 715/715
f 754/754 715/715 726/726
f 826/826 791/791 793/793
f 826/826 793/793 783/783
f 746/746 679/679 689/689
f 746/746 689/689 780/780
f 831/831 810/810 741/741
f 831/831 741/741 832/832
f 732/732 833/833 681/681
f 732/732 681/681 680/680
f 834/834 835/835 836/836
f 834/834 836/836 837/837
f 807/807 710/710 685/685
f 807/807 685/685 802/802
f 696/696 695/695 838/838
f 696/696 838/838 747/747
f 793/793 792/792 827/827
f 793/793 827/827 797/797
f 815/815 659/659 816/816
f 815/815 816/816 820/820
f 821/821 839/839 819/819
f 821/821 819/819 818/818
f 741/741 740/740 795/795
f 741/741 795/795 832/832
f 812/812 830/830 712/712
f 812/812 712/712 643/643
f 810/810 831/831 840/840
f 810/810 840/840 841/841
f 669/669 557/557 490/490
f 669/669 490/490 480/480
f 642/642 641/641 752/752
f 642/642 752/752 784/784
f 829/829 804/804 805/805
f 829/829 805/805 776/776
f 643/643 642/642 784/784
f 643/643 784/784 812/812
f 817/817 842/842 778/778
f 817/817 778/778 777/777
f 783/783 793/793 797/797
f 783/783 797/797 760/760
f 843/843 737/737 770/770
f 843/843 770/770 769/769
f 769/769 810/810 841/841
f 769/769 841/841 843/843
f 747/747 838/838 806/806
f 747/747 806/806 748/748
f 768/768 750/750 811/811
f 768/768 811/811 844/844
f 702/702 839/839 821/821
f 702/702 821/821 743/743
f 557/557 669/669 809/809
f 557/557 809/809 525/525
f 845/845 846/846 847/847
f 845/845 847/847 848/848
f 644/644 777/777 757/757
f 644/644 757/757 645/645
f 841/841 840/840 849/849
f 841/841 849/849 734/734
f 822/822 744/744 830/830
f 822/822 830/830 850/850
f 790/790 791/791 825/825
f 790/790 825/825 787/787
f 140/140 838/838 695/695
f 140/140 695/695 141/141
f 817/817 745/745 823/823
f 817/817 823/823 842/842
f 843/843 841/841 734/734
f 843/843 734/734 737/737
f 803/803 687/687 502/502
f 803/803 502/502 723/723
f 805/805 761/761 773/773
f 805/805 773/773 776/776
f 734/734 849/849 765/765
f 734/734 765/765 735/735
f 752/752 751/751 772/772
f 752/752 772/772 785/785
f 830/830 812/812 813/813
f 830/830 813/813 850/850
f 702/702 503/503 622/622
f 702/702 622/622 839/839
f 707/707 672/672 745/745
f 707/707 745/745 817/817
f 141/141 695/695 512/512
f 141/141 512/512 122/122
f 665/665 664/664 758/758
f 665/665 758/758 753/753
f 851/851 826/826 783/783
f 851/851 783/783 782/782
f 852/852 853/853 854/854
f 852/852 854/854 771/771
f 855/855 856/856 857/857
f 855/855 857/857 858/858
f 859/859 860/860 701/701
f 859/859 701/701 857/857
f 706/706 861/861 862/862
f 706/706 862/862 649/649
f 863/863 864/864 865/865
f 863/863 865/865 866/866
f 867/867 868/868 869/869
f 867/867 869/869 870/870
f 870/870 871/871 872/872
f 870/870 872/872 867/867
f 873/873 836/836 835/835
f 873/873 835/835 874/874
f 866/866 861/861 875/875
f 866/866 875/875 863/863
f 876/876 869/869 877/877
f 876/876 877/877 878/878
f 879/879 853/853 846/846
f 879/879 846/846 845/845
f 880/880 881/881 882/882
f 880/880 882/882 883/883
f 884/884 885/885 868/868
f 884/884 868/868 867/867
f 857/857 886/886 887/887
f 857/857 887/887 859/859
f 888/888 889/889 890/890
f 888/888 890/890 891/891
f 892/892 650/650 649/649
f 892/892 649/649 862/862
f 893/893 894/894 895/895
f 893/893 895/895 892/892
f 892/892 862/862 896/896
f 892/892 896/896 893/893
f 861/861 706/706 847/847
f 861/861 847/847 875/875
f 819/819 839/839 794/794
f 819/819 794/794 804/804
f 874/874 890/890 889/889
f 874/874 889/889 873/873
f 858/858 857/857 701/701
f 858/858 701/701 894/894
f 646/646 704/704 873/873
f 646/646 873/873 889/889
f 897/897 898/898 891/891
f 897/897 891/891 890/890
f 738/738 771/771 854/854
f 738/738 854/854 739/739
f 899/899 871/871 900/900
f 899/899 900/900 901/901
f 902/902 903/903 901/901
f 902/902 901/901 900/900
f 881/881 739/739 854/854
f 881/881 854/854 882/882
f 579/579 904/904 902/902
f 579/579 902/902 612/612
f 578/578 905/905 904/904
f 578/578 904/904 579/579
f 905/905 578/578 597/597
f 905/905 597/597 886/886
f 906/906 740/740 739/739
f 906/906 739/739 881/881
f 706/706 724/724 848/848
f 706/706 848/848 847/847
f 882/882 854/854 853/853
f 882/882 853/853 879/879
f 787/787 825/825 835/835
f 787/787 835/835 834/834
f 614/614 701/701 860/860
f 614/614 860/860 615/615
f 861/861 866/866 896/896
f 861/861 896/896 862/862
f 907/907 872/872 871/871
f 907/907 871/871 899/899
f 879/879 908/908 883/883
f 879/879 883/883 882/882
f 863/863 875/875 909/909
f 863/863 909/909 910/910
f 820/820 819/819 804/804
f 820/820 804/804 829/829
f 911/911 912/912 913/913
f 911/911 913/913 914/914
f 759/759 762/762 906/906
f 759/759 906/906 915/915
f 914/914 913/913 865/865
f 914/914 865/865 903/903
f 866/866 865/865 913/913
f 866/866 913/913 896/896
f 885/885 916/916 917/917
f 885/885 917/917 868/868
f 876/876 918/918 870/870
f 876/876 870/870 869/869
f 864/864 863/863 910/910
f 864/864 910/910 919/919
f 871/871 870/870 918/918
f 871/871 918/918 900/900
f 890/890 874/874 824/824
f 890/890 824/824 897/897
f 886/886 857/857 856/856
f 886/886 856/856 905/905
f 908/908 647/647 888/888
f 908/908 888/888 883/883
f 888/888 647/647 646/646
f 888/888 646/646 889/889
f 915/915 906/906 881/881
f 915/915 881/881 880/880
f 868/868 917/917 877/877
f 868/868 877/877 869/869
f 903/903 865/865 864/864
f 903/903 864/864 901/901
f 845/845 848/848 908/908
f 845/845 908/908 879/879
f 905/905 856/856 920/920
f 905/905 920/920 904/904
f 852/852 921/921 910/910
f 852/852 910/910 909/909
f 911/911 920/920 856/856
f 911/911 856/856 855/855
f 897/897 824/824 826/826
f 897/897 826/826 851/851
f 703/703 727/727 837/837
f 703/703 837/837 836/836
f 898/898 897/897 851/851
f 898/898 851/851 782/782
f 921/921 922/922 919/919
f 921/921 919/919 910/910
f 837/837 923/923 924/924
f 837/837 924/924 834/834
f 919/919 899/899 901/901
f 919/919 901/901 864/864
f 650/650 892/892 895/895
f 650/650 895/895 925/925
f 886/886 597/597 623/623
f 886/886 623/623 887/887
f 926/926 927/927 928/928
f 926/926 928/928 929/929
f 855/855 858/858 912/912
f 855/855 912/912 911/911
f 737/737 736/736 907/907
f 737/737 907/907 922/922
f 928/928 674/674 930/930
f 928/928 930/930 917/917
f 567/567 650/650 925/925
f 567/567 925/925 701/701
f 867/867 872/872 931/931
f 867/867 931/931 884/884
f 898/898 915/915 880/880
f 898/898 880/880 891/891
f 727/727 932/932 923/923
f 727/727 923/923 837/837
f 815/815 828/828 933/933
f 815/815 933/933 814/814
f 934/934 775/775 774/774
f 934/934 774/774 935/935
f 922/922 907/907 899/899
f 922/922 899/899 919/919
f 912/912 893/893 896/896
f 912/912 896/896 913/913
f 875/875 847/847 846/846
f 875/875 846/846 909/909
f 909/909 846/846 853/853
f 909/909 853/853 852/852
f 704/704 703/703 836/836
f 704/704 836/836 873/873
f 929/929 928/928 917/917
f 929/929 917/917 916/916
f 858/858 894/894 893/893
f 858/858 893/893 912/912
f 874/874 835/835 825/825
f 874/874 825/825 824/824
f 903/903 902/902 904/904
f 903/903 904/904 920/920
f 921/921 852/852 771/771
f 921/921 771/771 770/770
f 762/762 795/795 740/740
f 762/762 740/740 906/906
f 820/820 829/829 828/828
f 820/820 828/828 815/815
f 788/788 787/787 834/834
f 788/788 834/834 924/924
f 724/724 647/647 908/908
f 724/724 908/908 848/848
f 701/701 925/925 895/895
f 701/701 895/895 894/894
f 891/891 880/880 883/883
f 891/891 883/883 888/888
f 782/782 759/759 915/915
f 782/782 915/915 898/898
f 920/920 911/911 914/914
f 920/920 914/914 903/903
f 872/872 907/907 736/736
f 872/872 736/736 931/931
f 922/922 921/921 770/770
f 922/922 770/770 737/737
f 936/936 937/937 927/927
f 936/936 927/927 926/926
f 612/612 902/902 900/900
f 612/612 900/900 918/918
f 938/938 778/778 842/842
f 938/938 842/842 939/939
f 940/940 822/822 850/850
f 940/940 850/850 941/941
f 823/823 822/822 940/940
f 823/823 940/940 942/942
f 746/746 113/113 114/114
f 746/746 114/114 733/733
f 735/735 943/943 931/931
f 735/735 931/931 736/736
f 944/944 945/945 946/946
f 944/944 946/946 947/947
f 136/136 780/780 781/781
f 136/136 781/781 76/76
f 948/948 622/622 553/553
f 948/948 553/553 949/949
f 526/526 943/943 950/950
f 526/526 950/950 523/523
f 595/595 594/594 876/876
f 595/595 876/876 878/878
f 884/884 931/931 943/943
f 884/884 943/943 526/526
f 951/951 952/952 953/953
f 951/951 953/953 954/954
f 955/955 944/944 947/947
f 955/955 947/947 956/956
f 944/944 955/955 957/957
f 944/944 957/957 945/945
f 767/767 950/950 943/943
f 767/767 943/943 735/735
f 77/77 806/806 838/838
f 77/77 838/838 140/140
f 958/958 460/460 459/459
f 958/958 459/459 959/959
f 885/885 884/884 809/809
f 885/885 809/809 808/808
f 960/960 961/961 477/477
f 960/960 477/477 476/476
f 959/959 459/459 598/598
f 959/959 598/598 962/962
f 809/809 884/884 526/526
f 809/809 526/526 525/525
f 479/479 599/599 916/916
f 479/479 916/916 668/668
f 842/842 823/823 942/942
f 842/842 942/942 939/939
f 808/808 668/668 916/916
f 808/808 916/916 885/885
f 963/963 964/964 796/796
f 963/963 796/796 779/779
f 813/813 786/786 965/965
f 813/813 965/965 966/966
f 949/949 553/553 552/552
f 949/949 552/552 967/967
f 968/968 965/965 786/786
f 968/968 786/786 785/785
f 850/850 813/813 966/966
f 850/850 966/966 941/941
f 795/795 794/794 948/948
f 795/795 948/948 832/832
f 806/806 77/77 76/76
f 806/806 76/76 781/781
f 772/772 764/764 969/969
f 772/772 969/969 970/970
f 962/962 598/598 477/477
f 962/962 477/477 961/961
f 766/766 765/765 959/959
f 766/766 959/959 962/962
f 135/135 731/731 733/733
f 135/135 733/733 114/114
f 970/970 968/968 785/785
f 970/970 785/785 772/772
f 831/831 949/949 967/967
f 831/831 967/967 840/840
f 594/594 612/612 918/918
f 594/594 918/918 876/876
f 611/611 936/936 926/926
f 611/611 926/926 599/599
f 948/948 794/794 839/839
f 948/948 839/839 622/622
f 963/963 779/779 778/778
f 963/963 778/778 938/938
f 113/113 746/746 780/780
f 113/113 780/780 136/136
f 937/937 619/619 620/620
f 937/937 620/620 927/927
f 959/959 765/765 849/849
f 959/959 849/849 958/958
f 971/971 972/972 973/973
f 971/971 973/973 974/974
f 975/975 976/976 756/756
f 975/975 756/756 755/755
f 964/964 975/975 755/755
f 964/964 755/755 796/796
f 674/674 928/928 730/730
f 674/674 730/730 506/506
f 961/961 767/767 766/766
f 961/961 766/766 962/962
f 967/967 552/552 460/460
f 967/967 460/460 958/958
f 929/929 916/916 599/599
f 929/929 599/599 926/926
f 960/960 476/476 482/482
f 960/960 482/482 551/551
f 958/958 849/849 840/840
f 958/958 840/840 967/967
f 976/976 969/969 764/764
f 976/976 764/764 756/756
f 730/730 928/928 927/927
f 730/730 927/927 620/620
f 949/949 831/831 832/832
f 949/949 832/832 948/948
f 652/652 657/657 544/544
f 652/652 544/544 543/543
f 334/334 351/351 977/977
f 334/334 977/977 978/978
f 165/165 295/295 440/440
f 165/165 440/440 166/166
f 979/979 980/980 589/589
f 979/979 589/589 602/602
f 192/192 263/263 181/181
f 192/192 181/181 189/189
f 330/330 329/329 981/981
f 330/330 981/981 982/982
f 263/263 282/282 182/182
f 263/263 182/182 181/181
f 282/282 424/424 444/444
f 282/282 444/444 182/182
f 193/193 192/192 189/189
f 193/193 189/189 274/274
f 437/437 193/193 274/274
f 437/437 274/274 262/262
f 512/512 695/695 979/979
f 512/512 979/979 602/602
f 581/581 559/559 562/562
f 581/581 562/562 609/609
f 471/471 470/470 556/556
f 471/471 556/556 524/524
f 960/960 551/551 523/523
f 960/960 523/523 950/950
f 449/449 284/284 255/255
f 449/449 255/255 254/254
f 321/321 983/983 448/448
f 321/321 448/448 453/453
f 320/320 334/334 978/978
f 320/320 978/978 984/984
f 634/634 516/516 985/985
f 634/634 985/985 980/980
f 427/427 449/449 254/254
f 427/427 254/254 450/450
f 986/986 987/987 437/437
f 986/986 437/437 988/988
f 961/961 960/960 950/950
f 961/961 950/950 767/767
f 233/233 232/232 240/240
f 233/233 240/240 237/237
f 236/236 268/268 233/233
f 236/236 233/233 237/237
f 375/375 166/166 440/440
f 375/375 440/440 388/388
f 551/551 471/471 524/524
f 551/551 524/524 523/523
f 980/980 985/985 577/577
f 980/980 577/577 589/589
f 985/985 516/516 515/515
f 985/985 515/515 577/577
f 351/351 330/330 982/982
f 351/351 982/982 977/977
f 654/654 657/657 799/799
f 654/654 799/799 798/798
f 321/321 320/320 984/984
f 321/321 984/984 983/983
f 980/980 979/979 695/695
f 980/980 695/695 634/634
f 424/424 427/427 450/450
f 424/424 450/450 444/444
f 609/609 562/562 556/556
f 609/609 556/556 470/470
f 690/690 710/710 799/799
f 690/690 799/799 657/657
f 447/447 253/253 453/453
f 447/447 453/453 448/448
f 633/633 696/696 749/749
f 633/633 749/749 723/723
f 941/941 989/989 990/990
f 941/941 990/990 940/940
f 955/955 991/991 992/992
f 955/955 992/992 957/957
f 972/972 990/990 989/989
f 972/972 989/989 993/993
f 994/994 990/990 972/972
f 994/994 972/972 971/971
f 957/957 971/971 974/974
f 957/957 974/974 945/945
f 201/201 200/200 982/982
f 201/201 982/982 981/981
f 974/974 973/973 946/946
f 974/974 946/946 945/945
f 995/995 996/996 997/997
f 995/995 997/997 954/954
f 952/952 998/998 999/999
f 952/952 999/999 953/953
f 953/953 999/999 995/995
f 953/953 995/995 954/954
f 990/990 994/994 942/942
f 990/990 942/942 940/940
f 955/955 956/956 1000/1000
f 955/955 1000/1000 991/991
f 1000/1000 1001/1001 976/976
f 1000/1000 976/976 975/975
f 938/938 939/939 992/992
f 938/938 992/992 963/963
f 998/998 952/952 1002/1002
f 998/998 1002/1002 1001/1001
f 978/978 977/977 223/223
f 978/978 223/223 222/222
f 971/971 957/957 992/992
f 971/971 992/992 994/994
f 952/952 951/951 1003/1003
f 952/952 1003/1003 1002/1002
f 456/456 583/583 582/582
f 456/456 582/582 457/457
f 996/996 993/993 1004/1004
f 996/996 1004/1004 997/997
f 1004/1004 1005/1005 1003/1003
f 1004/1004 1003/1003 951/951
f 1003/1003 965/965 968/968
f 1003/1003 968/968 970/970
f 977/977 982/982 200/200
f 977/977 200/200 223/223
f 1005/1005 1004/1004 993/993
f 1005/1005 993/993 989/989
f 956/956 998/998 1001/1001
f 956/956 1001/1001 1000/1000
f 457/457 582/582 610/610
f 457/457 610/610 608/608
f 230/230 267/267 389/389
f 230/230 389/389 363/363
f 939/939 942/942 994/994
f 939/939 994/994 992/992
f 983/983 283/283 420/420
f 983/983 420/420 448/448
f 975/975 964/964 991/991
f 975/975 991/991 1000/1000
f 951/951 954/954 997/997
f 951/951 997/997 1004/1004
f 1001/1001 1002/1002 969/969
f 1001/1001 969/969 976/976
f 964/964 963/963 992/992
f 964/964 992/992 991/991
f 1005/1005 966/966 965/965
f 1005/1005 965/965 1003/1003
f 983/983 984/984 271/271
f 983/983 271/271 283/283
f 984/984 978/978 222/222
f 984/984 222/222 271/271
f 970/970 969/969 1002/1002
f 970/970 1002/1002 1003/1003
f 966/966 1005/1005 989/989
f 966/966 989/989 941/941
f 608/608 610/610 673/673
f 608/608 673/673 648/648
f 792/792 790/790 789/789
f 792/792 789/789 1006/1006
f 595/595 878/878 930/930
f 595/595 930/930 674/674
f 802/802 688/688 678/678
f 802/802 678/678 807/807
f 1007/1007 4/4 203/203
f 1007/1007 203/203 202/202
f 827/827 792/792 1006/1006
f 827/827 1006/1006 1008/1008
f 2/2 986/986 988/988
f 2/2 988/988 3/3
f 3/3 988/988 437/437
f 3/3 437/437 262/262
f 1009/1009 1/1 4/4
f 1009/1009 4/4 1007/1007
f 803/803 728/728 688/688
f 803/803 688/688 802/802
f 987/987 299/299 11/11
f 987/987 11/11 14/14
f 775/775 934/934 933/933
f 775/775 933/933 828/828
f 281/281 437/437 987/987
f 281/281 987/987 14/14
f 299/299 298/298 196/196
f 299/299 196/196 11/11
f 298/298 1010/1010 197/197
f 298/298 197/197 196/196
f 723/723 749/749 728/728
f 723/723 728/728 803/803
f 932/932 727/727 768/768
f 932/932 768/768 844/844
f 299/299 987/987 986/986
f 299/299 986/986 2/2
f 807/807 678/678 681/681
f 807/807 681/681 800/800
f 827/827 1008/1008 935/935
f 827/827 935/935 774/774
f 1010/1010 298/298 1/1
f 1010/1010 1/1 1009/1009
f 833/833 801/801 800/800
f 833/833 800/800 681/681
f 930/930 878/878 877/877
f 930/930 877/877 917/917
f 651/651 596/596 686/686
f 651/651 686/686 690/690
f 559/559 581/581 584/584
f 559/559 584/584 560/560
f 1011/1011 1012/1012 1013/1013
f 1011/1011 1013/1013 19/19
f 130/130 1014/1014 1015/1015
f 130/130 1015/1015 44/44
f 1016/1016 1012/1012 1017/1017
f 1016/1016 1017/1017 1018/1018
f 1014/1014 130/130 153/153
f 1014/1014 153/153 1019/1019
f 1020/1020 41/41 44/44
f 1020/1020 44/44 1015/1015
f 152/152 1021/1021 1019/1019
f 152/152 1019/1019 153/153
f 722/722 718/718 699/699
f 722/722 699/699 708/708
f 631/631 658/658 720/720
f 631/631 720/720 708/708
f 993/993 996/996 973/973
f 993/993 973/973 972/972
f 947/947 999/999 998/998
f 947/947 998/998 956/956
f 946/946 995/995 999/999
f 946/946 999/999 947/947
f 996/996 995/995 946/946
f 996/996 946/946 973/973
f 24/24 142/142 121/121
f 24/24 121/121 25/25
f 107/107 88/88 155/155
f 107/107 155/155 108/108
f 131/131 139/139 142/142
f 131/131 142/142 24/24
f 147/147 79/79 26/26
f 147/147 26/26 25/25
f 107/107 70/70 73/73
f 107/107 73/73 61/61
f 86/86 145/145 95/95
f 86/86 95/95 87/87
f 7/7 6/6 87/87
f 7/7 87/87 116/116
f 61/61 73/73 83/83
f 61/61 83/83 58/58
f 58/58 83/83 97/97
f 58/58 97/97 96/96
f 117/117 59/59 58/58
f 117/117 58/58 96/96
f 29/29 186/186 1022/1022
f 29/29 1022/1022 30/30
f 29/29 28/28 287/287
f 29/29 287/287 187/187
f 225/225 286/286 292/292
f 225/225 292/292 129/129
f 187/187 287/287 286/286
f 187/187 286/286 225/225
f 129/129 292/292 291/291
f 129/129 291/291 126/126
f 38/38 1023/1023 1024/1024
f 38/38 1024/1024 39/39
f 46/46 160/160 1025/1025
f 46/46 1025/1025 47/47
f 39/39 1024/1024 123/123
f 39/39 123/123 56/56
f 63/63 1026/1026 1025/1025
f 63/63 1025/1025 64/64
f 103/103 110/110 37/37
f 103/103 37/37 104/104
f 111/111 1027/1027 1023/1023
f 111/111 1023/1023 38/38
f 125/125 1028/1028 1011/1011
f 125/125 1011/1011 157/157
f 64/64 1025/1025 160/160
f 64/64 160/160 137/137
f 143/143 106/106 105/105
f 143/143 105/105 144/144
f 104/104 37/37 40/40
f 104/104 40/40 144/144
f 146/146 158/158 160/160
f 146/146 160/160 46/46
f 47/47 1025/1025 1026/1026
f 47/47 1026/1026 156/156
f 159/159 1029/1029 138/138
f 159/159 138/138 137/137
f 1013/1013 1030/1030 1021/1021
f 1013/1013 1021/1021 152/152
f 1017/1017 1028/1028 1031/1031
f 1017/1017 1031/1031 1032/1032
f 19/19 1013/1013 152/152
f 19/19 152/152 20/20
f 1012/1012 1016/1016 1030/1030
f 1012/1012 1030/1030 1013/1013
f 1012/1012 1011/1011 1028/1028
f 1012/1012 1028/1028 1017/1017
f 1032/1032 1033/1033 1018/1018
f 1032/1032 1018/1018 1017/1017
f 124/124 1031/1031 1028/1028
f 124/124 1028/1028 125/125
f 157/157 1011/1011 19/19
f 157/157 19/19 22/22
f 157/157 57/57 56/56
f 157/157 56/56 125/125
f 22/22 21/21 106/106
f 22/22 106/106 143/143
f 1034/1034 1035/1035 1036/1036
f 1034/1034 1036/1036 1037/1037
f 1038/1038 1039/1039 1040/1040
f 1038/1038 1040/1040 1041/1041
f 1042/1042 1043/1043 1039/1039
f 1042/1042 1039/1039 1038/1038
f 1044/1044 1045/1045 1046/1046
f 1044/1044 1046/1046 1047/1047
f 1048/1048 1049/1049 1050/1050
f 1048/1048 1050/1050 1051/1051
f 1049/1049 1042/1042 1038/1038
f 1049/1049 1038/1038 1050/1050
f 1052/1052 1053/1053 1054/1054
f 1052/1052 1054/1054 1055/1055
f 1056/1056 1057/1057 1058/1058
f 1056/1056 1058/1058 1059/1059
f 1060/1060 1061/1061 1062/1062
f 1060/1060 1062/1062 1063/1063
f 1064/1064 1065/1065 1066/1066
f 1064/1064 1066/1066 1067/1067
f 1068/1068 1064/1064 1067/1067
f 1068/1068 1067/1067 1069/1069
f 1070/1070 1071/1071 1072/1072
f 1070/1070 1072/1072 1073/1073
f 41/41 1074/1074 1075/1075
f 41/41 1075/1075 42/42
f 1076/1076 1077/1077 1078/1078
f 1076/1076 1078/1078 1079/1079
f 1080/1080 1081/1081 1082/1082
f 1080/1080 1082/1082 1083/1083
f 1084/1084 1085/1085 1080/1080
f 1084/1084 1080/1080 1086/1086
f 1087/1087 1070/1070 1073/1073
f 1087/1087 1073/1073 1088/1088
f 1089/1089 1090/1090 1091/1091
f 1089/1089 1091/1091 1092/1092
f 1093/1093 1094/1094 1095/1095
f 1093/1093 1095/1095 1096/1096
f 66/66 69/69 1097/1097
f 66/66 1097/1097 1098/1098
f 1099/1099 1100/1100 1101/1101
f 1099/1099 1101/1101 1102/1102
f 1103/1103 1084/1084 1086/1086
f 1103/1103 1086/1086 1104/1104
f 1084/1084 1103/1103 1105/1105
f 1084/1084 1105/1105 1106/1106
f 1086/1086 1080/1080 1083/1083
f 1086/1086 1083/1083 1107/1107
f 1081/1081 1068/1068 1069/1069
f 1081/1081 1069/1069 1082/1082
f 1108/1108 1057/1057 1109/1109
f 1108/1108 1109/1109 1110/1110
f 1100/1100 1111/1111 1112/1112
f 1100/1100 1112/1112 1101/1101
f 1064/1064 1068/1068 1113/1113
f 1064/1064 1113/1113 1065/1065
f 1114/1114 1041/1041 1115/1115
f 1114/1114 1115/1115 1116/1116
f 1091/1091 1117/1117 1077/1077
f 1091/1091 1077/1077 1076/1076
f 42/42 1075/1075 1066/1066
f 42/42 1066/1066 89/89
f 1092/1092 1091/1091 1076/1076
f 1092/1092 1076/1076 1118/1118
f 69/69 92/92 1119/1119
f 69/69 1119/1119 1097/1097
f 1098/1098 1097/1097 1120/1120
f 1098/1098 1120/1120 1121/1121
f 1118/1118 1076/1076 1079/1079
f 1118/1118 1079/1079 1122/1122
f 1039/1039 1123/1123 1124/1124
f 1039/1039 1124/1124 1040/1040
f 1125/1125 1099/1099 1102/1102
f 1125/1125 1102/1102 1126/1126
f 1067/1067 1066/1066 1075/1075
f 1067/1067 1075/1075 1127/1127
f 89/89 1066/1066 1065/1065
f 89/89 1065/1065 101/101
f 1123/1123 1039/1039 1043/1043
f 1123/1123 1043/1043 1128/1128
f 1110/1110 1109/1109 1129/1129
f 1110/1110 1129/1129 1130/1130
f 1057/1057 1056/1056 1107/1107
f 1057/1057 1107/1107 1109/1109
f 1083/1083 1082/1082 1131/1131
f 1083/1083 1131/1131 1132/1132
f 1099/1099 1125/1125 1133/1133
f 1099/1099 1133/1133 1134/1134
f 1132/1132 1135/1135 1107/1107
f 1132/1132 1107/1107 1083/1083
f 1052/1052 1131/1131 1082/1082
f 1052/1052 1082/1082 1069/1069
f 1136/1136 1072/1072 1071/1071
f 1136/1136 1071/1071 1137/1137
f 1085/1085 1138/1138 1081/1081
f 1085/1085 1081/1081 1080/1080
f 1139/1139 1140/1140 1113/1113
f 1139/1139 1113/1113 1138/1138
f 1127/1127 1141/1141 1069/1069
f 1127/1127 1069/1069 1067/1067
f 1040/1040 1124/1124 1142/1142
f 1040/1040 1142/1142 1143/1143
f 1097/1097 1119/1119 1144/1144
f 1097/1097 1144/1144 1120/1120
f 1142/1142 1092/1092 1118/1118
f 1142/1142 1118/1118 1143/1143
f 1145/1145 1146/1146 1147/1147
f 1145/1145 1147/1147 1148/1148
f 1141/1141 1053/1053 1052/1052
f 1141/1141 1052/1052 1069/1069
f 1149/1149 1087/1087 1150/1150
f 1149/1149 1150/1150 1151/1151
f 126/126 1152/1152 1153/1153
f 126/126 1153/1153 127/127
f 1127/1127 1075/1075 1074/1074
f 1127/1127 1074/1074 1154/1154
f 1104/1104 1056/1056 1059/1059
f 1104/1104 1059/1059 1155/1155
f 1114/1114 1156/1156 1157/1157
f 1114/1114 1157/1157 1041/1041
f 1050/1050 1157/1157 1156/1156
f 1050/1050 1156/1156 1051/1051
f 134/134 1113/1113 1140/1140
f 134/134 1140/1140 135/135
f 1158/1158 1139/1139 1138/1138
f 1158/1158 1138/1138 1085/1085
f 1106/1106 1158/1158 1085/1085
f 1106/1106 1085/1085 1084/1084
f 1094/1094 1159/1159 1160/1160
f 1094/1094 1160/1160 1095/1095
f 1155/1155 1161/1161 1103/1103
f 1155/1155 1103/1103 1104/1104
f 1109/1109 1107/1107 1135/1135
f 1109/1109 1135/1135 1129/1129
f 1138/1138 1113/1113 1068/1068
f 1138/1138 1068/1068 1081/1081
f 1161/1161 1162/1162 1163/1163
f 1161/1161 1163/1163 1164/1164
f 1122/1122 1115/1115 1143/1143
f 1122/1122 1143/1143 1118/1118
f 101/101 1065/1065 1113/1113
f 101/101 1113/1113 134/134
f 1056/1056 1104/1104 1086/1086
f 1056/1056 1086/1086 1107/1107
f 1088/1088 1073/1073 1165/1165
f 1088/1088 1165/1165 1166/1166
f 1135/1135 1132/1132 1165/1165
f 1135/1135 1165/1165 1129/1129
f 1167/1167 1122/1122 1079/1079
f 1167/1167 1079/1079 1168/1168
f 1146/1146 1145/1145 1058/1058
f 1146/1146 1058/1058 1169/1169
f 1111/1111 1123/1123 1128/1128
f 1111/1111 1128/1128 1112/1112
f 1170/1170 1171/1171 1172/1172
f 1170/1170 1172/1172 1173/1173
f 1053/1053 1141/1141 1174/1174
f 1053/1053 1174/1174 1175/1175
f 1176/1176 1077/1077 1117/1117
f 1176/1176 1117/1117 1177/1177
f 1157/1157 1050/1050 1038/1038
f 1157/1157 1038/1038 1041/1041
f 1103/1103 1161/1161 1164/1164
f 1103/1103 1164/1164 1105/1105
f 1117/1117 1091/1091 1090/1090
f 1117/1117 1090/1090 1134/1134
f 1077/1077 1176/1176 1178/1178
f 1077/1077 1178/1178 1078/1078
f 1088/1088 1166/1166 1055/1055
f 1088/1088 1055/1055 1179/1179
f 1162/1162 1145/1145 1148/1148
f 1162/1162 1148/1148 1163/1163
f 1141/1141 1127/1127 1154/1154
f 1141/1141 1154/1154 1174/1174
f 1180/1180 1181/1181 1160/1160
f 1180/1180 1160/1160 1182/1182
f 1183/1183 1184/1184 1185/1185
f 1183/1183 1185/1185 1186/1186
f 1187/1187 1188/1188 1189/1189
f 1187/1187 1189/1189 1190/1190
f 1191/1191 1192/1192 1193/1193
f 1191/1191 1193/1193 1194/1194
f 1195/1195 1196/1196 1197/1197
f 1195/1195 1197/1197 1198/1198
f 1199/1199 1098/1098 1121/1121
f 1199/1199 1121/1121 1200/1200
f 1201/1201 1202/1202 1203/1203
f 1201/1201 1203/1203 1204/1204
f 1121/1121 1120/1120 1205/1205
f 1121/1121 1205/1205 1206/1206
f 1207/1207 1208/1208 1062/1062
f 1207/1207 1062/1062 1209/1209
f 1204/1204 1203/1203 1210/1210
f 1204/1204 1210/1210 1211/1211
f 1212/1212 1213/1213 1214/1214
f 1212/1212 1214/1214 1215/1215
f 1216/1216 1217/1217 1218/1218
f 1216/1216 1218/1218 1219/1219
f 1194/1194 1220/1220 1221/1221
f 1194/1194 1221/1221 1191/1191
f 1172/1172 1060/1060 1063/1063
f 1172/1172 1063/1063 1173/1173
f 1222/1222 1223/1223 1224/1224
f 1222/1222 1224/1224 1225/1225
f 1226/1226 1227/1227 1228/1228
f 1226/1226 1228/1228 1229/1229
f 1230/1230 1231/1231 1232/1232
f 1230/1230 1232/1232 1233/1233
f 1234/1234 1215/1215 1235/1235
f 1234/1234 1235/1235 1236/1236
f 1237/1237 1238/1238 1226/1226
f 1237/1237 1226/1226 1239/1239
f 1197/1197 1236/1236 1235/1235
f 1197/1197 1235/1235 1198/1198
f 1240/1240 1241/1241 1242/1242
f 1240/1240 1242/1242 1206/1206
f 1243/1243 1244/1244 1245/1245
f 1243/1243 1245/1245 1211/1211
f 1200/1200 1121/1121 1206/1206
f 1200/1200 1206/1206 1242/1242
f 1153/1153 1152/1152 1246/1246
f 1153/1153 1246/1246 1247/1247
f 1248/1248 1249/1249 1250/1250
f 1248/1248 1250/1250 1251/1251
f 1252/1252 1253/1253 1254/1254
f 1252/1252 1254/1254 1255/1255
f 1220/1220 1256/1256 1257/1257
f 1220/1220 1257/1257 1221/1221
f 1258/1258 1259/1259 1260/1260
f 1258/1258 1260/1260 1261/1261
f 1262/1262 1263/1263 1264/1264
f 1262/1262 1264/1264 1265/1265
f 1266/1266 1196/1196 1195/1195
f 1266/1266 1195/1195 1267/1267
f 1219/1219 1218/1218 1044/1044
f 1219/1219 1044/1044 1047/1047
f 1239/1239 1268/1268 1269/1269
f 1239/1239 1269/1269 1237/1237
f 1270/1270 1271/1271 1272/1272
f 1270/1270 1272/1272 1273/1273
f 1274/1274 1275/1275 1276/1276
f 1274/1274 1276/1276 1277/1277
f 1278/1278 259/259 258/258
f 1278/1278 258/258 1279/1279
f 1280/1280 1278/1278 1279/1279
f 1280/1280 1279/1279 1281/1281
f 1282/1282 1036/1036 1035/1035
f 1282/1282 1035/1035 1223/1223
f 1283/1283 1235/1235 1215/1215
f 1283/1283 1215/1215 1214/1214
f 1240/1240 1284/1284 1285/1285
f 1240/1240 1285/1285 1170/1170
f 266/266 66/66 1098/1098
f 266/266 1098/1098 1199/1199
f 1286/1286 1287/1287 1253/1253
f 1286/1286 1253/1253 1252/1252
f 1277/1277 1264/1264 1263/1263
f 1277/1277 1263/1263 1274/1274
f 1288/1288 1257/1257 1256/1256
f 1288/1288 1256/1256 1289/1289
f 1223/1223 1222/1222 1244/1244
f 1223/1223 1244/1244 1243/1243
f 1211/1211 1245/1245 1290/1290
f 1211/1211 1290/1290 1204/1204
f 266/266 1199/1199 1291/1291
f 266/266 1291/1291 272/272
f 1243/1243 1292/1292 1282/1282
f 1243/1243 1282/1282 1223/1223
f 1254/1254 1262/1262 1265/1265
f 1254/1254 1265/1265 1293/1293
f 1294/1294 1238/1238 1188/1188
f 1294/1294 1188/1188 1295/1295
f 1247/1247 1246/1246 1208/1208
f 1247/1247 1208/1208 1207/1207
f 1241/1241 1240/1240 1170/1170
f 1241/1241 1170/1170 1173/1173
f 1268/1268 1239/1239 1287/1287
f 1268/1268 1287/1287 1286/1286
f 1260/1260 1296/1296 1274/1274
f 1260/1260 1274/1274 1263/1263
f 1238/1238 1294/1294 1227/1227
f 1238/1238 1227/1227 1226/1226
f 1192/1192 1248/1248 1251/1251
f 1192/1192 1251/1251 1193/1193
f 1297/1297 1212/1212 1215/1215
f 1297/1297 1215/1215 1234/1234
f 1298/1298 1259/1259 1229/1229
f 1298/1298 1229/1229 1228/1228
f 1046/1046 1045/1045 1299/1299
f 1046/1046 1299/1299 1186/1186
f 1235/1235 1283/1283 1300/1300
f 1235/1235 1300/1300 1198/1198
f 1261/1261 1260/1260 1263/1263
f 1261/1261 1263/1263 1262/1262
f 1204/1204 1290/1290 1301/1301
f 1204/1204 1301/1301 1201/1201
f 1274/1274 1302/1302 1303/1303
f 1274/1274 1303/1303 1275/1275
f 1241/1241 1304/1304 1305/1305
f 1241/1241 1305/1305 1242/1242
f 1306/1306 1189/1189 1237/1237
f 1306/1306 1237/1237 1269/1269
f 1239/1239 1226/1226 1229/1229
f 1239/1239 1229/1229 1287/1287
f 1304/1304 1241/1241 1173/1173
f 1304/1304 1173/1173 1063/1063
f 1272/1272 1271/1271 1307/1307
f 1272/1272 1307/1307 1308/1308
f 272/272 1291/1291 1309/1309
f 272/272 1309/1309 291/291
f 1047/1047 1185/1185 1310/1310
f 1047/1047 1310/1310 1219/1219
f 1284/1284 1240/1240 1206/1206
f 1284/1284 1206/1206 1205/1205
f 1311/1311 1216/1216 1219/1219
f 1311/1311 1219/1219 1310/1310
f 1295/1295 1188/1188 1187/1187
f 1295/1295 1187/1187 1312/1312
f 1242/1242 1305/1305 1309/1309
f 1242/1242 1309/1309 1200/1200
f 1186/1186 1185/1185 1047/1047
f 1186/1186 1047/1047 1046/1046
f 1296/1296 1313/1313 1302/1302
f 1296/1296 1302/1302 1274/1274
f 1189/1189 1188/1188 1238/1238
f 1189/1189 1238/1238 1237/1237
f 1258/1258 1287/1287 1229/1229
f 1258/1258 1229/1229 1259/1259
f 1259/1259 1298/1298 1296/1296
f 1259/1259 1296/1296 1260/1260
f 1298/1298 1314/1314 1313/1313
f 1298/1298 1313/1313 1296/1296
f 1200/1200 1309/1309 1291/1291
f 1200/1200 1291/1291 1199/1199
f 1037/1037 1315/1315 1316/1316
f 1037/1037 1316/1316 1034/1034
f 1211/1211 1210/1210 1292/1292
f 1211/1211 1292/1292 1243/1243
f 1220/1220 1194/1194 1317/1317
f 1220/1220 1317/1317 1318/1318
f 1285/1285 1284/1284 1319/1319
f 1285/1285 1319/1319 1320/1320
f 1321/1321 1322/1322 1323/1323
f 1321/1321 1323/1323 1324/1324
f 1325/1325 1326/1326 1327/1327
f 1325/1325 1327/1327 1328/1328
f 1329/1329 1288/1288 1289/1289
f 1329/1329 1289/1289 1330/1330
f 1331/1331 1332/1332 1333/1333
f 1331/1331 1333/1333 1308/1308
f 1268/1268 1334/1334 1335/1335
f 1268/1268 1335/1335 1269/1269
f 1336/1336 1337/1337 1338/1338
f 1336/1336 1338/1338 1339/1339
f 1340/1340 1341/1341 1333/1333
f 1340/1340 1333/1333 1342/1342
f 1341/1341 1340/1340 1273/1273
f 1341/1341 1273/1273 1272/1272
f 1343/1343 1344/1344 1331/1331
f 1343/1343 1331/1331 1345/1345
f 1231/1231 1230/1230 1346/1346
f 1231/1231 1346/1346 1347/1347
f 331/331 1348/1348 1279/1279
f 331/331 1279/1279 258/258
f 1349/1349 1336/1336 1339/1339
f 1349/1349 1339/1339 1350/1350
f 1233/1233 1232/1232 1328/1328
f 1233/1233 1328/1328 1327/1327
f 1351/1351 1352/1352 1353/1353
f 1351/1351 1353/1353 1354/1354
f 1355/1355 1356/1356 1357/1357
f 1355/1355 1357/1357 1358/1358
f 1359/1359 1340/1340 1342/1342
f 1359/1359 1342/1342 1144/1144
f 1230/1230 1360/1360 1318/1318
f 1230/1230 1318/1318 1346/1346
f 1341/1341 1272/1272 1308/1308
f 1341/1341 1308/1308 1333/1333
f 1191/1191 1221/1221 1361/1361
f 1191/1191 1361/1361 1362/1362
f 1363/1363 1364/1364 1365/1365
f 1363/1363 1365/1365 1366/1366
f 1350/1350 1367/1367 1317/1317
f 1350/1350 1317/1317 1349/1349
f 1368/1368 1352/1352 1351/1351
f 1368/1368 1351/1351 1255/1255
f 1279/1279 1348/1348 1369/1369
f 1279/1279 1369/1369 1281/1281
f 1370/1370 1371/1371 1372/1372
f 1370/1370 1372/1372 1373/1373
f 1369/1369 1348/1348 1374/1374
f 1369/1369 1374/1374 1375/1375
f 1376/1376 1361/1361 1288/1288
f 1376/1376 1288/1288 1329/1329
f 1346/1346 1318/1318 1317/1317
f 1346/1346 1317/1317 1367/1367
f 1360/1360 1256/1256 1220/1220
f 1360/1360 1220/1220 1318/1318
f 1330/1330 1377/1377 1378/1378
f 1330/1330 1378/1378 1329/1329
f 1379/1379 1252/1252 1255/1255
f 1379/1379 1255/1255 1351/1351
f 1380/1380 1289/1289 1256/1256
f 1380/1380 1256/1256 1360/1360
f 1293/1293 1368/1368 1255/1255
f 1293/1293 1255/1255 1254/1254
f 1381/1381 1382/1382 1376/1376
f 1381/1381 1376/1376 1329/1329
f 1383/1383 1384/1384 1372/1372
f 1383/1383 1372/1372 1385/1385
f 1386/1386 1355/1355 1358/1358
f 1386/1386 1358/1358 1387/1387
f 1329/1329 1378/1378 1388/1388
f 1329/1329 1388/1388 1381/1381
f 1344/1344 1389/1389 1332/1332
f 1344/1344 1332/1332 1331/1331
f 1280/1280 1273/1273 1340/1340
f 1280/1280 1340/1340 1359/1359
f 1390/1390 1306/1306 1391/1391
f 1390/1390 1391/1391 1322/1322
f 1392/1392 1393/1393 1377/1377
f 1392/1392 1377/1377 1330/1330
f 1394/1394 1395/1395 1371/1371
f 1394/1394 1371/1371 1370/1370
f 1358/1358 1357/1357 1396/1396
f 1358/1358 1396/1396 1397/1397
f 1398/1398 1387/1387 1399/1399
f 1398/1398 1399/1399 1362/1362
f 384/384 1374/1374 1348/1348
f 384/384 1348/1348 331/331
f 1144/1144 1119/1119 1400/1400
f 1144/1144 1400/1400 1359/1359
f 1327/1327 1326/1326 1393/1393
f 1327/1327 1393/1393 1392/1392
f 1331/1331 1308/1308 1307/1307
f 1331/1331 1307/1307 1345/1345
f 1335/1335 1391/1391 1306/1306
f 1335/1335 1306/1306 1269/1269
f 1401/1401 1402/1402 1391/1391
f 1401/1401 1391/1391 1335/1335
f 1194/1194 1193/1193 1349/1349
f 1194/1194 1349/1349 1317/1317
f 1248/1248 1192/1192 1399/1399
f 1248/1248 1399/1399 1397/1397
f 1251/1251 1250/1250 1337/1337
f 1251/1251 1337/1337 1336/1336
f 1322/1322 1321/1321 1403/1403
f 1322/1322 1403/1403 1390/1390
f 1249/1249 1248/1248 1397/1397
f 1249/1249 1397/1397 1396/1396
f 1354/1354 1404/1404 1379/1379
f 1354/1354 1379/1379 1351/1351
f 1405/1405 1371/1371 1395/1395
f 1405/1405 1395/1395 1406/1406
f 1404/1404 1354/1354 1407/1407
f 1404/1404 1407/1407 1334/1334
f 1319/1319 1284/1284 1205/1205
f 1319/1319 1205/1205 1342/1342
f 1273/1273 1280/1280 1281/1281
f 1273/1273 1281/1281 1270/1270
f 1362/1362 1361/1361 1376/1376
f 1362/1362 1376/1376 1398/1398
f 393/393 1400/1400 1119/1119
f 393/393 1119/1119 92/92
f 1364/1364 1369/1369 1375/1375
f 1364/1364 1375/1375 1365/1365
f 1362/1362 1399/1399 1192/1192
f 1362/1362 1192/1192 1191/1191
f 1286/1286 1404/1404 1334/1334
f 1286/1286 1334/1334 1268/1268
f 1408/1408 1386/1386 1387/1387
f 1408/1408 1387/1387 1398/1398
f 1392/1392 1380/1380 1233/1233
f 1392/1392 1233/1233 1327/1327
f 1205/1205 1120/1120 1144/1144
f 1205/1205 1144/1144 1342/1342
f 1361/1361 1221/1221 1257/1257
f 1361/1361 1257/1257 1288/1288
f 1400/1400 393/393 259/259
f 1400/1400 259/259 1278/1278
f 1322/1322 1391/1391 1402/1402
f 1322/1322 1402/1402 1323/1323
f 1409/1409 1394/1394 1370/1370
f 1409/1409 1370/1370 1410/1410
f 1411/1411 1410/1410 1370/1370
f 1411/1411 1370/1370 1373/1373
f 1320/1320 1412/1412 1413/1413
f 1320/1320 1413/1413 1285/1285
f 1385/1385 1372/1372 1371/1371
f 1385/1385 1371/1371 1405/1405
f 1193/1193 1251/1251 1336/1336
f 1193/1193 1336/1336 1349/1349
f 1387/1387 1358/1358 1397/1397
f 1387/1387 1397/1397 1399/1399
f 1407/1407 1401/1401 1335/1335
f 1407/1407 1335/1335 1334/1334
f 1233/1233 1380/1380 1360/1360
f 1233/1233 1360/1360 1230/1230
f 1384/1384 1414/1414 1373/1373
f 1384/1384 1373/1373 1372/1372
f 1330/1330 1289/1289 1380/1380
f 1330/1330 1380/1380 1392/1392
f 1359/1359 1400/1400 1278/1278
f 1359/1359 1278/1278 1280/1280
f 1285/1285 1413/1413 1171/1171
f 1285/1285 1171/1171 1170/1170
f 1415/1415 1416/1416 1266/1266
f 1415/1415 1266/1266 1267/1267
f 1270/1270 1281/1281 1369/1369
f 1270/1270 1369/1369 1364/1364
f 1417/1417 1418/1418 1419/1419
f 1417/1417 1419/1419 1420/1420
f 1421/1421 1422/1422 1383/1383
f 1421/1421 1383/1383 1385/1385
f 1389/1389 1344/1344 1423/1423
f 1389/1389 1423/1423 1424/1424
f 1423/1423 1425/1425 1426/1426
f 1423/1423 1426/1426 1424/1424
f 1427/1427 1428/1428 1422/1422
f 1427/1427 1422/1422 1267/1267
f 1429/1429 1403/1403 1321/1321
f 1429/1429 1321/1321 1430/1430
f 1417/1417 1431/1431 1414/1414
f 1417/1417 1414/1414 1418/1418
f 1432/1432 1433/1433 1384/1384
f 1432/1432 1384/1384 1383/1383
f 1434/1434 1435/1435 1201/1201
f 1434/1434 1201/1201 1301/1301
f 1421/1421 1415/1415 1267/1267
f 1421/1421 1267/1267 1422/1422
f 1344/1344 1436/1436 1425/1425
f 1344/1344 1425/1425 1423/1423
f 1417/1417 1437/1437 1343/1343
f 1417/1417 1343/1343 1431/1431
f 1438/1438 1439/1439 1440/1440
f 1438/1438 1440/1440 1441/1441
f 1436/1436 1295/1295 1312/1312
f 1436/1436 1312/1312 1425/1425
f 1357/1357 1442/1442 1443/1443
f 1357/1357 1443/1443 1396/1396
f 1444/1444 1437/1437 1417/1417
f 1444/1444 1417/1417 1420/1420
f 1356/1356 1445/1445 1442/1442
f 1356/1356 1442/1442 1357/1357
f 1420/1420 1419/1419 1227/1227
f 1420/1420 1227/1227 1294/1294
f 1431/1431 1343/1343 1345/1345
f 1431/1431 1345/1345 1411/1411
f 1042/1042 1049/1049 1446/1446
f 1042/1042 1446/1446 1447/1447
f 1448/1448 1449/1449 1293/1293
f 1448/1448 1293/1293 1265/1265
f 1043/1043 1042/1042 1447/1447
f 1043/1043 1447/1447 1450/1450
f 1449/1449 1443/1443 1368/1368
f 1449/1449 1368/1368 1293/1293
f 1213/1213 1451/1451 1299/1299
f 1213/1213 1299/1299 1452/1452
f 1345/1345 1307/1307 1453/1453
f 1345/1345 1453/1453 1411/1411
f 1364/1364 1363/1363 1271/1271
f 1364/1364 1271/1271 1270/1270
f 1406/1406 1416/1416 1415/1415
f 1406/1406 1415/1415 1405/1405
f 1425/1425 1312/1312 1454/1454
f 1425/1425 1454/1454 1426/1426
f 1271/1271 1363/1363 1453/1453
f 1271/1271 1453/1453 1307/1307
f 1227/1227 1419/1419 1455/1455
f 1227/1227 1455/1455 1228/1228
f 1444/1444 1295/1295 1436/1436
f 1444/1444 1436/1436 1437/1437
f 1189/1189 1306/1306 1390/1390
f 1189/1189 1390/1390 1190/1190
f 1332/1332 1319/1319 1342/1342
f 1332/1332 1342/1342 1333/1333
f 1195/1195 1456/1456 1427/1427
f 1195/1195 1427/1427 1267/1267
f 1396/1396 1443/1443 1449/1449
f 1396/1396 1449/1449 1249/1249
f 1418/1418 1433/1433 1455/1455
f 1418/1418 1455/1455 1419/1419
f 1389/1389 1320/1320 1319/1319
f 1389/1389 1319/1319 1332/1332
f 1265/1265 1264/1264 1457/1457
f 1265/1265 1457/1457 1448/1448
f 1398/1398 1376/1376 1382/1382
f 1398/1398 1382/1382 1408/1408
f 1444/1444 1420/1420 1294/1294
f 1444/1444 1294/1294 1295/1295
f 1451/1451 1213/1213 1212/1212
f 1451/1451 1212/1212 1183/1183
f 1443/1443 1442/1442 1352/1352
f 1443/1443 1352/1352 1368/1368
f 1433/1433 1418/1418 1414/1414
f 1433/1433 1414/1414 1384/1384
f 1424/1424 1412/1412 1320/1320
f 1424/1424 1320/1320 1389/1389
f 1202/1202 1201/1201 1435/1435
f 1202/1202 1435/1435 1458/1458
f 1459/1459 1460/1460 1432/1432
f 1459/1459 1432/1432 1428/1428
f 1431/1431 1411/1411 1373/1373
f 1431/1431 1373/1373 1414/1414
f 1314/1314 1298/1298 1460/1460
f 1314/1314 1460/1460 1459/1459
f 1410/1410 1363/1363 1366/1366
f 1410/1410 1366/1366 1409/1409
f 1434/1434 1461/1461 1462/1462
f 1434/1434 1462/1462 1435/1435
f 1463/1463 1303/1303 1440/1440
f 1463/1463 1440/1440 1439/1439
f 1462/1462 1464/1464 1458/1458
f 1462/1462 1458/1458 1435/1435
f 1440/1440 1465/1465 1456/1456
f 1440/1440 1456/1456 1441/1441
f 1421/1421 1385/1385 1405/1405
f 1421/1421 1405/1405 1415/1415
f 1441/1441 1456/1456 1195/1195
f 1441/1441 1195/1195 1198/1198
f 1466/1466 1459/1459 1428/1428
f 1466/1466 1428/1428 1427/1427
f 1428/1428 1432/1432 1383/1383
f 1428/1428 1383/1383 1422/1422
f 1184/1184 1183/1183 1212/1212
f 1184/1184 1212/1212 1297/1297
f 1337/1337 1457/1457 1467/1467
f 1337/1337 1467/1467 1338/1338
f 1445/1445 1353/1353 1352/1352
f 1445/1445 1352/1352 1442/1442
f 1464/1464 1462/1462 1277/1277
f 1464/1464 1277/1277 1276/1276
f 1302/1302 1465/1465 1440/1440
f 1302/1302 1440/1440 1303/1303
f 1314/1314 1459/1459 1466/1466
f 1314/1314 1466/1466 1313/1313
f 1413/1413 1430/1430 1468/1468
f 1413/1413 1468/1468 1171/1171
f 1436/1436 1344/1344 1343/1343
f 1436/1436 1343/1343 1437/1437
f 1424/1424 1426/1426 1429/1429
f 1424/1424 1429/1429 1412/1412
f 1412/1412 1429/1429 1430/1430
f 1412/1412 1430/1430 1413/1413
f 1228/1228 1455/1455 1460/1460
f 1228/1228 1460/1460 1298/1298
f 1249/1249 1449/1449 1448/1448
f 1249/1249 1448/1448 1250/1250
f 1460/1460 1455/1455 1433/1433
f 1460/1460 1433/1433 1432/1432
f 1264/1264 1277/1277 1467/1467
f 1264/1264 1467/1467 1457/1457
f 1469/1469 1446/1446 1049/1049
f 1469/1469 1049/1049 1048/1048
f 1465/1465 1302/1302 1313/1313
f 1465/1465 1313/1313 1466/1466
f 1453/1453 1363/1363 1410/1410
f 1453/1453 1410/1410 1411/1411
f 1186/1186 1299/1299 1451/1451
f 1186/1186 1451/1451 1183/1183
f 1466/1466 1427/1427 1456/1456
f 1466/1466 1456/1456 1465/1465
f 1403/1403 1429/1429 1426/1426
f 1403/1403 1426/1426 1454/1454
f 1250/1250 1448/1448 1457/1457
f 1250/1250 1457/1457 1337/1337
f 1430/1430 1321/1321 1324/1324
f 1430/1430 1324/1324 1468/1468
f 1300/1300 1438/1438 1441/1441
f 1300/1300 1441/1441 1198/1198
f 1470/1470 1311/1311 1310/1310
f 1470/1470 1310/1310 1471/1471
f 1472/1472 1473/1473 1474/1474
f 1472/1472 1474/1474 1475/1475
f 1476/1476 1477/1477 1478/1478
f 1476/1476 1478/1478 1479/1479
f 1480/1480 1481/1481 1482/1482
f 1480/1480 1482/1482 1483/1483
f 1484/1484 1485/1485 1486/1486
f 1484/1484 1486/1486 1487/1487
f 1488/1488 1489/1489 1490/1490
f 1488/1488 1490/1490 1491/1491
f 1492/1492 1493/1493 1494/1494
f 1492/1492 1494/1494 1495/1495
f 1496/1496 1236/1236 1197/1197
f 1496/1496 1197/1197 1488/1488
f 1497/1497 1498/1498 1499/1499
f 1497/1497 1499/1499 1500/1500
f 1501/1501 1502/1502 1266/1266
f 1501/1501 1266/1266 1416/1416
f 1503/1503 1504/1504 1494/1494
f 1503/1503 1494/1494 1493/1493
f 1505/1505 1506/1506 1507/1507
f 1505/1505 1507/1507 1508/1508
f 1509/1509 1510/1510 1126/1126
f 1509/1509 1126/1126 1102/1102
f 1511/1511 1512/1512 1513/1513
f 1511/1511 1513/1513 1514/1514
f 1481/1481 1480/1480 1515/1515
f 1481/1481 1515/1515 1516/1516
f 1498/1498 1517/1517 1518/1518
f 1498/1498 1518/1518 1499/1499
f 1416/1416 1406/1406 1519/1519
f 1416/1416 1519/1519 1501/1501
f 1520/1520 1521/1521 1511/1511
f 1520/1520 1511/1511 1522/1522
f 1406/1406 1395/1395 1497/1497
f 1406/1406 1497/1497 1519/1519
f 1196/1196 1266/1266 1502/1502
f 1196/1196 1502/1502 1489/1489
f 1477/1477 1476/1476 1523/1523
f 1477/1477 1523/1523 1524/1524
f 1525/1525 1526/1526 1527/1527
f 1525/1525 1527/1527 1528/1528
f 1197/1197 1196/1196 1489/1489
f 1197/1197 1489/1489 1488/1488
f 1529/1529 1530/1530 1531/1531
f 1529/1529 1531/1531 1532/1532
f 1533/1533 1534/1534 1535/1535
f 1533/1533 1535/1535 1536/1536
f 1517/1517 1498/1498 1394/1394
f 1517/1517 1394/1394 1409/1409
f 1537/1537 1538/1538 1539/1539
f 1537/1537 1539/1539 1540/1540
f 1541/1541 1542/1542 1543/1543
f 1541/1541 1543/1543 1544/1544
f 1513/1513 1545/1545 1546/1546
f 1513/1513 1546/1546 1547/1547
f 1544/1544 1548/1548 1549/1549
f 1544/1544 1549/1549 1541/1541
f 1530/1530 1529/1529 1550/1550
f 1530/1530 1550/1550 1551/1551
f 1552/1552 1553/1553 1554/1554
f 1552/1552 1554/1554 1555/1555
f 1512/1512 1511/1511 1521/1521
f 1512/1512 1521/1521 1556/1556
f 1557/1557 1483/1483 1558/1558
f 1557/1557 1558/1558 1559/1559
f 1560/1560 1561/1561 1366/1366
f 1560/1560 1366/1366 1365/1365
f 1374/1374 1562/1562 1563/1563
f 1374/1374 1563/1563 1375/1375
f 1564/1564 1482/1482 1481/1481
f 1564/1564 1481/1481 1531/1531
f 1473/1473 1472/1472 1501/1501
f 1473/1473 1501/1501 1519/1519
f 1496/1496 1565/1565 1487/1487
f 1496/1496 1487/1487 1486/1486
f 1563/1563 1560/1560 1365/1365
f 1563/1563 1365/1365 1375/1375
f 1500/1500 1499/1499 1566/1566
f 1500/1500 1566/1566 1567/1567
f 1524/1524 1523/1523 1568/1568
f 1524/1524 1568/1568 1569/1569
f 1539/1539 1570/1570 1571/1571
f 1539/1539 1571/1571 1540/1540
f 1450/1450 1572/1572 1128/1128
f 1450/1450 1128/1128 1043/1043
f 1503/1503 1573/1573 1574/1574
f 1503/1503 1574/1574 1575/1575
f 1575/1575 1576/1576 1504/1504
f 1575/1575 1504/1504 1503/1503
f 1512/1512 1577/1577 1545/1545
f 1512/1512 1545/1545 1513/1513
f 1485/1485 1297/1297 1234/1234
f 1485/1485 1234/1234 1486/1486
f 1514/1514 1578/1578 1522/1522
f 1514/1514 1522/1522 1511/1511
f 1472/1472 1579/1579 1502/1502
f 1472/1472 1502/1502 1501/1501
f 1577/1577 1512/1512 1556/1556
f 1577/1577 1556/1556 1580/1580
f 1581/1581 1552/1552 1555/1555
f 1581/1581 1555/1555 1582/1582
f 1564/1564 1531/1531 1530/1530
f 1564/1564 1530/1530 1583/1583
f 1584/1584 1564/1564 1583/1583
f 1584/1584 1583/1583 1542/1542
f 1585/1585 1586/1586 1556/1556
f 1585/1585 1556/1556 1521/1521
f 1587/1587 1492/1492 1588/1588
f 1587/1587 1588/1588 1589/1589
f 1502/1502 1579/1579 1490/1490
f 1502/1502 1490/1490 1489/1489
f 1112/1112 1128/1128 1572/1572
f 1112/1112 1572/1572 1536/1536
f 1590/1590 1550/1550 1529/1529
f 1590/1590 1529/1529 1591/1591
f 1486/1486 1234/1234 1236/1236
f 1486/1486 1236/1236 1496/1496
f 1586/1586 1592/1592 1593/1593
f 1586/1586 1593/1593 1594/1594
f 1595/1595 1596/1596 1597/1597
f 1595/1595 1597/1597 1598/1598
f 1554/1554 1553/1553 1599/1599
f 1554/1554 1599/1599 1600/1600
f 1395/1395 1394/1394 1498/1498
f 1395/1395 1498/1498 1497/1497
f 1592/1592 1586/1586 1585/1585
f 1592/1592 1585/1585 1601/1601
f 1602/1602 1590/1590 1591/1591
f 1602/1602 1591/1591 1603/1603
f 1604/1604 1605/1605 1606/1606
f 1604/1604 1606/1606 1607/1607
f 1608/1608 1592/1592 1601/1601
f 1608/1608 1601/1601 1609/1609
f 1610/1610 1480/1480 1483/1483
f 1610/1610 1483/1483 1557/1557
f 1594/1594 1611/1611 1556/1556
f 1594/1594 1556/1556 1586/1586
f 1601/1601 1585/1585 1521/1521
f 1601/1601 1521/1521 1520/1520
f 1490/1490 1579/1579 1612/1612
f 1490/1490 1612/1612 1491/1491
f 1495/1495 1613/1613 1588/1588
f 1495/1495 1588/1588 1492/1492
f 1516/1516 1532/1532 1531/1531
f 1516/1516 1531/1531 1481/1481
f 1614/1614 1493/1493 1492/1492
f 1614/1614 1492/1492 1587/1587
f 1509/1509 1535/1535 1534/1534
f 1509/1509 1534/1534 1615/1615
f 1527/1527 1616/1616 1617/1617
f 1527/1527 1617/1617 1528/1528
f 1618/1618 1619/1619 1620/1620
f 1618/1618 1620/1620 1621/1621
f 1603/1603 1617/1617 1616/1616
f 1603/1603 1616/1616 1602/1602
f 1604/1604 1506/1506 1505/1505
f 1604/1604 1505/1505 1605/1605
f 1622/1622 1471/1471 1310/1310
f 1622/1622 1310/1310 1185/1185
f 1623/1623 1595/1595 1598/1598
f 1623/1623 1598/1598 1624/1624
f 1473/1473 1500/1500 1567/1567
f 1473/1473 1567/1567 1474/1474
f 1479/1479 1478/1478 1600/1600
f 1479/1479 1600/1600 1599/1599
f 1588/1588 1613/1613 1625/1625
f 1588/1588 1625/1625 1589/1589
f 1592/1592 1608/1608 1626/1626
f 1592/1592 1626/1626 1593/1593
f 1547/1547 1627/1627 1514/1514
f 1547/1547 1514/1514 1513/1513
f 1628/1628 1549/1549 1548/1548
f 1628/1628 1548/1548 1629/1629
f 1579/1579 1472/1472 1475/1475
f 1579/1579 1475/1475 1612/1612
f 1101/1101 1112/1112 1536/1536
f 1101/1101 1536/1536 1535/1535
f 1621/1621 1620/1620 1569/1569
f 1621/1621 1569/1569 1568/1568
f 1374/1374 384/384 616/616
f 1374/1374 616/616 1562/1562
f 1630/1630 1631/1631 1619/1619
f 1630/1630 1619/1619 1618/1618
f 1632/1632 1633/1633 1607/1607
f 1632/1632 1607/1607 1606/1606
f 1615/1615 1634/1634 1510/1510
f 1615/1615 1510/1510 1509/1509
f 1102/1102 1101/1101 1535/1535
f 1102/1102 1535/1535 1509/1509
f 1519/1519 1497/1497 1500/1500
f 1519/1519 1500/1500 1473/1473
f 1493/1493 1614/1614 1573/1573
f 1493/1493 1573/1573 1503/1503
f 1499/1499 1518/1518 1635/1635
f 1499/1499 1635/1635 1566/1566
f 1580/1580 1556/1556 1611/1611
f 1580/1580 1611/1611 1636/1636
f 1551/1551 1637/1637 1583/1583
f 1551/1551 1583/1583 1530/1530
f 1638/1638 1639/1639 1640/1640
f 1638/1638 1640/1640 1641/1641
f 1642/1642 1643/1643 1644/1644
f 1642/1642 1644/1644 1645/1645
f 1532/1532 1516/1516 1646/1646
f 1532/1532 1646/1646 1647/1647
f 1648/1648 1649/1649 1627/1627
f 1648/1648 1627/1627 1547/1547
f 1650/1650 1651/1651 1648/1648
f 1650/1650 1648/1648 1652/1652
f 1653/1653 1569/1569 1620/1620
f 1653/1653 1620/1620 1654/1654
f 1640/1640 1639/1639 1536/1536
f 1640/1640 1536/1536 1572/1572
f 1508/1508 1507/1507 1446/1446
f 1508/1508 1446/1446 1469/1469
f 1655/1655 1619/1619 1631/1631
f 1655/1655 1631/1631 1656/1656
f 1657/1657 1658/1658 1555/1555
f 1657/1657 1555/1555 1554/1554
f 1479/1479 1659/1659 1660/1660
f 1479/1479 1660/1660 1476/1476
f 1297/1297 1485/1485 1661/1661
f 1297/1297 1661/1661 1184/1184
f 1552/1552 1581/1581 1662/1662
f 1552/1552 1662/1662 1663/1663
f 1664/1664 1610/1610 1557/1557
f 1664/1664 1557/1557 1665/1665
f 1447/1447 1446/1446 1507/1507
f 1447/1447 1507/1507 1666/1666
f 654/654 1667/1667 1668/1668
f 654/654 1668/1668 655/655
f 1669/1669 661/661 660/660
f 1669/1669 660/660 1670/1670
f 1671/1671 663/663 655/655
f 1671/1671 655/655 1668/1668
f 1478/1478 1672/1672 1673/1673
f 1478/1478 1673/1673 1600/1600
f 1674/1674 1675/1675 1631/1631
f 1674/1674 1631/1631 1630/1630
f 1676/1676 1495/1495 1494/1494
f 1676/1676 1494/1494 1677/1677
f 1657/1657 1554/1554 1600/1600
f 1657/1657 1600/1600 1673/1673
f 1678/1678 1679/1679 1541/1541
f 1678/1678 1541/1541 1680/1680
f 1485/1485 1484/1484 1681/1681
f 1485/1485 1681/1681 1661/1661
f 1682/1682 1609/1609 1601/1601
f 1682/1682 1601/1601 1520/1520
f 1683/1683 1638/1638 1684/1684
f 1683/1683 1684/1684 1685/1685
f 1686/1686 1687/1687 1688/1688
f 1686/1686 1688/1688 1689/1689
f 1690/1690 1578/1578 1691/1691
f 1690/1690 1691/1691 1692/1692
f 1693/1693 1694/1694 1610/1610
f 1693/1693 1610/1610 1695/1695
f 1696/1696 1686/1686 1689/1689
f 1696/1696 1689/1689 1697/1697
f 1698/1698 1664/1664 1665/1665
f 1698/1698 1665/1665 1667/1667
f 1699/1699 1522/1522 1578/1578
f 1699/1699 1578/1578 1690/1690
f 1483/1483 1482/1482 1700/1700
f 1483/1483 1700/1700 1558/1558
f 1507/1507 1506/1506 1692/1692
f 1507/1507 1692/1692 1666/1666
f 693/693 1701/1701 1562/1562
f 693/693 1562/1562 616/616
f 1647/1647 1646/1646 1702/1702
f 1647/1647 1702/1702 1703/1703
f 1547/1547 1546/1546 1652/1652
f 1547/1547 1652/1652 1648/1648
f 1638/1638 1641/1641 1704/1704
f 1638/1638 1704/1704 1684/1684
f 1705/1705 1706/1706 1643/1643
f 1705/1705 1643/1643 1701/1701
f 1639/1639 1707/1707 1533/1533
f 1639/1639 1533/1533 1536/1536
f 1708/1708 1581/1581 1582/1582
f 1708/1708 1582/1582 1628/1628
f 1517/1517 1561/1561 1709/1709
f 1517/1517 1709/1709 1518/1518
f 1523/1523 1710/1710 1711/1711
f 1523/1523 1711/1711 1568/1568
f 1712/1712 1666/1666 1692/1692
f 1712/1712 1692/1692 1691/1691
f 1638/1638 1683/1683 1707/1707
f 1638/1638 1707/1707 1639/1639
f 1552/1552 1663/1663 1713/1713
f 1552/1552 1713/1713 1553/1553
f 1582/1582 1555/1555 1658/1658
f 1582/1582 1658/1658 1714/1714
f 1643/1643 1706/1706 1715/1715
f 1643/1643 1715/1715 1644/1644
f 1648/1648 1651/1651 1716/1716
f 1648/1648 1716/1716 1649/1649
f 1506/1506 1604/1604 1690/1690
f 1506/1506 1690/1690 1692/1692
f 1695/1695 1698/1698 1717/1717
f 1695/1695 1717/1717 1693/1693
f 1678/1678 1718/1718 1719/1719
f 1678/1678 1719/1719 1679/1679
f 1720/1720 1721/1721 1559/1559
f 1720/1720 1559/1559 1558/1558
f 1570/1570 1504/1504 1576/1576
f 1570/1570 1576/1576 1571/1571
f 1722/1722 1524/1524 1569/1569
f 1722/1722 1569/1569 1653/1653
f 1704/1704 1641/1641 1723/1723
f 1704/1704 1723/1723 1716/1716
f 1476/1476 1660/1660 1710/1710
f 1476/1476 1710/1710 1523/1523
f 1480/1480 1610/1610 1694/1694
f 1480/1480 1694/1694 1515/1515
f 1572/1572 1450/1450 1724/1724
f 1572/1572 1724/1724 1640/1640
f 1701/1701 1643/1643 1642/1642
f 1701/1701 1642/1642 1562/1562
f 1637/1637 1543/1543 1542/1542
f 1637/1637 1542/1542 1583/1583
f 1549/1549 1714/1714 1680/1680
f 1549/1549 1680/1680 1541/1541
f 718/718 1706/1706 1705/1705
f 718/718 1705/1705 719/719
f 1716/1716 1651/1651 1684/1684
f 1716/1716 1684/1684 1704/1704
f 1675/1675 1720/1720 1719/1719
f 1675/1675 1719/1719 1631/1631
f 1725/1725 1715/1715 722/722
f 1725/1725 722/722 721/721
f 1669/1669 1725/1725 721/721
f 1669/1669 721/721 661/661
f 1726/1726 1646/1646 1516/1516
f 1726/1726 1516/1516 1515/1515
f 1553/1553 1713/1713 1727/1727
f 1553/1553 1727/1727 1599/1599
f 1642/1642 1728/1728 1563/1563
f 1642/1642 1563/1563 1562/1562
f 1723/1723 1641/1641 1640/1640
f 1723/1723 1640/1640 1724/1724
f 1654/1654 1620/1620 1619/1619
f 1654/1654 1619/1619 1655/1655
f 1482/1482 1564/1564 1584/1584
f 1482/1482 1584/1584 1700/1700
f 1729/1729 1477/1477 1524/1524
f 1729/1729 1524/1524 1722/1722
f 1623/1623 1624/1624 1681/1681
f 1623/1623 1681/1681 1484/1484
f 1582/1582 1714/1714 1549/1549
f 1582/1582 1549/1549 1628/1628
f 1700/1700 1584/1584 1679/1679
f 1700/1700 1679/1679 1719/1719
f 1721/1721 1720/1720 1675/1675
f 1721/1721 1675/1675 1674/1674
f 1685/1685 1684/1684 1651/1651
f 1685/1685 1651/1651 1650/1650
f 1561/1561 1517/1517 1409/1409
f 1561/1561 1409/1409 1366/1366
f 1691/1691 1627/1627 1649/1649
f 1691/1691 1649/1649 1712/1712
f 1649/1649 1716/1716 1723/1723
f 1649/1649 1723/1723 1712/1712
f 1656/1656 1631/1631 1719/1719
f 1656/1656 1719/1719 1718/1718
f 1568/1568 1711/1711 1730/1730
f 1568/1568 1730/1730 1621/1621
f 1669/1669 1670/1670 1645/1645
f 1669/1669 1645/1645 1644/1644
f 1690/1690 1604/1604 1607/1607
f 1690/1690 1607/1607 1699/1699
f 1697/1697 1731/1731 1732/1732
f 1697/1697 1732/1732 1696/1696
f 1712/1712 1723/1723 1724/1724
f 1712/1712 1724/1724 1666/1666
f 1699/1699 1607/1607 1633/1633
f 1699/1699 1633/1633 1733/1733
f 1679/1679 1584/1584 1542/1542
f 1679/1679 1542/1542 1541/1541
f 719/719 1705/1705 1701/1701
f 719/719 1701/1701 693/693
f 1720/1720 1558/1558 1700/1700
f 1720/1720 1700/1700 1719/1719
f 1184/1184 1661/1661 1622/1622
f 1184/1184 1622/1622 1185/1185
f 1733/1733 1520/1520 1522/1522
f 1733/1733 1522/1522 1699/1699
f 1627/1627 1691/1691 1578/1578
f 1627/1627 1578/1578 1514/1514
f 1672/1672 1478/1478 1477/1477
f 1672/1672 1477/1477 1729/1729
f 1450/1450 1447/1447 1666/1666
f 1450/1450 1666/1666 1724/1724
f 1659/1659 1479/1479 1599/1599
f 1659/1659 1599/1599 1727/1727
f 731/731 1734/1734 1688/1688
f 731/731 1688/1688 732/732
f 1148/1148 1147/1147 1525/1525
f 1148/1148 1525/1525 1528/1528
f 1735/1735 1736/1736 1737/1737
f 1735/1735 1737/1737 1738/1738
f 1739/1739 1740/1740 1741/1741
f 1739/1739 1741/1741 1742/1742
f 1728/1728 1642/1642 1645/1645
f 1728/1728 1645/1645 1743/1743
f 1728/1728 1744/1744 1560/1560
f 1728/1728 1560/1560 1563/1563
f 1680/1680 1745/1745 1746/1746
f 1680/1680 1746/1746 1678/1678
f 1689/1689 1688/1688 1734/1734
f 1689/1689 1734/1734 1747/1747
f 1748/1748 1702/1702 1749/1749
f 1748/1748 1749/1749 1750/1750
f 1630/1630 1751/1751 1671/1671
f 1630/1630 1671/1671 1674/1674
f 1752/1752 1653/1653 1654/1654
f 1752/1752 1654/1654 1753/1753
f 1729/1729 1754/1754 1755/1755
f 1729/1729 1755/1755 1672/1672
f 1756/1756 1755/1755 1754/1754
f 1756/1756 1754/1754 1757/1757
f 1673/1673 1758/1758 1759/1759
f 1673/1673 1759/1759 1657/1657
f 1760/1760 1761/1761 1762/1762
f 1760/1760 1762/1762 1763/1763
f 1757/1757 1754/1754 1764/1764
f 1757/1757 1764/1764 1765/1765
f 1674/1674 1671/1671 1668/1668
f 1674/1674 1668/1668 1721/1721
f 1766/1766 1736/1736 1767/1767
f 1766/1766 1767/1767 1768/1768
f 1667/1667 1559/1559 1721/1721
f 1667/1667 1721/1721 1668/1668
f 1618/1618 1769/1769 1751/1751
f 1618/1618 1751/1751 1630/1630
f 1770/1770 1739/1739 1771/1771
f 1770/1770 1771/1771 1772/1772
f 1765/1765 1764/1764 1752/1752
f 1765/1765 1752/1752 1773/1773
f 1769/1769 1618/1618 1621/1621
f 1769/1769 1621/1621 1730/1730
f 1774/1774 1775/1775 1776/1776
f 1774/1774 1776/1776 1777/1777
f 1778/1778 1779/1779 1780/1780
f 1778/1778 1780/1780 1759/1759
f 1731/1731 1750/1750 1749/1749
f 1731/1731 1749/1749 1732/1732
f 1781/1781 1782/1782 1731/1731
f 1781/1781 1731/1731 1697/1697
f 1783/1783 1760/1760 1763/1763
f 1783/1783 1763/1763 1784/1784
f 1785/1785 1786/1786 1787/1787
f 1785/1785 1787/1787 1753/1753
f 1788/1788 1789/1789 789/789
f 1788/1788 789/789 788/788
f 1790/1790 1791/1791 1792/1792
f 1790/1790 1792/1792 1789/1789
f 1761/1761 1793/1793 1794/1794
f 1761/1761 1794/1794 1762/1762
f 1795/1795 1758/1758 1755/1755
f 1795/1795 1755/1755 1756/1756
f 1774/1774 1796/1796 1763/1763
f 1774/1774 1763/1763 1762/1762
f 798/798 801/801 1797/1797
f 798/798 1797/1797 1798/1798
f 1799/1799 1800/1800 1694/1694
f 1799/1799 1694/1694 1693/1693
f 1801/1801 1802/1802 1762/1762
f 1801/1801 1762/1762 1794/1794
f 1744/1744 1709/1709 1561/1561
f 1744/1744 1561/1561 1560/1560
f 1782/1782 1803/1803 1750/1750
f 1782/1782 1750/1750 1731/1731
f 1797/1797 1804/1804 1717/1717
f 1797/1797 1717/1717 1798/1798
f 1677/1677 1805/1805 1806/1806
f 1677/1677 1806/1806 1676/1676
f 1739/1739 1770/1770 1807/1807
f 1739/1739 1807/1807 1740/1740
f 1751/1751 811/811 663/663
f 1751/1751 663/663 1671/1671
f 1786/1786 1785/1785 1808/1808
f 1786/1786 1808/1808 1809/1809
f 814/814 1810/1810 1670/1670
f 814/814 1670/1670 660/660
f 1645/1645 1670/1670 1811/1811
f 1645/1645 1811/1811 1743/1743
f 1780/1780 1812/1812 1714/1714
f 1780/1780 1714/1714 1658/1658
f 1653/1653 1752/1752 1764/1764
f 1653/1653 1764/1764 1722/1722
f 1813/1813 1811/1811 1814/1814
f 1813/1813 1814/1814 1815/1815
f 1813/1813 1816/1816 1743/1743
f 1813/1813 1743/1743 1811/1811
f 1817/1817 1746/1746 1745/1745
f 1817/1817 1745/1745 1818/1818
f 1819/1819 1820/1820 1790/1790
f 1819/1819 1790/1790 1821/1821
f 1796/1796 1774/1774 1777/1777
f 1796/1796 1777/1777 1822/1822
f 1775/1775 1823/1823 1824/1824
f 1775/1775 1824/1824 1776/1776
f 1758/1758 1795/1795 1778/1778
f 1758/1758 1778/1778 1759/1759
f 1718/1718 1678/1678 1746/1746
f 1718/1718 1746/1746 1825/1825
f 1743/1743 1816/1816 1744/1744
f 1743/1743 1744/1744 1728/1728
f 1722/1722 1764/1764 1754/1754
f 1722/1722 1754/1754 1729/1729
f 1820/1820 1784/1784 1791/1791
f 1820/1820 1791/1791 1790/1790
f 1747/1747 1781/1781 1697/1697
f 1747/1747 1697/1697 1689/1689
f 1826/1826 1827/1827 1740/1740
f 1826/1826 1740/1740 1807/1807
f 732/732 1688/1688 1687/1687
f 732/732 1687/1687 833/833
f 1828/1828 1829/1829 1830/1830
f 1828/1828 1830/1830 1831/1831
f 1804/1804 1799/1799 1693/1693
f 1804/1804 1693/1693 1717/1717
f 1702/1702 1748/1748 1832/1832
f 1702/1702 1832/1832 1703/1703
f 1791/1791 1796/1796 1822/1822
f 1791/1791 1822/1822 1792/1792
f 1810/1810 1814/1814 1811/1811
f 1810/1810 1811/1811 1670/1670
f 1816/1816 1813/1813 1815/1815
f 1816/1816 1815/1815 1833/1833
f 1740/1740 1827/1827 1793/1793
f 1740/1740 1793/1793 1741/1741
f 1718/1718 1825/1825 1808/1808
f 1718/1718 1808/1808 1656/1656
f 1807/1807 1834/1834 1835/1835
f 1807/1807 1835/1835 1826/1826
f 1677/1677 1494/1494 1504/1504
f 1677/1677 1504/1504 1570/1570
f 1753/1753 1654/1654 1655/1655
f 1753/1753 1655/1655 1785/1785
f 1823/1823 1775/1775 1802/1802
f 1823/1823 1802/1802 1801/1801
f 1785/1785 1655/1655 1656/1656
f 1785/1785 1656/1656 1808/1808
f 1779/1779 1836/1836 1812/1812
f 1779/1779 1812/1812 1780/1780
f 1784/1784 1763/1763 1796/1796
f 1784/1784 1796/1796 1791/1791
f 1837/1837 1770/1770 1772/1772
f 1837/1837 1772/1772 1738/1738
f 1770/1770 1837/1837 1834/1834
f 1770/1770 1834/1834 1807/1807
f 1748/1748 1750/1750 1803/1803
f 1748/1748 1803/1803 1832/1832
f 1769/1769 844/844 811/811
f 1769/1769 811/811 1751/1751
f 1709/1709 1744/1744 1816/1816
f 1709/1709 1816/1816 1833/1833
f 1570/1570 1539/1539 1805/1805
f 1570/1570 1805/1805 1677/1677
f 1838/1838 1839/1839 1840/1840
f 1838/1838 1840/1840 1841/1841
f 1759/1759 1780/1780 1658/1658
f 1759/1759 1658/1658 1657/1657
f 1834/1834 1737/1737 1842/1842
f 1834/1834 1842/1842 1835/1835
f 1817/1817 1843/1843 1825/1825
f 1817/1817 1825/1825 1746/1746
f 1789/1789 1788/1788 1821/1821
f 1789/1789 1821/1821 1790/1790
f 1164/1164 1163/1163 1703/1703
f 1164/1164 1703/1703 1832/1832
f 1812/1812 1836/1836 1818/1818
f 1812/1812 1818/1818 1745/1745
f 1837/1837 1738/1738 1737/1737
f 1837/1837 1737/1737 1834/1834
f 1800/1800 1726/1726 1515/1515
f 1800/1800 1515/1515 1694/1694
f 1802/1802 1775/1775 1774/1774
f 1802/1802 1774/1774 1762/1762
f 1737/1737 1736/1736 1766/1766
f 1737/1737 1766/1766 1842/1842
f 1773/1773 1752/1752 1753/1753
f 1773/1773 1753/1753 1787/1787
f 1809/1809 1808/1808 1825/1825
f 1809/1809 1825/1825 1843/1843
f 1709/1709 1833/1833 1635/1635
f 1709/1709 1635/1635 1518/1518
f 1745/1745 1680/1680 1714/1714
f 1745/1745 1714/1714 1812/1812
f 1163/1163 1148/1148 1528/1528
f 1163/1163 1528/1528 1703/1703
f 1672/1672 1755/1755 1758/1758
f 1672/1672 1758/1758 1673/1673
f 1844/1844 1783/1783 1784/1784
f 1844/1844 1784/1784 1820/1820
f 1845/1845 1771/1771 1846/1846
f 1845/1845 1846/1846 1847/1847
f 1848/1848 1849/1849 1850/1850
f 1848/1848 1850/1850 1851/1851
f 1708/1708 1852/1852 1853/1853
f 1708/1708 1853/1853 1850/1850
f 1854/1854 1855/1855 1713/1713
f 1854/1854 1713/1713 1663/1663
f 1856/1856 1857/1857 1858/1858
f 1856/1856 1858/1858 1859/1859
f 1860/1860 1861/1861 1862/1862
f 1860/1860 1862/1862 1863/1863
f 1864/1864 1865/1865 1863/1863
f 1864/1864 1863/1863 1862/1862
f 1866/1866 1867/1867 1831/1831
f 1866/1866 1831/1831 1830/1830
f 1859/1859 1858/1858 1868/1868
f 1859/1859 1868/1868 1855/1855
f 1869/1869 1870/1870 1871/1871
f 1869/1869 1871/1871 1860/1860
f 1872/1872 1838/1838 1841/1841
f 1872/1872 1841/1841 1847/1847
f 1873/1873 1874/1874 1875/1875
f 1873/1873 1875/1875 1876/1876
f 1861/1861 1877/1877 1878/1878
f 1861/1861 1878/1878 1862/1862
f 1879/1879 1880/1880 1850/1850
f 1879/1879 1850/1850 1853/1853
f 1881/1881 1882/1882 1883/1883
f 1881/1881 1883/1883 1884/1884
f 1885/1885 1854/1854 1663/1663
f 1885/1885 1663/1663 1662/1662
f 1886/1886 1885/1885 1887/1887
f 1886/1886 1887/1887 1888/1888
f 1885/1885 1886/1886 1889/1889
f 1885/1885 1889/1889 1854/1854
f 1855/1855 1868/1868 1840/1840
f 1855/1855 1840/1840 1713/1713
f 1815/1815 1801/1801 1794/1794
f 1815/1815 1794/1794 1833/1833
f 1867/1867 1866/1866 1884/1884
f 1867/1867 1884/1884 1883/1883
f 1849/1849 1888/1888 1708/1708
f 1849/1849 1708/1708 1850/1850
f 1866/1866 1710/1710 1660/1660
f 1866/1866 1660/1660 1884/1884
f 1890/1890 1883/1883 1882/1882
f 1890/1890 1882/1882 1891/1891
f 1739/1739 1742/1742 1846/1846
f 1739/1739 1846/1846 1771/1771
f 1892/1892 1865/1865 1893/1893
f 1892/1892 1893/1893 1894/1894
f 1894/1894 1895/1895 1896/1896
f 1894/1894 1896/1896 1892/1892
f 1876/1876 1875/1875 1846/1846
f 1876/1876 1846/1846 1742/1742
f 1896/1896 1897/1897 1593/1593
f 1896/1896 1593/1593 1626/1626
f 1897/1897 1898/1898 1594/1594
f 1897/1897 1594/1594 1593/1593
f 1898/1898 1880/1880 1611/1611
f 1898/1898 1611/1611 1594/1594
f 1899/1899 1876/1876 1742/1742
f 1899/1899 1742/1742 1741/1741
f 1839/1839 1727/1727 1713/1713
f 1839/1839 1713/1713 1840/1840
f 1875/1875 1872/1872 1847/1847
f 1875/1875 1847/1847 1846/1846
f 1788/1788 1828/1828 1831/1831
f 1788/1788 1831/1831 1821/1821
f 1628/1628 1629/1629 1852/1852
f 1628/1628 1852/1852 1708/1708
f 1889/1889 1859/1859 1855/1855
f 1889/1889 1855/1855 1854/1854
f 1900/1900 1893/1893 1865/1865
f 1900/1900 1865/1865 1864/1864
f 1872/1872 1875/1875 1874/1874
f 1872/1872 1874/1874 1901/1901
f 1858/1858 1902/1902 1903/1903
f 1858/1858 1903/1903 1868/1868
f 1814/1814 1823/1823 1801/1801
f 1814/1814 1801/1801 1815/1815
f 1904/1904 1905/1905 1906/1906
f 1904/1904 1906/1906 1907/1907
f 1760/1760 1908/1908 1899/1899
f 1760/1760 1899/1899 1761/1761
f 1905/1905 1895/1895 1856/1856
f 1905/1905 1856/1856 1906/1906
f 1906/1906 1856/1856 1859/1859
f 1906/1906 1859/1859 1889/1889
f 1909/1909 1910/1910 1877/1877
f 1909/1909 1877/1877 1861/1861
f 1863/1863 1911/1911 1869/1869
f 1863/1863 1869/1869 1860/1860
f 1857/1857 1912/1912 1902/1902
f 1857/1857 1902/1902 1858/1858
f 1911/1911 1863/1863 1865/1865
f 1911/1911 1865/1865 1892/1892
f 1883/1883 1890/1890 1819/1819
f 1883/1883 1819/1819 1867/1867
f 1880/1880 1898/1898 1851/1851
f 1880/1880 1851/1851 1850/1850
f 1901/1901 1874/1874 1881/1881
f 1901/1901 1881/1881 1659/1659
f 1881/1881 1884/1884 1660/1660
f 1881/1881 1660/1660 1659/1659
f 1908/1908 1873/1873 1876/1876
f 1908/1908 1876/1876 1899/1899
f 1861/1861 1860/1860 1871/1871
f 1861/1861 1871/1871 1909/1909
f 1857/1857 1856/1856 1895/1895
f 1857/1857 1895/1895 1894/1894
f 1838/1838 1872/1872 1901/1901
f 1838/1838 1901/1901 1839/1839
f 1913/1913 1851/1851 1898/1898
f 1913/1913 1898/1898 1897/1897
f 1845/1845 1903/1903 1902/1902
f 1845/1845 1902/1902 1914/1914
f 1851/1851 1913/1913 1904/1904
f 1851/1851 1904/1904 1848/1848
f 1890/1890 1844/1844 1820/1820
f 1890/1890 1820/1820 1819/1819
f 1711/1711 1830/1830 1829/1829
f 1711/1711 1829/1829 1730/1730
f 1891/1891 1783/1783 1844/1844
f 1891/1891 1844/1844 1890/1890
f 1914/1914 1902/1902 1912/1912
f 1914/1914 1912/1912 1915/1915
f 1829/1829 1828/1828 924/924
f 1829/1829 924/924 923/923
f 1894/1894 1893/1893 1912/1912
f 1894/1894 1912/1912 1857/1857
f 1662/1662 1916/1916 1887/1887
f 1662/1662 1887/1887 1885/1885
f 1880/1880 1879/1879 1636/1636
f 1880/1880 1636/1636 1611/1611
f 1917/1917 1918/1918 1919/1919
f 1917/1917 1919/1919 1920/1920
f 1848/1848 1904/1904 1907/1907
f 1848/1848 1907/1907 1849/1849
f 1900/1900 1735/1735 1738/1738
f 1900/1900 1738/1738 1915/1915
f 1919/1919 1909/1909 1921/1921
f 1919/1919 1921/1921 1682/1682
f 1581/1581 1708/1708 1916/1916
f 1581/1581 1916/1916 1662/1662
f 1922/1922 1864/1864 1862/1862
f 1922/1922 1862/1862 1878/1878
f 1891/1891 1882/1882 1873/1873
f 1891/1891 1873/1873 1908/1908
f 1730/1730 1829/1829 923/923
f 1730/1730 923/923 932/932
f 1810/1810 814/814 933/933
f 1810/1810 933/933 1824/1824
f 934/934 935/935 1777/1777
f 934/934 1777/1777 1776/1776
f 1893/1893 1900/1900 1915/1915
f 1893/1893 1915/1915 1912/1912
f 1907/1907 1906/1906 1889/1889
f 1907/1907 1889/1889 1886/1886
f 1868/1868 1903/1903 1841/1841
f 1868/1868 1841/1841 1840/1840
f 1903/1903 1845/1845 1847/1847
f 1903/1903 1847/1847 1841/1841
f 1710/1710 1866/1866 1830/1830
f 1710/1710 1830/1830 1711/1711
f 1918/1918 1910/1910 1909/1909
f 1918/1918 1909/1909 1919/1919
f 1849/1849 1907/1907 1886/1886
f 1849/1849 1886/1886 1888/1888
f 1867/1867 1819/1819 1821/1821
f 1867/1867 1821/1821 1831/1831
f 1897/1897 1896/1896 1895/1895
f 1897/1897 1895/1895 1913/1913
f 1914/1914 1772/1772 1771/1771
f 1914/1914 1771/1771 1845/1845
f 1761/1761 1899/1899 1741/1741
f 1761/1761 1741/1741 1793/1793
f 1814/1814 1810/1810 1824/1824
f 1814/1814 1824/1824 1823/1823
f 788/788 924/924 1828/1828
f 788/788 1828/1828 1788/1788
f 1727/1727 1839/1839 1901/1901
f 1727/1727 1901/1901 1659/1659
f 1887/1887 1916/1916 1708/1708
f 1887/1887 1708/1708 1888/1888
f 1882/1882 1881/1881 1874/1874
f 1882/1882 1874/1874 1873/1873
f 1783/1783 1891/1891 1908/1908
f 1783/1783 1908/1908 1760/1760
f 1913/1913 1895/1895 1905/1905
f 1913/1913 1905/1905 1904/1904
f 1735/1735 1900/1900 1864/1864
f 1735/1735 1864/1864 1922/1922
f 1915/1915 1738/1738 1772/1772
f 1915/1915 1772/1772 1914/1914
f 1923/1923 1917/1917 1920/1920
f 1923/1923 1920/1920 1924/1924
f 1892/1892 1896/1896 1626/1626
f 1892/1892 1626/1626 1911/1911
f 1836/1836 1779/1779 1925/1925
f 1836/1836 1925/1925 1926/1926
f 1927/1927 1928/1928 1843/1843
f 1927/1927 1843/1843 1817/1817
f 1927/1927 1817/1817 1818/1818
f 1927/1927 1818/1818 1929/1929
f 1747/1747 1734/1734 1140/1140
f 1747/1747 1140/1140 1139/1139
f 1922/1922 1930/1930 1736/1736
f 1922/1922 1736/1736 1735/1735
f 1931/1931 1932/1932 1933/1933
f 1931/1931 1933/1933 1934/1934
f 1158/1158 1106/1106 1782/1782
f 1158/1158 1782/1782 1781/1781
f 1935/1935 1936/1936 1566/1566
f 1935/1935 1566/1566 1635/1635
f 1538/1538 1537/1537 1937/1937
f 1538/1538 1937/1937 1930/1930
f 1869/1869 1608/1608 1609/1609
f 1869/1869 1609/1609 1870/1870
f 1930/1930 1922/1922 1878/1878
f 1930/1930 1878/1878 1538/1538
f 1938/1938 1939/1939 1940/1940
f 1938/1938 1940/1940 1941/1941
f 1932/1932 1931/1931 1942/1942
f 1932/1932 1942/1942 1943/1943
f 1931/1931 1934/1934 1944/1944
f 1931/1931 1944/1944 1942/1942
f 1767/1767 1736/1736 1930/1930
f 1767/1767 1930/1930 1937/1937
f 1105/1105 1164/1164 1832/1832
f 1105/1105 1832/1832 1803/1803
f 1945/1945 1946/1946 1475/1475
f 1945/1945 1475/1475 1474/1474
f 1805/1805 1878/1878 1877/1877
f 1805/1805 1877/1877 1806/1806
f 1947/1947 1488/1488 1491/1491
f 1947/1947 1491/1491 1948/1948
f 1946/1946 1949/1949 1612/1612
f 1946/1946 1612/1612 1475/1475
f 1805/1805 1539/1539 1538/1538
f 1805/1805 1538/1538 1878/1878
f 1495/1495 1676/1676 1910/1910
f 1495/1495 1910/1910 1613/1613
f 1836/1836 1926/1926 1929/1929
f 1836/1836 1929/1929 1818/1818
f 1910/1910 1676/1676 1806/1806
f 1910/1910 1806/1806 1877/1877
f 1950/1950 1778/1778 1795/1795
f 1950/1950 1795/1795 1951/1951
f 1952/1952 1786/1786 1809/1809
f 1952/1952 1809/1809 1953/1953
f 1936/1936 1954/1954 1567/1567
f 1936/1936 1567/1567 1566/1566
f 1955/1955 1787/1787 1786/1786
f 1955/1955 1786/1786 1952/1952
f 1953/1953 1809/1809 1843/1843
f 1953/1953 1843/1843 1928/1928
f 1793/1793 1827/1827 1935/1935
f 1793/1793 1935/1935 1794/1794
f 1803/1803 1782/1782 1106/1106
f 1803/1803 1106/1106 1105/1105
f 1956/1956 1765/1765 1773/1773
f 1956/1956 1773/1773 1957/1957
f 1949/1949 1948/1948 1491/1491
f 1949/1949 1491/1491 1612/1612
f 1768/1768 1949/1949 1946/1946
f 1768/1768 1946/1946 1766/1766
f 135/135 1140/1140 1734/1734
f 135/135 1734/1734 731/731
f 1787/1787 1955/1955 1957/1957
f 1787/1787 1957/1957 1773/1773
f 1826/1826 1835/1835 1954/1954
f 1826/1826 1954/1954 1936/1936
f 1911/1911 1626/1626 1608/1608
f 1911/1911 1608/1608 1869/1869
f 1625/1625 1613/1613 1917/1917
f 1625/1625 1917/1917 1923/1923
f 1935/1935 1635/1635 1833/1833
f 1935/1935 1833/1833 1794/1794
f 1779/1779 1778/1778 1950/1950
f 1779/1779 1950/1950 1925/1925
f 1139/1139 1158/1158 1781/1781
f 1139/1139 1781/1781 1747/1747
f 1924/1924 1920/1920 1633/1633
f 1924/1924 1633/1633 1632/1632
f 1946/1946 1945/1945 1842/1842
f 1946/1946 1842/1842 1766/1766
f 1958/1958 1959/1959 1960/1960
f 1958/1958 1960/1960 1961/1961
f 1757/1757 1962/1962 1963/1963
f 1757/1757 1963/1963 1756/1756
f 1951/1951 1795/1795 1756/1756
f 1951/1951 1756/1756 1963/1963
f 1682/1682 1520/1520 1733/1733
f 1682/1682 1733/1733 1919/1919
f 1948/1948 1949/1949 1768/1768
f 1948/1948 1768/1768 1767/1767
f 1954/1954 1945/1945 1474/1474
f 1954/1954 1474/1474 1567/1567
f 1918/1918 1917/1917 1613/1613
f 1918/1918 1613/1613 1910/1910
f 1947/1947 1565/1565 1496/1496
f 1947/1947 1496/1496 1488/1488
f 1945/1945 1954/1954 1835/1835
f 1945/1945 1835/1835 1842/1842
f 1765/1765 1956/1956 1962/1962
f 1765/1765 1962/1962 1757/1757
f 1733/1733 1633/1633 1920/1920
f 1733/1733 1920/1920 1919/1919
f 1936/1936 1935/1935 1827/1827
f 1936/1936 1827/1827 1826/1826
f 1665/1665 1557/1557 1559/1559
f 1665/1665 1559/1559 1667/1667
f 1350/1350 1964/1964 1965/1965
f 1350/1350 1965/1965 1367/1367
f 1187/1187 1190/1190 1454/1454
f 1187/1187 1454/1454 1312/1312
f 1966/1966 1617/1617 1603/1603
f 1966/1966 1603/1603 1967/1967
f 1214/1214 1210/1210 1203/1203
f 1214/1214 1203/1203 1283/1283
f 1346/1346 1968/1968 1969/1969
f 1346/1346 1969/1969 1347/1347
f 1283/1283 1203/1203 1202/1202
f 1283/1283 1202/1202 1300/1300
f 1300/1300 1202/1202 1458/1458
f 1300/1300 1458/1458 1438/1438
f 1213/1213 1292/1292 1210/1210
f 1213/1213 1210/1210 1214/1214
f 1452/1452 1282/1282 1292/1292
f 1452/1452 1292/1292 1213/1213
f 1528/1528 1617/1617 1966/1966
f 1528/1528 1966/1966 1703/1703
f 1595/1595 1623/1623 1576/1576
f 1595/1595 1576/1576 1575/1575
f 1487/1487 1540/1540 1571/1571
f 1487/1487 1571/1571 1484/1484
f 1947/1947 1937/1937 1537/1537
f 1947/1947 1537/1537 1565/1565
f 1463/1463 1276/1276 1275/1275
f 1463/1463 1275/1275 1303/1303
f 1338/1338 1467/1467 1461/1461
f 1338/1338 1461/1461 1970/1970
f 1339/1339 1971/1971 1964/1964
f 1339/1339 1964/1964 1350/1350
f 1647/1647 1967/1967 1972/1972
f 1647/1647 1972/1972 1532/1532
f 1439/1439 1464/1464 1276/1276
f 1439/1439 1276/1276 1463/1463
f 1973/1973 1974/1974 1452/1452
f 1973/1973 1452/1452 1975/1975
f 1948/1948 1767/1767 1937/1937
f 1948/1948 1937/1937 1947/1947
f 1253/1253 1261/1261 1262/1262
f 1253/1253 1262/1262 1254/1254
f 1258/1258 1261/1261 1253/1253
f 1258/1258 1253/1253 1287/1287
f 1390/1390 1403/1403 1454/1454
f 1390/1390 1454/1454 1190/1190
f 1565/1565 1537/1537 1540/1540
f 1565/1565 1540/1540 1487/1487
f 1967/1967 1603/1603 1591/1591
f 1967/1967 1591/1591 1972/1972
f 1972/1972 1591/1591 1529/1529
f 1972/1972 1529/1529 1532/1532
f 1367/1367 1965/1965 1968/1968
f 1367/1367 1968/1968 1346/1346
f 654/654 798/798 1798/1798
f 654/654 1798/1798 1667/1667
f 1338/1338 1970/1970 1971/1971
f 1338/1338 1971/1971 1339/1339
f 1703/1703 1966/1966 1967/1967
f 1703/1703 1967/1967 1647/1647
f 1438/1438 1458/1458 1464/1464
f 1438/1438 1464/1464 1439/1439
f 1623/1623 1484/1484 1571/1571
f 1623/1623 1571/1571 1576/1576
f 1698/1698 1667/1667 1798/1798
f 1698/1698 1798/1798 1717/1717
f 1462/1462 1461/1461 1467/1467
f 1462/1462 1467/1467 1277/1277
f 1646/1646 1726/1726 1749/1749
f 1646/1646 1749/1749 1702/1702
f 1928/1928 1927/1927 1976/1976
f 1928/1928 1976/1976 1977/1977
f 1978/1978 1979/1979 1942/1942
f 1978/1978 1942/1942 1944/1944
f 1977/1977 1976/1976 1959/1959
f 1977/1977 1959/1959 1980/1980
f 1959/1959 1976/1976 1981/1981
f 1959/1959 1981/1981 1960/1960
f 1944/1944 1934/1934 1961/1961
f 1944/1944 1961/1961 1960/1960
f 1225/1225 1969/1969 1968/1968
f 1225/1225 1968/1968 1222/1222
f 1961/1961 1934/1934 1933/1933
f 1961/1961 1933/1933 1958/1958
f 1982/1982 1941/1941 1983/1983
f 1982/1982 1983/1983 1984/1984
f 1985/1985 1986/1986 1939/1939
f 1985/1985 1939/1939 1938/1938
f 1938/1938 1941/1941 1982/1982
f 1938/1938 1982/1982 1985/1985
f 1976/1976 1927/1927 1929/1929
f 1976/1976 1929/1929 1981/1981
f 1942/1942 1979/1979 1987/1987
f 1942/1942 1987/1987 1943/1943
f 1962/1962 1988/1988 1987/1987
f 1962/1962 1987/1987 1963/1963
f 1925/1925 1950/1950 1978/1978
f 1925/1925 1978/1978 1926/1926
f 1989/1989 1939/1939 1986/1986
f 1989/1989 1986/1986 1988/1988
f 1964/1964 1245/1245 1244/1244
f 1964/1964 1244/1244 1965/1965
f 1978/1978 1944/1944 1960/1960
f 1978/1978 1960/1960 1981/1981
f 1939/1939 1989/1989 1990/1990
f 1939/1939 1990/1990 1940/1940
f 1470/1470 1471/1471 1598/1598
f 1470/1470 1598/1598 1597/1597
f 1984/1984 1983/1983 1991/1991
f 1984/1984 1991/1991 1980/1980
f 1990/1990 1992/1992 1991/1991
f 1990/1990 1991/1991 1940/1940
f 1990/1990 1957/1957 1955/1955
f 1990/1990 1955/1955 1952/1952
f 1965/1965 1244/1244 1222/1222
f 1965/1965 1222/1222 1968/1968
f 1980/1980 1991/1991 1992/1992
f 1980/1980 1992/1992 1977/1977
f 1988/1988 1986/1986 1943/1943
f 1988/1988 1943/1943 1987/1987
f 1471/1471 1622/1622 1624/1624
f 1471/1471 1624/1624 1598/1598
f 1252/1252 1379/1379 1404/1404
f 1252/1252 1404/1404 1286/1286
f 1926/1926 1978/1978 1981/1981
f 1926/1926 1981/1981 1929/1929
f 1970/1970 1461/1461 1434/1434
f 1970/1970 1434/1434 1301/1301
f 1963/1963 1987/1987 1979/1979
f 1963/1963 1979/1979 1951/1951
f 1983/1983 1941/1941 1940/1940
f 1983/1983 1940/1940 1991/1991
f 1956/1956 1989/1989 1988/1988
f 1956/1956 1988/1988 1962/1962
f 1951/1951 1979/1979 1978/1978
f 1951/1951 1978/1978 1950/1950
f 1992/1992 1990/1990 1952/1952
f 1992/1992 1952/1952 1953/1953
f 1970/1970 1301/1301 1290/1290
f 1970/1970 1290/1290 1971/1971
f 1971/1971 1290/1290 1245/1245
f 1971/1971 1245/1245 1964/1964
f 1957/1957 1990/1990 1989/1989
f 1957/1957 1989/1989 1956/1956
f 1953/1953 1928/1928 1977/1977
f 1953/1953 1977/1977 1992/1992
f 1622/1622 1661/1661 1681/1681
f 1622/1622 1681/1681 1624/1624
f 1792/1792 1006/1006 789/789
f 1792/1792 789/789 1789/1789
f 1609/1609 1682/1682 1921/1921
f 1609/1609 1921/1921 1870/1870
f 1799/1799 1804/1804 1686/1686
f 1799/1799 1686/1686 1696/1696
f 1993/1993 1224/1224 1223/1223
f 1993/1993 1223/1223 1035/1035
f 1822/1822 1008/1008 1006/1006
f 1822/1822 1006/1006 1792/1792
f 1037/1037 1036/1036 1974/1974
f 1037/1037 1974/1974 1973/1973
f 1036/1036 1282/1282 1452/1452
f 1036/1036 1452/1452 1974/1974
f 1994/1994 1993/1993 1035/1035
f 1994/1994 1035/1035 1034/1034
f 1800/1800 1799/1799 1696/1696
f 1800/1800 1696/1696 1732/1732
f 1975/1975 1045/1045 1044/1044
f 1975/1975 1044/1044 1315/1315
f 1776/1776 1824/1824 933/933
f 1776/1776 933/933 934/934
f 1299/1299 1045/1045 1975/1975
f 1299/1299 1975/1975 1452/1452
f 1315/1315 1044/1044 1218/1218
f 1315/1315 1218/1218 1316/1316
f 1316/1316 1218/1218 1217/1217
f 1316/1316 1217/1217 1995/1995
f 1726/1726 1800/1800 1732/1732
f 1726/1726 1732/1732 1749/1749
f 932/932 844/844 1769/1769
f 932/932 1769/1769 1730/1730
f 1315/1315 1037/1037 1973/1973
f 1315/1315 1973/1973 1975/1975
f 1804/1804 1797/1797 1687/1687
f 1804/1804 1687/1687 1686/1686
f 1822/1822 1777/1777 935/935
f 1822/1822 935/935 1008/1008
f 1995/1995 1994/1994 1034/1034
f 1995/1995 1034/1034 1316/1316
f 833/833 1687/1687 1797/1797
f 833/833 1797/1797 801/801
f 1921/1921 1909/1909 1871/1871
f 1921/1921 1871/1871 1870/1870
f 1664/1664 1698/1698 1695/1695
f 1664/1664 1695/1695 1610/1610
f 1575/1575 1574/1574 1596/1596
f 1575/1575 1596/1596 1595/1595
f 1996/1996 1054/1054 1997/1997
f 1996/1996 1997/1997 1998/1998
f 1154/1154 1074/1074 1999/1999
f 1154/1154 1999/1999 2000/2000
f 2001/2001 2002/2002 2003/2003
f 2001/2001 2003/2003 1998/1998
f 2000/2000 2004/2004 1174/1174
f 2000/2000 1174/1174 1154/1154
f 1020/1020 1999/1999 1074/1074
f 1020/1020 1074/1074 41/41
f 1175/1175 1174/1174 2004/2004
f 1175/1175 2004/2004 2005/2005
f 722/722 1715/1715 1706/1706
f 722/722 1706/1706 718/718
f 1644/1644 1715/1715 1725/1725
f 1644/1644 1725/1725 1669/1669
f 1958/1958 1984/1984 1980/1980
f 1958/1958 1980/1980 1959/1959
f 1932/1932 1943/1943 1986/1986
f 1932/1932 1986/1986 1985/1985
f 1933/1933 1932/1932 1985/1985
f 1933/1933 1985/1985 1982/1982
f 1933/1933 1982/1982 1984/1984
f 1933/1933 1984/1984 1958/1958
f 1059/1059 1058/1058 1145/1145
f 1059/1059 1145/1145 1162/1162
f 1134/1134 1133/1133 1177/1177
f 1134/1134 1177/1177 1117/1117
f 1155/1155 1059/1059 1162/1162
f 1155/1155 1162/1162 1161/1161
f 1169/1169 1058/1058 1057/1057
f 1169/1169 1057/1057 1108/1108
f 1134/1134 1090/1090 1100/1100
f 1134/1134 1100/1100 1099/1099
f 1116/1116 1115/1115 1122/1122
f 1116/1116 1122/1122 1167/1167
f 1115/1115 1041/1041 1040/1040
f 1115/1115 1040/1040 1143/1143
f 1090/1090 1089/1089 1111/1111
f 1090/1090 1111/1111 1100/1100
f 1089/1089 1124/1124 1123/1123
f 1089/1089 1123/1123 1111/1111
f 1142/1142 1124/1124 1089/1089
f 1142/1142 1089/1089 1092/1092
f 1062/1062 1061/1061 2006/2006
f 1062/1062 2006/2006 1209/1209
f 1062/1062 1208/1208 1304/1304
f 1062/1062 1304/1304 1063/1063
f 1246/1246 1152/1152 1309/1309
f 1246/1246 1309/1309 1305/1305
f 1208/1208 1246/1246 1305/1305
f 1208/1208 1305/1305 1304/1304
f 1152/1152 126/126 291/291
f 1152/1152 291/291 1309/1309
f 1071/1071 1070/1070 2007/2007
f 1071/1071 2007/2007 2008/2008
f 1079/1079 1078/1078 2009/2009
f 1079/1079 2009/2009 1181/1181
f 1070/1070 1087/1087 1149/1149
f 1070/1070 1149/1149 2007/2007
f 1096/1096 1095/1095 2009/2009
f 1096/1096 2009/2009 2010/2010
f 1130/1130 1129/1129 1072/1072
f 1130/1130 1072/1072 1136/1136
f 1137/1137 1071/1071 2008/2008
f 1137/1137 2008/2008 2011/2011
f 1996/1996 2012/2012 1150/1150
f 1996/1996 1150/1150 1179/1179
f 1095/1095 1160/1160 1181/1181
f 1095/1095 1181/1181 2009/2009
f 1166/1166 1165/1165 1132/1132
f 1166/1166 1132/1132 1131/1131
f 1129/1129 1165/1165 1073/1073
f 1129/1129 1073/1073 1072/1072
f 1168/1168 1079/1079 1181/1181
f 1168/1168 1181/1181 1180/1180
f 1078/1078 1178/1178 2010/2010
f 1078/1078 2010/2010 2009/2009
f 1182/1182 1160/1160 1159/1159
f 1182/1182 1159/1159 2013/2013
f 2005/2005 2014/2014 1997/1997
f 2005/2005 1997/1997 1175/1175
f 2015/2015 2012/2012 2003/2003
f 2015/2015 2003/2003 2016/2016
f 1054/1054 1053/1053 1175/1175
f 1054/1054 1175/1175 1997/1997
f 1998/1998 1997/1997 2014/2014
f 1998/1998 2014/2014 2001/2001
f 1998/1998 2003/2003 2012/2012
f 1998/1998 2012/2012 1996/1996
f 2016/2016 2003/2003 2002/2002
f 2016/2016 2002/2002 2017/2017
f 1151/1151 1150/1150 2012/2012
f 1151/1151 2012/2012 2015/2015
f 1179/1179 1055/1055 1054/1054
f 1179/1179 1054/1054 1996/1996
f 1179/1179 1150/1150 1087/1087
f 1179/1179 1087/1087 1088/1088
f 1131/1131 1052/1052 1055/1055
f 1131/1131 1055/1055 1166/1166

