# https://github.com/mikedh/trimesh
mtllib material.mtl
usemtl 1_Pupil
v 0.04464353 0.10354141 -0.17345745
v 0.04437993 0.10366290 -0.17364725
v 0.04434319 0.10402559 -0.17332831
v 0.04458067 0.10391561 -0.17315691
v 0.04495174 0.10349179 -0.17330904
v 0.04485837 0.10387254 -0.17302450
v 0.04528212 0.10351079 -0.17320834
v 0.04515611 0.10389071 -0.17293461
v 0.04561315 0.10360178 -0.17316534
v 0.04545431 0.10397163 -0.17289502
v 0.04573358 0.10410735 -0.17290644
v 0.04592309 0.10375421 -0.17317947
v 0.04618908 0.10396380 -0.17325423
v 0.04597324 0.10429669 -0.17297417
v 0.04639325 0.10421348 -0.17338223
v 0.04615719 0.10452199 -0.17308973
v 0.04652289 0.10448373 -0.17355339
v 0.04627396 0.10476653 -0.17324479
v 0.04631538 0.10501285 -0.17342815
v 0.04656884 0.10475779 -0.17375738
v 0.04652680 0.10501973 -0.17398162
v 0.04627749 0.10524830 -0.17362968
v 0.04640084 0.10524977 -0.17421015
v 0.04616399 0.10545549 -0.17383554
v 0.04598284 0.10561968 -0.17403117
v 0.04619975 0.10543190 -0.17442714
v 0.04593616 0.10555334 -0.17461686
v 0.04574536 0.10572968 -0.17420258
v 0.04562767 0.10560101 -0.17476260
v 0.04546739 0.10577316 -0.17433432
v 0.04529715 0.10558024 -0.17486171
v 0.04516965 0.10575450 -0.17442366
v 0.04496624 0.10549101 -0.17490630
v 0.04487144 0.10567404 -0.17446380
v 0.04459240 0.10553793 -0.17445306
v 0.04465658 0.10534055 -0.17489487
v 0.04439057 0.10513101 -0.17482019
v 0.04435272 0.10534857 -0.17438531
v 0.04418620 0.10488147 -0.17469130
v 0.04416860 0.10512366 -0.17426905
v 0.04405662 0.10460893 -0.17451829
v 0.04405186 0.10487815 -0.17411321
v 0.04401062 0.10462954 -0.17392886
v 0.04401084 0.10433237 -0.17431312
v 0.04405273 0.10407291 -0.17409004
v 0.04404836 0.10439639 -0.17372830
v 0.04417868 0.10384519 -0.17386337
v 0.04416184 0.10419016 -0.17352324
v 0.04441215 0.10433770 -0.17317577
v 0.04460704 0.10424497 -0.17303383
v 0.04483750 0.10421261 -0.17292626
v 0.04508342 0.10422466 -0.17285046
v 0.04532954 0.10429443 -0.17281934
v 0.04556141 0.10440367 -0.17282647
v 0.04575783 0.10456152 -0.17288344
v 0.04591220 0.10474608 -0.17297787
v 0.04600617 0.10494910 -0.17310695
v 0.04604308 0.10515286 -0.17325808
v 0.04600907 0.10534731 -0.17342509
v 0.04591783 0.10551901 -0.17359539
v 0.04576577 0.10565344 -0.17375581
v 0.04557117 0.10574567 -0.17389865
v 0.04534033 0.10578058 -0.17400669
v 0.04509461 0.10576659 -0.17408237
v 0.04484828 0.10569877 -0.17411361
v 0.04461671 0.10558692 -0.17410599
v 0.04442004 0.10542965 -0.17404818
v 0.04426590 0.10524430 -0.17395429
v 0.04417168 0.10504174 -0.17382426
v 0.04413510 0.10483554 -0.17367259
v 0.04416879 0.10464353 -0.17350612
v 0.04426029 0.10447135 -0.17333675
v 0.04460833 0.10470393 -0.17313060
v 0.04469687 0.10456233 -0.17302458
v 0.04487638 0.10462416 -0.17297224
v 0.04503876 0.10454756 -0.17289276
v 0.04518685 0.10467582 -0.17290481
v 0.04538179 0.10467624 -0.17287578
v 0.04545689 0.10484506 -0.17294625
v 0.04563373 0.10492173 -0.17298434
v 0.04561353 0.10508974 -0.17308747
v 0.04572754 0.10521397 -0.17318569
v 0.04561535 0.10533912 -0.17328670
v 0.04563782 0.10547597 -0.17342712
v 0.04546197 0.10553223 -0.17349523
v 0.04538885 0.10563835 -0.17364441
v 0.04519367 0.10561299 -0.17365355
v 0.04504680 0.10565455 -0.17377718
v 0.04488318 0.10556136 -0.17372101
v 0.04470382 0.10552441 -0.17379324
v 0.04461325 0.10539108 -0.17367962
v 0.04445190 0.10527876 -0.17368478
v 0.04445660 0.10514638 -0.17353842
v 0.04435813 0.10498621 -0.17348318
v 0.04445479 0.10489701 -0.17333919
v 0.04444790 0.10472455 -0.17324199
v 0.04501007 0.10517387 -0.17324168
v 0.02145941 0.09985102 -0.17862679
v 0.02119340 0.09964141 -0.17855202
v 0.02101021 0.09999564 -0.17827765
v 0.02124986 0.10018496 -0.17834537
v 0.02088348 0.09948902 -0.17853791
v 0.02073100 0.09985993 -0.17826622
v 0.02055253 0.09939804 -0.17858091
v 0.02043276 0.09977899 -0.17830581
v 0.02022207 0.09937899 -0.17868160
v 0.02013506 0.09976082 -0.17839569
v 0.01991384 0.09942861 -0.17883001
v 0.01985730 0.09980386 -0.17852809
v 0.01965026 0.09955012 -0.17901982
v 0.01961982 0.09991386 -0.17869950
v 0.01944901 0.09973239 -0.17923592
v 0.01943847 0.10007841 -0.17889442
v 0.01932299 0.09996012 -0.17946261
v 0.01932498 0.10028465 -0.17909951
v 0.01928109 0.10021957 -0.17968570
v 0.01928722 0.10051781 -0.17930006
v 0.01932687 0.10049612 -0.17989086
v 0.01932844 0.10076642 -0.17948441
v 0.01945647 0.10076864 -0.18006386
v 0.01944523 0.10101191 -0.17964023
v 0.01966090 0.10101823 -0.18019276
v 0.01962942 0.10123685 -0.17975649
v 0.01992689 0.10122775 -0.18026742
v 0.01986908 0.10142620 -0.17982425
v 0.02023658 0.10137824 -0.18027886
v 0.02014813 0.10156232 -0.17983498
v 0.02056755 0.10146747 -0.18023426
v 0.02044629 0.10164277 -0.17979486
v 0.02089801 0.10148823 -0.18013517
v 0.02074408 0.10166143 -0.17970551
v 0.02120647 0.10144056 -0.17998943
v 0.02102204 0.10161795 -0.17957376
v 0.02147009 0.10131912 -0.17979971
v 0.02125954 0.10150796 -0.17940235
v 0.02167111 0.10113696 -0.17958272
v 0.02144061 0.10134376 -0.17920673
v 0.02179704 0.10090696 -0.17935422
v 0.02155408 0.10113656 -0.17900089
v 0.02183909 0.10064500 -0.17912997
v 0.02159198 0.10090112 -0.17879934
v 0.02179314 0.10037094 -0.17892597
v 0.02155058 0.10065480 -0.17861599
v 0.02166358 0.10010069 -0.17875481
v 0.02143383 0.10041026 -0.17846093
v 0.02083584 0.10029159 -0.17819817
v 0.02103227 0.10044943 -0.17825511
v 0.02060401 0.10018231 -0.17819100
v 0.02035797 0.10011258 -0.17822211
v 0.02011197 0.10010050 -0.17829791
v 0.01988146 0.10013287 -0.17840550
v 0.01968659 0.10022561 -0.17854745
v 0.01953478 0.10035926 -0.17870841
v 0.01944325 0.10053143 -0.17887779
v 0.01940952 0.10072344 -0.17904427
v 0.01944613 0.10092964 -0.17919593
v 0.01954038 0.10113218 -0.17932595
v 0.01969450 0.10131753 -0.17941984
v 0.01989120 0.10147485 -0.17947767
v 0.02012276 0.10158666 -0.17948526
v 0.02036917 0.10165453 -0.17945404
v 0.02061481 0.10166849 -0.17937836
v 0.02084565 0.10163357 -0.17927030
v 0.02104023 0.10154136 -0.17912749
v 0.02119231 0.10140692 -0.17896706
v 0.02128352 0.10123522 -0.17879676
v 0.02131750 0.10104075 -0.17862976
v 0.02128062 0.10083703 -0.17847863
v 0.02118669 0.10063399 -0.17834954
v 0.02065657 0.10056420 -0.17824738
v 0.02073182 0.10073304 -0.17831782
v 0.02046178 0.10056378 -0.17827636
v 0.02031358 0.10043553 -0.17826434
v 0.02015130 0.10051215 -0.17834381
v 0.01997165 0.10045028 -0.17839616
v 0.01988325 0.10059192 -0.17850217
v 0.01972272 0.10061248 -0.17861356
v 0.01972980 0.10078503 -0.17871075
v 0.01963294 0.10087417 -0.17885478
v 0.01973160 0.10103441 -0.17890998
v 0.01972668 0.10116669 -0.17905637
v 0.01988815 0.10127908 -0.17905120
v 0.01997856 0.10141241 -0.17916488
v 0.02015809 0.10144934 -0.17909257
v 0.02032162 0.10154252 -0.17914877
v 0.02046858 0.10150098 -0.17902512
v 0.02066359 0.10152634 -0.17901605
v 0.02073688 0.10142023 -0.17886682
v 0.02091260 0.10136392 -0.17879873
v 0.02089035 0.10122712 -0.17865824
v 0.02100235 0.10110193 -0.17855728
v 0.02088854 0.10097774 -0.17845901
v 0.02090855 0.10080971 -0.17835595
v 0.02028551 0.10106194 -0.17861314
v 0.04314648 0.10231286 -0.17323236
v 0.04266171 0.10274795 -0.17375135
v 0.04288372 0.10284203 -0.17382530
v 0.04333096 0.10244047 -0.17334636
v 0.04830908 0.10557672 -0.17403890
v 0.04809388 0.10545375 -0.17409210
v 0.04781449 0.10596117 -0.17459678
v 0.04800616 0.10612624 -0.17458552
v 0.04748675 0.10304092 -0.17227785
v 0.04684167 0.10254192 -0.17209372
v 0.04674135 0.10265240 -0.17229799
v 0.04733592 0.10311209 -0.17246659
v 0.04455548 0.10671251 -0.17626527
v 0.04463088 0.10650118 -0.17614573
v 0.04394498 0.10615857 -0.17611154
v 0.04381206 0.10634042 -0.17622742
v 0.04235882 0.10329603 -0.17429680
v 0.04260434 0.10335074 -0.17433091
v 0.04840913 0.10494735 -0.17349939
v 0.04818623 0.10487328 -0.17359453
v 0.04609671 0.10217026 -0.17205422
v 0.04605411 0.10230916 -0.17226161
v 0.04535194 0.10692896 -0.17616156
v 0.04536574 0.10670150 -0.17604965
v 0.04225869 0.10392446 -0.17483558
v 0.04251198 0.10392961 -0.17482729
v 0.04530360 0.10195004 -0.17216234
v 0.04532202 0.10210648 -0.17236121
v 0.04614700 0.10697621 -0.17592366
v 0.04609932 0.10674471 -0.17582892
v 0.04236821 0.10458873 -0.17532959
v 0.04261299 0.10454222 -0.17528283
v 0.04829938 0.10428425 -0.17300579
v 0.04808494 0.10426246 -0.17313987
v 0.04451418 0.10190018 -0.17241051
v 0.04459318 0.10206053 -0.17258927
v 0.04688722 0.10685132 -0.17556083
v 0.04678218 0.10663029 -0.17549558
v 0.04267981 0.10524041 -0.17574268
v 0.04290044 0.10514392 -0.17566438
v 0.04377880 0.10202366 -0.17277582
v 0.04391436 0.10217462 -0.17292586
v 0.04752124 0.10656186 -0.17510483
v 0.04736706 0.10636252 -0.17507533
v 0.04798504 0.10363548 -0.17259082
v 0.04779516 0.10366088 -0.17275481
v 0.04317227 0.10583863 -0.17604950
v 0.04335476 0.10569523 -0.17594701
v 0.04395299 0.10530289 -0.17542983
v 0.04433114 0.10511231 -0.17498310
v 0.04410662 0.10483878 -0.17484247
v 0.04363474 0.10491562 -0.17523086
v 0.04393642 0.10302165 -0.17360721
v 0.04431950 0.10349923 -0.17369432
v 0.04460908 0.10336579 -0.17348583
v 0.04434584 0.10283365 -0.17331288
v 0.04676530 0.10577062 -0.17481887
v 0.04707867 0.10548836 -0.17448265
v 0.04654018 0.10524349 -0.17431376
v 0.04631911 0.10544293 -0.17455121
v 0.04674676 0.10349067 -0.17299417
v 0.04630724 0.10382995 -0.17326228
v 0.04653185 0.10410370 -0.17340304
v 0.04706633 0.10387861 -0.17319537
v 0.04436641 0.10562900 -0.17554666
v 0.04462341 0.10534241 -0.17506505
v 0.04362305 0.10330534 -0.17394434
v 0.04409835 0.10369892 -0.17393179
v 0.04727424 0.10513200 -0.17412808
v 0.04667855 0.10499093 -0.17406278
v 0.04633234 0.10316616 -0.17287744
v 0.04601484 0.10359979 -0.17318011
v 0.04484735 0.10586725 -0.17556857
v 0.04496357 0.10550831 -0.17507817
v 0.04342732 0.10366081 -0.17429747
v 0.04395998 0.10395065 -0.17418199
v 0.04733918 0.10472665 -0.17378074
v 0.04672465 0.10470366 -0.17381648
v 0.04585101 0.10292683 -0.17285360
v 0.04567439 0.10343208 -0.17316445
v 0.04536251 0.10600885 -0.17550151
v 0.04532736 0.10560748 -0.17503003
v 0.04336250 0.10406528 -0.17464468
v 0.04391389 0.10423622 -0.17442714
v 0.04533677 0.10278569 -0.17292247
v 0.04531070 0.10333272 -0.17321238
v 0.04587686 0.10603838 -0.17534521
v 0.04569059 0.10562922 -0.17492023
v 0.04343336 0.10449321 -0.17496250
v 0.04396426 0.10453951 -0.17465246
v 0.04726813 0.10429964 -0.17346294
v 0.04667427 0.10440207 -0.17359230
v 0.04482372 0.10275416 -0.17307958
v 0.04494764 0.10331103 -0.17332256
v 0.04635579 0.10595985 -0.17511452
v 0.04602948 0.10557625 -0.17475958
v 0.04437993 0.10366290 -0.17364725
v 0.04464353 0.10354141 -0.17345745
v 0.04495174 0.10349179 -0.17330904
v 0.04528212 0.10351079 -0.17320834
v 0.04561315 0.10360178 -0.17316534
v 0.04592309 0.10375421 -0.17317947
v 0.04618908 0.10396380 -0.17325423
v 0.04639325 0.10421348 -0.17338223
v 0.04652289 0.10448373 -0.17355339
v 0.04656884 0.10475779 -0.17375738
v 0.04652680 0.10501973 -0.17398162
v 0.04640084 0.10524977 -0.17421015
v 0.04619975 0.10543190 -0.17442714
v 0.04593616 0.10555334 -0.17461686
v 0.04562767 0.10560101 -0.17476260
v 0.04529715 0.10558024 -0.17486171
v 0.04496624 0.10549101 -0.17490630
v 0.04465658 0.10534055 -0.17489487
v 0.04439057 0.10513101 -0.17482019
v 0.04418620 0.10488147 -0.17469130
v 0.04405662 0.10460893 -0.17451829
v 0.04401084 0.10433237 -0.17431312
v 0.04405273 0.10407291 -0.17409004
v 0.04417868 0.10384519 -0.17386337
v 0.02277111 0.09892423 -0.17765893
v 0.02261893 0.09899585 -0.17784608
v 0.02307321 0.09954737 -0.17812919
v 0.02326352 0.09952185 -0.17796564
v 0.01764362 0.10047676 -0.18070102
v 0.01795526 0.10112849 -0.18111413
v 0.01817587 0.10103199 -0.18103584
v 0.01788841 0.10043029 -0.18065429
v 0.01842424 0.09820754 -0.17859173
v 0.01860833 0.09833441 -0.17870772
v 0.01919418 0.09807104 -0.17828266
v 0.01905945 0.09792148 -0.17812947
v 0.02142291 0.10286532 -0.18129085
v 0.02216262 0.10273992 -0.18093079
v 0.02205764 0.10251850 -0.18086660
v 0.02137508 0.10263350 -0.18119808
v 0.02357510 0.10017215 -0.17837761
v 0.02336064 0.10015034 -0.17851163
v 0.01778741 0.09981768 -0.18019874
v 0.01753417 0.09981254 -0.18020703
v 0.01979968 0.09779682 -0.17776729
v 0.01987721 0.09795569 -0.17794859
v 0.02064175 0.10258967 -0.18142098
v 0.02062848 0.10281719 -0.18153277
v 0.02346166 0.10076137 -0.17896600
v 0.02368462 0.10083543 -0.17887083
v 0.02061031 0.09799669 -0.17772988
v 0.02059418 0.09784061 -0.17753049
v 0.01983337 0.10259999 -0.18164032
v 0.01990775 0.10238880 -0.18151908
v 0.02358449 0.10146485 -0.17941040
v 0.02336929 0.10134180 -0.17946354
v 0.01763431 0.09918435 -0.17966783
v 0.01787982 0.09923903 -0.17970197
v 0.02138940 0.09805431 -0.17743441
v 0.02134405 0.09819400 -0.17764020
v 0.01922066 0.10204655 -0.18148337
v 0.01908823 0.10222807 -0.18160021
v 0.02308992 0.10184923 -0.17996824
v 0.02328161 0.10201432 -0.17995697
v 0.02202908 0.09853489 -0.17768048
v 0.02213181 0.09842357 -0.17747867
v 0.01863023 0.10158330 -0.18131847
v 0.01844776 0.10172664 -0.18142108
v 0.01815975 0.09873221 -0.17919314
v 0.01793787 0.09863836 -0.17911863
v 0.02279666 0.10244996 -0.18047613
v 0.02264252 0.10225060 -0.18044678
v 0.02203997 0.10165856 -0.18019049
v 0.02235330 0.10137630 -0.17985428
v 0.02181392 0.10113128 -0.17968559
v 0.02159288 0.10133073 -0.17992303
v 0.02202340 0.09937731 -0.17836786
v 0.02161019 0.09905250 -0.17825223
v 0.02128887 0.09948744 -0.17855221
v 0.02158110 0.09971763 -0.17863427
v 0.01922766 0.10119083 -0.18080146
v 0.01960491 0.10100010 -0.18035492
v 0.01938036 0.10072657 -0.18021430
v 0.01890938 0.10080356 -0.18060249
v 0.01921154 0.09891130 -0.17897624
v 0.01889777 0.09919390 -0.17931504
v 0.01937210 0.09958677 -0.17930354
v 0.01959323 0.09938714 -0.17906592
v 0.02130324 0.10146404 -0.18013140
v 0.02163045 0.10184782 -0.18048611
v 0.02180564 0.09999144 -0.17877492
v 0.02234161 0.09976604 -0.17856778
v 0.01870799 0.10038116 -0.18033415
v 0.01923797 0.10042730 -0.18002429
v 0.01988291 0.09925379 -0.17885732
v 0.01962148 0.09872391 -0.17868043
v 0.02115162 0.10192643 -0.18071651
v 0.02096443 0.10151702 -0.18029203
v 0.02254282 0.10018753 -0.17883467
v 0.02194798 0.10028983 -0.17896412
v 0.01918762 0.10012399 -0.17979895
v 0.01863713 0.09995324 -0.18001633
v 0.02010018 0.09864422 -0.17844801
v 0.02022151 0.09919904 -0.17869415
v 0.02060116 0.10149526 -0.18040182
v 0.02063728 0.10189681 -0.18087311
v 0.02199838 0.10059147 -0.17918832
v 0.02261381 0.10061460 -0.17915239
v 0.02058466 0.09922055 -0.17858415
v 0.02061431 0.09867413 -0.17829348
v 0.02012227 0.10175514 -0.18094044
v 0.02023741 0.10139610 -0.18044996
v 0.02254887 0.10101996 -0.17949973
v 0.02195226 0.10087872 -0.17943460
v 0.01870195 0.09954880 -0.17966900
v 0.01923369 0.09983844 -0.17955381
v 0.02112917 0.09881354 -0.17822726
v 0.02094841 0.09931973 -0.17853644
v 0.01989717 0.10123020 -0.18043687
v 0.01964109 0.10151694 -0.18091834
v 0.02119340 0.09964141 -0.17855202
v 0.02145941 0.09985102 -0.17862679
v 0.02088348 0.09948902 -0.17853791
v 0.02055253 0.09939804 -0.17858091
v 0.02022207 0.09937899 -0.17868160
v 0.01991384 0.09942861 -0.17883001
v 0.01965026 0.09955012 -0.17901982
v 0.01944901 0.09973239 -0.17923592
v 0.01932299 0.09996012 -0.17946261
v 0.01928109 0.10021957 -0.17968570
v 0.01932687 0.10049612 -0.17989086
v 0.01945647 0.10076864 -0.18006386
v 0.01966090 0.10101823 -0.18019276
v 0.01992689 0.10122775 -0.18026742
v 0.02023658 0.10137824 -0.18027886
v 0.02056755 0.10146747 -0.18023426
v 0.02089801 0.10148823 -0.18013517
v 0.02120647 0.10144056 -0.17998943
v 0.02147009 0.10131912 -0.17979971
v 0.02167111 0.10113696 -0.17958272
v 0.02179704 0.10090696 -0.17935422
v 0.02183909 0.10064500 -0.17912997
v 0.02179314 0.10037094 -0.17892597
v 0.02166358 0.10010069 -0.17875481
v 0.01284296 0.10644592 -0.17426810
v 0.01265083 0.10528109 -0.17340186
v 0.01315864 0.10604538 -0.17244069
v 0.01332273 0.10703845 -0.17317910
v 0.01338970 0.10759046 -0.17499377
v 0.01379001 0.10801644 -0.17379914
v 0.01452849 0.10891277 -0.17425866
v 0.01425387 0.10863748 -0.17553001
v 0.01548780 0.10966622 -0.17452626
v 0.01537655 0.10951841 -0.17584251
v 0.01668120 0.11017223 -0.17590920
v 0.01660271 0.11022467 -0.17458302
v 0.01807899 0.11055463 -0.17572569
v 0.01779721 0.11055195 -0.17442661
v 0.01947457 0.11063679 -0.17530233
v 0.01898979 0.11062166 -0.17406442
v 0.02077289 0.11041590 -0.17467017
v 0.02009924 0.11043315 -0.17352442
v 0.02188550 0.10990668 -0.17387202
v 0.02104998 0.10999736 -0.17284186
v 0.02273650 0.10914493 -0.17296316
v 0.02177719 0.10934479 -0.17206392
v 0.02326797 0.10817969 -0.17200324
v 0.02223134 0.10852005 -0.17124369
v 0.02344360 0.10707604 -0.17105711
v 0.02238150 0.10757924 -0.17043701
v 0.02325151 0.10591277 -0.17019210
v 0.02221732 0.10658792 -0.16970004
v 0.02270473 0.10476887 -0.16946695
v 0.02175007 0.10561024 -0.16908024
v 0.02101162 0.10471321 -0.16862014
v 0.02184060 0.10372147 -0.16893039
v 0.02005222 0.10395753 -0.16835079
v 0.02071794 0.10283807 -0.16861587
v 0.01941338 0.10218463 -0.16854939
v 0.01893735 0.10339957 -0.16829440
v 0.01662020 0.10172008 -0.16915628
v 0.01801585 0.10180563 -0.16873553
v 0.01774293 0.10307650 -0.16845416
v 0.01655027 0.10300257 -0.16881300
v 0.01532171 0.10194062 -0.16978824
v 0.01544078 0.10319060 -0.16935263
v 0.01420899 0.10245225 -0.17058837
v 0.01449013 0.10362862 -0.17003694
v 0.01335793 0.10321441 -0.17149757
v 0.01376289 0.10428189 -0.17081546
v 0.01282650 0.10417900 -0.17245696
v 0.01330871 0.10510632 -0.17163545
v 0.01257381 0.10576735 -0.17537592
v 0.01236036 0.10447403 -0.17441417
v 0.01318130 0.10703970 -0.17618273
v 0.01414155 0.10820487 -0.17677999
v 0.01538897 0.10918290 -0.17712659
v 0.01683864 0.10990851 -0.17719997
v 0.01839177 0.11033248 -0.17699533
v 0.01994248 0.11042473 -0.17652567
v 0.02138509 0.11018012 -0.17582392
v 0.02262136 0.10961515 -0.17493774
v 0.02356693 0.10876692 -0.17392642
v 0.02415743 0.10769381 -0.17285934
v 0.02435260 0.10646847 -0.17180883
v 0.02413915 0.10517586 -0.17084765
v 0.02353164 0.10390485 -0.17004192
v 0.02257148 0.10273962 -0.16944457
v 0.02132422 0.10175978 -0.16909634
v 0.01987504 0.10103443 -0.16902275
v 0.01832245 0.10061068 -0.16922735
v 0.01677171 0.10051825 -0.16969706
v 0.01532851 0.10076258 -0.17039898
v 0.01409177 0.10132935 -0.17128681
v 0.01314601 0.10217761 -0.17229821
v 0.01255553 0.10324939 -0.17336421
v 0.01255317 0.10502027 -0.17647400
v 0.01232655 0.10364605 -0.17545203
v 0.01319807 0.10636832 -0.17732838
v 0.01421742 0.10760551 -0.17796264
v 0.01554168 0.10864358 -0.17833042
v 0.01708069 0.10941425 -0.17840861
v 0.01872946 0.10986293 -0.17819025
v 0.02037569 0.10996225 -0.17769276
v 0.02190718 0.10970222 -0.17694750
v 0.02321956 0.10910266 -0.17600691
v 0.02422339 0.10820193 -0.17493310
v 0.02485030 0.10706543 -0.17380244
v 0.02505748 0.10576334 -0.17268621
v 0.02483089 0.10439179 -0.17166637
v 0.02418593 0.10304075 -0.17080962
v 0.02316672 0.10180317 -0.17017498
v 0.02184290 0.10076508 -0.16980685
v 0.02030480 0.09999634 -0.16972939
v 0.01865682 0.09954704 -0.16994690
v 0.01701051 0.09944846 -0.17044512
v 0.01547810 0.09970654 -0.17118971
v 0.01416476 0.10030606 -0.17213069
v 0.01316062 0.10120712 -0.17320488
v 0.01253376 0.10234667 -0.17433795
v 0.01278189 0.10422828 -0.17751649
v 0.01255081 0.10282741 -0.17647472
v 0.01343948 0.10560260 -0.17838747
v 0.01447877 0.10686474 -0.17903474
v 0.01582899 0.10792310 -0.17940968
v 0.01739812 0.10870874 -0.17948930
v 0.01907920 0.10916712 -0.17926739
v 0.02075767 0.10926748 -0.17875945
v 0.02231916 0.10900248 -0.17799968
v 0.02365729 0.10839123 -0.17704069
v 0.02468075 0.10747214 -0.17594528
v 0.02531993 0.10631349 -0.17479258
v 0.02553118 0.10498618 -0.17365471
v 0.02530015 0.10358852 -0.17261549
v 0.02464258 0.10221212 -0.17174283
v 0.02360350 0.10095145 -0.17109657
v 0.02225383 0.09989172 -0.17071979
v 0.02068587 0.09910540 -0.17063902
v 0.01900575 0.09864818 -0.17086146
v 0.01732713 0.09854679 -0.17136880
v 0.01576454 0.09881249 -0.17213014
v 0.01442522 0.09942501 -0.17309067
v 0.01340133 0.10034258 -0.17418501
v 0.01276210 0.10150331 -0.17533940
v 0.01325115 0.10342442 -0.17846511
v 0.01302453 0.10205021 -0.17744313
v 0.01389604 0.10477246 -0.17931947
v 0.01491539 0.10600967 -0.17995375
v 0.01623966 0.10704773 -0.18032152
v 0.01777867 0.10781843 -0.18039973
v 0.01942744 0.10826709 -0.18018135
v 0.02107367 0.10836642 -0.17968388
v 0.02260515 0.10810638 -0.17893861
v 0.02391754 0.10750684 -0.17799803
v 0.02492137 0.10660609 -0.17692420
v 0.02554828 0.10546957 -0.17579353
v 0.02575545 0.10416749 -0.17467732
v 0.02552887 0.10279597 -0.17365749
v 0.02488393 0.10144491 -0.17280071
v 0.02386483 0.10020743 -0.17216595
v 0.02254115 0.09916955 -0.17179757
v 0.02100330 0.09840078 -0.17172024
v 0.01935533 0.09795161 -0.17193756
v 0.01770900 0.09785284 -0.17243605
v 0.01617642 0.09811080 -0.17318068
v 0.01486282 0.09871024 -0.17412177
v 0.01385861 0.09961126 -0.17519597
v 0.01323174 0.10075081 -0.17632904
v 0.01394283 0.10263724 -0.17928130
v 0.01372938 0.10134392 -0.17831955
v 0.01455032 0.10390957 -0.18008810
v 0.01551057 0.10507476 -0.18068537
v 0.01675799 0.10605281 -0.18103199
v 0.01820766 0.10677840 -0.18110535
v 0.01976080 0.10720237 -0.18090072
v 0.02131150 0.10729462 -0.18043105
v 0.02275411 0.10705001 -0.17972930
v 0.02399038 0.10648504 -0.17884312
v 0.02493596 0.10563681 -0.17783180
v 0.02552645 0.10456372 -0.17676474
v 0.02572162 0.10333836 -0.17571422
v 0.02550817 0.10204576 -0.17475304
v 0.02490067 0.10077480 -0.17394726
v 0.02394062 0.09960980 -0.17334959
v 0.02269365 0.09863017 -0.17300124
v 0.02124473 0.09790531 -0.17292768
v 0.01969225 0.09748160 -0.17313220
v 0.01814149 0.09738903 -0.17360192
v 0.01669796 0.09763305 -0.17430371
v 0.01546091 0.09819937 -0.17519202
v 0.01451504 0.09904751 -0.17620358
v 0.01392455 0.10011926 -0.17726958
v 0.01483057 0.10190146 -0.17993812
v 0.01463844 0.10073663 -0.17907187
v 0.01537733 0.10304599 -0.18066382
v 0.01624162 0.10409299 -0.18120033
v 0.01736433 0.10497392 -0.18151290
v 0.01866888 0.10562775 -0.18157931
v 0.02006661 0.10601021 -0.18139576
v 0.02146218 0.10609233 -0.18097235
v 0.02276050 0.10587145 -0.18034020
v 0.02387311 0.10536224 -0.17954205
v 0.02472411 0.10460048 -0.17863319
v 0.02525558 0.10363527 -0.17767328
v 0.02543121 0.10253158 -0.17672712
v 0.02523912 0.10136834 -0.17586214
v 0.02469235 0.10022445 -0.17513698
v 0.02382832 0.09917715 -0.17460033
v 0.02270589 0.09829432 -0.17428570
v 0.02140165 0.09764112 -0.17421903
v 0.02000436 0.09726256 -0.17440422
v 0.01860896 0.09717805 -0.17482286
v 0.01731023 0.09739878 -0.17545430
v 0.01619685 0.09790884 -0.17625672
v 0.01534558 0.09867010 -0.17716736
v 0.01481411 0.09963456 -0.17812698
v 0.01587996 0.10123977 -0.18040495
v 0.01571664 0.10025113 -0.17966982
v 0.01634509 0.10221331 -0.18102248
v 0.01708076 0.10310493 -0.18148124
v 0.01803603 0.10385423 -0.18174822
v 0.01914537 0.10441045 -0.18180416
v 0.02033330 0.10473594 -0.18164678
v 0.02151981 0.10480569 -0.18128603
v 0.02262390 0.10461806 -0.18074853
v 0.02357007 0.10418438 -0.18006926
v 0.02429379 0.10353528 -0.17929533
v 0.02474576 0.10271426 -0.17847885
v 0.02489518 0.10177762 -0.17767577
v 0.02473180 0.10079073 -0.17694206
v 0.02426679 0.09981726 -0.17632484
v 0.02353193 0.09892529 -0.17586748
v 0.02257736 0.09817363 -0.17559906
v 0.02146836 0.09761942 -0.17554125
v 0.02028059 0.09730055 -0.17569434
v 0.01909476 0.09723132 -0.17604448
v 0.01799062 0.09741910 -0.17658003
v 0.01704319 0.09785072 -0.17726864
v 0.01631830 0.09849630 -0.17805001
v 0.01586602 0.09931633 -0.17886807
v 0.01697943 0.10070953 -0.18066241
v 0.01684886 0.09991965 -0.18007511
v 0.01735121 0.10148916 -0.18115700
v 0.01793918 0.10220217 -0.18152338
v 0.01870473 0.10280110 -0.18174032
v 0.01959451 0.10324520 -0.18178942
v 0.02054180 0.10350452 -0.18165839
v 0.02148880 0.10356224 -0.18136856
v 0.02237133 0.10341225 -0.18093849
v 0.02312779 0.10306530 -0.18039525
v 0.02370642 0.10254607 -0.17977624
v 0.02406777 0.10188839 -0.17912246
v 0.02418721 0.10114011 -0.17848085
v 0.02405661 0.10035160 -0.17789465
v 0.02368482 0.09957109 -0.17739941
v 0.02309729 0.09885951 -0.17703471
v 0.02233433 0.09825939 -0.17681812
v 0.02144840 0.09781955 -0.17676808
v 0.02049960 0.09756680 -0.17688504
v 0.01955173 0.09751299 -0.17716392
v 0.01866875 0.09766089 -0.17759368
v 0.01791070 0.09800430 -0.17814781
v 0.01733039 0.09851648 -0.17877589
v 0.01696835 0.09917296 -0.17943421
v 0.01764362 0.10047676 -0.18070102
v 0.01753417 0.09981254 -0.18020703
v 0.01795526 0.10112849 -0.18111413
v 0.01844776 0.10172664 -0.18142108
v 0.01908823 0.10222807 -0.18160021
v 0.01983337 0.10259999 -0.18164032
v 0.02062848 0.10281719 -0.18153277
v 0.02142291 0.10286532 -0.18129085
v 0.02216262 0.10273992 -0.18093079
v 0.02279666 0.10244996 -0.18047613
v 0.02328161 0.10201432 -0.17995697
v 0.02358449 0.10146485 -0.17941040
v 0.02368462 0.10083543 -0.17887083
v 0.02357510 0.10017215 -0.17837761
v 0.02326352 0.09952185 -0.17796564
v 0.02277111 0.09892423 -0.17765893
v 0.02213181 0.09842357 -0.17747867
v 0.02138940 0.09805431 -0.17743441
v 0.02059418 0.09784061 -0.17753049
v 0.01979968 0.09779682 -0.17776729
v 0.01905945 0.09792148 -0.17812947
v 0.01842424 0.09820754 -0.17859173
v 0.01793787 0.09863836 -0.17911863
v 0.01763431 0.09918435 -0.17966783
v 0.04799341 0.11229175 -0.16663158
v 0.04695688 0.11263214 -0.16587203
v 0.04710694 0.11169131 -0.16506536
v 0.04816907 0.11118812 -0.16568546
v 0.04746199 0.11325701 -0.16759151
v 0.04650269 0.11345688 -0.16669226
v 0.04661095 0.11401878 -0.16850038
v 0.04577546 0.11410944 -0.16747021
v 0.04549836 0.11452796 -0.16929850
v 0.04482479 0.11454524 -0.16815275
v 0.04420006 0.11474888 -0.16993067
v 0.04371530 0.11473375 -0.16869276
v 0.04280445 0.11466671 -0.17035404
v 0.04252267 0.11466403 -0.16905496
v 0.04140670 0.11428431 -0.17053754
v 0.04132822 0.11433675 -0.16921136
v 0.04010202 0.11363051 -0.17047088
v 0.04021334 0.11377831 -0.16915459
v 0.03897932 0.11274956 -0.17015836
v 0.03925397 0.11302485 -0.16888701
v 0.03811518 0.11170254 -0.16962211
v 0.03851552 0.11212853 -0.16842748
v 0.03756840 0.11055796 -0.16889643
v 0.03804827 0.11115054 -0.16780743
v 0.03737630 0.10939315 -0.16803019
v 0.03788407 0.11015745 -0.16706905
v 0.03755194 0.10829107 -0.16708532
v 0.03803424 0.10921841 -0.16626378
v 0.03808341 0.10732648 -0.16612590
v 0.03848840 0.10839398 -0.16544380
v 0.03893440 0.10656432 -0.16521672
v 0.03921560 0.10774070 -0.16466529
v 0.04004692 0.10605269 -0.16441665
v 0.04016633 0.10730269 -0.16398096
v 0.04134510 0.10583208 -0.16378469
v 0.04127578 0.10711466 -0.16344134
v 0.04413832 0.10629661 -0.16317792
v 0.04366286 0.10751165 -0.16292274
v 0.04246839 0.10718857 -0.16308251
v 0.04274050 0.10591760 -0.16336407
v 0.04544316 0.10695011 -0.16324430
v 0.04477777 0.10806963 -0.16297912
v 0.04656602 0.10783353 -0.16355875
v 0.04573709 0.10882529 -0.16324848
v 0.04743021 0.10888095 -0.16409529
v 0.04647558 0.10972233 -0.16370857
v 0.04797695 0.11002486 -0.16482047
v 0.04694285 0.11070001 -0.16432837
v 0.04888288 0.11180591 -0.16748771
v 0.04907805 0.11058054 -0.16643719
v 0.04829242 0.11287904 -0.16855479
v 0.04734679 0.11372723 -0.16956609
v 0.04611058 0.11429220 -0.17045226
v 0.04466795 0.11453679 -0.17115400
v 0.04311722 0.11444456 -0.17162368
v 0.04156411 0.11402059 -0.17182832
v 0.04011445 0.11329500 -0.17175495
v 0.03886698 0.11231695 -0.17140834
v 0.03790679 0.11115180 -0.17081109
v 0.03729926 0.10987943 -0.17000427
v 0.03708581 0.10858609 -0.16904250
v 0.03728098 0.10736146 -0.16799257
v 0.03787148 0.10628969 -0.16692656
v 0.03881702 0.10544140 -0.16591519
v 0.04005300 0.10487455 -0.16502748
v 0.04149504 0.10463004 -0.16432576
v 0.04304521 0.10472231 -0.16385629
v 0.04459843 0.10514607 -0.16365162
v 0.04604875 0.10587165 -0.16372496
v 0.04729673 0.10685166 -0.16407297
v 0.04825711 0.10801693 -0.16467026
v 0.04886460 0.10928794 -0.16547601
v 0.04957573 0.11117748 -0.16843079
v 0.04978292 0.10987539 -0.16731455
v 0.04894888 0.11231401 -0.16956144
v 0.04794505 0.11321475 -0.17063526
v 0.04663267 0.11381431 -0.17157584
v 0.04510115 0.11407432 -0.17232111
v 0.04345491 0.11397501 -0.17281860
v 0.04180615 0.11352631 -0.17303694
v 0.04026718 0.11275566 -0.17295876
v 0.03894290 0.11171760 -0.17259099
v 0.03792355 0.11048039 -0.17195671
v 0.03727860 0.10913234 -0.17110236
v 0.03705199 0.10775811 -0.17008037
v 0.03725919 0.10645874 -0.16896631
v 0.03788606 0.10531920 -0.16783324
v 0.03888974 0.10441805 -0.16675912
v 0.04020160 0.10381830 -0.16581839
v 0.04173204 0.10355989 -0.16507428
v 0.04337743 0.10365831 -0.16457630
v 0.04502635 0.10410776 -0.16435863
v 0.04656644 0.10487683 -0.16443571
v 0.04789171 0.10591518 -0.16480345
v 0.04891138 0.10715282 -0.16543797
v 0.04955632 0.10850388 -0.16629474
v 0.05004537 0.11042556 -0.16942093
v 0.05025665 0.10909826 -0.16828306
v 0.04940618 0.11158423 -0.17057366
v 0.04838272 0.11250330 -0.17166905
v 0.04704462 0.11311456 -0.17262803
v 0.04548312 0.11337954 -0.17338778
v 0.04380464 0.11327921 -0.17389576
v 0.04212357 0.11282081 -0.17411765
v 0.04055445 0.11203518 -0.17403803
v 0.03920420 0.11097682 -0.17366309
v 0.03816490 0.10971469 -0.17301584
v 0.03750733 0.10834035 -0.17214484
v 0.03727628 0.10693949 -0.17110306
v 0.03748754 0.10561539 -0.16996775
v 0.03812669 0.10445465 -0.16881339
v 0.03914991 0.10353695 -0.16771909
v 0.04048722 0.10292410 -0.16675855
v 0.04204747 0.10265803 -0.16599818
v 0.04372497 0.10275922 -0.16549116
v 0.04540625 0.10321662 -0.16526857
v 0.04697673 0.10400338 -0.16534924
v 0.04832824 0.10506340 -0.16572517
v 0.04936795 0.10632419 -0.16637121
v 0.05002559 0.10770060 -0.16724384
v 0.05048090 0.10827955 -0.16930566
v 0.05027371 0.10958166 -0.17042191
v 0.04964685 0.11071819 -0.17155257
v 0.04864302 0.11161888 -0.17262635
v 0.04733065 0.11221846 -0.17356695
v 0.04579913 0.11247848 -0.17431222
v 0.04415289 0.11237915 -0.17480969
v 0.04250412 0.11193049 -0.17502807
v 0.04096515 0.11115981 -0.17494987
v 0.03964088 0.11012177 -0.17458211
v 0.03862153 0.10888454 -0.17394782
v 0.03797657 0.10753648 -0.17309345
v 0.03774997 0.10616228 -0.17207149
v 0.03795716 0.10486289 -0.17095742
v 0.03858402 0.10372335 -0.16982435
v 0.03958752 0.10282225 -0.16875017
v 0.04089908 0.10222264 -0.16780927
v 0.04242937 0.10196413 -0.16706539
v 0.04407465 0.10206269 -0.16656725
v 0.04572374 0.10251196 -0.16634980
v 0.04726403 0.10328097 -0.16642685
v 0.04858959 0.10431933 -0.16679458
v 0.04960934 0.10555698 -0.16742908
v 0.05025430 0.10690802 -0.16828583
v 0.05044707 0.10745042 -0.17034255
v 0.05025190 0.10867580 -0.17139309
v 0.04966144 0.10974893 -0.17246018
v 0.04871581 0.11059714 -0.17347149
v 0.04747959 0.11116211 -0.17435766
v 0.04603697 0.11140668 -0.17505939
v 0.04448624 0.11131445 -0.17552907
v 0.04293313 0.11089050 -0.17573372
v 0.04148348 0.11016490 -0.17566033
v 0.04023601 0.10918684 -0.17531373
v 0.03927581 0.10802169 -0.17471647
v 0.03866828 0.10674932 -0.17390965
v 0.03845483 0.10545600 -0.17294790
v 0.03865000 0.10423135 -0.17189795
v 0.03924046 0.10315963 -0.17083191
v 0.04018570 0.10231151 -0.16982031
v 0.04142131 0.10174476 -0.16893262
v 0.04286300 0.10150062 -0.16823107
v 0.04441303 0.10159292 -0.16776158
v 0.04596631 0.10201659 -0.16755695
v 0.04741696 0.10274192 -0.16762995
v 0.04866554 0.10372163 -0.16797826
v 0.04962611 0.10488683 -0.16857564
v 0.05023362 0.10615781 -0.16938137
v 0.05015668 0.10664366 -0.17135547
v 0.04998102 0.10774734 -0.17230164
v 0.04944960 0.10871255 -0.17326159
v 0.04859858 0.10947426 -0.17417072
v 0.04748599 0.10998341 -0.17496889
v 0.04618767 0.11020438 -0.17560081
v 0.04479206 0.11012227 -0.17602410
v 0.04339431 0.10973986 -0.17620757
v 0.04208964 0.10908605 -0.17614090
v 0.04096694 0.10820509 -0.17582839
v 0.04010280 0.10715807 -0.17529213
v 0.03955601 0.10601353 -0.17456648
v 0.03936391 0.10484870 -0.17370022
v 0.03953955 0.10374662 -0.17275535
v 0.04007101 0.10278203 -0.17179593
v 0.04092184 0.10201996 -0.17088673
v 0.04203395 0.10150875 -0.17008665
v 0.04333170 0.10128828 -0.16945467
v 0.04472638 0.10137406 -0.16903332
v 0.04612280 0.10175383 -0.16884540
v 0.04742758 0.10240758 -0.16891125
v 0.04855241 0.10328988 -0.16922742
v 0.04941766 0.10433662 -0.16976514
v 0.04996455 0.10548040 -0.17049047
v 0.04962062 0.10588970 -0.17230412
v 0.04947127 0.10682634 -0.17310717
v 0.04901930 0.10764737 -0.17392396
v 0.04829563 0.10829625 -0.17469974
v 0.04734948 0.10872934 -0.17537983
v 0.04624514 0.10891741 -0.17591670
v 0.04505832 0.10884795 -0.17627522
v 0.04386966 0.10852269 -0.17643048
v 0.04276015 0.10796691 -0.17637389
v 0.04180538 0.10721708 -0.17610760
v 0.04107048 0.10632539 -0.17565056
v 0.04060547 0.10535186 -0.17503328
v 0.04044208 0.10436321 -0.17429817
v 0.04059151 0.10342834 -0.17349650
v 0.04104348 0.10260738 -0.17268008
v 0.04176713 0.10195795 -0.17190583
v 0.04271284 0.10152234 -0.17122459
v 0.04381550 0.10133594 -0.17068628
v 0.04499839 0.10141134 -0.17032434
v 0.04618202 0.10173619 -0.17015972
v 0.04729075 0.10229201 -0.17021454
v 0.04825100 0.10304086 -0.17048867
v 0.04899101 0.10393009 -0.17095181
v 0.04945722 0.10490287 -0.17157032
v 0.04891252 0.10525217 -0.17310923
v 0.04879311 0.10600045 -0.17375083
v 0.04843179 0.10665814 -0.17440467
v 0.04785318 0.10717716 -0.17502451
v 0.04709662 0.10752294 -0.17557213
v 0.04621319 0.10767214 -0.17600646
v 0.04526463 0.10761613 -0.17628727
v 0.04431452 0.10735837 -0.17640963
v 0.04342747 0.10691408 -0.17636401
v 0.04266414 0.10631438 -0.17615094
v 0.04207656 0.10560121 -0.17578531
v 0.04170477 0.10482159 -0.17529078
v 0.04157417 0.10403170 -0.17470349
v 0.04169362 0.10328478 -0.17406297
v 0.04205496 0.10262621 -0.17340846
v 0.04263342 0.10210853 -0.17279043
v 0.04338827 0.10176084 -0.17224410
v 0.04426669 0.10161443 -0.17181074
v 0.04520882 0.10167616 -0.17151690
v 0.04615406 0.10193721 -0.17138452
v 0.04704200 0.10237966 -0.17142956
v 0.04781219 0.10297719 -0.17165165
v 0.04840708 0.10368484 -0.17202442
v 0.04878166 0.10446383 -0.17252271
v 0.04840913 0.10494735 -0.17349939
v 0.04830908 0.10557672 -0.17403890
v 0.04800616 0.10612624 -0.17458552
v 0.04752124 0.10656186 -0.17510483
v 0.04688722 0.10685132 -0.17556083
v 0.04614700 0.10697621 -0.17592366
v 0.04535194 0.10692896 -0.17616156
v 0.04455548 0.10671251 -0.17626527
v 0.04381206 0.10634042 -0.17622742
v 0.04317227 0.10583863 -0.17604950
v 0.04267981 0.10524041 -0.17574268
v 0.04236821 0.10458873 -0.17532959
v 0.04225869 0.10392446 -0.17483558
v 0.04235882 0.10329603 -0.17429680
v 0.04266171 0.10274795 -0.17375135
v 0.04314648 0.10231286 -0.17323236
v 0.04377880 0.10202366 -0.17277582
v 0.04451418 0.10190018 -0.17241051
v 0.04530360 0.10195004 -0.17216234
v 0.04609671 0.10217026 -0.17205422
v 0.04684167 0.10254192 -0.17209372
v 0.04748675 0.10304092 -0.17227785
v 0.04798504 0.10363548 -0.17259082
v 0.04829938 0.10428425 -0.17300579
vt 0.72998202 0.71279800
vt 0.72346801 0.71742296
vt 0.72872698 0.72225702
vt 0.73372209 0.71854800
vt 0.73755407 0.70986199
vt 0.73957503 0.71622002
vt 0.74563098 0.70869499
vt 0.74584198 0.71532500
vt 0.75374103 0.70950699
vt 0.75214702 0.71598697
vt 0.75807101 0.71817499
vt 0.76135802 0.71230602
vt 0.76797003 0.71689600
vt 0.76317698 0.72170299
vt 0.77301800 0.72277099
vt 0.76693201 0.72587299
vt 0.77628392 0.72960103
vt 0.76922601 0.73044503
vt 0.77058297 0.73732799
vt 0.77774203 0.73759103
vt 0.77702498 0.74556696
vt 0.77013302 0.74389303
vt 0.77419400 0.75290298
vt 0.76796103 0.74960697
vt 0.76430798 0.75451100
vt 0.76946902 0.75924397
vt 0.76317298 0.76417601
vt 0.75943601 0.75832498
vt 0.75575101 0.76735997
vt 0.75369102 0.76077801
vt 0.74770802 0.76861203
vt 0.74745512 0.76173699
vt 0.73957902 0.76785803
vt 0.74115503 0.76115596
vt 0.73522103 0.75905097
vt 0.73192602 0.76513302
vt 0.72526598 0.76058298
vt 0.73005998 0.75551802
vt 0.72005802 0.75452298
vt 0.72602701 0.75081402
vt 0.71665603 0.74739599
vt 0.72338903 0.74527901
vt 0.72232789 0.73929596
vt 0.71527892 0.73968899
vt 0.71601897 0.73188603
vt 0.72291088 0.73325002
vt 0.71878201 0.72427702
vt 0.72508001 0.72742099
vt 0.73355210 0.72665203
vt 0.73713398 0.72379696
vt 0.74142098 0.72207999
vt 0.74602097 0.72135699
vt 0.75066102 0.72190499
vt 0.75505000 0.72345400
vt 0.75877100 0.72607899
vt 0.76151103 0.72896999
vt 0.76301003 0.73213500
vt 0.76414597 0.73743796
vt 0.76382113 0.74239999
vt 0.76228201 0.74662399
vt 0.75955403 0.75017101
vt 0.75602102 0.75301397
vt 0.75177902 0.75475097
vt 0.74721003 0.75550002
vt 0.74259102 0.75501204
vt 0.73821801 0.75352097
vt 0.73446298 0.75087202
vt 0.73145300 0.74745399
vt 0.72956902 0.74335897
vt 0.72873402 0.73897099
vt 0.72922802 0.73453796
vt 0.73079598 0.73030603
vt 0.73839700 0.73092496
vt 0.73986799 0.72795796
vt 0.74333203 0.72803599
vt 0.74617797 0.72621399
vt 0.74914300 0.72793102
vt 0.75259697 0.72771299
vt 0.75423998 0.73055899
vt 0.75722802 0.73172796
vt 0.75706702 0.73483896
vt 0.75908202 0.73774999
vt 0.75740802 0.74081802
vt 0.75772208 0.74417800
vt 0.75472099 0.74571300
vt 0.75327301 0.74871600
vt 0.74983603 0.74859399
vt 0.74702209 0.75048000
vt 0.74406898 0.74874902
vt 0.74063802 0.74905896
vt 0.73896402 0.74612999
vt 0.73583502 0.74474299
vt 0.73588997 0.74139702
vt 0.73390400 0.73871100
vt 0.73567897 0.73585296
vt 0.73537397 0.73256499
vt 0.74658698 0.73817199
vt 0.27219000 0.71689600
vt 0.26557899 0.71230602
vt 0.26229101 0.71817499
vt 0.26739901 0.72170299
vt 0.25796300 0.70950699
vt 0.25636801 0.71598697
vt 0.24985300 0.70869499
vt 0.25006300 0.71532500
vt 0.24177600 0.70986199
vt 0.24379601 0.71622002
vt 0.23420200 0.71279800
vt 0.23794401 0.71854800
vt 0.22768800 0.71742296
vt 0.23294900 0.72225702
vt 0.22300300 0.72427702
vt 0.22930101 0.72742099
vt 0.22024000 0.73188603
vt 0.22713301 0.73325002
vt 0.21950100 0.73968899
vt 0.22654800 0.73929596
vt 0.22087801 0.74739599
vt 0.22761001 0.74527699
vt 0.22428000 0.75452298
vt 0.23024800 0.75081402
vt 0.22948800 0.76058298
vt 0.23428200 0.75551802
vt 0.23614700 0.76513302
vt 0.23944300 0.75905097
vt 0.24380000 0.76785803
vt 0.24537700 0.76115596
vt 0.25192800 0.76861203
vt 0.25167701 0.76173699
vt 0.25997201 0.76735997
vt 0.25791201 0.76077801
vt 0.26739401 0.76417601
vt 0.26365700 0.75832498
vt 0.27368900 0.75924397
vt 0.26853001 0.75451100
vt 0.27841401 0.75290298
vt 0.27218300 0.74960697
vt 0.28124800 0.74556696
vt 0.27435601 0.74389303
vt 0.28196400 0.73759103
vt 0.27480501 0.73732799
vt 0.28050601 0.72960103
vt 0.27344701 0.73044503
vt 0.27724001 0.72277099
vt 0.27115300 0.72587299
vt 0.25927001 0.72345400
vt 0.26299301 0.72607899
vt 0.25488201 0.72190499
vt 0.25024301 0.72135699
vt 0.24564400 0.72207999
vt 0.24135600 0.72379696
vt 0.23777300 0.72665203
vt 0.23501800 0.73030603
vt 0.23344800 0.73453796
vt 0.23295601 0.73897099
vt 0.23379201 0.74335897
vt 0.23567300 0.74745399
vt 0.23868400 0.75087202
vt 0.24243900 0.75352097
vt 0.24681200 0.75501204
vt 0.25143200 0.75550002
vt 0.25600001 0.75475097
vt 0.26024199 0.75301397
vt 0.26377600 0.75017101
vt 0.26650301 0.74662399
vt 0.26804101 0.74239999
vt 0.26836789 0.73743796
vt 0.26723301 0.73213500
vt 0.26573300 0.72896999
vt 0.25681901 0.72771299
vt 0.25846201 0.73055899
vt 0.25336501 0.72793102
vt 0.25040001 0.72621399
vt 0.24755400 0.72803599
vt 0.24409001 0.72795796
vt 0.24261700 0.73092496
vt 0.23959500 0.73256499
vt 0.23990101 0.73585296
vt 0.23812400 0.73871100
vt 0.24011301 0.74139702
vt 0.24005499 0.74474299
vt 0.24318500 0.74612999
vt 0.24485900 0.74905896
vt 0.24829100 0.74874902
vt 0.25124401 0.75048000
vt 0.25405800 0.74859399
vt 0.25749400 0.74871600
vt 0.25894201 0.74571300
vt 0.26194501 0.74417800
vt 0.26162899 0.74081802
vt 0.26330301 0.73774999
vt 0.26128900 0.73483896
vt 0.26144901 0.73172796
vt 0.25080901 0.73817199
vt 0.69415808 0.69211996
vt 0.68318212 0.70684803
vt 0.69234902 0.71134996
vt 0.70174903 0.69876802
vt 0.81664902 0.75504100
vt 0.80625898 0.75210398
vt 0.80058497 0.76621598
vt 0.81010902 0.77173603
vt 0.79606003 0.68900502
vt 0.78073502 0.67833602
vt 0.77516598 0.68596697
vt 0.78844702 0.69531399
vt 0.73051113 0.80661297
vt 0.73282212 0.79670101
vt 0.71774101 0.79126596
vt 0.71288002 0.80024600
vt 0.67656302 0.72372699
vt 0.68666798 0.72579002
vt 0.81847298 0.73708498
vt 0.80772108 0.73654497
vt 0.76319700 0.67190599
vt 0.76045102 0.68089199
vt 0.74925202 0.80837500
vt 0.74885613 0.79821503
vt 0.67474103 0.74161500
vt 0.68510503 0.74111801
vt 0.74437797 0.67000902
vt 0.74433702 0.67925400
vt 0.76781613 0.80542201
vt 0.76473200 0.79569000
vt 0.67784113 0.75933599
vt 0.68775213 0.75630403
vt 0.81552112 0.71940899
vt 0.80522400 0.72151399
vt 0.72585899 0.67302597
vt 0.72872502 0.68221402
vt 0.78489202 0.79797798
vt 0.77932203 0.78930902
vt 0.68563598 0.77574599
vt 0.69441909 0.77034700
vt 0.70872903 0.68059599
vt 0.71419102 0.68888402
vt 0.79930902 0.78647697
vt 0.79153502 0.77925897
vt 0.80783212 0.70288599
vt 0.79837102 0.70691299
vt 0.69758308 0.78970397
vt 0.70464301 0.78227401
vt 0.71372098 0.77269000
vt 0.72109002 0.76493800
vt 0.71486503 0.75769800
vt 0.70570302 0.76333898
vt 0.71144688 0.70724899
vt 0.71920198 0.71391702
vt 0.72682202 0.70807099
vt 0.72118002 0.69952899
vt 0.78187388 0.77042001
vt 0.78906697 0.76042598
vt 0.77964902 0.75569797
vt 0.77399898 0.76330000
vt 0.77923602 0.70430100
vt 0.77205002 0.71233499
vt 0.77814001 0.71949399
vt 0.78696889 0.71332502
vt 0.72398692 0.77972901
vt 0.72905803 0.77039301
vt 0.70406902 0.71711099
vt 0.71349603 0.72172701
vt 0.79347402 0.74926299
vt 0.78304702 0.74696696
vt 0.76880002 0.69688100
vt 0.76406503 0.70676500
vt 0.73580003 0.78396797
vt 0.73821801 0.77366298
vt 0.69960898 0.72843802
vt 0.71008098 0.73062599
vt 0.79464293 0.73719501
vt 0.78396398 0.73764002
vt 0.75741702 0.69324303
vt 0.75507802 0.70364702
vt 0.74835598 0.78514802
vt 0.74794501 0.77457201
vt 0.69838703 0.74044800
vt 0.70916498 0.73995101
vt 0.74497002 0.69227499
vt 0.74543601 0.70282102
vt 0.76078498 0.78318501
vt 0.75757903 0.77305698
vt 0.70046997 0.75233698
vt 0.71079898 0.74917102
vt 0.79249102 0.72507799
vt 0.78227788 0.72825396
vt 0.73261100 0.69442499
vt 0.73578298 0.70431000
vt 0.77223390 0.77820098
vt 0.76646698 0.76923203
vt 0.72346801 0.71742296
vt 0.72998202 0.71279800
vt 0.73755407 0.70986199
vt 0.74563098 0.70869499
vt 0.75374103 0.70950699
vt 0.76135802 0.71230602
vt 0.76797003 0.71689600
vt 0.77301800 0.72277099
vt 0.77628392 0.72960103
vt 0.77774203 0.73759103
vt 0.77702498 0.74556696
vt 0.77419400 0.75290298
vt 0.76946902 0.75924397
vt 0.76317298 0.76417601
vt 0.75575101 0.76735997
vt 0.74770802 0.76861203
vt 0.73957902 0.76785803
vt 0.73192602 0.76513302
vt 0.72526598 0.76058298
vt 0.72005802 0.75452298
vt 0.71665603 0.74739599
vt 0.71527892 0.73968899
vt 0.71601897 0.73188603
vt 0.71878201 0.72427702
vt 0.30028200 0.68900502
vt 0.29267001 0.69531399
vt 0.30259201 0.70691299
vt 0.31205201 0.70288599
vt 0.18206200 0.75933599
vt 0.18985900 0.77574599
vt 0.19864000 0.77034700
vt 0.19197300 0.75630403
vt 0.19837900 0.69211996
vt 0.20597100 0.69876802
vt 0.21841100 0.68888402
vt 0.21295200 0.68059599
vt 0.27203801 0.80542201
vt 0.28911299 0.79797798
vt 0.28354400 0.78930902
vt 0.26895401 0.79569000
vt 0.31974101 0.71940899
vt 0.30944401 0.72151399
vt 0.18932700 0.74111801
vt 0.17896201 0.74161500
vt 0.23008201 0.67302597
vt 0.23294500 0.68221402
vt 0.25307700 0.79821503
vt 0.25347301 0.80837500
vt 0.31194201 0.73654497
vt 0.32269400 0.73708498
vt 0.24855700 0.67925400
vt 0.24860001 0.67000902
vt 0.23473200 0.80661297
vt 0.23704199 0.79670101
vt 0.32087001 0.75504100
vt 0.31048101 0.75210398
vt 0.18078500 0.72372699
vt 0.19088900 0.72579002
vt 0.26741701 0.67190599
vt 0.26467401 0.68089199
vt 0.22196200 0.79126596
vt 0.21710201 0.80024600
vt 0.30480701 0.76621598
vt 0.31433001 0.77173603
vt 0.27938801 0.68596697
vt 0.28495601 0.67833602
vt 0.20886400 0.78227401
vt 0.20180400 0.78970397
vt 0.19656900 0.71134996
vt 0.18740200 0.70684803
vt 0.30353001 0.78647697
vt 0.29575601 0.77925897
vt 0.28609401 0.77042001
vt 0.29328901 0.76042598
vt 0.28387001 0.75569797
vt 0.27822101 0.76330000
vt 0.28345901 0.70430100
vt 0.27302101 0.69688100
vt 0.26828700 0.70676500
vt 0.27627099 0.71233499
vt 0.21794200 0.77269000
vt 0.22531000 0.76493800
vt 0.21908800 0.75769800
vt 0.20992400 0.76333898
vt 0.21566699 0.70724899
vt 0.20829201 0.71711099
vt 0.21771701 0.72172701
vt 0.22342400 0.71391702
vt 0.27068901 0.76923203
vt 0.27645499 0.77820098
vt 0.28236100 0.71949399
vt 0.29118899 0.71332502
vt 0.20469300 0.75233698
vt 0.21502100 0.74917102
vt 0.23104200 0.70807099
vt 0.22540100 0.69952899
vt 0.26500601 0.78318501
vt 0.26179901 0.77305698
vt 0.29671201 0.72507799
vt 0.28649801 0.72825396
vt 0.21338600 0.73995101
vt 0.20260900 0.74044800
vt 0.23683099 0.69442499
vt 0.24000500 0.70431000
vt 0.25216600 0.77457201
vt 0.25257701 0.78514802
vt 0.28818601 0.73764002
vt 0.29886600 0.73719501
vt 0.24965800 0.70282102
vt 0.24919100 0.69227499
vt 0.24002101 0.78396797
vt 0.24243900 0.77366298
vt 0.29769501 0.74926299
vt 0.28726801 0.74696696
vt 0.20383100 0.72843802
vt 0.21430300 0.73062599
vt 0.26163799 0.69324303
vt 0.25929901 0.70364702
vt 0.23328000 0.77039301
vt 0.22821000 0.77972901
vt 0.26557899 0.71230602
vt 0.27219000 0.71689600
vt 0.25796300 0.70950699
vt 0.24985300 0.70869499
vt 0.24177600 0.70986199
vt 0.23420200 0.71279800
vt 0.22768800 0.71742296
vt 0.22300300 0.72427702
vt 0.22024000 0.73188603
vt 0.21950100 0.73968899
vt 0.22087801 0.74739599
vt 0.22428000 0.75452298
vt 0.22948800 0.76058298
vt 0.23614700 0.76513302
vt 0.24380000 0.76785803
vt 0.25192800 0.76861203
vt 0.25997201 0.76735997
vt 0.26739401 0.76417601
vt 0.27368900 0.75924397
vt 0.27841401 0.75290298
vt 0.28124800 0.74556696
vt 0.28196400 0.73759103
vt 0.28050601 0.72960103
vt 0.27724001 0.72277099
vt 0.02534200 0.81059897
vt 0.01623100 0.75242603
vt 0.00857000 0.75401497
vt 0.01718200 0.81177104
vt 0.04963200 0.86609197
vt 0.04274100 0.87151003
vt 0.08268200 0.92156297
vt 0.08810601 0.91429299
vt 0.13481800 0.95954400
vt 0.13857301 0.95116198
vt 0.19779900 0.97361600
vt 0.19624300 0.98267001
vt 0.26130101 0.97950202
vt 0.26209700 0.98852402
vt 0.32383901 0.96828198
vt 0.32682201 0.97653902
vt 0.38034001 0.94128001
vt 0.38503700 0.94822198
vt 0.42668799 0.90141398
vt 0.43288901 0.90625501
vt 0.46024901 0.85240602
vt 0.46626201 0.85631400
vt 0.48002401 0.79745299
vt 0.48617101 0.80003601
vt 0.48550701 0.73962599
vt 0.49164900 0.74045396
vt 0.47648501 0.68208200
vt 0.48257801 0.68174303
vt 0.45311001 0.62790096
vt 0.45895901 0.62601602
vt 0.42129201 0.57688296
vt 0.41602701 0.58040899
vt 0.37096301 0.53811300
vt 0.36676201 0.54319799
vt 0.30827001 0.51975799
vt 0.31080401 0.51344699
vt 0.18250400 0.52269602
vt 0.24518301 0.51266396
vt 0.24545300 0.50575602
vt 0.18051000 0.51597899
vt 0.12529300 0.54881400
vt 0.12122000 0.54301900
vt 0.07776100 0.58845496
vt 0.07188901 0.58429897
vt 0.04279500 0.63815099
vt 0.03577000 0.63600600
vt 0.02209400 0.69401699
vt 0.01450900 0.69401896
vt 0.03321500 0.80772001
vt 0.02421600 0.75150400
vt 0.05678401 0.86084598
vt 0.09392100 0.90688401
vt 0.14254200 0.94215000
vt 0.19948600 0.96366799
vt 0.26049301 0.96943498
vt 0.32064500 0.95895100
vt 0.37516201 0.93340999
vt 0.42016301 0.89539397
vt 0.45309699 0.84816098
vt 0.47259700 0.79498398
vt 0.47802600 0.73897499
vt 0.46918201 0.68320400
vt 0.44628099 0.63081896
vt 0.41009301 0.58512402
vt 0.36217901 0.54950500
vt 0.30550700 0.52723002
vt 0.24492200 0.52064896
vt 0.18465400 0.53036702
vt 0.12957300 0.55543000
vt 0.08380600 0.59338999
vt 0.04994100 0.64114296
vt 0.02984200 0.69499999
vt 0.04619800 0.80275500
vt 0.03763100 0.75020897
vt 0.06860600 0.85264200
vt 0.10365100 0.89558297
vt 0.14927700 0.92832398
vt 0.20256200 0.94829798
vt 0.25957900 0.95373303
vt 0.31585601 0.94417602
vt 0.36704901 0.92064297
vt 0.40957001 0.88534200
vt 0.44091201 0.84114701
vt 0.45956200 0.79114699
vt 0.46477801 0.73836303
vt 0.45633501 0.68582702
vt 0.43450701 0.63660896
vt 0.40016401 0.59387499
vt 0.35501900 0.56078196
vt 0.30194601 0.54019701
vt 0.24507900 0.53415799
vt 0.18860500 0.54324102
vt 0.13692901 0.56656200
vt 0.09383500 0.60196602
vt 0.06192100 0.64660597
vt 0.04291900 0.69714600
vt 0.06366400 0.79712099
vt 0.05562900 0.74888897
vt 0.08432500 0.84236002
vt 0.11645600 0.88124299
vt 0.15814200 0.91085696
vt 0.20668900 0.92891496
vt 0.25859901 0.93388098
vt 0.30987501 0.92535299
vt 0.35666201 0.90417397
vt 0.39572001 0.87220800
vt 0.42465901 0.83195698
vt 0.44195101 0.78623497
vt 0.44679901 0.73786199
vt 0.43896800 0.68973696
vt 0.41876301 0.64476699
vt 0.38711599 0.60587800
vt 0.34576201 0.57592499
vt 0.29737201 0.55738199
vt 0.24545901 0.55196202
vt 0.19395700 0.56018603
vt 0.14676601 0.58129501
vt 0.10726700 0.61344099
vt 0.07796501 0.65407002
vt 0.06047300 0.70023596
vt 0.08364801 0.79070002
vt 0.07634801 0.74749899
vt 0.10221400 0.83086801
vt 0.13098800 0.86530697
vt 0.16813900 0.89145702
vt 0.21125600 0.90736800
vt 0.25755301 0.91184902
vt 0.30325401 0.90441197
vt 0.34501201 0.88574302
vt 0.38000101 0.85742497
vt 0.40603101 0.82160997
vt 0.42163801 0.78078598
vt 0.42602301 0.73752797
vt 0.41894701 0.69449997
vt 0.40072501 0.65437698
vt 0.37230101 0.61980402
vt 0.33531201 0.59328198
vt 0.29216900 0.57692999
vt 0.24594100 0.57216799
vt 0.20009001 0.57943702
vt 0.15801300 0.59810501
vt 0.12269100 0.62661499
vt 0.09640400 0.66275299
vt 0.08067801 0.70395499
vt 0.10477700 0.78376997
vt 0.09835500 0.74605399
vt 0.12108200 0.81880999
vt 0.14629000 0.84876001
vt 0.17863700 0.87132901
vt 0.21599300 0.88493198
vt 0.25650001 0.88897699
vt 0.29638401 0.88265401
vt 0.33282501 0.86652201
vt 0.36345401 0.84194303
vt 0.38630101 0.81076300
vt 0.40004000 0.77513301
vt 0.40390101 0.73730803
vt 0.39765200 0.69968998
vt 0.38163000 0.66472000
vt 0.35672000 0.63466799
vt 0.32438001 0.61166400
vt 0.28674901 0.59752601
vt 0.24650501 0.59341896
vt 0.20657501 0.59970403
vt 0.16987400 0.61586899
vt 0.13899800 0.64060903
vt 0.11595600 0.67206800
vt 0.10214900 0.70802200
vt 0.12629700 0.77650100
vt 0.12086700 0.74458396
vt 0.14030001 0.80650300
vt 0.16188100 0.83205301
vt 0.18951800 0.85124999
vt 0.22140300 0.86282098
vt 0.25563201 0.86611903
vt 0.28945199 0.86073303
vt 0.32043701 0.84702098
vt 0.34654900 0.82606000
vt 0.36611301 0.79969800
vt 0.37790301 0.76946497
vt 0.38117501 0.73712599
vt 0.37571400 0.70486999
vt 0.36208901 0.67532802
vt 0.34088400 0.64993399
vt 0.31329301 0.63041300
vt 0.28123701 0.61840999
vt 0.24710000 0.61499900
vt 0.21318699 0.62033296
vt 0.18194400 0.63394701
vt 0.15561500 0.65482700
vt 0.13593000 0.68164200
vt 0.12413100 0.71230400
vt 0.14778399 0.76911497
vt 0.14339700 0.74316299
vt 0.15953600 0.79422098
vt 0.17746800 0.81544697
vt 0.20033100 0.83130199
vt 0.22669700 0.84086096
vt 0.25479901 0.84349900
vt 0.28260800 0.83901900
vt 0.30809501 0.82760596
vt 0.32958701 0.81009001
vt 0.34589401 0.78868902
vt 0.35571700 0.76389003
vt 0.35834101 0.73699796
vt 0.35362601 0.70998096
vt 0.34255901 0.68599403
vt 0.32512301 0.66526300
vt 0.30228400 0.64914399
vt 0.27575001 0.63915396
vt 0.24771000 0.63648796
vt 0.21980201 0.64090699
vt 0.19397700 0.65197200
vt 0.17215000 0.66893697
vt 0.15591000 0.69126999
vt 0.14615500 0.71669996
vt 0.16786000 0.76335901
vt 0.16420700 0.74221396
vt 0.17731400 0.78335297
vt 0.19173799 0.80031902
vt 0.21017000 0.81305897
vt 0.23141700 0.82074398
vt 0.25402501 0.82286501
vt 0.27641201 0.81927598
vt 0.29698101 0.81020099
vt 0.31436601 0.79631603
vt 0.32749000 0.77893198
vt 0.33538800 0.75882602
vt 0.33755600 0.73720700
vt 0.33388400 0.71564800
vt 0.32482699 0.69607300
vt 0.31067401 0.67932099
vt 0.29226401 0.66643900
vt 0.27095401 0.65849400
vt 0.24832200 0.65627396
vt 0.22586700 0.65978199
vt 0.20511100 0.66872096
vt 0.18751700 0.68250400
vt 0.17434900 0.70037699
vt 0.16642600 0.72079003
vt 0.18206200 0.75933599
vt 0.17896201 0.74161500
vt 0.18985900 0.77574599
vt 0.20180400 0.78970397
vt 0.21710201 0.80024600
vt 0.23473200 0.80661297
vt 0.25347301 0.80837500
vt 0.27203801 0.80542201
vt 0.28911299 0.79797798
vt 0.30353001 0.78647697
vt 0.31433001 0.77173603
vt 0.32087001 0.75504100
vt 0.32269400 0.73708498
vt 0.31974101 0.71940899
vt 0.31205201 0.70288599
vt 0.30028200 0.68900502
vt 0.28495601 0.67833602
vt 0.26741701 0.67190599
vt 0.24860001 0.67000902
vt 0.23008201 0.67302597
vt 0.21295200 0.68059599
vt 0.19837900 0.69211996
vt 0.18740200 0.70684803
vt 0.18078500 0.72372699
vt 0.97580302 0.79745299
vt 0.98194897 0.80003601
vt 0.98742908 0.74045396
vt 0.98128498 0.73962599
vt 0.95602697 0.85240602
vt 0.96204102 0.85631400
vt 0.92246598 0.90141398
vt 0.92866802 0.90625501
vt 0.87611902 0.94128001
vt 0.88081503 0.94822198
vt 0.81961697 0.96828198
vt 0.82260102 0.97653902
vt 0.75708002 0.97950202
vt 0.75787503 0.98852402
vt 0.69357908 0.97361600
vt 0.69202209 0.98267001
vt 0.63435102 0.95116198
vt 0.63059598 0.95954400
vt 0.58388501 0.91429299
vt 0.57845998 0.92156297
vt 0.54541212 0.86609197
vt 0.53851902 0.87151003
vt 0.52112103 0.81059897
vt 0.51296002 0.81177104
vt 0.51200902 0.75242603
vt 0.50435001 0.75401497
vt 0.51787198 0.69401699
vt 0.51028788 0.69401896
vt 0.53857303 0.63815099
vt 0.53154802 0.63600600
vt 0.57353902 0.58845496
vt 0.56766802 0.58429897
vt 0.62107098 0.54881400
vt 0.61699897 0.54301900
vt 0.67828298 0.52269602
vt 0.67628902 0.51597899
vt 0.80405003 0.51975799
vt 0.80658197 0.51344699
vt 0.74123102 0.50575602
vt 0.74096203 0.51266396
vt 0.86254102 0.54319799
vt 0.86674303 0.53811300
vt 0.91180700 0.58040899
vt 0.91707098 0.57688296
vt 0.94888908 0.62790096
vt 0.95473802 0.62601602
vt 0.97226202 0.68208200
vt 0.97835702 0.68174303
vt 0.96837503 0.79498398
vt 0.97380513 0.73897499
vt 0.94887608 0.84816098
vt 0.91594303 0.89539397
vt 0.87094098 0.93340999
vt 0.81642503 0.95895100
vt 0.75627202 0.96943498
vt 0.69526398 0.96366799
vt 0.63832003 0.94215000
vt 0.58969897 0.90688401
vt 0.55256301 0.86084598
vt 0.52899402 0.80772001
vt 0.51999497 0.75150400
vt 0.52561998 0.69499999
vt 0.54571903 0.64114296
vt 0.57958502 0.59338999
vt 0.62535203 0.55543000
vt 0.68043298 0.53036702
vt 0.74070102 0.52064896
vt 0.80128503 0.52723002
vt 0.85795802 0.54950500
vt 0.90587300 0.58512402
vt 0.94206113 0.63081896
vt 0.96496212 0.68320400
vt 0.95534098 0.79114699
vt 0.96055609 0.73836303
vt 0.93669099 0.84114701
vt 0.90535003 0.88534200
vt 0.86282903 0.92064297
vt 0.81163502 0.94417602
vt 0.75535798 0.95373303
vt 0.69834107 0.94829798
vt 0.64505702 0.92832398
vt 0.59943002 0.89558297
vt 0.56438601 0.85264200
vt 0.54197598 0.80275500
vt 0.53341001 0.75020897
vt 0.53869802 0.69714600
vt 0.55769998 0.64660597
vt 0.58961302 0.60196602
vt 0.63270801 0.56656200
vt 0.68438500 0.54324102
vt 0.74085802 0.53415799
vt 0.79772502 0.54019701
vt 0.85079902 0.56078196
vt 0.89594293 0.59387499
vt 0.93028498 0.63660896
vt 0.95211297 0.68582702
vt 0.93773109 0.78623497
vt 0.94257802 0.73786199
vt 0.92043698 0.83195698
vt 0.89149803 0.87220800
vt 0.85243899 0.90417397
vt 0.80565202 0.92535299
vt 0.75437802 0.93388098
vt 0.70246702 0.92891496
vt 0.65392113 0.91085696
vt 0.61223602 0.88124299
vt 0.58010501 0.84236002
vt 0.55944198 0.79712099
vt 0.55140901 0.74888897
vt 0.55625200 0.70023596
vt 0.57374299 0.65407002
vt 0.60304612 0.61344099
vt 0.64254397 0.58129501
vt 0.68973702 0.56018603
vt 0.74123693 0.55196202
vt 0.79315102 0.55738199
vt 0.84153998 0.57592499
vt 0.88289601 0.60587800
vt 0.91454208 0.64476699
vt 0.93474609 0.68973696
vt 0.92180097 0.73752797
vt 0.91741812 0.78078598
vt 0.90180898 0.82160997
vt 0.87577999 0.85742497
vt 0.84078997 0.88574302
vt 0.79903293 0.90441197
vt 0.75333202 0.91184902
vt 0.70703602 0.90736800
vt 0.66391802 0.89145702
vt 0.62676603 0.86530697
vt 0.59799403 0.83086801
vt 0.57942802 0.79070002
vt 0.57212597 0.74749899
vt 0.57645702 0.70395499
vt 0.59218198 0.66275299
vt 0.61847103 0.62661499
vt 0.65379208 0.59810501
vt 0.69586909 0.57943702
vt 0.74172002 0.57216799
vt 0.78794599 0.57692999
vt 0.83108997 0.59328198
vt 0.86808002 0.61980402
vt 0.89650297 0.65437698
vt 0.91472608 0.69449997
vt 0.89968002 0.73730803
vt 0.89581901 0.77513301
vt 0.88208097 0.81076300
vt 0.85923302 0.84194303
vt 0.82860398 0.86652201
vt 0.79216301 0.88265401
vt 0.75227892 0.88897699
vt 0.71177101 0.88493198
vt 0.67441702 0.87132901
vt 0.64206803 0.84876001
vt 0.61685997 0.81880999
vt 0.60055608 0.78376997
vt 0.59413397 0.74605399
vt 0.59792697 0.70802200
vt 0.61173397 0.67206800
vt 0.63477689 0.64060903
vt 0.66565400 0.61586899
vt 0.70235401 0.59970403
vt 0.74228293 0.59341896
vt 0.78252798 0.59752601
vt 0.82015902 0.61166400
vt 0.85249901 0.63466799
vt 0.87740803 0.66472000
vt 0.89342898 0.69968998
vt 0.87695289 0.73712599
vt 0.87368202 0.76946497
vt 0.86189097 0.79969800
vt 0.84232903 0.82606000
vt 0.81621689 0.84702098
vt 0.78523189 0.86073303
vt 0.75141102 0.86611903
vt 0.71718103 0.86282098
vt 0.68529701 0.85124999
vt 0.65766108 0.83205301
vt 0.63607901 0.80650300
vt 0.62207597 0.77650100
vt 0.61664689 0.74458396
vt 0.61991000 0.71230400
vt 0.63170803 0.68164200
vt 0.65139401 0.65482700
vt 0.67772412 0.63394701
vt 0.70896602 0.62033296
vt 0.74287802 0.61499900
vt 0.77701598 0.61840999
vt 0.80907202 0.63041300
vt 0.83666098 0.64993399
vt 0.85786909 0.67532802
vt 0.87149203 0.70486999
vt 0.85412008 0.73699796
vt 0.85149503 0.76389003
vt 0.84167200 0.78868902
vt 0.82536602 0.81009001
vt 0.80387503 0.82760596
vt 0.77838802 0.83901900
vt 0.75057697 0.84349900
vt 0.72247690 0.84086096
vt 0.69611013 0.83130199
vt 0.67324603 0.81544697
vt 0.65531403 0.79422098
vt 0.64356309 0.76911497
vt 0.63917601 0.74316299
vt 0.64193302 0.71669996
vt 0.65169001 0.69126999
vt 0.66792798 0.66893697
vt 0.68975598 0.65197200
vt 0.71557897 0.64090699
vt 0.74348903 0.63648796
vt 0.77152902 0.63915396
vt 0.79806203 0.64914399
vt 0.82090098 0.66526300
vt 0.83833802 0.68599403
vt 0.84940612 0.70998096
vt 0.83333403 0.73720700
vt 0.83116698 0.75882602
vt 0.82326698 0.77893198
vt 0.81014502 0.79631603
vt 0.79276103 0.81020099
vt 0.77218997 0.81927598
vt 0.74980402 0.82286501
vt 0.72719598 0.82074398
vt 0.70594889 0.81305897
vt 0.68751609 0.80031902
vt 0.67309302 0.78335297
vt 0.66364002 0.76335901
vt 0.65998602 0.74221396
vt 0.66220403 0.72079003
vt 0.67012912 0.70037699
vt 0.68329501 0.68250400
vt 0.70089102 0.66872096
vt 0.72164601 0.65978199
vt 0.74410212 0.65627396
vt 0.76673388 0.65849400
vt 0.78804302 0.66643900
vt 0.80645198 0.67932099
vt 0.82060689 0.69607300
vt 0.82966202 0.71564800
vt 0.81847298 0.73708498
vt 0.81664902 0.75504100
vt 0.81010902 0.77173603
vt 0.79930902 0.78647697
vt 0.78489202 0.79797798
vt 0.76781613 0.80542201
vt 0.74925202 0.80837500
vt 0.73051113 0.80661297
vt 0.71288002 0.80024600
vt 0.69758308 0.78970397
vt 0.68563598 0.77574599
vt 0.67784113 0.75933599
vt 0.67474103 0.74161500
vt 0.67656302 0.72372699
vt 0.68318212 0.70684803
vt 0.69415808 0.69211996
vt 0.70872903 0.68059599
vt 0.72585899 0.67302597
vt 0.74437797 0.67000902
vt 0.76319700 0.67190599
vt 0.78073502 0.67833602
vt 0.79606003 0.68900502
vt 0.80783212 0.70288599
vt 0.81552112 0.71940899
f 1/1 2/2 3/3
f 1/1 3/3 4/4
f 5/5 1/1 4/4
f 5/5 4/4 6/6
f 7/7 5/5 6/6
f 7/7 6/6 8/8
f 9/9 7/7 8/8
f 9/9 8/8 10/10
f 9/9 10/10 11/11
f 9/9 11/11 12/12
f 13/13 12/12 11/11
f 13/13 11/11 14/14
f 15/15 13/13 14/14
f 15/15 14/14 16/16
f 17/17 15/15 16/16
f 17/17 16/16 18/18
f 17/17 18/18 19/19
f 17/17 19/19 20/20
f 21/21 20/20 19/19
f 21/21 19/19 22/22
f 23/23 21/21 22/22
f 23/23 22/22 24/24
f 23/23 24/24 25/25
f 23/23 25/25 26/26
f 27/27 26/26 25/25
f 27/27 25/25 28/28
f 29/29 27/27 28/28
f 29/29 28/28 30/30
f 31/31 29/29 30/30
f 31/31 30/30 32/32
f 33/33 31/31 32/32
f 33/33 32/32 34/34
f 33/33 34/34 35/35
f 33/33 35/35 36/36
f 37/37 36/36 35/35
f 37/37 35/35 38/38
f 39/39 37/37 38/38
f 39/39 38/38 40/40
f 41/41 39/39 40/40
f 41/41 40/40 42/42
f 41/41 42/42 43/43
f 41/41 43/43 44/44
f 45/45 44/44 43/43
f 45/45 43/43 46/46
f 47/47 45/45 46/46
f 47/47 46/46 48/48
f 47/47 48/48 3/3
f 47/47 3/3 2/2
f 4/4 3/3 49/49
f 4/4 49/49 50/50
f 6/6 4/4 50/50
f 6/6 50/50 51/51
f 8/8 6/6 51/51
f 8/8 51/51 52/52
f 10/10 8/8 52/52
f 10/10 52/52 53/53
f 10/10 53/53 54/54
f 10/10 54/54 11/11
f 14/14 11/11 54/54
f 14/14 54/54 55/55
f 14/14 55/55 56/56
f 14/14 56/56 16/16
f 18/18 16/16 56/56
f 18/18 56/56 57/57
f 19/19 18/18 57/57
f 19/19 57/57 58/58
f 19/19 58/58 59/59
f 19/19 59/59 22/22
f 24/24 22/22 59/59
f 24/24 59/59 60/60
f 25/25 24/24 60/60
f 25/25 60/60 61/61
f 28/28 25/25 61/61
f 28/28 61/61 62/62
f 30/30 28/28 62/62
f 30/30 62/62 63/63
f 32/32 30/30 63/63
f 32/32 63/63 64/64
f 34/34 32/32 64/64
f 34/34 64/64 65/65
f 34/34 65/65 66/66
f 34/34 66/66 35/35
f 38/38 35/35 66/66
f 38/38 66/66 67/67
f 38/38 67/67 68/68
f 38/38 68/68 40/40
f 42/42 40/40 68/68
f 42/42 68/68 69/69
f 43/43 42/42 69/69
f 43/43 69/69 70/70
f 43/43 70/70 71/71
f 43/43 71/71 46/46
f 48/48 46/46 71/71
f 48/48 71/71 72/72
f 48/48 72/72 49/49
f 48/48 49/49 3/3
f 49/49 73/73 74/74
f 49/49 74/74 50/50
f 51/51 50/50 74/74
f 51/51 74/74 75/75
f 51/51 75/75 76/76
f 51/51 76/76 52/52
f 53/53 52/52 76/76
f 53/53 76/76 77/77
f 53/53 77/77 78/78
f 53/53 78/78 54/54
f 55/55 54/54 78/78
f 55/55 78/78 79/79
f 55/55 79/79 80/80
f 55/55 80/80 56/56
f 57/57 56/56 80/80
f 57/57 80/80 81/81
f 57/57 81/81 82/82
f 57/57 82/82 58/58
f 59/59 58/58 82/82
f 59/59 82/82 83/83
f 59/59 83/83 84/84
f 59/59 84/84 60/60
f 61/61 60/60 84/84
f 61/61 84/84 85/85
f 61/61 85/85 86/86
f 61/61 86/86 62/62
f 63/63 62/62 86/86
f 63/63 86/86 87/87
f 63/63 87/87 88/88
f 63/63 88/88 64/64
f 65/65 64/64 88/88
f 65/65 88/88 89/89
f 65/65 89/89 90/90
f 65/65 90/90 66/66
f 67/67 66/66 90/90
f 67/67 90/90 91/91
f 67/67 91/91 92/92
f 67/67 92/92 68/68
f 69/69 68/68 92/92
f 69/69 92/92 93/93
f 69/69 93/93 94/94
f 69/69 94/94 70/70
f 71/71 70/70 94/94
f 71/71 94/94 95/95
f 71/71 95/95 96/96
f 71/71 96/96 72/72
f 49/49 72/72 96/96
f 49/49 96/96 73/73
f 97/97 91/91 90/90
f 97/97 90/90 89/89
f 97/97 79/79 78/78
f 97/97 78/78 77/77
f 97/97 93/93 92/92
f 97/97 92/92 91/91
f 97/97 81/81 80/80
f 97/97 80/80 79/79
f 97/97 95/95 94/94
f 97/97 94/94 93/93
f 97/97 83/83 82/82
f 97/97 82/82 81/81
f 97/97 73/73 96/96
f 97/97 96/96 95/95
f 97/97 85/85 84/84
f 97/97 84/84 83/83
f 97/97 87/87 86/86
f 97/97 86/86 85/85
f 97/97 75/75 74/74
f 97/97 74/74 73/73
f 97/97 89/89 88/88
f 97/97 88/88 87/87
f 97/97 77/77 76/76
f 97/97 76/76 75/75
f 98/98 99/99 100/100
f 98/98 100/100 101/101
f 102/102 103/103 100/100
f 102/102 100/100 99/99
f 102/102 104/104 105/105
f 102/102 105/105 103/103
f 104/104 106/106 107/107
f 104/104 107/107 105/105
f 106/106 108/108 109/109
f 106/106 109/109 107/107
f 108/108 110/110 111/111
f 108/108 111/111 109/109
f 112/112 113/113 111/111
f 112/112 111/111 110/110
f 112/112 114/114 115/115
f 112/112 115/115 113/113
f 114/114 116/116 117/117
f 114/114 117/117 115/115
f 118/118 119/119 117/117
f 118/118 117/117 116/116
f 118/118 120/120 121/121
f 118/118 121/121 119/119
f 120/120 122/122 123/123
f 120/120 123/123 121/121
f 122/122 124/124 125/125
f 122/122 125/125 123/123
f 126/126 127/127 125/125
f 126/126 125/125 124/124
f 126/126 128/128 129/129
f 126/126 129/129 127/127
f 128/128 130/130 131/131
f 128/128 131/131 129/129
f 130/130 132/132 133/133
f 130/130 133/133 131/131
f 132/132 134/134 135/135
f 132/132 135/135 133/133
f 136/136 137/137 135/135
f 136/136 135/135 134/134
f 136/136 138/138 139/139
f 136/136 139/139 137/137
f 138/138 140/140 141/141
f 138/138 141/141 139/139
f 142/142 143/143 141/141
f 142/142 141/141 140/140
f 142/142 144/144 145/145
f 142/142 145/145 143/143
f 144/144 98/98 101/101
f 144/144 101/101 145/145
f 100/100 146/146 147/147
f 100/100 147/147 101/101
f 103/103 148/148 146/146
f 103/103 146/146 100/100
f 103/103 105/105 149/149
f 103/103 149/149 148/148
f 105/105 107/107 150/150
f 105/105 150/150 149/149
f 107/107 109/109 151/151
f 107/107 151/151 150/150
f 109/109 111/111 152/152
f 109/109 152/152 151/151
f 111/111 113/113 153/153
f 111/111 153/153 152/152
f 113/113 115/115 154/154
f 113/113 154/154 153/153
f 117/117 155/155 154/154
f 117/117 154/154 115/115
f 117/117 119/119 156/156
f 117/117 156/156 155/155
f 119/119 121/121 157/157
f 119/119 157/157 156/156
f 123/123 158/158 157/157
f 123/123 157/157 121/121
f 123/123 125/125 159/159
f 123/123 159/159 158/158
f 127/127 160/160 159/159
f 127/127 159/159 125/125
f 127/127 129/129 161/161
f 127/127 161/161 160/160
f 129/129 131/131 162/162
f 129/129 162/162 161/161
f 131/131 133/133 163/163
f 131/131 163/163 162/162
f 133/133 135/135 164/164
f 133/133 164/164 163/163
f 135/135 137/137 165/165
f 135/135 165/165 164/164
f 137/137 139/139 166/166
f 137/137 166/166 165/165
f 141/141 167/167 166/166
f 141/141 166/166 139/139
f 141/141 143/143 168/168
f 141/141 168/168 167/167
f 143/143 145/145 169/169
f 143/143 169/169 168/168
f 145/145 101/101 147/147
f 145/145 147/147 169/169
f 147/147 146/146 170/170
f 147/147 170/170 171/171
f 148/148 172/172 170/170
f 148/148 170/170 146/146
f 148/148 149/149 173/173
f 148/148 173/173 172/172
f 150/150 174/174 173/173
f 150/150 173/173 149/149
f 150/150 151/151 175/175
f 150/150 175/175 174/174
f 152/152 176/176 175/175
f 152/152 175/175 151/151
f 152/152 153/153 177/177
f 152/152 177/177 176/176
f 154/154 178/178 177/177
f 154/154 177/177 153/153
f 154/154 155/155 179/179
f 154/154 179/179 178/178
f 156/156 180/180 179/179
f 156/156 179/179 155/155
f 156/156 157/157 181/181
f 156/156 181/181 180/180
f 158/158 182/182 181/181
f 158/158 181/181 157/157
f 158/158 159/159 183/183
f 158/158 183/183 182/182
f 160/160 184/184 183/183
f 160/160 183/183 159/159
f 160/160 161/161 185/185
f 160/160 185/185 184/184
f 162/162 186/186 185/185
f 162/162 185/185 161/161
f 162/162 163/163 187/187
f 162/162 187/187 186/186
f 164/164 188/188 187/187
f 164/164 187/187 163/163
f 164/164 165/165 189/189
f 164/164 189/189 188/188
f 166/166 190/190 189/189
f 166/166 189/189 165/165
f 166/166 167/167 191/191
f 166/166 191/191 190/190
f 168/168 192/192 191/191
f 168/168 191/191 167/167
f 168/168 169/169 193/193
f 168/168 193/193 192/192
f 147/147 171/171 193/193
f 147/147 193/193 169/169
f 194/194 186/186 187/187
f 194/194 187/187 188/188
f 194/194 174/174 175/175
f 194/194 175/175 176/176
f 194/194 188/188 189/189
f 194/194 189/189 190/190
f 194/194 176/176 177/177
f 194/194 177/177 178/178
f 194/194 190/190 191/191
f 194/194 191/191 192/192
f 194/194 178/178 179/179
f 194/194 179/179 180/180
f 194/194 192/192 193/193
f 194/194 193/193 171/171
f 194/194 180/180 181/181
f 194/194 181/181 182/182
f 194/194 182/182 183/183
f 194/194 183/183 184/184
f 194/194 171/171 170/170
f 194/194 170/170 172/172
f 194/194 184/184 185/185
f 194/194 185/185 186/186
f 194/194 172/172 173/173
f 194/194 173/173 174/174
f 195/195 196/196 197/197
f 195/195 197/197 198/198
f 199/199 200/200 201/201
f 199/199 201/201 202/202
f 203/203 204/204 205/205
f 203/203 205/205 206/206
f 207/207 208/208 209/209
f 207/207 209/209 210/210
f 211/211 212/212 197/197
f 211/211 197/197 196/196
f 199/199 213/213 214/214
f 199/199 214/214 200/200
f 215/215 216/216 205/205
f 215/215 205/205 204/204
f 207/207 217/217 218/218
f 207/207 218/218 208/208
f 211/211 219/219 220/220
f 211/211 220/220 212/212
f 215/215 221/221 222/222
f 215/215 222/222 216/216
f 223/223 224/224 218/218
f 223/223 218/218 217/217
f 225/225 226/226 220/220
f 225/225 220/220 219/219
f 227/227 228/228 214/214
f 227/227 214/214 213/213
f 229/229 230/230 222/222
f 229/229 222/222 221/221
f 223/223 231/231 232/232
f 223/223 232/232 224/224
f 225/225 233/233 234/234
f 225/225 234/234 226/226
f 229/229 235/235 236/236
f 229/229 236/236 230/230
f 231/231 237/237 238/238
f 231/231 238/238 232/232
f 227/227 239/239 240/240
f 227/227 240/240 228/228
f 241/241 242/242 234/234
f 241/241 234/234 233/233
f 195/195 198/198 236/236
f 195/195 236/236 235/235
f 237/237 202/202 201/201
f 237/237 201/201 238/238
f 203/203 206/206 240/240
f 203/203 240/240 239/239
f 210/210 209/209 242/242
f 210/210 242/242 241/241
f 243/243 244/244 245/245
f 243/243 245/245 246/246
f 247/247 248/248 249/249
f 247/247 249/249 250/250
f 251/251 252/252 253/253
f 251/251 253/253 254/254
f 255/255 256/256 257/257
f 255/255 257/257 258/258
f 243/243 259/259 260/260
f 243/243 260/260 244/244
f 247/247 261/261 262/262
f 247/247 262/262 248/248
f 263/263 264/264 253/253
f 263/263 253/253 252/252
f 255/255 265/265 266/266
f 255/255 266/266 256/256
f 267/267 268/268 260/260
f 267/267 260/260 259/259
f 269/269 270/270 262/262
f 269/269 262/262 261/261
f 263/263 271/271 272/272
f 263/263 272/272 264/264
f 273/273 274/274 266/266
f 273/273 266/266 265/265
f 267/267 275/275 276/276
f 267/267 276/276 268/268
f 269/269 277/277 278/278
f 269/269 278/278 270/270
f 273/273 279/279 280/280
f 273/273 280/280 274/274
f 281/281 282/282 276/276
f 281/281 276/276 275/275
f 283/283 284/284 278/278
f 283/283 278/278 277/277
f 285/285 286/286 272/272
f 285/285 272/272 271/271
f 287/287 288/288 280/280
f 287/287 280/280 279/279
f 281/281 289/289 290/290
f 281/281 290/290 282/282
f 283/283 246/246 245/245
f 283/283 245/245 284/284
f 287/287 250/250 249/249
f 287/287 249/249 288/288
f 251/251 254/254 290/290
f 251/251 290/290 289/289
f 285/285 258/258 257/257
f 285/285 257/257 286/286
f 200/200 214/214 271/271
f 200/200 271/271 263/263
f 200/200 263/263 252/252
f 200/200 252/252 201/201
f 201/201 252/252 251/251
f 201/201 251/251 238/238
f 238/238 251/251 289/289
f 238/238 289/289 232/232
f 224/224 232/232 289/289
f 224/224 289/289 281/281
f 218/218 224/224 281/281
f 218/218 281/281 275/275
f 218/218 275/275 267/267
f 218/218 267/267 208/208
f 208/208 267/267 259/259
f 208/208 259/259 209/209
f 242/242 209/209 259/259
f 242/242 259/259 243/243
f 234/234 242/242 243/243
f 234/234 243/243 246/246
f 226/226 234/234 246/246
f 226/226 246/246 283/283
f 226/226 283/283 277/277
f 226/226 277/277 220/220
f 212/212 220/220 277/277
f 212/212 277/277 269/269
f 212/212 269/269 261/261
f 212/212 261/261 197/197
f 197/197 261/261 247/247
f 197/197 247/247 198/198
f 198/198 247/247 250/250
f 198/198 250/250 236/236
f 230/230 236/236 250/250
f 230/230 250/250 287/287
f 222/222 230/230 287/287
f 222/222 287/287 279/279
f 222/222 279/279 273/273
f 222/222 273/273 216/216
f 216/216 273/273 265/265
f 216/216 265/265 205/205
f 206/206 205/205 265/265
f 206/206 265/265 255/255
f 240/240 206/206 255/255
f 240/240 255/255 258/258
f 228/228 240/240 258/258
f 228/228 258/258 285/285
f 228/228 285/285 271/271
f 228/228 271/271 214/214
f 249/249 248/248 291/291
f 249/249 291/291 292/292
f 249/249 292/292 293/293
f 249/249 293/293 288/288
f 280/280 288/288 293/293
f 280/280 293/293 294/294
f 280/280 294/294 295/295
f 280/280 295/295 274/274
f 266/266 274/274 295/295
f 266/266 295/295 296/296
f 266/266 296/296 297/297
f 266/266 297/297 256/256
f 257/257 256/256 297/297
f 257/257 297/297 298/298
f 257/257 298/298 299/299
f 257/257 299/299 286/286
f 272/272 286/286 299/299
f 272/272 299/299 300/300
f 264/264 272/272 300/300
f 264/264 300/300 301/301
f 253/253 264/264 301/301
f 253/253 301/301 302/302
f 253/253 302/302 303/303
f 253/253 303/303 254/254
f 290/290 254/254 303/303
f 290/290 303/303 304/304
f 290/290 304/304 305/305
f 290/290 305/305 282/282
f 276/276 282/282 305/305
f 276/276 305/305 306/306
f 276/276 306/306 307/307
f 276/276 307/307 268/268
f 260/260 268/268 307/307
f 260/260 307/307 308/308
f 260/260 308/308 309/309
f 260/260 309/309 244/244
f 245/245 244/244 309/309
f 245/245 309/309 310/310
f 245/245 310/310 311/311
f 245/245 311/311 284/284
f 278/278 284/284 311/311
f 278/278 311/311 312/312
f 278/278 312/312 313/313
f 278/278 313/313 270/270
f 262/262 270/270 313/313
f 262/262 313/313 314/314
f 262/262 314/314 291/291
f 262/262 291/291 248/248
f 315/315 316/316 317/317
f 315/315 317/317 318/318
f 319/319 320/320 321/321
f 319/319 321/321 322/322
f 323/323 324/324 325/325
f 323/323 325/325 326/326
f 327/327 328/328 329/329
f 327/327 329/329 330/330
f 331/331 318/318 317/317
f 331/331 317/317 332/332
f 319/319 322/322 333/333
f 319/319 333/333 334/334
f 335/335 326/326 325/325
f 335/335 325/325 336/336
f 327/327 330/330 337/337
f 327/327 337/337 338/338
f 331/331 332/332 339/339
f 331/331 339/339 340/340
f 335/335 336/336 341/341
f 335/335 341/341 342/342
f 343/343 338/338 337/337
f 343/343 337/337 344/344
f 345/345 340/340 339/339
f 345/345 339/339 346/346
f 347/347 334/334 333/333
f 347/347 333/333 348/348
f 349/349 342/342 341/341
f 349/349 341/341 350/350
f 343/343 344/344 351/351
f 343/343 351/351 352/352
f 345/345 346/346 353/353
f 345/345 353/353 354/354
f 349/349 350/350 355/355
f 349/349 355/355 356/356
f 352/352 351/351 357/357
f 352/352 357/357 358/358
f 347/347 348/348 359/359
f 347/347 359/359 360/360
f 361/361 354/354 353/353
f 361/361 353/353 362/362
f 315/315 356/356 355/355
f 315/315 355/355 316/316
f 358/358 357/357 321/321
f 358/358 321/321 320/320
f 323/323 360/360 359/359
f 323/323 359/359 324/324
f 328/328 361/361 362/362
f 328/328 362/362 329/329
f 363/363 364/364 365/365
f 363/363 365/365 366/366
f 367/367 368/368 369/369
f 367/367 369/369 370/370
f 371/371 372/372 373/373
f 371/371 373/373 374/374
f 375/375 376/376 377/377
f 375/375 377/377 378/378
f 363/363 366/366 379/379
f 363/363 379/379 380/380
f 367/367 370/370 381/381
f 367/367 381/381 382/382
f 383/383 374/374 373/373
f 383/383 373/373 384/384
f 375/375 378/378 385/385
f 375/375 385/385 386/386
f 387/387 380/380 379/379
f 387/387 379/379 388/388
f 389/389 382/382 381/381
f 389/389 381/381 390/390
f 383/383 384/384 391/391
f 383/383 391/391 392/392
f 393/393 386/386 385/385
f 393/393 385/385 394/394
f 387/387 388/388 395/395
f 387/387 395/395 396/396
f 389/389 390/390 397/397
f 389/389 397/397 398/398
f 393/393 394/394 399/399
f 393/393 399/399 400/400
f 401/401 396/396 395/395
f 401/401 395/395 402/402
f 403/403 398/398 397/397
f 403/403 397/397 404/404
f 405/405 392/392 391/391
f 405/405 391/391 406/406
f 407/407 400/400 399/399
f 407/407 399/399 408/408
f 401/401 402/402 409/409
f 401/401 409/409 410/410
f 403/403 404/404 365/365
f 403/403 365/365 364/364
f 407/407 408/408 369/369
f 407/407 369/369 368/368
f 371/371 410/410 409/409
f 371/371 409/409 372/372
f 405/405 406/406 377/377
f 405/405 377/377 376/376
f 322/322 383/383 392/392
f 322/322 392/392 333/333
f 322/322 321/321 374/374
f 322/322 374/374 383/383
f 321/321 357/357 371/371
f 321/321 371/371 374/374
f 357/357 351/351 410/410
f 357/357 410/410 371/371
f 344/344 401/401 410/410
f 344/344 410/410 351/351
f 337/337 396/396 401/401
f 337/337 401/401 344/344
f 337/337 330/330 387/387
f 337/337 387/387 396/396
f 330/330 329/329 380/380
f 330/330 380/380 387/387
f 362/362 363/363 380/380
f 362/362 380/380 329/329
f 353/353 364/364 363/363
f 353/353 363/363 362/362
f 346/346 403/403 364/364
f 346/346 364/364 353/353
f 346/346 339/339 398/398
f 346/346 398/398 403/403
f 332/332 389/389 398/398
f 332/332 398/398 339/339
f 332/332 317/317 382/382
f 332/332 382/382 389/389
f 317/317 316/316 367/367
f 317/317 367/367 382/382
f 316/316 355/355 368/368
f 316/316 368/368 367/367
f 350/350 407/407 368/368
f 350/350 368/368 355/355
f 341/341 400/400 407/407
f 341/341 407/407 350/350
f 341/341 336/336 393/393
f 341/341 393/393 400/400
f 336/336 325/325 386/386
f 336/336 386/386 393/393
f 324/324 375/375 386/386
f 324/324 386/386 325/325
f 359/359 376/376 375/375
f 359/359 375/375 324/324
f 348/348 405/405 376/376
f 348/348 376/376 359/359
f 348/348 333/333 392/392
f 348/348 392/392 405/405
f 369/369 411/411 412/412
f 369/369 412/412 370/370
f 369/369 408/408 413/413
f 369/369 413/413 411/411
f 399/399 414/414 413/413
f 399/399 413/413 408/408
f 399/399 394/394 415/415
f 399/399 415/415 414/414
f 385/385 416/416 415/415
f 385/385 415/415 394/394
f 385/385 378/378 417/417
f 385/385 417/417 416/416
f 377/377 418/418 417/417
f 377/377 417/417 378/378
f 377/377 406/406 419/419
f 377/377 419/419 418/418
f 391/391 420/420 419/419
f 391/391 419/419 406/406
f 384/384 421/421 420/420
f 384/384 420/420 391/391
f 373/373 422/422 421/421
f 373/373 421/421 384/384
f 373/373 372/372 423/423
f 373/373 423/423 422/422
f 409/409 424/424 423/423
f 409/409 423/423 372/372
f 409/409 402/402 425/425
f 409/409 425/425 424/424
f 395/395 426/426 425/425
f 395/395 425/425 402/402
f 395/395 388/388 427/427
f 395/395 427/427 426/426
f 379/379 428/428 427/427
f 379/379 427/427 388/388
f 379/379 366/366 429/429
f 379/379 429/429 428/428
f 365/365 430/430 429/429
f 365/365 429/429 366/366
f 365/365 404/404 431/431
f 365/365 431/431 430/430
f 397/397 432/432 431/431
f 397/397 431/431 404/404
f 397/397 390/390 433/433
f 397/397 433/433 432/432
f 381/381 434/434 433/433
f 381/381 433/433 390/390
f 381/381 370/370 412/412
f 381/381 412/412 434/434
f 435/435 436/436 437/437
f 435/435 437/437 438/438
f 439/439 435/435 438/438
f 439/439 438/438 440/440
f 439/439 440/440 441/441
f 439/439 441/441 442/442
f 442/442 441/441 443/443
f 442/442 443/443 444/444
f 445/445 444/444 443/443
f 445/445 443/443 446/446
f 447/447 445/445 446/446
f 447/447 446/446 448/448
f 449/449 447/447 448/448
f 449/449 448/448 450/450
f 451/451 449/449 450/450
f 451/451 450/450 452/452
f 453/453 451/451 452/452
f 453/453 452/452 454/454
f 455/455 453/453 454/454
f 455/455 454/454 456/456
f 457/457 455/455 456/456
f 457/457 456/456 458/458
f 459/459 457/457 458/458
f 459/459 458/458 460/460
f 461/461 459/459 460/460
f 461/461 460/460 462/462
f 463/463 461/461 462/462
f 463/463 462/462 464/464
f 463/463 464/464 465/465
f 463/463 465/465 466/466
f 466/466 465/465 467/467
f 466/466 467/467 468/468
f 469/469 468/468 467/467
f 469/469 467/467 470/470
f 471/471 472/472 473/473
f 471/471 473/473 474/474
f 475/475 471/471 474/474
f 475/475 474/474 476/476
f 477/477 475/475 476/476
f 477/477 476/476 478/478
f 479/479 477/477 478/478
f 479/479 478/478 480/480
f 481/481 479/479 480/480
f 481/481 480/480 482/482
f 436/436 481/481 482/482
f 436/436 482/482 437/437
f 483/483 484/484 436/436
f 483/483 436/436 435/435
f 485/485 483/483 435/435
f 485/485 435/435 439/439
f 486/486 485/485 439/439
f 486/486 439/439 442/442
f 487/487 486/486 442/442
f 487/487 442/442 444/444
f 488/488 487/487 444/444
f 488/488 444/444 445/445
f 489/489 488/488 445/445
f 489/489 445/445 447/447
f 490/490 489/489 447/447
f 490/490 447/447 449/449
f 491/491 490/490 449/449
f 491/491 449/449 451/451
f 492/492 491/491 451/451
f 492/492 451/451 453/453
f 493/493 492/492 453/453
f 493/493 453/453 455/455
f 494/494 493/493 455/455
f 494/494 455/455 457/457
f 495/495 494/494 457/457
f 495/495 457/457 459/459
f 496/496 495/495 459/459
f 496/496 459/459 461/461
f 497/497 496/496 461/461
f 497/497 461/461 463/463
f 498/498 497/497 463/463
f 498/498 463/463 466/466
f 499/499 498/498 466/466
f 499/499 466/466 468/468
f 500/500 499/499 468/468
f 500/500 468/468 469/469
f 501/501 500/500 469/469
f 501/501 469/469 472/472
f 502/502 501/501 472/472
f 502/502 472/472 471/471
f 503/503 502/502 471/471
f 503/503 471/471 475/475
f 504/504 503/503 475/475
f 504/504 475/475 477/477
f 505/505 504/504 477/477
f 505/505 477/477 479/479
f 506/506 505/505 479/479
f 506/506 479/479 481/481
f 484/484 506/506 481/481
f 484/484 481/481 436/436
f 507/507 508/508 484/484
f 507/507 484/484 483/483
f 509/509 507/507 483/483
f 509/509 483/483 485/485
f 510/510 509/509 485/485
f 510/510 485/485 486/486
f 511/511 510/510 486/486
f 511/511 486/486 487/487
f 512/512 511/511 487/487
f 512/512 487/487 488/488
f 513/513 512/512 488/488
f 513/513 488/488 489/489
f 514/514 513/513 489/489
f 514/514 489/489 490/490
f 515/515 514/514 490/490
f 515/515 490/490 491/491
f 516/516 515/515 491/491
f 516/516 491/491 492/492
f 517/517 516/516 492/492
f 517/517 492/492 493/493
f 518/518 517/517 493/493
f 518/518 493/493 494/494
f 519/519 518/518 494/494
f 519/519 494/494 495/495
f 520/520 519/519 495/495
f 520/520 495/495 496/496
f 521/521 520/520 496/496
f 521/521 496/496 497/497
f 522/522 521/521 497/497
f 522/522 497/497 498/498
f 523/523 522/522 498/498
f 523/523 498/498 499/499
f 524/524 523/523 499/499
f 524/524 499/499 500/500
f 525/525 524/524 500/500
f 525/525 500/500 501/501
f 526/526 525/525 501/501
f 526/526 501/501 502/502
f 527/527 526/526 502/502
f 527/527 502/502 503/503
f 528/528 527/527 503/503
f 528/528 503/503 504/504
f 529/529 528/528 504/504
f 529/529 504/504 505/505
f 530/530 529/529 505/505
f 530/530 505/505 506/506
f 508/508 530/530 506/506
f 508/508 506/506 484/484
f 531/531 532/532 508/508
f 531/531 508/508 507/507
f 533/533 531/531 507/507
f 533/533 507/507 509/509
f 534/534 533/533 509/509
f 534/534 509/509 510/510
f 535/535 534/534 510/510
f 535/535 510/510 511/511
f 536/536 535/535 511/511
f 536/536 511/511 512/512
f 537/537 536/536 512/512
f 537/537 512/512 513/513
f 538/538 537/537 513/513
f 538/538 513/513 514/514
f 539/539 538/538 514/514
f 539/539 514/514 515/515
f 540/540 539/539 515/515
f 540/540 515/515 516/516
f 541/541 540/540 516/516
f 541/541 516/516 517/517
f 542/542 541/541 517/517
f 542/542 517/517 518/518
f 543/543 542/542 518/518
f 543/543 518/518 519/519
f 544/544 543/543 519/519
f 544/544 519/519 520/520
f 545/545 544/544 520/520
f 545/545 520/520 521/521
f 546/546 545/545 521/521
f 546/546 521/521 522/522
f 547/547 546/546 522/522
f 547/547 522/522 523/523
f 548/548 547/547 523/523
f 548/548 523/523 524/524
f 549/549 548/548 524/524
f 549/549 524/524 525/525
f 550/550 549/549 525/525
f 550/550 525/525 526/526
f 551/551 550/550 526/526
f 551/551 526/526 527/527
f 552/552 551/551 527/527
f 552/552 527/527 528/528
f 553/553 552/552 528/528
f 553/553 528/528 529/529
f 554/554 553/553 529/529
f 554/554 529/529 530/530
f 532/532 554/554 530/530
f 532/532 530/530 508/508
f 532/532 531/531 555/555
f 532/532 555/555 556/556
f 531/531 533/533 557/557
f 531/531 557/557 555/555
f 533/533 534/534 558/558
f 533/533 558/558 557/557
f 534/534 535/535 559/559
f 534/534 559/559 558/558
f 535/535 536/536 560/560
f 535/535 560/560 559/559
f 536/536 537/537 561/561
f 536/536 561/561 560/560
f 537/537 538/538 562/562
f 537/537 562/562 561/561
f 538/538 539/539 563/563
f 538/538 563/563 562/562
f 539/539 540/540 564/564
f 539/539 564/564 563/563
f 540/540 541/541 565/565
f 540/540 565/565 564/564
f 541/541 542/542 566/566
f 541/541 566/566 565/565
f 542/542 543/543 567/567
f 542/542 567/567 566/566
f 543/543 544/544 568/568
f 543/543 568/568 567/567
f 544/544 545/545 569/569
f 544/544 569/569 568/568
f 545/545 546/546 570/570
f 545/545 570/570 569/569
f 546/546 547/547 571/571
f 546/546 571/571 570/570
f 547/547 548/548 572/572
f 547/547 572/572 571/571
f 548/548 549/549 573/573
f 548/548 573/573 572/572
f 549/549 550/550 574/574
f 549/549 574/574 573/573
f 550/550 551/551 575/575
f 550/550 575/575 574/574
f 551/551 552/552 576/576
f 551/551 576/576 575/575
f 552/552 553/553 577/577
f 552/552 577/577 576/576
f 553/553 554/554 578/578
f 553/553 578/578 577/577
f 554/554 532/532 556/556
f 554/554 556/556 578/578
f 556/556 555/555 579/579
f 556/556 579/579 580/580
f 555/555 557/557 581/581
f 555/555 581/581 579/579
f 557/557 558/558 582/582
f 557/557 582/582 581/581
f 558/558 559/559 583/583
f 558/558 583/583 582/582
f 559/559 560/560 584/584
f 559/559 584/584 583/583
f 560/560 561/561 585/585
f 560/560 585/585 584/584
f 561/561 562/562 586/586
f 561/561 586/586 585/585
f 562/562 563/563 587/587
f 562/562 587/587 586/586
f 563/563 564/564 588/588
f 563/563 588/588 587/587
f 564/564 565/565 589/589
f 564/564 589/589 588/588
f 565/565 566/566 590/590
f 565/565 590/590 589/589
f 566/566 567/567 591/591
f 566/566 591/591 590/590
f 567/567 568/568 592/592
f 567/567 592/592 591/591
f 568/568 569/569 593/593
f 568/568 593/593 592/592
f 569/569 570/570 594/594
f 569/569 594/594 593/593
f 570/570 571/571 595/595
f 570/570 595/595 594/594
f 571/571 572/572 596/596
f 571/571 596/596 595/595
f 572/572 573/573 597/597
f 572/572 597/597 596/596
f 573/573 574/574 598/598
f 573/573 598/598 597/597
f 574/574 575/575 599/599
f 574/574 599/599 598/598
f 575/575 576/576 600/600
f 575/575 600/600 599/599
f 576/576 577/577 601/601
f 576/576 601/601 600/600
f 577/577 578/578 602/602
f 577/577 602/602 601/601
f 578/578 556/556 580/580
f 578/578 580/580 602/602
f 580/580 579/579 603/603
f 580/580 603/603 604/604
f 579/579 581/581 605/605
f 579/579 605/605 603/603
f 581/581 582/582 606/606
f 581/581 606/606 605/605
f 582/582 583/583 607/607
f 582/582 607/607 606/606
f 583/583 584/584 608/608
f 583/583 608/608 607/607
f 584/584 585/585 609/609
f 584/584 609/609 608/608
f 585/585 586/586 610/610
f 585/585 610/610 609/609
f 586/586 587/587 611/611
f 586/586 611/611 610/610
f 587/587 588/588 612/612
f 587/587 612/612 611/611
f 588/588 589/589 613/613
f 588/588 613/613 612/612
f 589/589 590/590 614/614
f 589/589 614/614 613/613
f 590/590 591/591 615/615
f 590/590 615/615 614/614
f 591/591 592/592 616/616
f 591/591 616/616 615/615
f 592/592 593/593 617/617
f 592/592 617/617 616/616
f 593/593 594/594 618/618
f 593/593 618/618 617/617
f 594/594 595/595 619/619
f 594/594 619/619 618/618
f 595/595 596/596 620/620
f 595/595 620/620 619/619
f 596/596 597/597 621/621
f 596/596 621/621 620/620
f 597/597 598/598 622/622
f 597/597 622/622 621/621
f 598/598 599/599 623/623
f 598/598 623/623 622/622
f 599/599 600/600 624/624
f 599/599 624/624 623/623
f 600/600 601/601 625/625
f 600/600 625/625 624/624
f 601/601 602/602 626/626
f 601/601 626/626 625/625
f 602/602 580/580 604/604
f 602/602 604/604 626/626
f 604/604 603/603 627/627
f 604/604 627/627 628/628
f 603/603 605/605 629/629
f 603/603 629/629 627/627
f 605/605 606/606 630/630
f 605/605 630/630 629/629
f 606/606 607/607 631/631
f 606/606 631/631 630/630
f 607/607 608/608 632/632
f 607/607 632/632 631/631
f 608/608 609/609 633/633
f 608/608 633/633 632/632
f 609/609 610/610 634/634
f 609/609 634/634 633/633
f 610/610 611/611 635/635
f 610/610 635/635 634/634
f 612/612 636/636 635/635
f 612/612 635/635 611/611
f 613/613 637/637 636/636
f 613/613 636/636 612/612
f 613/613 614/614 638/638
f 613/613 638/638 637/637
f 614/614 615/615 639/639
f 614/614 639/639 638/638
f 615/615 616/616 640/640
f 615/615 640/640 639/639
f 616/616 617/617 641/641
f 616/616 641/641 640/640
f 617/617 618/618 642/642
f 617/617 642/642 641/641
f 618/618 619/619 643/643
f 618/618 643/643 642/642
f 619/619 620/620 644/644
f 619/619 644/644 643/643
f 620/620 621/621 645/645
f 620/620 645/645 644/644
f 621/621 622/622 646/646
f 621/621 646/646 645/645
f 622/622 623/623 647/647
f 622/622 647/647 646/646
f 624/624 648/648 647/647
f 624/624 647/647 623/623
f 625/625 649/649 648/648
f 625/625 648/648 624/624
f 625/625 626/626 650/650
f 625/625 650/650 649/649
f 626/626 604/604 628/628
f 626/626 628/628 650/650
f 627/627 651/651 652/652
f 627/627 652/652 628/628
f 627/627 629/629 653/653
f 627/627 653/653 651/651
f 630/630 654/654 653/653
f 630/630 653/653 629/629
f 631/631 655/655 654/654
f 631/631 654/654 630/630
f 632/632 656/656 655/655
f 632/632 655/655 631/631
f 633/633 657/657 656/656
f 633/633 656/656 632/632
f 633/633 634/634 658/658
f 633/633 658/658 657/657
f 634/634 635/635 659/659
f 634/634 659/659 658/658
f 635/635 636/636 660/660
f 635/635 660/660 659/659
f 636/636 637/637 661/661
f 636/636 661/661 660/660
f 638/638 662/662 661/661
f 638/638 661/661 637/637
f 638/638 639/639 663/663
f 638/638 663/663 662/662
f 640/640 664/664 663/663
f 640/640 663/663 639/639
f 640/640 641/641 665/665
f 640/640 665/665 664/664
f 642/642 666/666 665/665
f 642/642 665/665 641/641
f 643/643 667/667 666/666
f 643/643 666/666 642/642
f 644/644 668/668 667/667
f 644/644 667/667 643/643
f 644/644 645/645 669/669
f 644/644 669/669 668/668
f 646/646 670/670 669/669
f 646/646 669/669 645/645
f 646/646 647/647 671/671
f 646/646 671/671 670/670
f 647/647 648/648 672/672
f 647/647 672/672 671/671
f 648/648 649/649 673/673
f 648/648 673/673 672/672
f 650/650 674/674 673/673
f 650/650 673/673 649/649
f 650/650 628/628 652/652
f 650/650 652/652 674/674
f 652/652 651/651 675/675
f 652/652 675/675 676/676
f 653/653 677/677 675/675
f 653/653 675/675 651/651
f 653/653 654/654 678/678
f 653/653 678/678 677/677
f 655/655 679/679 678/678
f 655/655 678/678 654/654
f 656/656 680/680 679/679
f 656/656 679/679 655/655
f 656/656 657/657 681/681
f 656/656 681/681 680/680
f 658/658 682/682 681/681
f 658/658 681/681 657/657
f 658/658 659/659 683/683
f 658/658 683/683 682/682
f 659/659 660/660 684/684
f 659/659 684/684 683/683
f 661/661 685/685 684/684
f 661/661 684/684 660/660
f 661/661 662/662 686/686
f 661/661 686/686 685/685
f 663/663 687/687 686/686
f 663/663 686/686 662/662
f 663/663 664/664 688/688
f 663/663 688/688 687/687
f 665/665 689/689 688/688
f 665/665 688/688 664/664
f 665/665 666/666 690/690
f 665/665 690/690 689/689
f 667/667 691/691 690/690
f 667/667 690/690 666/666
f 667/667 668/668 692/692
f 667/667 692/692 691/691
f 668/668 669/669 693/693
f 668/668 693/693 692/692
f 670/670 694/694 693/693
f 670/670 693/693 669/669
f 671/671 695/695 694/694
f 671/671 694/694 670/670
f 671/671 672/672 696/696
f 671/671 696/696 695/695
f 673/673 697/697 696/696
f 673/673 696/696 672/672
f 673/673 674/674 698/698
f 673/673 698/698 697/697
f 652/652 676/676 698/698
f 652/652 698/698 674/674
f 472/472 469/469 470/470
f 472/472 470/470 473/473
f 699/699 700/700 701/701
f 699/699 701/701 702/702
f 703/703 704/704 700/700
f 703/703 700/700 699/699
f 703/703 705/705 706/706
f 703/703 706/706 704/704
f 705/705 707/707 708/708
f 705/705 708/708 706/706
f 709/709 710/710 708/708
f 709/709 708/708 707/707
f 711/711 712/712 710/710
f 711/711 710/710 709/709
f 713/713 714/714 712/712
f 713/713 712/712 711/711
f 715/715 716/716 714/714
f 715/715 714/714 713/713
f 717/717 718/718 716/716
f 717/717 716/716 715/715
f 719/719 720/720 718/718
f 719/719 718/718 717/717
f 721/721 722/722 720/720
f 721/721 720/720 719/719
f 723/723 724/724 722/722
f 723/723 722/722 721/721
f 725/725 726/726 724/724
f 725/725 724/724 723/723
f 727/727 728/728 726/726
f 727/727 726/726 725/725
f 727/727 729/729 730/730
f 727/727 730/730 728/728
f 729/729 731/731 732/732
f 729/729 732/732 730/730
f 733/733 734/734 732/732
f 733/733 732/732 731/731
f 735/735 736/736 737/737
f 735/735 737/737 738/738
f 739/739 740/740 736/736
f 739/739 736/736 735/735
f 741/741 742/742 740/740
f 741/741 740/740 739/739
f 743/743 744/744 742/742
f 743/743 742/742 741/741
f 745/745 746/746 744/744
f 745/745 744/744 743/743
f 702/702 701/701 746/746
f 702/702 746/746 745/745
f 747/747 699/699 702/702
f 747/747 702/702 748/748
f 749/749 703/703 699/699
f 749/749 699/699 747/747
f 750/750 705/705 703/703
f 750/750 703/703 749/749
f 751/751 707/707 705/705
f 751/751 705/705 750/750
f 752/752 709/709 707/707
f 752/752 707/707 751/751
f 753/753 711/711 709/709
f 753/753 709/709 752/752
f 754/754 713/713 711/711
f 754/754 711/711 753/753
f 755/755 715/715 713/713
f 755/755 713/713 754/754
f 756/756 717/717 715/715
f 756/756 715/715 755/755
f 757/757 719/719 717/717
f 757/757 717/717 756/756
f 758/758 721/721 719/719
f 758/758 719/719 757/757
f 759/759 723/723 721/721
f 759/759 721/721 758/758
f 760/760 725/725 723/723
f 760/760 723/723 759/759
f 761/761 727/727 725/725
f 761/761 725/725 760/760
f 762/762 729/729 727/727
f 762/762 727/727 761/761
f 763/763 731/731 729/729
f 763/763 729/729 762/762
f 764/764 733/733 731/731
f 764/764 731/731 763/763
f 765/765 738/738 733/733
f 765/765 733/733 764/764
f 766/766 735/735 738/738
f 766/766 738/738 765/765
f 767/767 739/739 735/735
f 767/767 735/735 766/766
f 768/768 741/741 739/739
f 768/768 739/739 767/767
f 769/769 743/743 741/741
f 769/769 741/741 768/768
f 770/770 745/745 743/743
f 770/770 743/743 769/769
f 748/748 702/702 745/745
f 748/748 745/745 770/770
f 771/771 747/747 748/748
f 771/771 748/748 772/772
f 773/773 749/749 747/747
f 773/773 747/747 771/771
f 774/774 750/750 749/749
f 774/774 749/749 773/773
f 775/775 751/751 750/750
f 775/775 750/750 774/774
f 776/776 752/752 751/751
f 776/776 751/751 775/775
f 777/777 753/753 752/752
f 777/777 752/752 776/776
f 778/778 754/754 753/753
f 778/778 753/753 777/777
f 779/779 755/755 754/754
f 779/779 754/754 778/778
f 780/780 756/756 755/755
f 780/780 755/755 779/779
f 781/781 757/757 756/756
f 781/781 756/756 780/780
f 782/782 758/758 757/757
f 782/782 757/757 781/781
f 783/783 759/759 758/758
f 783/783 758/758 782/782
f 784/784 760/760 759/759
f 784/784 759/759 783/783
f 785/785 761/761 760/760
f 785/785 760/760 784/784
f 786/786 762/762 761/761
f 786/786 761/761 785/785
f 787/787 763/763 762/762
f 787/787 762/762 786/786
f 788/788 764/764 763/763
f 788/788 763/763 787/787
f 789/789 765/765 764/764
f 789/789 764/764 788/788
f 790/790 766/766 765/765
f 790/790 765/765 789/789
f 791/791 767/767 766/766
f 791/791 766/766 790/790
f 792/792 768/768 767/767
f 792/792 767/767 791/791
f 793/793 769/769 768/768
f 793/793 768/768 792/792
f 794/794 770/770 769/769
f 794/794 769/769 793/793
f 772/772 748/748 770/770
f 772/772 770/770 794/794
f 795/795 771/771 772/772
f 795/795 772/772 796/796
f 797/797 773/773 771/771
f 797/797 771/771 795/795
f 798/798 774/774 773/773
f 798/798 773/773 797/797
f 799/799 775/775 774/774
f 799/799 774/774 798/798
f 800/800 776/776 775/775
f 800/800 775/775 799/799
f 801/801 777/777 776/776
f 801/801 776/776 800/800
f 802/802 778/778 777/777
f 802/802 777/777 801/801
f 803/803 779/779 778/778
f 803/803 778/778 802/802
f 804/804 780/780 779/779
f 804/804 779/779 803/803
f 805/805 781/781 780/780
f 805/805 780/780 804/804
f 806/806 782/782 781/781
f 806/806 781/781 805/805
f 807/807 783/783 782/782
f 807/807 782/782 806/806
f 808/808 784/784 783/783
f 808/808 783/783 807/807
f 809/809 785/785 784/784
f 809/809 784/784 808/808
f 810/810 786/786 785/785
f 810/810 785/785 809/809
f 811/811 787/787 786/786
f 811/811 786/786 810/810
f 812/812 788/788 787/787
f 812/812 787/787 811/811
f 813/813 789/789 788/788
f 813/813 788/788 812/812
f 814/814 790/790 789/789
f 814/814 789/789 813/813
f 815/815 791/791 790/790
f 815/815 790/790 814/814
f 816/816 792/792 791/791
f 816/816 791/791 815/815
f 817/817 793/793 792/792
f 817/817 792/792 816/816
f 818/818 794/794 793/793
f 818/818 793/793 817/817
f 796/796 772/772 794/794
f 796/796 794/794 818/818
f 796/796 819/819 820/820
f 796/796 820/820 795/795
f 795/795 820/820 821/821
f 795/795 821/821 797/797
f 797/797 821/821 822/822
f 797/797 822/822 798/798
f 798/798 822/822 823/823
f 798/798 823/823 799/799
f 799/799 823/823 824/824
f 799/799 824/824 800/800
f 800/800 824/824 825/825
f 800/800 825/825 801/801
f 801/801 825/825 826/826
f 801/801 826/826 802/802
f 802/802 826/826 827/827
f 802/802 827/827 803/803
f 803/803 827/827 828/828
f 803/803 828/828 804/804
f 804/804 828/828 829/829
f 804/804 829/829 805/805
f 805/805 829/829 830/830
f 805/805 830/830 806/806
f 806/806 830/830 831/831
f 806/806 831/831 807/807
f 807/807 831/831 832/832
f 807/807 832/832 808/808
f 808/808 832/832 833/833
f 808/808 833/833 809/809
f 809/809 833/833 834/834
f 809/809 834/834 810/810
f 810/810 834/834 835/835
f 810/810 835/835 811/811
f 811/811 835/835 836/836
f 811/811 836/836 812/812
f 812/812 836/836 837/837
f 812/812 837/837 813/813
f 813/813 837/837 838/838
f 813/813 838/838 814/814
f 814/814 838/838 839/839
f 814/814 839/839 815/815
f 815/815 839/839 840/840
f 815/815 840/840 816/816
f 816/816 840/840 841/841
f 816/816 841/841 817/817
f 817/817 841/841 842/842
f 817/817 842/842 818/818
f 818/818 842/842 819/819
f 818/818 819/819 796/796
f 819/819 843/843 844/844
f 819/819 844/844 820/820
f 820/820 844/844 845/845
f 820/820 845/845 821/821
f 821/821 845/845 846/846
f 821/821 846/846 822/822
f 822/822 846/846 847/847
f 822/822 847/847 823/823
f 823/823 847/847 848/848
f 823/823 848/848 824/824
f 824/824 848/848 849/849
f 824/824 849/849 825/825
f 825/825 849/849 850/850
f 825/825 850/850 826/826
f 826/826 850/850 851/851
f 826/826 851/851 827/827
f 827/827 851/851 852/852
f 827/827 852/852 828/828
f 828/828 852/852 853/853
f 828/828 853/853 829/829
f 829/829 853/853 854/854
f 829/829 854/854 830/830
f 830/830 854/854 855/855
f 830/830 855/855 831/831
f 831/831 855/855 856/856
f 831/831 856/856 832/832
f 832/832 856/856 857/857
f 832/832 857/857 833/833
f 833/833 857/857 858/858
f 833/833 858/858 834/834
f 834/834 858/858 859/859
f 834/834 859/859 835/835
f 835/835 859/859 860/860
f 835/835 860/860 836/836
f 836/836 860/860 861/861
f 836/836 861/861 837/837
f 837/837 861/861 862/862
f 837/837 862/862 838/838
f 838/838 862/862 863/863
f 838/838 863/863 839/839
f 839/839 863/863 864/864
f 839/839 864/864 840/840
f 840/840 864/864 865/865
f 840/840 865/865 841/841
f 841/841 865/865 866/866
f 841/841 866/866 842/842
f 842/842 866/866 843/843
f 842/842 843/843 819/819
f 843/843 867/867 868/868
f 843/843 868/868 844/844
f 844/844 868/868 869/869
f 844/844 869/869 845/845
f 845/845 869/869 870/870
f 845/845 870/870 846/846
f 846/846 870/870 871/871
f 846/846 871/871 847/847
f 847/847 871/871 872/872
f 847/847 872/872 848/848
f 848/848 872/872 873/873
f 848/848 873/873 849/849
f 849/849 873/873 874/874
f 849/849 874/874 850/850
f 850/850 874/874 875/875
f 850/850 875/875 851/851
f 851/851 875/875 876/876
f 851/851 876/876 852/852
f 852/852 876/876 877/877
f 852/852 877/877 853/853
f 853/853 877/877 878/878
f 853/853 878/878 854/854
f 854/854 878/878 879/879
f 854/854 879/879 855/855
f 855/855 879/879 880/880
f 855/855 880/880 856/856
f 856/856 880/880 881/881
f 856/856 881/881 857/857
f 857/857 881/881 882/882
f 857/857 882/882 858/858
f 858/858 882/882 883/883
f 858/858 883/883 859/859
f 859/859 883/883 884/884
f 859/859 884/884 860/860
f 860/860 884/884 885/885
f 860/860 885/885 861/861
f 861/861 885/885 886/886
f 861/861 886/886 862/862
f 862/862 886/886 887/887
f 862/862 887/887 863/863
f 863/863 887/887 888/888
f 863/863 888/888 864/864
f 864/864 888/888 889/889
f 864/864 889/889 865/865
f 865/865 889/889 890/890
f 865/865 890/890 866/866
f 866/866 890/890 867/867
f 866/866 867/867 843/843
f 867/867 891/891 892/892
f 867/867 892/892 868/868
f 868/868 892/892 893/893
f 868/868 893/893 869/869
f 869/869 893/893 894/894
f 869/869 894/894 870/870
f 870/870 894/894 895/895
f 870/870 895/895 871/871
f 871/871 895/895 896/896
f 871/871 896/896 872/872
f 872/872 896/896 897/897
f 872/872 897/897 873/873
f 873/873 897/897 898/898
f 873/873 898/898 874/874
f 874/874 898/898 899/899
f 874/874 899/899 875/875
f 876/876 875/875 899/899
f 876/876 899/899 900/900
f 877/877 876/876 900/900
f 877/877 900/900 901/901
f 877/877 901/901 902/902
f 877/877 902/902 878/878
f 878/878 902/902 903/903
f 878/878 903/903 879/879
f 879/879 903/903 904/904
f 879/879 904/904 880/880
f 880/880 904/904 905/905
f 880/880 905/905 881/881
f 881/881 905/905 906/906
f 881/881 906/906 882/882
f 882/882 906/906 907/907
f 882/882 907/907 883/883
f 883/883 907/907 908/908
f 883/883 908/908 884/884
f 884/884 908/908 909/909
f 884/884 909/909 885/885
f 885/885 909/909 910/910
f 885/885 910/910 886/886
f 886/886 910/910 911/911
f 886/886 911/911 887/887
f 888/888 887/887 911/911
f 888/888 911/911 912/912
f 889/889 888/888 912/912
f 889/889 912/912 913/913
f 889/889 913/913 914/914
f 889/889 914/914 890/890
f 890/890 914/914 891/891
f 890/890 891/891 867/867
f 892/892 891/891 915/915
f 892/892 915/915 916/916
f 892/892 916/916 917/917
f 892/892 917/917 893/893
f 894/894 893/893 917/917
f 894/894 917/917 918/918
f 895/895 894/894 918/918
f 895/895 918/918 919/919
f 896/896 895/895 919/919
f 896/896 919/919 920/920
f 897/897 896/896 920/920
f 897/897 920/920 921/921
f 897/897 921/921 922/922
f 897/897 922/922 898/898
f 898/898 922/922 923/923
f 898/898 923/923 899/899
f 899/899 923/923 924/924
f 899/899 924/924 900/900
f 900/900 924/924 925/925
f 900/900 925/925 901/901
f 902/902 901/901 925/925
f 902/902 925/925 926/926
f 902/902 926/926 927/927
f 902/902 927/927 903/903
f 904/904 903/903 927/927
f 904/904 927/927 928/928
f 904/904 928/928 929/929
f 904/904 929/929 905/905
f 906/906 905/905 929/929
f 906/906 929/929 930/930
f 907/907 906/906 930/930
f 907/907 930/930 931/931
f 908/908 907/907 931/931
f 908/908 931/931 932/932
f 908/908 932/932 933/933
f 908/908 933/933 909/909
f 910/910 909/909 933/933
f 910/910 933/933 934/934
f 910/910 934/934 935/935
f 910/910 935/935 911/911
f 911/911 935/935 936/936
f 911/911 936/936 912/912
f 912/912 936/936 937/937
f 912/912 937/937 913/913
f 914/914 913/913 937/937
f 914/914 937/937 938/938
f 914/914 938/938 915/915
f 914/914 915/915 891/891
f 915/915 939/939 940/940
f 915/915 940/940 916/916
f 917/917 916/916 940/940
f 917/917 940/940 941/941
f 917/917 941/941 942/942
f 917/917 942/942 918/918
f 919/919 918/918 942/942
f 919/919 942/942 943/943
f 920/920 919/919 943/943
f 920/920 943/943 944/944
f 920/920 944/944 945/945
f 920/920 945/945 921/921
f 922/922 921/921 945/945
f 922/922 945/945 946/946
f 922/922 946/946 947/947
f 922/922 947/947 923/923
f 923/923 947/947 948/948
f 923/923 948/948 924/924
f 925/925 924/924 948/948
f 925/925 948/948 949/949
f 925/925 949/949 950/950
f 925/925 950/950 926/926
f 927/927 926/926 950/950
f 927/927 950/950 951/951
f 927/927 951/951 952/952
f 927/927 952/952 928/928
f 929/929 928/928 952/952
f 929/929 952/952 953/953
f 929/929 953/953 954/954
f 929/929 954/954 930/930
f 931/931 930/930 954/954
f 931/931 954/954 955/955
f 931/931 955/955 956/956
f 931/931 956/956 932/932
f 932/932 956/956 957/957
f 932/932 957/957 933/933
f 934/934 933/933 957/957
f 934/934 957/957 958/958
f 935/935 934/934 958/958
f 935/935 958/958 959/959
f 935/935 959/959 960/960
f 935/935 960/960 936/936
f 937/937 936/936 960/960
f 937/937 960/960 961/961
f 937/937 961/961 962/962
f 937/937 962/962 938/938
f 915/915 938/938 962/962
f 915/915 962/962 939/939
f 738/738 737/737 734/734
f 738/738 734/734 733/733

