# https://github.com/mikedh/trimesh
mtllib material.mtl
usemtl DefaultMaterial
v -0.29364641 -0.04690364 0.26129874
v 0.31668462 -0.04690364 0.26129874
v 0.31668462 -0.28255766 0.33481748
v -0.29364641 -0.28255766 0.33481748
v -0.38731922 -0.10360158 0.37616495
v -0.38527306 -0.00302235 0.29176904
v -0.38672255 -0.00700563 0.28676916
v -0.38877786 -0.10770917 0.37126952
v -0.38323247 -0.10030741 0.38009060
v -0.38121155 -0.00007685 0.29598741
v -0.37732666 -0.09847935 0.38226918
v -0.37534257 0.00124725 0.29858881
v -0.37077191 -0.09847935 0.38226918
v -0.36882857 0.00068818 0.29905803
v -0.36486632 -0.10030741 0.38009060
v -0.36295978 -0.00164386 0.29730214
v -0.36077937 -0.10360158 0.37616495
v -0.35889828 -0.00528660 0.29366902
v -0.35932092 -0.10770917 0.37126952
v -0.35744878 -0.00951888 0.28887806
v -0.36077937 -0.11181694 0.36637416
v -0.35889828 -0.01350197 0.28387818
v -0.36486632 -0.11511099 0.36244827
v -0.36295978 -0.01644739 0.27965998
v -0.37077191 -0.11693904 0.36026969
v -0.36882857 -0.01777176 0.27705842
v -0.37732666 -0.11693904 0.36026969
v -0.37534257 -0.01721250 0.27658914
v -0.38323247 -0.11511099 0.36244827
v -0.38121155 -0.01488045 0.27834503
v -0.38731922 -0.11181694 0.36637416
v -0.38527306 -0.01123773 0.28197815
v -0.38877786 -0.10770917 0.37126952
v -0.38672255 -0.00700563 0.28676916
v -0.34817362 0.06397885 0.23554839
v -0.33143578 0.07402924 0.22711515
v -0.33201713 0.07094341 0.22136236
v -0.34944114 0.06046534 0.23015444
v -0.37546726 0.03080269 0.26338642
v -0.37672463 0.02731298 0.25797258
v -0.31445371 0.07104820 0.24001902
v -0.26130956 0.07799581 0.23418905
v -0.26193468 0.08299429 0.22999495
v -0.31709515 0.07565796 0.23615099
v -0.31207939 0.06506524 0.24132660
v -0.26074613 0.07166435 0.23578935
v -0.31043994 0.05889500 0.23981413
v -0.26035630 0.06525387 0.23447849
v -0.30985581 0.05376054 0.23578030
v -0.26021727 0.06003385 0.23051635
v -0.31043994 0.05067969 0.23002347
v -0.26035630 0.05703856 0.22468783
v -0.31207939 0.05026164 0.22368422
v -0.26074613 0.05686075 0.21814697
v -0.31445371 0.05258827 0.21801941
v -0.26130956 0.05953612 0.21218957
v -0.31709515 0.05719822 0.21415132
v -0.26193468 0.06453441 0.20799552
v -0.31947922 0.06317837 0.21284605
v -0.26249792 0.07086594 0.20639545
v -0.32113038 0.06934509 0.21436132
v -0.26288775 0.07727655 0.20770608
v -0.32171989 0.07447789 0.21839646
v -0.26302678 0.08249637 0.21166827
v 0.25082276 0.08566948 0.22403766
v 0.30780405 0.07798192 0.23048825
v 0.30945543 0.07756047 0.22415215
v 0.25121258 0.08549191 0.21749692
v -0.36683313 0.03170637 0.27303059
v -0.37194078 0.03236712 0.26876361
v -0.31947922 0.07798192 0.23048825
v -0.26249792 0.08566948 0.22403766
v -0.26288775 0.08549191 0.21749692
v -0.32113038 0.07756041 0.22415197
v -0.36114293 0.02897404 0.27532347
v -0.35599153 0.02472779 0.27517378
v -0.35241114 0.01979147 0.27262588
v -0.35112989 0.01510468 0.26821659
v -0.35241114 0.01157616 0.26283522
v -0.35599153 0.00992401 0.25753145
v -0.36114293 0.01051412 0.25332386
v -0.36683332 0.01324667 0.25103105
v -0.37194078 0.01756374 0.25112121
v -0.37546726 0.02258732 0.25359558
v -0.37672463 0.02731298 0.25797258
v 0.31976062 0.07402924 0.22711515
v 0.33649867 0.06397865 0.23554845
v 0.33776598 0.06046534 0.23015444
v 0.32034216 0.07094341 0.22136236
v -0.34462507 0.06560268 0.24087560
v -0.32980510 0.07446163 0.23344222
v -0.33950668 0.06500112 0.24509322
v -0.32744488 0.07215897 0.23908704
v -0.33384908 0.06227284 0.24738236
v -0.32482157 0.06758003 0.24292902
v -0.32878442 0.05794818 0.24729859
v -0.32245659 0.06163127 0.24420799
v -0.32530346 0.05289957 0.24484489
v -0.32082112 0.05548782 0.24267321
v -0.32406638 0.04815959 0.24048011
v -0.32023777 0.05036340 0.23863083
v -0.32530346 0.04468426 0.23505423
v -0.32082112 0.04727226 0.23288243
v -0.32878442 0.04314458 0.22965621
v -0.32245659 0.04682773 0.22656580
v -0.33384908 0.04381296 0.22538293
v -0.32482157 0.04912034 0.22092952
v -0.33950668 0.04654118 0.22309361
v -0.32744488 0.05369922 0.21708737
v -0.34462507 0.05079915 0.22323339
v -0.32980510 0.05965803 0.21579984
v -0.34817362 0.05576353 0.22575773
v -0.33143578 0.06581374 0.21732455
v -0.34944114 0.06046534 0.23015444
v -0.33201713 0.07094341 0.22136236
v -0.19007972 0.08666605 0.21651164
v -0.19009484 0.08367562 0.21067867
v -0.26302678 0.08249637 0.21166827
v -0.19003776 0.08682979 0.22306415
v -0.18997710 0.08413414 0.22903870
v -0.18990987 0.07911303 0.23325174
v -0.18984921 0.07276123 0.23486896
v -0.18980705 0.06633658 0.23357007
v -0.18979213 0.06111162 0.22961216
v -0.18980705 0.05812119 0.22377919
v -0.18984921 0.05795764 0.21722662
v -0.18990987 0.06065334 0.21125225
v -0.18997710 0.06567421 0.20703909
v -0.19003776 0.07202620 0.20542181
v -0.19007972 0.07845067 0.20672076
v -0.19009484 0.08367562 0.21067867
v -0.11630112 0.08666668 0.21651100
v -0.11630112 0.08367625 0.21067802
v -0.11630112 0.08683012 0.22306385
v -0.11630112 0.08413409 0.22903852
v -0.11630112 0.07911284 0.23325180
v -0.11630112 0.07276091 0.23486930
v -0.11630112 0.06633606 0.23357043
v -0.11630112 0.06111093 0.22961262
v -0.11630112 0.05812056 0.22377983
v -0.11630112 0.05795713 0.21722698
v -0.11630112 0.06065316 0.21125231
v -0.11630112 0.06567435 0.20703885
v -0.11630112 0.07202652 0.20542147
v -0.11630112 0.07845137 0.20672034
v -0.11630112 0.08367625 0.21067802
v 0.03098360 0.08666668 0.21651100
v 0.10462596 0.08666668 0.21651100
v 0.10462596 0.08367625 0.21067802
v 0.03098360 0.08367625 0.21067802
v 0.03098360 0.08683012 0.22306385
v 0.10462596 0.08683012 0.22306385
v 0.03098360 0.08413409 0.22903852
v 0.10462596 0.08413409 0.22903852
v 0.03098360 0.07911284 0.23325180
v 0.10462596 0.07911284 0.23325180
v 0.03098360 0.07276091 0.23486930
v 0.10462596 0.07276091 0.23486930
v 0.03098360 0.06633606 0.23357043
v 0.10462596 0.06633606 0.23357043
v 0.03098360 0.06111093 0.22961262
v 0.10462596 0.06111093 0.22961262
v 0.03098360 0.05812056 0.22377983
v 0.10462596 0.05812056 0.22377983
v 0.03098360 0.05795713 0.21722698
v 0.10462596 0.05795713 0.21722698
v 0.03098360 0.06065316 0.21125231
v 0.10462596 0.06065316 0.21125231
v 0.03098360 0.06567435 0.20703885
v 0.10462596 0.06567435 0.20703885
v 0.03098360 0.07202652 0.20542147
v 0.10462596 0.07202652 0.20542147
v 0.03098360 0.07845137 0.20672034
v 0.10462596 0.07845137 0.20672034
v 0.03098360 0.08367625 0.21067802
v 0.10462596 0.08367625 0.21067802
v 0.17840476 0.08666605 0.21651164
v 0.17841968 0.08367581 0.21067861
v 0.17836280 0.08682979 0.22306415
v 0.17830214 0.08413414 0.22903870
v 0.17823471 0.07911303 0.23325174
v 0.17817405 0.07276123 0.23486896
v 0.17813208 0.06633658 0.23357007
v 0.17811717 0.06111162 0.22961216
v 0.17813208 0.05812119 0.22377919
v 0.17817405 0.05795764 0.21722662
v 0.17823471 0.06065334 0.21125225
v 0.17830214 0.06567421 0.20703909
v 0.17836280 0.07202620 0.20542181
v 0.17840476 0.07845067 0.20672076
v 0.17841968 0.08367581 0.21067861
v 0.25135162 0.08249637 0.21166827
v 0.25025952 0.08299429 0.22999495
v 0.24963442 0.07799581 0.23418905
v 0.24907116 0.07166435 0.23578935
v 0.24868133 0.06525387 0.23447849
v 0.24854232 0.06003385 0.23051635
v 0.24868133 0.05703856 0.22468783
v 0.24907116 0.05686075 0.21814697
v 0.24963442 0.05953612 0.21218957
v 0.25025952 0.06453441 0.20799552
v 0.25082276 0.07086594 0.20639545
v 0.25121258 0.07727655 0.20770608
v 0.25135162 0.08249637 0.21166827
v 0.31813013 0.07446163 0.23344222
v 0.33294991 0.06560268 0.24087560
v 0.31004494 0.07447789 0.21839646
v 0.31576994 0.07215890 0.23908686
v 0.32783151 0.06500092 0.24509328
v 0.31314640 0.06758008 0.24292920
v 0.32217395 0.06227284 0.24738236
v 0.31078161 0.06163127 0.24420799
v 0.31710925 0.05794818 0.24729859
v 0.30914595 0.05548782 0.24267321
v 0.31362830 0.05289957 0.24484489
v 0.30856261 0.05036340 0.23863083
v 0.31239121 0.04815959 0.24048011
v 0.30914595 0.04727232 0.23288261
v 0.31362830 0.04468426 0.23505423
v 0.31078161 0.04682773 0.22656580
v 0.31710925 0.04314458 0.22965621
v 0.31314640 0.04912034 0.22092952
v 0.32217395 0.04381296 0.22538293
v 0.31576994 0.05369903 0.21708743
v 0.32783151 0.04654118 0.22309361
v 0.31813013 0.05965803 0.21579984
v 0.33294991 0.05079896 0.22323345
v 0.31976062 0.06581374 0.21732455
v 0.33649867 0.05576334 0.22575779
v 0.32034216 0.07094341 0.22136236
v 0.33776598 0.06046534 0.23015444
v 0.36026561 0.03236712 0.26876361
v 0.36953639 -0.00007706 0.29598747
v 0.37359770 -0.00302253 0.29176910
v 0.36379209 0.03080269 0.26338642
v 0.30542017 0.07565796 0.23615099
v 0.35515815 0.03170643 0.27303077
v 0.36366740 0.00124725 0.29858881
v 0.34946777 0.02897386 0.27532353
v 0.35715341 0.00068798 0.29905809
v 0.34431656 0.02472764 0.27517402
v 0.35128461 -0.00164401 0.29730238
v 0.34073579 0.01979147 0.27262588
v 0.34722311 -0.00528678 0.29366908
v 0.33945475 0.01510468 0.26821659
v 0.34577362 -0.00951888 0.28887806
v 0.34073597 0.01157616 0.26283522
v 0.34722311 -0.01350209 0.28387841
v 0.34431656 0.00992406 0.25753163
v 0.35128461 -0.01644759 0.27966005
v 0.34946777 0.01051412 0.25332386
v 0.35715341 -0.01777189 0.27705866
v 0.35515815 0.01324647 0.25103112
v 0.36366740 -0.01721270 0.27658920
v 0.36026561 0.01756354 0.25112127
v 0.36953639 -0.01488066 0.27834509
v 0.36379209 0.02258738 0.25359577
v 0.37359770 -0.01123784 0.28197843
v 0.36504947 0.02731298 0.25797258
v 0.37504738 -0.00700575 0.28676940
v 0.30277855 0.07104820 0.24001902
v 0.37504738 -0.00700575 0.28676940
v 0.36504947 0.02731298 0.25797258
v 0.30040422 0.06506524 0.24132660
v 0.29876477 0.05889500 0.23981413
v 0.29818065 0.05376054 0.23578030
v 0.29876477 0.05067950 0.23002353
v 0.30040422 0.05026164 0.22368422
v 0.30277855 0.05258827 0.21801941
v 0.30542017 0.05719822 0.21415132
v 0.30780405 0.06317818 0.21284611
v 0.30945543 0.06934509 0.21436132
v 0.31004494 0.07447789 0.21839646
v 0.37564405 -0.10360158 0.37616495
v 0.37710270 -0.10770917 0.37126952
v 0.37155730 -0.10030741 0.38009060
v 0.36565150 -0.09847935 0.38226918
v 0.35909674 -0.09847935 0.38226918
v 0.35319115 -0.10030741 0.38009060
v 0.34910440 -0.10360158 0.37616495
v 0.34764575 -0.10770917 0.37126952
v 0.34910440 -0.11181694 0.36637416
v 0.35319115 -0.11511099 0.36244827
v 0.35909674 -0.11693904 0.36026969
v 0.36565150 -0.11693904 0.36026969
v 0.37155730 -0.11511099 0.36244827
v 0.37564405 -0.11181694 0.36637416
v 0.37710270 -0.10770917 0.37126952
v -0.36091798 0.05132031 0.23782812
v -0.35966380 0.05483034 0.24322499
v -0.37090437 0.03918560 0.24801018
v -0.36965397 0.04268707 0.25341434
v -0.36614854 0.04428302 0.25876500
v -0.35615025 0.05644806 0.24855724
v -0.36107868 0.04366005 0.26300018
v -0.35107659 0.05584675 0.25277438
v -0.35544418 0.04095064 0.26527365
v -0.34545383 0.05313880 0.25504655
v -0.35035960 0.03669797 0.26512947
v -0.34040106 0.04885763 0.25492652
v -0.34683630 0.03173825 0.26260140
v -0.33691437 0.04385661 0.25243298
v -0.34557792 0.02703874 0.25820274
v -0.33567209 0.03913753 0.24805041
v -0.34683630 0.02352288 0.25281056
v -0.33691437 0.03564123 0.24264215
v -0.35035960 0.02189444 0.24748732
v -0.34040106 0.03405409 0.23728431
v -0.35544418 0.02249076 0.24327422
v -0.34545402 0.03467912 0.23304705
v -0.36107868 0.02520037 0.24100069
v -0.35107659 0.03738707 0.23077489
v -0.36614854 0.02947944 0.24112267
v -0.35615044 0.04164433 0.23091510
v -0.36965397 0.03447170 0.24362350
v -0.35966380 0.04661498 0.23343415
v -0.37090437 0.03918560 0.24801018
v -0.36091798 0.05132031 0.23782812
v 0.35922921 0.03918560 0.24801018
v 0.35797880 0.04268707 0.25341434
v 0.34924284 0.05132012 0.23782818
v 0.34798864 0.05483029 0.24322481
v 0.34447527 0.05644806 0.24855724
v 0.35447359 0.04428302 0.25876500
v 0.33940142 0.05584675 0.25277438
v 0.34940373 0.04366005 0.26300018
v 0.33377885 0.05313886 0.25504673
v 0.34376901 0.04095069 0.26527383
v 0.32872590 0.04885763 0.25492652
v 0.33868443 0.03669797 0.26512947
v 0.32523899 0.04385661 0.25243298
v 0.33516113 0.03173807 0.26260145
v 0.32399695 0.03913758 0.24805059
v 0.33390278 0.02703874 0.25820274
v 0.32523899 0.03564123 0.24264215
v 0.33516113 0.02352268 0.25281062
v 0.32872590 0.03405390 0.23728438
v 0.33868443 0.02189444 0.24748732
v 0.33377885 0.03467912 0.23304705
v 0.34376901 0.02249076 0.24327422
v 0.33940142 0.03738707 0.23077489
v 0.34940373 0.02520037 0.24100069
v 0.34447527 0.04164433 0.23091510
v 0.35447359 0.02947930 0.24112291
v 0.34798864 0.04661498 0.23343415
v 0.35797880 0.03447170 0.24362350
v 0.34924284 0.05132012 0.23782818
v 0.35922921 0.03918560 0.24801018
v -0.32171989 0.07447789 0.21839646
v -0.32519288 0.07371838 0.21903387
v -0.32460557 0.07680229 0.22478850
v -0.32896181 0.07242466 0.22011939
v -0.32837747 0.07550973 0.22587301
v -0.32673963 0.07593872 0.23220259
v -0.32295996 0.07722737 0.23112158
v -0.32437107 0.07362897 0.23785339
v -0.32058286 0.07490982 0.23677879
v -0.32174097 0.06903922 0.24170480
v -0.31794620 0.07030864 0.24063958
v -0.31937143 0.06307792 0.24299435
v -0.31557306 0.06433479 0.24193970
v -0.31773257 0.05692452 0.24146768
v -0.31393301 0.05817167 0.24042128
v -0.31714804 0.05179651 0.23742850
v -0.31334789 0.05303982 0.23638514
v -0.31773257 0.04870913 0.23167680
v -0.31393301 0.04995610 0.23063045
v -0.31937143 0.04827433 0.22535197
v -0.31557306 0.04953114 0.22429713
v -0.32174097 0.05057928 0.21970514
v -0.31794620 0.05184869 0.21863992
v -0.32437107 0.05516929 0.21585390
v -0.32058286 0.05644988 0.21477913
v -0.32673963 0.06113520 0.21456043
v -0.32295996 0.06242378 0.21347920
v -0.32837747 0.06729417 0.21608223
v -0.32460557 0.06858673 0.21499772
v -0.32896181 0.07242466 0.22011939
v -0.32519288 0.07371838 0.21903387
v 0.31728686 0.07242466 0.22011939
v 0.31670252 0.07550953 0.22587307
v 0.31351771 0.07371838 0.21903387
v 0.31293041 0.07680204 0.22478838
v 0.31128500 0.07722737 0.23112158
v 0.31506446 0.07593878 0.23220277
v 0.30890789 0.07490982 0.23677879
v 0.31269590 0.07362897 0.23785339
v 0.30627103 0.07030864 0.24063958
v 0.31006601 0.06903922 0.24170480
v 0.30389789 0.06433479 0.24193970
v 0.30769627 0.06307792 0.24299435
v 0.30225787 0.05817167 0.24042128
v 0.30605762 0.05692452 0.24146768
v 0.30167294 0.05303982 0.23638514
v 0.30547309 0.05179651 0.23742850
v 0.30225787 0.04995610 0.23063045
v 0.30605762 0.04870895 0.23167685
v 0.30389789 0.04953120 0.22429731
v 0.30769627 0.04827433 0.22535197
v 0.30627103 0.05184869 0.21863992
v 0.31006601 0.05057928 0.21970514
v 0.30890789 0.05644988 0.21477913
v 0.31269612 0.05516929 0.21585390
v 0.31128500 0.06242358 0.21347926
v 0.31506446 0.06113520 0.21456043
v 0.31293041 0.06858673 0.21499772
v 0.31670252 0.06729417 0.21608223
v 0.31351771 0.07371838 0.21903387
v 0.31728686 0.07242466 0.22011939
v 0.03664614 -0.11429240 -0.45702424
v 0.02452729 -0.05336657 -0.43602207
v -0.00060066 -0.05584085 -0.43602206
v -0.00060066 -0.11796011 -0.45702442
v -0.02572860 -0.05336619 -0.43602218
v -0.03784765 -0.11429201 -0.45702436
v -0.04989114 -0.04603667 -0.43602207
v -0.07366325 -0.10342763 -0.45702449
v -0.07215906 -0.03413408 -0.43602212
v -0.10667076 -0.08578432 -0.45702440
v -0.18231195 -0.04845473 -0.47590529
v -0.16958946 -0.03995365 -0.46857575
v -0.18837108 -0.00481607 -0.46857574
v -0.20250766 -0.01067159 -0.47590518
v -0.15799348 -0.08481849 -0.48560153
v -0.18566063 -0.05110639 -0.48560286
v -0.18586946 -0.05230467 -0.49999988
v -0.15820231 -0.08601698 -0.49999994
v -0.13560263 -0.06204081 -0.45702443
v -0.09167756 -0.01811589 -0.43602213
v -0.10769563 0.00140225 -0.43602213
v -0.15934611 -0.03310933 -0.45702439
v -0.19152206 0.07296096 -0.45702427
v -0.12940269 0.07296099 -0.43602212
v -0.12692772 0.09808894 -0.43602218
v -0.18785337 0.11020795 -0.45702441
v -0.11959849 0.12225148 -0.43602210
v -0.17698929 0.14602352 -0.45702423
v -0.10769563 0.14451954 -0.43602206
v -0.15934611 0.17903142 -0.45702422
v -0.09167756 0.16403768 -0.43602205
v -0.13560263 0.20796290 -0.45702417
v -0.07215906 0.18005588 -0.43602207
v -0.10667076 0.23170622 -0.45702415
v -0.08581851 0.27802913 -0.48560105
v -0.04408419 0.29068958 -0.48560003
v -0.04429323 0.28949092 -0.49999963
v -0.08602734 0.27683051 -0.49999983
v -0.03784746 0.26021431 -0.45702431
v -0.02572860 0.19928842 -0.43602192
v -0.00060066 0.20176288 -0.43602200
v -0.00060066 0.26388196 -0.45702431
v 0.02452749 0.19928842 -0.43602192
v 0.03664635 0.26021431 -0.45702431
v 0.04868983 0.19195852 -0.43602193
v 0.07246195 0.24934946 -0.45702424
v 0.07095795 0.18005588 -0.43602207
v 0.10546965 0.23170622 -0.45702415
v 0.09047625 0.16403768 -0.43602205
v 0.13440153 0.20796290 -0.45702417
v 0.10649452 0.14451954 -0.43602206
v 0.15814501 0.17903142 -0.45702422
v 0.11839719 0.12225129 -0.43602204
v 0.17578819 0.14602327 -0.45702437
v 0.12572682 0.09808894 -0.43602218
v 0.18665265 0.11020776 -0.45702435
v 0.12820177 0.07296080 -0.43602206
v 0.19032114 0.07296076 -0.45702421
v 0.12572682 0.04783285 -0.43602200
v 0.18665265 0.03571390 -0.45702433
v 0.11839698 0.02367032 -0.43602208
v 0.17578778 -0.00010186 -0.45702444
v 0.10649452 0.00140225 -0.43602213
v 0.15814501 -0.03310933 -0.45702439
v 0.09047606 -0.01811608 -0.43602207
v 0.13440092 -0.06204118 -0.45702432
v 0.07095795 -0.03413427 -0.43602206
v 0.10546965 -0.08578471 -0.45702428
v 0.04868962 -0.04603667 -0.43602207
v 0.07246175 -0.10342763 -0.45702449
v -0.04429343 -0.14690276 -0.49999994
v -0.08602734 -0.13424285 -0.50000000
v -0.12448955 -0.11368425 -0.50000000
v -0.15820231 -0.08601698 -0.49999994
v -0.18586946 -0.05230467 -0.49999988
v -0.20642834 -0.01384240 -0.49999997
v -0.21908817 0.02789172 -0.49999992
v -0.22336249 0.07129386 -0.49999982
v -0.21908758 0.11469592 -0.49999990
v -0.20642834 0.15643004 -0.49999986
v -0.18586946 0.19489238 -0.49999976
v -0.15820231 0.22860469 -0.49999970
v -0.12448955 0.25627189 -0.49999983
v -0.08602734 0.27683051 -0.49999983
v -0.04429323 0.28949092 -0.49999963
v -0.00089123 0.29376478 -0.49999980
v 0.04251077 0.28949092 -0.49999963
v 0.08424508 0.27683051 -0.49999983
v 0.12270709 0.25627189 -0.49999983
v 0.15642005 0.22860469 -0.49999970
v 0.18408699 0.19489238 -0.49999976
v 0.20464587 0.15642967 -0.49999975
v 0.21730570 0.11469573 -0.49999984
v 0.22158062 0.07129361 -0.49999995
v 0.21730570 0.02789172 -0.49999992
v 0.20464528 -0.01384259 -0.49999991
v 0.18408699 -0.05230467 -0.49999988
v 0.15641944 -0.08601761 -0.49999995
v 0.12270709 -0.11368464 -0.49999988
v 0.08424469 -0.13424285 -0.50000000
v 0.04251056 -0.14690339 -0.49999995
v -0.00089123 -0.15117708 -0.49999984
v -0.18785376 0.03571409 -0.45702439
v -0.12692792 0.04783285 -0.43602200
v 0.08445372 -0.13304442 -0.48560116
v 0.04271940 -0.14570472 -0.48560035
v 0.04251056 -0.14690339 -0.49999995
v 0.08424469 -0.13424285 -0.50000000
v 0.09732139 0.13839028 -0.43884236
v 0.09427680 0.13635596 -0.43518361
v 0.10482167 0.11662803 -0.43518358
v 0.10820456 0.11802939 -0.43884237
v -0.21887934 0.02908992 -0.48560518
v -0.22315366 0.07249206 -0.48560570
v -0.22336249 0.07129386 -0.49999982
v -0.21908817 0.02789172 -0.49999992
v 0.04271979 0.29068969 -0.48559902
v 0.08445391 0.27802921 -0.48559940
v 0.08424508 0.27683051 -0.49999983
v 0.04251077 0.28949092 -0.49999963
v 0.20485432 -0.01264432 -0.48560560
v 0.18429604 -0.05110641 -0.48560494
v 0.18408699 -0.05230467 -0.49999988
v 0.20464528 -0.01384259 -0.49999991
v -0.04408440 -0.14570399 -0.48559933
v -0.08581851 -0.13304433 -0.48559952
v -0.08602734 -0.13424285 -0.50000000
v -0.04429343 -0.14690276 -0.49999994
v -0.15799348 0.22980310 -0.48560357
v -0.12428072 0.25747037 -0.48560225
v -0.12448955 0.25627189 -0.49999983
v -0.15820231 0.22860469 -0.49999970
v 0.20485470 0.15762797 -0.48560398
v 0.21751453 0.11589392 -0.48560509
v 0.21730570 0.11469573 -0.49999984
v 0.20464587 0.15642967 -0.49999975
v -0.21887875 0.11589388 -0.48560591
v -0.21908758 0.11469592 -0.49999990
v 0.12291612 0.25747057 -0.48560023
v 0.12270709 0.25627189 -0.49999983
v 0.15662829 -0.08481920 -0.48560381
v 0.15641944 -0.08601761 -0.49999995
v -0.00068240 -0.14997837 -0.48559942
v -0.00089123 -0.15117708 -0.49999984
v 0.22178945 0.07249162 -0.48560577
v 0.22158062 0.07129361 -0.49999995
v -0.00068220 0.29496357 -0.48559920
v -0.00089123 0.29376478 -0.49999980
v -0.20621951 -0.01264403 -0.48560402
v -0.20642834 -0.01384240 -0.49999997
v -0.20621951 0.15762806 -0.48560568
v -0.20642834 0.15643004 -0.49999986
v 0.15662888 0.22980319 -0.48560130
v 0.15642005 0.22860469 -0.49999970
v 0.12291612 -0.11248623 -0.48560249
v 0.12270709 -0.11368464 -0.49999988
v -0.12201618 0.25467226 -0.47590517
v -0.11351510 0.24194969 -0.46857566
v -0.07837771 0.26073115 -0.46857563
v -0.08423318 0.27486770 -0.47590521
v 0.21751453 0.02908968 -0.48560593
v 0.21730570 0.02789172 -0.49999992
v -0.12428072 -0.11248559 -0.48560040
v -0.12448955 -0.11368425 -0.50000000
v -0.18566063 0.19609063 -0.48560482
v -0.18586946 0.19489238 -0.49999976
v 0.18429604 0.19609090 -0.48560261
v 0.18408699 0.19489238 -0.49999976
v 0.06163486 0.06058175 -0.43225216
v 0.06163486 0.06058171 -0.40484930
v 0.05802365 0.04867787 -0.40484926
v 0.05802365 0.04867791 -0.43225213
v -0.04566914 -0.03584403 -0.43884255
v -0.04426797 -0.03246122 -0.43518375
v -0.06399549 -0.02191640 -0.43518377
v -0.06602993 -0.02496084 -0.43884251
v 0.11131497 0.09522209 -0.43518361
v 0.11490650 0.09593657 -0.43884230
v -0.11610741 0.09593676 -0.43884236
v -0.11251588 0.09522227 -0.43518367
v -0.10602278 0.11662822 -0.43518364
v -0.10940587 0.11802958 -0.43884243
v 0.11350771 0.07296088 -0.43518371
v 0.11716944 0.07296075 -0.43884238
v -0.09547792 0.13635596 -0.43518361
v -0.09852270 0.13839028 -0.43884236
v 0.11131497 0.05069948 -0.43518376
v 0.11490650 0.04998513 -0.43884252
v -0.08128724 0.15364737 -0.43518353
v -0.08387657 0.15623663 -0.43884249
v 0.10482147 0.02929359 -0.43518360
v 0.10820435 0.02789213 -0.43884239
v -0.06399549 0.16783814 -0.43518367
v -0.06602993 0.17088292 -0.43884243
v 0.09427680 0.00956585 -0.43518363
v 0.09732139 0.00753162 -0.43884252
v -0.04426797 0.17838297 -0.43518368
v -0.04566914 0.18176592 -0.43884233
v 0.08008573 -0.00772580 -0.43518385
v 0.08267506 -0.01031499 -0.43884252
v -0.02286202 0.18487679 -0.43518369
v -0.02357643 0.18846790 -0.43884227
v 0.06279438 -0.02191658 -0.43518371
v 0.06482861 -0.02496122 -0.43884238
v -0.00060066 0.18706881 -0.43518356
v -0.00060066 0.19073044 -0.43884247
v -0.09852270 0.00753162 -0.43884252
v -0.09547792 0.00956585 -0.43518363
v -0.10602278 0.02929359 -0.43518360
v -0.10940587 0.02789231 -0.43884245
v 0.04306646 -0.03246122 -0.43518375
v 0.04446782 -0.03584403 -0.43884255
v 0.02166091 0.18487679 -0.43518369
v 0.02237512 0.18846790 -0.43884227
v -0.11166027 0.02695861 -0.43717463
v -0.10940587 0.02789231 -0.43884245
v -0.11610761 0.04998513 -0.43884252
v -0.11850102 0.04950919 -0.43717460
v 0.02166071 -0.03895485 -0.43518380
v 0.02237492 -0.04254614 -0.43884236
v 0.04306666 0.17838297 -0.43518368
v 0.04446782 0.18176592 -0.43884233
v -0.02357643 -0.04254576 -0.43884247
v -0.02286202 -0.03895441 -0.43518373
v 0.06279438 0.16783814 -0.43518367
v 0.06482861 0.17088292 -0.43884243
v -0.00060066 -0.04480854 -0.43884240
v -0.00060066 -0.04114680 -0.43518374
v 0.08008613 0.15364737 -0.43518353
v 0.08267526 0.15623663 -0.43884249
v -0.11837036 0.07296095 -0.43884244
v -0.11470863 0.07296088 -0.43518371
v -0.11610761 0.04998513 -0.43884252
v -0.11251628 0.05069948 -0.43518376
v -0.15513366 -0.08157165 -0.47590546
v -0.14431394 -0.07075211 -0.46857587
v -0.08128724 -0.00772555 -0.43518371
v -0.08387657 -0.01031475 -0.43884239
v -0.04660311 -0.03809863 -0.43717475
v -0.04566914 -0.03584403 -0.43884255
v -0.06602993 -0.02496084 -0.43884251
v -0.06738574 -0.02698998 -0.43717462
v -0.02405237 -0.04493913 -0.43717472
v -0.02357643 -0.04254576 -0.43884247
v -0.00060066 -0.04724878 -0.43717461
v -0.00060066 -0.04480854 -0.43884240
v 0.02285106 -0.04493951 -0.43717460
v 0.02237492 -0.04254614 -0.43884236
v -0.08387657 -0.01031475 -0.43884239
v -0.08560212 -0.01204037 -0.43717461
v -0.12081051 0.07296083 -0.43717462
v -0.11837036 0.07296095 -0.43884244
v -0.11610741 0.09593676 -0.43884236
v -0.11850063 0.09641271 -0.43717451
v -0.10940587 0.11802958 -0.43884243
v -0.11166027 0.11896348 -0.43717454
v -0.09852270 0.13839028 -0.43884236
v -0.10055156 0.13974603 -0.43717460
v -0.08387657 0.15623663 -0.43884249
v -0.08560212 0.15796209 -0.43717444
v -0.06602993 0.17088292 -0.43884243
v -0.06738574 0.17291189 -0.43717449
v -0.04566914 0.18176592 -0.43884233
v -0.04660311 0.18402048 -0.43717455
v -0.02357643 0.18846790 -0.43884227
v -0.02405237 0.19086141 -0.43717451
v -0.00060066 0.19073044 -0.43884247
v -0.00060066 0.19317069 -0.43717451
v 0.02237512 0.18846790 -0.43884227
v 0.02285126 0.19086141 -0.43717451
v 0.04446782 0.18176592 -0.43884233
v 0.04540181 0.18402048 -0.43717455
v 0.06482861 0.17088292 -0.43884243
v 0.06618444 0.17291189 -0.43717449
v 0.08267526 0.15623663 -0.43884249
v 0.08440082 0.15796209 -0.43717444
v 0.09732139 0.13839028 -0.43884236
v 0.09935045 0.13974603 -0.43717460
v 0.10820456 0.11802939 -0.43884237
v 0.11045916 0.11896329 -0.43717448
v 0.11490650 0.09593657 -0.43884230
v 0.11729972 0.09641266 -0.43717471
v 0.11716944 0.07296075 -0.43884238
v 0.11960961 0.07296083 -0.43717462
v 0.11490650 0.04998513 -0.43884252
v 0.11729972 0.04950900 -0.43717454
v 0.10820435 0.02789213 -0.43884239
v 0.11045896 0.02695842 -0.43717457
v 0.09732139 0.00753162 -0.43884252
v 0.09935045 0.00617582 -0.43717469
v 0.08267506 -0.01031499 -0.43884252
v 0.08440061 -0.01204056 -0.43717455
v 0.06482861 -0.02496122 -0.43884238
v 0.06618444 -0.02699017 -0.43717456
v 0.04446782 -0.03584403 -0.43884255
v 0.04540160 -0.03809863 -0.43717475
v -0.04546985 0.02809196 -0.40484929
v -0.03230862 0.04125318 -0.39815774
v -0.03788525 0.04804826 -0.39815777
v -0.05336134 0.03770742 -0.40484918
v -0.04546985 0.11782988 -0.43225214
v -0.04546985 0.11782983 -0.40484927
v -0.03585400 0.12572142 -0.40484928
v -0.03585400 0.12572146 -0.43225215
v 0.05216003 0.03770742 -0.40484918
v 0.05216003 0.03770740 -0.43225223
v -0.02488332 0.13158543 -0.40484927
v -0.02488332 0.13158548 -0.43225213
v -0.05336134 0.03770746 -0.43225205
v -0.05336134 0.03770742 -0.40484918
v -0.05922516 0.04867811 -0.40484914
v -0.05922516 0.04867791 -0.43225213
v 0.04426834 0.02809158 -0.40484917
v 0.04426834 0.02809156 -0.43225224
v -0.01298026 0.13519622 -0.40484924
v -0.01298026 0.13519627 -0.43225212
v -0.04546985 0.02809200 -0.43225216
v -0.04546985 0.02809196 -0.40484929
v 0.03465289 0.02020037 -0.40484928
v 0.03465289 0.02020041 -0.43225215
v -0.00060066 0.13641546 -0.40484918
v -0.00060066 0.13641550 -0.43225206
v -0.03585400 0.02020041 -0.43225215
v -0.03585400 0.02020037 -0.40484928
v 0.02368221 0.01433636 -0.40484929
v 0.02368221 0.01433641 -0.43225216
v -0.00060066 0.13641550 -0.43225206
v -0.00060066 0.13641546 -0.40484918
v 0.01177914 0.13519622 -0.40484924
v 0.01177914 0.13519645 -0.43225217
v -0.02488352 0.01433659 -0.43225222
v -0.02488352 0.01433655 -0.40484935
v 0.01177895 0.01072557 -0.40484931
v 0.01177895 0.01072543 -0.43225212
v 0.02368201 0.13158549 -0.40484907
v 0.02368201 0.13158548 -0.43225213
v -0.01298026 0.01072581 -0.43225225
v -0.01298026 0.01072576 -0.40484937
v -0.00060026 0.00950658 -0.40484924
v -0.00060026 0.00950638 -0.43225225
v 0.03465269 0.12572142 -0.40484928
v 0.03465269 0.12572146 -0.43225215
v 0.04426874 0.11782983 -0.40484927
v 0.04426874 0.11782988 -0.43225214
v -0.06283598 0.06058133 -0.40484918
v -0.06283598 0.06058131 -0.43225224
v 0.05216003 0.10821424 -0.40484913
v 0.05216003 0.10821423 -0.43225219
v -0.06405516 0.07296061 -0.40484919
v -0.06405516 0.07296066 -0.43225206
v 0.05802385 0.09724393 -0.40484929
v 0.05802385 0.09724378 -0.43225210
v -0.06283578 0.08534053 -0.40484919
v -0.06283578 0.08534056 -0.43225206
v 0.06163486 0.08534009 -0.40484926
v 0.06163486 0.08534032 -0.43225219
v -0.05922496 0.09724418 -0.40484915
v -0.05922496 0.09724422 -0.43225203
v 0.06285406 0.07296080 -0.40484924
v 0.06285406 0.07296085 -0.43225212
v -0.05336134 0.10821424 -0.40484913
v -0.05336134 0.10821423 -0.43225219
v -0.00060046 0.02704074 -0.37576049
v -0.00060046 0.02955946 -0.37139210
v -0.00906813 0.03039341 -0.37139226
v -0.00955938 0.02792292 -0.37576029
v 0.04426834 0.02809158 -0.40484917
v 0.03110731 0.04125274 -0.39815781
v 0.02431209 0.03567628 -0.39815773
v 0.03465289 0.02020037 -0.40484928
v -0.01298026 0.13519622 -0.40484924
v -0.00934895 0.11694124 -0.39815781
v -0.00060066 0.11780255 -0.39815775
v -0.00060066 0.13641546 -0.40484918
v -0.03585400 0.02020037 -0.40484928
v -0.02551340 0.03567628 -0.39815773
v 0.01655943 0.03153249 -0.39815795
v 0.02368221 0.01433636 -0.40484929
v -0.00060066 0.13641546 -0.40484918
v -0.00060066 0.11780255 -0.39815775
v 0.00814784 0.11694124 -0.39815781
v 0.01177914 0.13519622 -0.40484924
v -0.02488352 0.01433655 -0.40484935
v -0.01776073 0.03153255 -0.39815775
v 0.00814764 0.02898071 -0.39815793
v 0.01177895 0.01072557 -0.40484931
v 0.01655943 0.11438947 -0.39815778
v 0.02368201 0.13158549 -0.40484907
v -0.01298026 0.01072576 -0.40484937
v -0.00934895 0.02898077 -0.39815774
v -0.00060046 0.02811928 -0.39815772
v -0.00060026 0.00950658 -0.40484924
v 0.02431209 0.11024556 -0.39815775
v 0.03465269 0.12572142 -0.40484928
v 0.03110751 0.10466865 -0.39815774
v 0.04426874 0.11782983 -0.40484927
v -0.05922516 0.04867811 -0.40484914
v -0.04202908 0.05580070 -0.39815771
v -0.04458082 0.06421252 -0.39815772
v -0.06283598 0.06058133 -0.40484918
v 0.03668413 0.09787357 -0.39815772
v 0.05216003 0.10821424 -0.40484913
v -0.04544241 0.07296082 -0.39815772
v -0.06405516 0.07296061 -0.40484919
v 0.04082797 0.09012113 -0.39815777
v 0.05802385 0.09724393 -0.40484929
v -0.04458062 0.08170931 -0.39815776
v -0.06283578 0.08534053 -0.40484919
v 0.04337971 0.08170906 -0.39815789
v 0.06163486 0.08534009 -0.40484926
v -0.04202908 0.09012132 -0.39815783
v -0.05922496 0.09724418 -0.40484915
v 0.04424129 0.07296082 -0.39815772
v 0.06285406 0.07296080 -0.40484924
v -0.03788525 0.09787357 -0.39815772
v -0.05336134 0.10821424 -0.40484913
v 0.04337971 0.06421290 -0.39815784
v 0.06163486 0.06058171 -0.40484930
v -0.03230862 0.10466884 -0.39815779
v -0.04546985 0.11782983 -0.40484927
v 0.04082777 0.05580064 -0.39815790
v 0.05802365 0.04867787 -0.40484926
v -0.02551340 0.11024556 -0.39815775
v -0.03585400 0.12572142 -0.40484928
v 0.03668394 0.04804807 -0.39815771
v 0.05216003 0.03770742 -0.40484918
v -0.01776053 0.11438947 -0.39815778
v -0.02488332 0.13158543 -0.40484927
v -0.04652097 0.07296067 -0.37576043
v -0.04400225 0.07296071 -0.37139214
v -0.04316812 0.08142839 -0.37139208
v -0.04563851 0.08191964 -0.37576031
v -0.04458082 0.06421252 -0.39815772
v -0.04723180 0.06368521 -0.38743129
v -0.04814529 0.07296060 -0.38743135
v -0.04544241 0.07296082 -0.39815772
v 0.02491134 0.11114237 -0.37576029
v 0.02351196 0.10904810 -0.37139218
v 0.03008900 0.10365041 -0.37139205
v 0.03187004 0.10543148 -0.37576037
v 0.00835807 0.02792286 -0.37576048
v 0.00786681 0.03039321 -0.37139220
v 0.03548663 0.09707342 -0.37139215
v 0.03758092 0.09847284 -0.37576036
v -0.02611245 0.03477965 -0.37576038
v -0.02471327 0.03687376 -0.37139202
v -0.03129031 0.04227146 -0.37139215
v -0.03307136 0.04049049 -0.37576050
v 0.03949741 0.08956978 -0.37139210
v 0.04182440 0.09053376 -0.37576032
v -0.04563871 0.06400214 -0.37576049
v -0.04316831 0.06449347 -0.37139212
v 0.04196720 0.08142795 -0.37139215
v 0.04443759 0.08191939 -0.37576044
v -0.04069852 0.08957016 -0.37139222
v -0.04302551 0.09053396 -0.37576038
v 0.04280114 0.07296071 -0.37139214
v 0.04531987 0.07296086 -0.37576049
v -0.03668774 0.09707342 -0.37139215
v -0.03878203 0.09847284 -0.37576036
v 0.04196720 0.06449372 -0.37139199
v 0.04443759 0.06400239 -0.37576036
v -0.03129031 0.10365041 -0.37139205
v -0.03307136 0.10543148 -0.37576037
v 0.03949721 0.05635183 -0.37139223
v 0.04182420 0.05538782 -0.37576043
v -0.02471327 0.10904810 -0.37139218
v -0.02611245 0.11114237 -0.37576029
v 0.03548663 0.04884819 -0.37139219
v 0.03758072 0.04744893 -0.37576045
v -0.01720942 0.11305891 -0.37139215
v -0.01817343 0.11538587 -0.37576037
v 0.03008880 0.04227127 -0.37139209
v 0.03186984 0.04049010 -0.37576038
v -0.00906792 0.11552859 -0.37139219
v -0.00955938 0.11799892 -0.37576032
v -0.03668774 0.04884819 -0.37139219
v -0.03878203 0.04744893 -0.37576045
v 0.02351196 0.03687370 -0.37139221
v 0.02491134 0.03477940 -0.37576051
v -0.00060066 0.11636240 -0.37139210
v -0.00060066 0.11888123 -0.37576038
v -0.03788525 0.04804826 -0.39815777
v -0.04013268 0.04654654 -0.38743132
v -0.04452632 0.05476644 -0.38743147
v -0.04202908 0.05580070 -0.39815771
v 0.01600831 0.03286295 -0.37139205
v 0.01697232 0.03053591 -0.37576044
v -0.00060066 0.11888123 -0.37576038
v -0.00060066 0.11636240 -0.37139210
v 0.00786681 0.11552859 -0.37139219
v 0.00835827 0.11799910 -0.37576038
v -0.01817363 0.03053591 -0.37576044
v -0.01720962 0.03286315 -0.37139210
v 0.01600831 0.11305891 -0.37139215
v 0.01697212 0.11538587 -0.37576037
v -0.03516982 0.08727997 -0.32168457
v -0.03171215 0.09374881 -0.32168449
v 0.03668413 0.09787357 -0.39815772
v 0.03893137 0.09937529 -0.38743136
v 0.04332502 0.09115534 -0.38743140
v 0.04082797 0.09012113 -0.39815777
v -0.04723160 0.08223662 -0.38743138
v -0.04458062 0.08170931 -0.39815776
v 0.04603069 0.08223643 -0.38743131
v 0.04337971 0.08170906 -0.39815789
v -0.04452612 0.09115577 -0.38743133
v -0.04202908 0.09012132 -0.39815783
v 0.04694419 0.07296079 -0.38743141
v 0.04424129 0.07296082 -0.39815772
v -0.04013268 0.09937529 -0.38743136
v -0.03788525 0.09787357 -0.39815772
v 0.04603069 0.06368559 -0.38743141
v 0.04337971 0.06421290 -0.39815784
v -0.03421993 0.10657995 -0.38743145
v -0.03230862 0.10466884 -0.39815779
v 0.04332482 0.05476625 -0.38743141
v 0.04082777 0.05580064 -0.39815790
v -0.02701501 0.11249296 -0.38743130
v -0.02551340 0.11024556 -0.39815775
v 0.03893137 0.04654648 -0.38743151
v 0.03668394 0.04804807 -0.39815771
v -0.01879495 0.11688668 -0.38743136
v -0.01776053 0.11438947 -0.39815778
v -0.03230862 0.04125318 -0.39815774
v -0.03421993 0.03934182 -0.38743141
v 0.03301842 0.03934163 -0.38743136
v 0.03110731 0.04125274 -0.39815781
v -0.00987620 0.11959200 -0.38743137
v -0.00934895 0.11694124 -0.39815781
v -0.04302571 0.05538801 -0.37576049
v -0.04069852 0.05635183 -0.37139223
v 0.02581370 0.03342887 -0.38743138
v 0.02431209 0.03567628 -0.39815773
v -0.00060066 0.12050558 -0.38743137
v -0.00060066 0.11780255 -0.39815775
v -0.02551340 0.03567628 -0.39815773
v -0.02701501 0.03342906 -0.38743144
v 0.01759384 0.02903535 -0.38743138
v 0.01655943 0.03153249 -0.39815795
v -0.00060066 0.11780255 -0.39815775
v -0.00060066 0.12050558 -0.38743137
v 0.00867510 0.11959200 -0.38743137
v 0.00814784 0.11694124 -0.39815781
v -0.01776073 0.03153255 -0.39815775
v -0.01879515 0.02903535 -0.38743138
v 0.00867510 0.02632984 -0.38743130
v 0.00814764 0.02898071 -0.39815793
v 0.01759365 0.11688668 -0.38743136
v 0.01655943 0.11438947 -0.39815778
v -0.00934895 0.02898077 -0.39815774
v -0.00987640 0.02633002 -0.38743137
v -0.00060046 0.02541644 -0.38743137
v -0.00060046 0.02811928 -0.39815772
v 0.02581370 0.11249296 -0.38743130
v 0.02431209 0.11024556 -0.39815775
v 0.03301862 0.10657995 -0.38743145
v 0.03110751 0.10466865 -0.39815774
v -0.02138865 0.10407240 -0.32168445
v -0.02138865 0.10407235 -0.31786073
v -0.01491941 0.10753035 -0.31786096
v -0.01491941 0.10753027 -0.32168443
v 0.03681699 0.07296079 -0.32168459
v 0.03609801 0.06566115 -0.32168444
v -0.02705896 0.09941908 -0.32168444
v 0.03396871 0.05864188 -0.32168448
v 0.03051104 0.05217284 -0.32168450
v -0.03171215 0.05217284 -0.32168450
v -0.03517002 0.05864188 -0.32168448
v 0.02585745 0.04650258 -0.32168453
v -0.00790045 0.10965950 -0.32168451
v -0.02705896 0.04650277 -0.32168459
v 0.02018755 0.04184925 -0.32168453
v -0.00060066 0.11037832 -0.32168437
v -0.02138865 0.04184925 -0.32168453
v 0.01371831 0.03839158 -0.32168461
v -0.00060066 0.11037832 -0.32168437
v 0.00669934 0.10965950 -0.32168451
v -0.01491962 0.03839158 -0.32168461
v 0.00669934 0.03626215 -0.32168448
v 0.01371831 0.10753027 -0.32168443
v -0.00790065 0.03626234 -0.32168453
v -0.00060046 0.03554339 -0.32168441
v 0.02018734 0.10407240 -0.32168445
v 0.02585765 0.09941902 -0.32168463
v -0.03729912 0.06566090 -0.32168457
v 0.03051104 0.09374900 -0.32168455
v -0.03801810 0.07296061 -0.32168453
v 0.03396891 0.08727997 -0.32168457
v -0.03729912 0.08026076 -0.32168440
v 0.03609801 0.08026069 -0.32168460
v -0.00060066 0.11037846 -0.31786071
v -0.00060066 0.11037834 -0.31435574
v 0.00669934 0.10965952 -0.31435586
v 0.00669934 0.10965945 -0.31786079
v -0.03171215 0.05217297 -0.31786083
v -0.03517002 0.05864182 -0.31786075
v 0.03051104 0.05217279 -0.31786077
v 0.02585745 0.04650253 -0.31786081
v -0.00790045 0.10965945 -0.31786079
v -0.02705896 0.04650271 -0.31786087
v 0.02018755 0.04184939 -0.31786087
v -0.00060066 0.11037846 -0.31786071
v -0.02138865 0.04184939 -0.31786087
v 0.01371831 0.03839153 -0.31786088
v -0.01491962 0.03839153 -0.31786088
v 0.00669934 0.03626229 -0.31786081
v 0.01371831 0.10753035 -0.31786096
v -0.00790065 0.03626229 -0.31786081
v -0.00060046 0.03554347 -0.31786094
v 0.02018734 0.10407235 -0.31786073
v 0.02585765 0.09941897 -0.31786091
v -0.03729912 0.06566085 -0.31786084
v 0.03051104 0.09374896 -0.31786082
v -0.03801810 0.07296075 -0.31786085
v 0.03396891 0.08727991 -0.31786084
v -0.03729912 0.08026089 -0.31786074
v 0.03609801 0.08026064 -0.31786087
v -0.03516982 0.08728011 -0.31786089
v 0.03681699 0.07296075 -0.31786085
v -0.03171215 0.09374896 -0.31786082
v 0.03609801 0.06566129 -0.31786077
v -0.02705896 0.09941897 -0.31786091
v 0.03396871 0.05864182 -0.31786075
v 0.02723356 0.10079476 -0.28626102
v 0.02669000 0.10025117 -0.28472243
v 0.03148957 0.09440283 -0.28472233
v 0.03212879 0.09482991 -0.28626104
v -0.01491962 0.03839166 -0.31435577
v -0.02138865 0.04184927 -0.31435588
v 0.01371831 0.03839147 -0.31435571
v 0.00669934 0.03626217 -0.31435583
v 0.01371831 0.10753029 -0.31435578
v -0.00790065 0.03626236 -0.31435589
v -0.00060046 0.03554341 -0.31435577
v 0.02018734 0.10407243 -0.31435580
v 0.02585765 0.09941891 -0.31435574
v -0.03517002 0.05864190 -0.31435583
v -0.03729912 0.06566099 -0.31435573
v 0.03051104 0.09374883 -0.31435585
v -0.03801810 0.07296063 -0.31435588
v 0.03396891 0.08727980 -0.31435586
v -0.03729912 0.08026078 -0.31435575
v 0.03609801 0.08026059 -0.31435569
v -0.03516982 0.08728005 -0.31435573
v 0.03681699 0.07296088 -0.31435575
v -0.03171215 0.09374883 -0.31435585
v 0.03609801 0.06566117 -0.31435579
v -0.02705896 0.09941891 -0.31435574
v 0.03396871 0.05864171 -0.31435577
v -0.02138865 0.10407243 -0.31435580
v 0.03051104 0.05217267 -0.31435579
v -0.01491941 0.10753029 -0.31435578
v -0.03171215 0.05217286 -0.31435585
v 0.02585745 0.04650260 -0.31435589
v -0.00790045 0.10965952 -0.31435586
v -0.02705896 0.04650285 -0.31435576
v 0.02018755 0.04184927 -0.31435588
v -0.00060066 0.11037834 -0.31435574
v 0.03800634 0.08064013 -0.28626100
v 0.03725236 0.08049016 -0.28472227
v 0.03799401 0.07296084 -0.28472236
v 0.03876271 0.07296085 -0.28626098
v -0.02246961 0.04023149 -0.28626102
v -0.02204260 0.04087067 -0.28472244
v -0.02789111 0.04567051 -0.28472230
v -0.02843487 0.04512688 -0.28626112
v 0.03505623 0.08773023 -0.28472239
v 0.03576647 0.08802458 -0.28626114
v -0.03996383 0.07296061 -0.28626110
v -0.03919512 0.07296065 -0.28472230
v -0.03845347 0.08049035 -0.28472233
v -0.03920746 0.08064033 -0.28626106
v 0.03685836 0.08847670 -0.29375127
v 0.03916546 0.08087071 -0.29375138
v -0.03625734 0.08773042 -0.28472245
v -0.03696757 0.08802477 -0.28626120
v -0.03269088 0.09440283 -0.28472233
v -0.03333011 0.09482991 -0.28626104
v 0.03725256 0.06543152 -0.28472246
v 0.03800654 0.06528151 -0.28626114
v -0.02789111 0.10025117 -0.28472243
v -0.02843487 0.10079476 -0.28626102
v 0.03505603 0.05819127 -0.28472228
v 0.03576626 0.05789706 -0.28626100
v -0.02204260 0.10505101 -0.28472229
v -0.02246961 0.10569020 -0.28626093
v 0.03148957 0.05151886 -0.28472239
v 0.03212879 0.05109173 -0.28626110
v -0.01536990 0.10861777 -0.28472250
v -0.01566405 0.10932786 -0.28626095
v 0.02668980 0.04567026 -0.28472244
v 0.02723336 0.04512670 -0.28626105
v -0.00813017 0.11081393 -0.28472241
v -0.00828013 0.11156793 -0.28626103
v -0.03269088 0.05151886 -0.28472239
v -0.03333011 0.05109173 -0.28626110
v 0.02084129 0.04087067 -0.28472244
v 0.02126850 0.04023149 -0.28626102
v -0.00060066 0.11155521 -0.28472243
v -0.00060066 0.11232419 -0.28626112
v -0.03431261 0.05043521 -0.29375140
v -0.03805947 0.05744492 -0.29375131
v 0.01416879 0.03730410 -0.28472229
v 0.01446294 0.03659385 -0.28626098
v 0.00692906 0.11081393 -0.28472241
v 0.00707902 0.11156793 -0.28626103
v -0.01566425 0.03659378 -0.28626119
v -0.01537010 0.03730410 -0.28472229
v 0.00692886 0.03510794 -0.28472237
v 0.00707882 0.03435371 -0.28626111
v 0.00707902 0.11156793 -0.28626103
v 0.00692906 0.11081393 -0.28472241
v 0.01416859 0.10861777 -0.28472250
v 0.01446294 0.10932786 -0.28626095
v -0.00828013 0.03435390 -0.28626117
v -0.00813017 0.03510794 -0.28472237
v 0.02084129 0.10505101 -0.28472229
v 0.02126850 0.10569020 -0.28626093
v -0.00060046 0.03359765 -0.28626108
v -0.00060046 0.03436641 -0.28472251
v -0.03920765 0.06528132 -0.28626108
v -0.03845367 0.06543134 -0.28472240
v 0.02304040 0.06825849 -0.27102105
v 0.02166867 0.06373664 -0.27102102
v -0.04036657 0.08087095 -0.29375126
v -0.03805947 0.08847689 -0.29375133
v 0.03994470 0.07296081 -0.29375129
v -0.03431261 0.09548635 -0.29375135
v 0.03916567 0.06505105 -0.29375143
v -0.02927040 0.10163060 -0.29375128
v 0.03685816 0.05744492 -0.29375131
v -0.02312614 0.10667288 -0.29375137
v 0.03311151 0.05043521 -0.29375140
v -0.01611633 0.11041974 -0.29375128
v -0.02927040 0.04429121 -0.29375136
v 0.02806909 0.04429102 -0.29375130
v -0.00851064 0.11272692 -0.29375127
v -0.03696757 0.05789725 -0.28626106
v -0.03625734 0.05819146 -0.28472234
v 0.02192503 0.03924868 -0.29375141
v -0.00060066 0.11350588 -0.29375136
v -0.02312614 0.03924887 -0.29375147
v 0.01491522 0.03550208 -0.29375135
v -0.00060066 0.11350588 -0.29375136
v 0.00730953 0.11272692 -0.29375127
v -0.01611652 0.03550208 -0.29375135
v 0.00730953 0.03319469 -0.29375133
v 0.01491522 0.11041974 -0.29375128
v -0.00851084 0.03319488 -0.29375139
v -0.00060046 0.03241592 -0.29375130
v 0.02192503 0.10667288 -0.29375137
v 0.02806929 0.10163036 -0.29375140
v -0.04036677 0.06505066 -0.29375132
v 0.03311151 0.09548635 -0.29375135
v -0.04114562 0.07296062 -0.29375123
v 0.01644348 0.05591651 -0.27102101
v 0.01644348 0.05591633 0.16902467
v 0.01279089 0.05291867 0.16902458
v 0.01279089 0.05291892 -0.27102087
v -0.01764478 0.09000488 -0.27102099
v -0.01399200 0.09300272 -0.27102098
v 0.01944132 0.05956939 -0.27102099
v -0.00982470 0.09523014 -0.27102087
v -0.02064243 0.05956939 -0.27102099
v -0.02286997 0.06373664 -0.27102102
v 0.01644348 0.05591651 -0.27102101
v -0.00530317 0.09660187 -0.27102086
v -0.01764478 0.05591676 -0.27102089
v 0.01279089 0.05291892 -0.27102087
v -0.00060066 0.09706498 -0.27102097
v -0.01399200 0.05291911 -0.27102093
v 0.00862358 0.05069149 -0.27102101
v 0.00410206 0.09660187 -0.27102086
v -0.00982489 0.05069149 -0.27102101
v 0.00410186 0.04931977 -0.27102099
v 0.00410206 0.09660187 -0.27102086
v 0.00862358 0.09523014 -0.27102087
v -0.00530317 0.04931996 -0.27102105
v -0.00060046 0.04885685 -0.27102094
v 0.01279089 0.09300272 -0.27102098
v 0.01644367 0.09000488 -0.27102099
v -0.02424151 0.06825831 -0.27102099
v 0.01944132 0.08635245 -0.27102093
v -0.02470472 0.07296082 -0.27102094
v 0.02166867 0.08218494 -0.27102102
v -0.02424151 0.07766353 -0.27102092
v 0.02304040 0.07766334 -0.27102086
v -0.02286997 0.08218519 -0.27102089
v 0.02350361 0.07296082 -0.27102094
v -0.02064243 0.08635245 -0.27102093
v -0.00530317 0.09660187 -0.27102086
v -0.00530317 0.09660161 0.16902460
v -0.00060046 0.09706473 0.16902451
v -0.00060066 0.09706498 -0.27102097
v -0.01399200 0.05291911 -0.27102093
v -0.01399200 0.05291886 0.16902452
v -0.01764478 0.05591652 0.16902462
v -0.01764478 0.05591676 -0.27102089
v 0.00862358 0.05069130 0.16902465
v 0.00862358 0.05069149 -0.27102101
v 0.00410206 0.09660161 0.16902460
v 0.00410206 0.09660187 -0.27102086
v -0.00982489 0.05069149 -0.27102101
v -0.00982470 0.05069130 0.16902465
v 0.00410206 0.04931977 0.16902461
v 0.00410186 0.04931977 -0.27102099
v 0.00410206 0.09660187 -0.27102086
v 0.00410206 0.09660161 0.16902460
v 0.00862358 0.09522989 0.16902461
v 0.00862358 0.09523014 -0.27102087
v -0.00530317 0.04931996 -0.27102105
v -0.00530317 0.04931977 0.16902461
v -0.00060046 0.04885662 0.16902455
v -0.00060046 0.04885685 -0.27102094
v 0.01279089 0.09300253 0.16902468
v 0.01279089 0.09300272 -0.27102098
v 0.01644367 0.09000469 0.16902470
v 0.01644367 0.09000488 -0.27102099
v -0.02286997 0.06373664 -0.27102102
v -0.02286997 0.06373645 0.16902465
v -0.02424151 0.06825812 0.16902469
v -0.02424151 0.06825831 -0.27102099
v 0.01944132 0.08635200 0.16902461
v 0.01944132 0.08635245 -0.27102093
v -0.02470472 0.07296058 0.16902456
v -0.02470472 0.07296082 -0.27102094
v 0.02166887 0.08218476 0.16902467
v 0.02166867 0.08218494 -0.27102102
v -0.02424151 0.07766308 0.16902462
v -0.02424151 0.07766353 -0.27102092
v 0.02304040 0.07766308 0.16902462
v 0.02304040 0.07766334 -0.27102086
v -0.02286978 0.08218501 0.16902478
v -0.02286997 0.08218519 -0.27102089
v 0.02350361 0.07296058 0.16902456
v 0.02350361 0.07296082 -0.27102094
v -0.02064243 0.08635200 0.16902461
v -0.02064243 0.08635245 -0.27102093
v 0.02304040 0.06825831 0.16902463
v 0.02304040 0.06825849 -0.27102105
v -0.01764478 0.09000469 0.16902470
v -0.01764478 0.09000488 -0.27102099
v 0.02166867 0.06373645 0.16902465
v 0.02166867 0.06373664 -0.27102102
v -0.01399200 0.09300253 0.16902468
v -0.01399200 0.09300272 -0.27102098
v 0.01944132 0.05956921 0.16902470
v 0.01944132 0.05956939 -0.27102099
v -0.00982470 0.09522989 0.16902461
v -0.00982470 0.09523014 -0.27102087
v -0.02064243 0.05956939 -0.27102099
v -0.02064243 0.05956921 0.16902470
v -0.17698929 -0.00010161 -0.45702431
v -0.11959849 0.02367050 -0.43602214
v -0.05922516 0.04867791 -0.43225213
v -0.09947120 0.03200738 -0.43225216
v -0.08958168 0.01350574 -0.43225219
v -0.05336134 0.03770746 -0.43225205
v -0.10055156 0.00617582 -0.43717469
v -0.09852270 0.00753162 -0.43884252
v -0.07627287 -0.00271099 -0.43225211
v -0.04546985 0.02809200 -0.43225216
v -0.12201618 -0.10875027 -0.47590526
v -0.11351510 -0.09602758 -0.46857584
v -0.06005572 -0.01602014 -0.43225222
v -0.03585400 0.02020041 -0.43225215
v -0.08423318 -0.12894596 -0.47590535
v -0.07837771 -0.11480922 -0.46857581
v -0.04155414 -0.02590955 -0.43225230
v -0.02488352 0.01433659 -0.43225222
v -0.04323613 -0.14138211 -0.47590530
v -0.04025102 -0.12637475 -0.46857590
v -0.02147856 -0.03199940 -0.43225228
v -0.01298026 0.01072581 -0.43225225
v -0.00060066 -0.14558107 -0.47590538
v -0.00060066 -0.13027968 -0.46857583
v -0.00060066 -0.03405547 -0.43225210
v -0.00060026 0.00950638 -0.43225225
v -0.19993663 0.03331060 -0.46857571
v -0.21494394 0.03032534 -0.47590537
v -0.06283598 0.06058131 -0.43225224
v -0.10556096 0.05208306 -0.43225213
v -0.20384160 0.07296109 -0.46857565
v -0.21914287 0.07296096 -0.47590531
v -0.06405516 0.07296066 -0.43225206
v -0.10761727 0.07296085 -0.43225212
v -0.19993623 0.11261134 -0.46857572
v -0.21494354 0.11559639 -0.47590519
v -0.06283578 0.08534056 -0.43225206
v -0.10556076 0.09383882 -0.43225217
v -0.18837108 0.15073800 -0.46857570
v -0.20250766 0.15659358 -0.47590524
v -0.05922496 0.09724422 -0.43225203
v -0.09947120 0.11391450 -0.43225213
v -0.16958946 0.18587577 -0.46857575
v -0.18231195 0.19437671 -0.47590514
v -0.05336134 0.10821423 -0.43225219
v -0.08958168 0.13241615 -0.43225211
v -0.14431394 0.21667398 -0.46857576
v -0.15513366 0.22749357 -0.47590515
v -0.04546985 0.11782988 -0.43225214
v -0.07627287 0.14863311 -0.43225206
v -0.03585400 0.12572146 -0.43225215
v -0.06005572 0.16194202 -0.43225207
v -0.07366325 0.24934946 -0.45702424
v -0.04989114 0.19195852 -0.43602193
v -0.02488332 0.13158548 -0.43225213
v -0.04155414 0.17183143 -0.43225201
v -0.04025102 0.27229706 -0.46857565
v -0.04323613 0.28730449 -0.47590525
v -0.01298026 0.13519627 -0.43225212
v -0.02147856 0.17792147 -0.43225208
v -0.00060066 0.27620162 -0.46857560
v -0.00060066 0.29150280 -0.47590517
v -0.00060066 0.13641550 -0.43225206
v -0.00060066 0.17997735 -0.43225219
v 0.03904991 0.27229706 -0.46857565
v 0.04203503 0.28730449 -0.47590525
v 0.01177914 0.13519645 -0.43225217
v 0.02027744 0.17792147 -0.43225208
v 0.07717640 0.26073115 -0.46857563
v 0.08303206 0.27486770 -0.47590521
v 0.02368201 0.13158548 -0.43225213
v 0.04035283 0.17183143 -0.43225201
v 0.11231399 0.24194969 -0.46857566
v 0.12081487 0.25467226 -0.47590517
v 0.03465269 0.12572146 -0.43225215
v 0.05885461 0.16194202 -0.43225207
v 0.14311263 0.21667398 -0.46857576
v 0.15393235 0.22749357 -0.47590515
v 0.04426874 0.11782988 -0.43225214
v 0.07507176 0.14863293 -0.43225200
v 0.16838835 0.18587577 -0.46857575
v 0.18111083 0.19437671 -0.47590514
v 0.05216003 0.10821423 -0.43225219
v 0.08838057 0.13241615 -0.43225211
v 0.18716996 0.15073781 -0.46857564
v 0.20130655 0.15659339 -0.47590519
v 0.05802385 0.09724378 -0.43225210
v 0.09827009 0.11391431 -0.43225208
v 0.19873551 0.11261114 -0.46857566
v 0.21374283 0.11559634 -0.47590538
v 0.06163486 0.08534032 -0.43225219
v 0.10435985 0.09383863 -0.43225211
v 0.20264089 0.07296065 -0.46857572
v 0.21794216 0.07296077 -0.47590525
v 0.06285406 0.07296085 -0.43225212
v 0.10641615 0.07296085 -0.43225212
v 0.19873551 0.03331054 -0.46857590
v 0.21374283 0.03032534 -0.47590537
v 0.06163486 0.06058175 -0.43225216
v 0.10435985 0.05208306 -0.43225213
v 0.18716956 -0.00481626 -0.46857568
v 0.20130615 -0.01067184 -0.47590531
v 0.05802365 0.04867791 -0.43225213
v 0.09826969 0.03200738 -0.43225216
v 0.16838835 -0.03995365 -0.46857575
v 0.18111083 -0.04845473 -0.47590529
v 0.05216003 0.03770740 -0.43225223
v 0.08838057 0.01350574 -0.43225219
v 0.14311223 -0.07075249 -0.46857575
v 0.15393175 -0.08157202 -0.47590535
v 0.04426834 0.02809156 -0.43225224
v 0.07507136 -0.00271143 -0.43225219
v 0.11231399 -0.09602801 -0.46857591
v 0.12081487 -0.10875071 -0.47590533
v 0.03465289 0.02020041 -0.43225215
v 0.05885461 -0.01602033 -0.43225216
v 0.07717620 -0.11480922 -0.46857581
v 0.08303167 -0.12894596 -0.47590535
v 0.02368221 0.01433641 -0.43225216
v 0.04035283 -0.02590955 -0.43225230
v 0.03904952 -0.12637531 -0.46857573
v 0.04203462 -0.14138256 -0.47590537
v 0.01177895 0.01072543 -0.43225212
v 0.02027724 -0.03199959 -0.43225222
v -0.18460075 -0.05019028 -0.48042989
v -0.20505999 -0.01194560 -0.48043022
v -0.18231195 -0.04845473 -0.47590529
v -0.20250766 -0.01067159 -0.47590518
v -0.15707739 -0.08370810 -0.48042958
v -0.15513366 -0.08157165 -0.47590546
v -0.12354682 -0.11121352 -0.48042909
v -0.12201618 -0.10875027 -0.47590526
v -0.08529802 -0.13165166 -0.48042897
v -0.08423318 -0.12894596 -0.47590535
v -0.04379839 -0.14423784 -0.48042899
v -0.04323613 -0.14138211 -0.47590530
v -0.00064123 -0.14848951 -0.48042908
v -0.00060066 -0.14558107 -0.47590538
v -0.21766773 0.02955817 -0.48043061
v -0.21494394 0.03032534 -0.47590537
v -0.22193744 0.07272731 -0.48043074
v -0.21914287 0.07296096 -0.47590531
v -0.21770371 0.11590379 -0.48043066
v -0.21494354 0.11559639 -0.47590519
v -0.20512761 0.15742831 -0.48043064
v -0.20250766 0.15659358 -0.47590524
v -0.18468885 0.19570400 -0.48043044
v -0.18231195 0.19437671 -0.47590514
v -0.15717266 0.22925848 -0.48043010
v -0.15513366 0.22749357 -0.47590515
v -0.12363473 0.25680043 -0.48042969
v -0.12201618 0.25467226 -0.47590517
v -0.08536525 0.27726938 -0.48042922
v -0.08423318 0.27486770 -0.47590521
v -0.04383479 0.28987671 -0.48042891
v -0.04323613 0.28730449 -0.47590525
v -0.00064123 0.29413523 -0.48042888
v -0.00060066 0.29150280 -0.47590517
v 0.04255353 0.28988318 -0.48042886
v 0.04203503 0.28730449 -0.47590525
v 0.08408757 0.27728114 -0.48042894
v 0.08303206 0.27486770 -0.47590521
v 0.12236242 0.25681583 -0.48042908
v 0.12081487 0.25467226 -0.47590517
v 0.15590652 0.22927515 -0.48042947
v 0.15393235 0.22749357 -0.47590515
v 0.18342908 0.19571940 -0.48042983
v 0.18111083 0.19437671 -0.47590514
v 0.20387340 0.15743988 -0.48043029
v 0.20130655 0.15659339 -0.47590519
v 0.21645347 0.11591008 -0.48043053
v 0.21374283 0.11559634 -0.47590538
v 0.22068860 0.07272712 -0.48043068
v 0.21794216 0.07296077 -0.47590525
v 0.21641708 0.02955164 -0.48043086
v 0.21374283 0.03032534 -0.47590537
v 0.20380537 -0.01195766 -0.48043084
v 0.20130615 -0.01067184 -0.47590531
v 0.18334116 -0.05020568 -0.48043050
v 0.18111083 -0.04845473 -0.47590529
v 0.15581085 -0.08372538 -0.48043023
v 0.15393175 -0.08157202 -0.47590535
v 0.12227451 -0.11122941 -0.48042997
v 0.12081487 -0.10875071 -0.47590533
v 0.08401994 -0.13166354 -0.48042963
v 0.08303167 -0.12894596 -0.47590535
v 0.04251693 -0.14424476 -0.48042912
v 0.04203462 -0.14138256 -0.47590537
v -0.10297899 0.03055445 -0.43311081
v -0.09273863 0.01139632 -0.43311083
v -0.07895766 -0.00539587 -0.43311082
v -0.06216513 -0.01917688 -0.43311081
v -0.04300702 -0.02941730 -0.43311075
v -0.02221921 -0.03572304 -0.43311088
v -0.00060066 -0.03785208 -0.43311086
v -0.10928474 0.05134222 -0.43311084
v -0.11141384 0.07296091 -0.43311072
v -0.10928454 0.09457954 -0.43311078
v -0.10297899 0.11536737 -0.43311063
v -0.09273863 0.13452569 -0.43311066
v -0.07895766 0.15131768 -0.43311062
v -0.06216513 0.16509889 -0.43311069
v -0.04300702 0.17533913 -0.43311070
v -0.02221921 0.18164524 -0.43311068
v -0.00060066 0.18377403 -0.43311082
v 0.02101810 0.18164524 -0.43311068
v 0.04180571 0.17533913 -0.43311070
v 0.06096382 0.16509889 -0.43311069
v 0.07775635 0.15131762 -0.43311081
v 0.09153732 0.13452569 -0.43311066
v 0.10177768 0.11536712 -0.43311076
v 0.10808364 0.09457954 -0.43311078
v 0.11021294 0.07296085 -0.43311091
v 0.10808364 0.05134222 -0.43311084
v 0.10177748 0.03055426 -0.43311075
v 0.09153732 0.01139632 -0.43311083
v 0.07775596 -0.00539606 -0.43311076
v 0.06096382 -0.01917713 -0.43311094
v 0.04180571 -0.02941730 -0.43311075
v 0.02101791 -0.03572322 -0.43311082
v -0.10402395 0.00385564 -0.43570373
v -0.11551849 0.02536035 -0.43570368
v -0.08855502 -0.01499331 -0.43570375
v -0.06970578 -0.03046214 -0.43570387
v -0.04820118 -0.04195678 -0.43570379
v -0.02486721 -0.04903500 -0.43570376
v -0.00060066 -0.05142492 -0.43570382
v -0.12259674 0.04869447 -0.43570371
v -0.12498658 0.07296094 -0.43570375
v -0.12259654 0.09722745 -0.43570362
v -0.11551849 0.12056139 -0.43570359
v -0.10402395 0.14206603 -0.43570372
v -0.08855502 0.16091505 -0.43570351
v -0.06970578 0.17638401 -0.43570364
v -0.04820118 0.18787865 -0.43570373
v -0.02486701 0.19495712 -0.43570363
v -0.00060066 0.19734679 -0.43570370
v 0.02366590 0.19495712 -0.43570363
v 0.04699988 0.18787865 -0.43570373
v 0.06850447 0.17638401 -0.43570364
v 0.08735370 0.16091505 -0.43570351
v 0.10282264 0.14206609 -0.43570353
v 0.11431739 0.12056139 -0.43570359
v 0.12139562 0.09722745 -0.43570362
v 0.12378566 0.07296074 -0.43570370
v 0.12139562 0.04869429 -0.43570365
v 0.11431698 0.02536035 -0.43570368
v 0.10282264 0.00385564 -0.43570373
v 0.08735351 -0.01499350 -0.43570369
v 0.06850447 -0.03046252 -0.43570375
v 0.04699967 -0.04195678 -0.43570379
v 0.02366571 -0.04903519 -0.43570371
v -0.03422650 0.05049275 -0.28992940
v -0.03796361 0.05748472 -0.28992939
v -0.02919701 0.04436459 -0.28992931
v -0.02306866 0.03933503 -0.28992921
v -0.01607675 0.03559793 -0.28992941
v -0.00849055 0.03329659 -0.28992939
v -0.00060046 0.03251951 -0.28992926
v -0.04026494 0.06507090 -0.28992935
v -0.04104200 0.07296061 -0.28992938
v -0.04026474 0.08085075 -0.28992937
v -0.03796361 0.08843736 -0.28992925
v -0.03422650 0.09542884 -0.28992950
v -0.02919701 0.10155711 -0.28992923
v -0.02306866 0.10658668 -0.28992930
v -0.01607675 0.11032391 -0.28992935
v -0.00849055 0.11262525 -0.28992937
v -0.00060066 0.11340214 -0.28992944
v -0.00060066 0.11340214 -0.28992944
v 0.00728924 0.11262525 -0.28992937
v -0.00060066 0.11232419 -0.28626112
v 0.01487544 0.11032391 -0.28992935
v 0.02186736 0.10658668 -0.28992930
v 0.02799590 0.10155711 -0.28992923
v 0.03302519 0.09542884 -0.28992950
v 0.03676250 0.08843712 -0.28992937
v 0.03906383 0.08085055 -0.28992931
v 0.03984089 0.07296080 -0.28992944
v 0.03906383 0.06507128 -0.28992947
v 0.03676230 0.05748453 -0.28992933
v 0.03302519 0.05049275 -0.28992940
v 0.02799570 0.04436435 -0.28992943
v 0.02186736 0.03933497 -0.28992942
v 0.01487544 0.03559774 -0.28992936
v 0.00728924 0.03329640 -0.28992933
v -0.00066728 0.03902136 0.23484003
v -0.00706452 0.03965136 0.23483994
v -0.00736106 0.03816079 0.23196274
v -0.00066728 0.03750160 0.23196275
v -0.02563154 0.04684817 0.22222443
v -0.02323553 0.04924405 0.21056423
v -0.01839917 0.04527488 0.21056413
v -0.02028165 0.04245755 0.22222438
v -0.03002220 0.05219799 0.22222446
v -0.02720475 0.05408068 0.21056412
v -0.03328456 0.05830180 0.22222446
v -0.03015406 0.05959839 0.21056402
v -0.03529373 0.06492477 0.22222438
v -0.03197031 0.06558578 0.21056414
v -0.03597214 0.07181238 0.22222444
v -0.03258368 0.07181229 0.21056415
v -0.03529373 0.07869999 0.22222451
v -0.03197031 0.07803883 0.21056421
v -0.03328456 0.08532277 0.22222448
v -0.03015406 0.08402614 0.21056410
v -0.03002220 0.09142658 0.22222449
v -0.02720475 0.08954391 0.21056418
v -0.02563154 0.09677634 0.22222428
v -0.02323553 0.09438037 0.21056418
v -0.02028165 0.10116698 0.22222438
v -0.01839917 0.09834973 0.21056422
v -0.01417796 0.10442964 0.22222445
v -0.01288121 0.10129900 0.21056415
v -0.00755498 0.10643848 0.22222445
v -0.00689388 0.10311533 0.21056416
v -0.00066728 0.10711703 0.22222441
v -0.00066728 0.10372847 0.21056412
v 0.00622022 0.10643848 0.22222445
v 0.00555911 0.10311533 0.21056416
v -0.00066728 0.10372847 0.21056412
v -0.00066728 0.10711703 0.22222441
v 0.01284320 0.10442964 0.22222445
v 0.01154645 0.10129900 0.21056415
v 0.01894688 0.10116698 0.22222438
v 0.01706440 0.09834973 0.21056422
v 0.02429678 0.09677634 0.22222428
v 0.02190077 0.09438037 0.21056418
v 0.02251931 0.09499898 0.23483996
v 0.02659732 0.09002999 0.23483989
v 0.02786105 0.09087430 0.23196260
v 0.02359410 0.09607352 0.23196273
v 0.02868743 0.09142653 0.22222430
v 0.02586999 0.08954391 0.21056418
v 0.03195000 0.08532277 0.22222448
v 0.02881950 0.08402614 0.21056410
v 0.03395896 0.07869974 0.22222438
v 0.03063554 0.07803883 0.21056421
v 0.03463737 0.07181219 0.22222450
v 0.03124891 0.07181229 0.21056415
v 0.03395896 0.06492459 0.22222443
v 0.03063554 0.06558578 0.21056414
v 0.03194980 0.05830180 0.22222446
v 0.02881930 0.05959839 0.21056402
v 0.02868743 0.05219799 0.22222446
v 0.02586999 0.05408049 0.21056418
v 0.02429678 0.04684817 0.22222443
v 0.02190077 0.04924405 0.21056423
v 0.01894688 0.04245755 0.22222438
v 0.01706440 0.04527488 0.21056413
v 0.01284320 0.03919487 0.22222427
v 0.01154645 0.04232561 0.21056420
v 0.00622022 0.03718605 0.22222431
v 0.00555911 0.04050926 0.21056414
v -0.01888505 0.09907683 0.23483988
v -0.01321594 0.10210720 0.23483994
v -0.01379749 0.10351136 0.23196279
v -0.01972933 0.10034059 0.23196277
v -0.00066728 0.04824806 0.24238716
v -0.00526458 0.04870080 0.24238719
v -0.01288121 0.04232561 0.21056420
v -0.01417796 0.03919513 0.22222444
v -0.00066728 0.03650767 0.22222429
v -0.00066728 0.03989612 0.21056419
v -0.01839917 0.09834975 0.20746632
v -0.02323553 0.09438040 0.20746628
v 0.03149355 0.07820949 0.23483996
v 0.03212362 0.07181235 0.23483998
v 0.03364333 0.07181228 0.23196281
v 0.03298402 0.07850590 0.23196279
v 0.00572976 0.03965136 0.23483994
v 0.00602630 0.03816079 0.23196274
v -0.00689388 0.04050926 0.21056414
v -0.00755498 0.03718605 0.22222431
v -0.03282831 0.07820949 0.23483996
v -0.03096234 0.08436079 0.23483990
v -0.03236629 0.08494241 0.23196271
v -0.03431878 0.07850590 0.23196279
v 0.01188117 0.10210720 0.23483994
v 0.01755029 0.09907683 0.23483988
v 0.01839477 0.10034059 0.23196277
v 0.01246273 0.10351136 0.23196279
v 0.02251931 0.04862549 0.23483992
v 0.01755029 0.04454756 0.23483977
v 0.01839457 0.04328389 0.23196262
v 0.02359390 0.04755079 0.23196277
v -0.02793208 0.05359466 0.23483993
v -0.03096234 0.05926366 0.23483993
v -0.03236629 0.05868209 0.23196272
v -0.02919562 0.05275021 0.23196283
v -0.00706452 0.10397311 0.23483993
v -0.00736106 0.10546371 0.23196270
v 0.03149355 0.06541497 0.23483992
v 0.03298402 0.06511861 0.23196265
v -0.01321594 0.04151727 0.23483994
v -0.01379749 0.04011338 0.23196276
v -0.02793208 0.09002999 0.23483989
v -0.02919562 0.09087430 0.23196260
v 0.01188117 0.04151727 0.23483994
v 0.01246273 0.04011338 0.23196276
v -0.03282831 0.06541497 0.23483992
v -0.03431878 0.06511861 0.23196265
v -0.00066728 0.10460317 0.23484002
v -0.00066728 0.10612296 0.23196287
v 0.02962758 0.05926366 0.23483993
v 0.03103153 0.05868209 0.23196272
v -0.01888505 0.04454756 0.23483977
v -0.01972933 0.04328389 0.23196262
v -0.02385407 0.09499898 0.23483996
v -0.02492867 0.09607352 0.23196273
v 0.02962758 0.08436079 0.23483990
v 0.03103173 0.08494241 0.23196271
v -0.03345839 0.07181235 0.23483998
v -0.03497810 0.07181228 0.23196281
v -0.00066728 0.10460317 0.23484002
v 0.00572976 0.10397311 0.23483993
v 0.00602630 0.10546371 0.23196270
v -0.00066728 0.10612296 0.23196287
v 0.02659732 0.05359449 0.23483999
v 0.02786085 0.05275015 0.23196265
v -0.02385407 0.04862549 0.23483992
v -0.02492867 0.04755098 0.23196271
v -0.00066728 0.10372850 0.20746627
v -0.00066728 0.10197638 0.20370458
v -0.00655199 0.10139677 0.20370459
v -0.00689388 0.10311537 0.20746631
v 0.02586999 0.05408053 0.20746632
v 0.02881930 0.05959850 0.20746640
v -0.01288121 0.10129902 0.20746626
v -0.00689388 0.04050930 0.20746629
v -0.00066728 0.03989616 0.20746633
v 0.02190077 0.04924409 0.20746637
v -0.01288121 0.04232560 0.20746617
v 0.01706440 0.04527493 0.20746628
v -0.01839917 0.04527493 0.20746628
v 0.01154645 0.04232560 0.20746617
v 0.00555911 0.10311537 0.20746631
v -0.00066728 0.10372850 0.20746627
v -0.02323553 0.04924409 0.20746637
v 0.00555911 0.04050930 0.20746629
v 0.01154645 0.10129902 0.20746626
v -0.02720475 0.05408053 0.20746632
v 0.01706440 0.09834975 0.20746632
v -0.03015406 0.05959850 0.20746640
v 0.02190077 0.09438040 0.20746628
v -0.03197031 0.06558580 0.20746624
v 0.02586999 0.08954389 0.20746616
v -0.03258368 0.07181228 0.20746612
v 0.02881950 0.08402618 0.20746625
v -0.03197031 0.07803888 0.20746636
v 0.03063554 0.07803888 0.20746636
v -0.03015406 0.08402618 0.20746625
v 0.03124891 0.07181228 0.20746612
v -0.02720475 0.08954389 0.20746616
v 0.03063554 0.06558560 0.20746630
v 0.01609085 0.09689278 0.20370444
v 0.01701806 0.09828029 0.19883660
v 0.01151442 0.10122189 0.19883664
v 0.01087599 0.09968025 0.20370464
v -0.01742561 0.04673168 0.20370459
v -0.01221056 0.04394426 0.20370454
v 0.01087580 0.04394426 0.20370454
v 0.01609085 0.04673168 0.20370459
v 0.00521743 0.10139677 0.20370459
v -0.00066728 0.10197638 0.20370458
v -0.02199666 0.05048307 0.20370449
v 0.00521723 0.04222774 0.20370463
v 0.01087599 0.09968025 0.20370464
v -0.02574789 0.05505411 0.20370453
v -0.00066728 0.04164827 0.20370435
v 0.01609085 0.09689278 0.20370444
v -0.02853531 0.06026893 0.20370455
v 0.02066189 0.09314141 0.20370455
v -0.03025192 0.06592750 0.20370452
v 0.02441313 0.08857055 0.20370445
v -0.03083147 0.07181233 0.20370449
v 0.02720054 0.08335560 0.20370467
v -0.03025192 0.07769696 0.20370452
v 0.02891715 0.07769696 0.20370452
v -0.02853531 0.08335560 0.20370467
v 0.02949671 0.07181233 0.20370449
v -0.02574789 0.08857055 0.20370445
v 0.02891715 0.06592750 0.20370452
v -0.02199666 0.09314141 0.20370455
v 0.02720054 0.06026893 0.20370455
v -0.01742561 0.09689278 0.20370444
v 0.02441313 0.05505392 0.20370458
v -0.01221056 0.09968025 0.20370464
v -0.00655199 0.04222788 0.20370439
v 0.02066189 0.05048307 0.20370449
v 0.02874233 0.08399421 0.19883645
v 0.02707524 0.08330356 0.19485363
v 0.02430035 0.08849517 0.19485340
v 0.02580057 0.08949758 0.19883646
v -0.02853531 0.06026893 0.20370455
v -0.03007689 0.05963043 0.19883644
v -0.02713533 0.05412687 0.19883648
v -0.02574789 0.05505411 0.20370453
v 0.02066189 0.09314141 0.20370455
v 0.02184190 0.09432132 0.19883645
v -0.03025192 0.06592750 0.20370452
v -0.03188837 0.06560196 0.19883648
v 0.02441313 0.08857055 0.20370445
v 0.02580057 0.08949758 0.19883646
v -0.03083147 0.07181233 0.20370449
v -0.03250014 0.07181220 0.19883641
v 0.02720054 0.08335560 0.20370467
v 0.02874233 0.08399421 0.19883645
v -0.03025192 0.07769696 0.20370452
v -0.03188837 0.07802250 0.19883651
v 0.02891715 0.07769696 0.20370452
v 0.03055380 0.07802250 0.19883651
v -0.02853531 0.08335560 0.20370467
v -0.03007689 0.08399421 0.19883645
v 0.02949671 0.07181233 0.20370449
v 0.03116538 0.07181220 0.19883641
v -0.02574789 0.08857055 0.20370445
v -0.02713533 0.08949758 0.19883646
v 0.02891715 0.06592750 0.20370452
v 0.03055380 0.06560196 0.19883648
v -0.02199666 0.09314141 0.20370455
v -0.02317646 0.09432138 0.19883663
v 0.02720054 0.06026893 0.20370455
v 0.02874233 0.05963043 0.19883644
v -0.01742561 0.09689278 0.20370444
v -0.01835263 0.09828023 0.19883642
v 0.02441313 0.05505392 0.20370458
v 0.02580057 0.05412687 0.19883648
v -0.01221056 0.09968025 0.20370464
v -0.01284919 0.10122189 0.19883664
v -0.00655199 0.04222788 0.20370439
v -0.00687757 0.04059126 0.19883642
v -0.00066728 0.03997957 0.19883641
v -0.00066728 0.04164827 0.20370435
v 0.02066189 0.05048307 0.20370449
v 0.02184170 0.04930315 0.19883654
v -0.00655199 0.10139677 0.20370459
v -0.00687757 0.10303339 0.19883652
v -0.01221056 0.04394426 0.20370454
v -0.01284919 0.04240263 0.19883653
v 0.01609085 0.04673168 0.20370459
v 0.01701787 0.04534443 0.19883651
v -0.00066728 0.10197638 0.20370458
v -0.00066728 0.10364509 0.19883652
v -0.01742561 0.04673168 0.20370459
v -0.01835263 0.04534443 0.19883651
v 0.01087580 0.04394426 0.20370454
v 0.01151442 0.04240263 0.19883653
v 0.00521743 0.10139677 0.20370459
v 0.00554300 0.10303339 0.19883652
v -0.00066728 0.10364509 0.19883652
v -0.00066728 0.10197638 0.20370458
v -0.02199666 0.05048307 0.20370449
v -0.02317646 0.04930315 0.19883654
v 0.00521723 0.04222774 0.20370463
v 0.00554280 0.04059126 0.19883642
v 0.02878390 0.06595403 0.19485356
v 0.03068348 0.06557614 0.19064918
v 0.03129765 0.07181224 0.19064914
v 0.02936107 0.07181237 0.19485345
v -0.03188837 0.07802250 0.19883651
v -0.03011866 0.07767054 0.19485344
v -0.03069563 0.07181237 0.19485345
v -0.03250014 0.07181220 0.19883641
v 0.03055380 0.07802250 0.19883651
v 0.02878409 0.07767054 0.19485344
v -0.03007689 0.08399421 0.19883645
v -0.02841001 0.08330374 0.19485358
v 0.03116538 0.07181220 0.19883641
v 0.02936107 0.07181237 0.19485345
v -0.02713533 0.08949758 0.19883646
v -0.02563492 0.08849517 0.19485340
v 0.03055380 0.06560196 0.19883648
v 0.02878390 0.06595403 0.19485356
v -0.02317646 0.09432138 0.19883663
v -0.02190059 0.09304558 0.19485342
v 0.02874233 0.05963043 0.19883644
v 0.02707524 0.06032088 0.19485361
v -0.01835263 0.09828023 0.19883642
v -0.01735023 0.09677992 0.19485346
v 0.02580057 0.05412687 0.19883648
v 0.02430035 0.05512934 0.19485337
v -0.01284919 0.10122189 0.19883664
v -0.01215865 0.09955482 0.19485340
v -0.00687757 0.04059126 0.19883642
v -0.00652553 0.04236091 0.19485353
v -0.00066728 0.04178394 0.19485332
v -0.00066728 0.03997957 0.19883641
v 0.02184170 0.04930315 0.19883654
v 0.02056583 0.05057897 0.19485354
v -0.00687757 0.10303339 0.19883652
v -0.00652553 0.10126364 0.19485342
v -0.01284919 0.04240263 0.19883653
v -0.01215865 0.04406969 0.19485337
v 0.01701787 0.04534443 0.19883651
v 0.01601547 0.04684465 0.19485354
v -0.00066728 0.10364509 0.19883652
v -0.00066728 0.10184056 0.19485345
v -0.01835263 0.04534443 0.19883651
v -0.01735023 0.04684465 0.19485354
v 0.01151442 0.04240263 0.19883653
v 0.01082388 0.04406969 0.19485337
v 0.00554300 0.10303339 0.19883652
v 0.00519097 0.10126364 0.19485342
v -0.00066728 0.10184056 0.19485345
v -0.00066728 0.10364509 0.19883652
v -0.02317646 0.04930315 0.19883654
v -0.02190059 0.05057891 0.19485336
v 0.00554280 0.04059126 0.19883642
v 0.00519078 0.04236091 0.19485353
v 0.01151442 0.10122189 0.19883664
v 0.01082408 0.09955482 0.19485340
v -0.02713533 0.05412687 0.19883648
v -0.02563492 0.05512934 0.19485337
v 0.01701806 0.09828029 0.19883660
v 0.01601547 0.09677992 0.19485346
v -0.03007689 0.05963043 0.19883644
v -0.02841001 0.06032107 0.19485355
v 0.02184190 0.09432132 0.19883645
v 0.02056583 0.09304558 0.19485342
v -0.03188837 0.06560196 0.19883648
v -0.03011866 0.06595403 0.19485356
v 0.02193537 0.04920958 0.19064913
v 0.02038365 0.05076113 0.18688742
v 0.02408615 0.05527261 0.18688752
v 0.02591056 0.05405338 0.19064926
v -0.02190059 0.09304558 0.19485342
v -0.02327014 0.09441491 0.19064920
v -0.02724532 0.08957116 0.19064920
v -0.02563492 0.08849517 0.19485340
v 0.02707524 0.06032088 0.19485361
v 0.02886444 0.05957965 0.19064923
v -0.01735023 0.09677992 0.19485346
v -0.01842622 0.09839028 0.19064920
v 0.02430035 0.05512934 0.19485337
v 0.02591056 0.05405338 0.19064926
v -0.01215865 0.09955482 0.19485340
v -0.01289991 0.10134417 0.19064919
v -0.00652553 0.04236091 0.19485353
v -0.00690342 0.04046154 0.19064925
v -0.00066728 0.03984713 0.19064924
v -0.00066728 0.04178394 0.19485332
v 0.02056583 0.05057897 0.19485354
v 0.02193537 0.04920958 0.19064913
v -0.00652553 0.10126364 0.19485342
v -0.00690342 0.10316321 0.19064920
v -0.01215865 0.04406969 0.19485337
v -0.01289991 0.04228039 0.19064932
v 0.01601547 0.04684465 0.19485354
v 0.01709145 0.04523419 0.19064908
v -0.00066728 0.10184056 0.19485345
v -0.00066728 0.10377742 0.19064926
v -0.01735023 0.04684465 0.19485354
v -0.01842622 0.04523419 0.19064908
v 0.01082388 0.04406969 0.19485337
v 0.01156514 0.04228039 0.19064932
v 0.00519097 0.10126364 0.19485342
v 0.00556866 0.10316321 0.19064920
v -0.00066728 0.10377742 0.19064926
v -0.00066728 0.10184056 0.19485345
v -0.02190059 0.05057891 0.19485336
v -0.02327014 0.04920964 0.19064931
v 0.00519078 0.04236091 0.19485353
v 0.00556866 0.04046154 0.19064925
v 0.01082408 0.09955482 0.19485340
v 0.01156514 0.10134417 0.19064919
v -0.02563492 0.05512934 0.19485337
v -0.02724532 0.05405338 0.19064926
v 0.01601547 0.09677992 0.19485346
v 0.01709145 0.09839028 0.19064920
v -0.02841001 0.06032107 0.19485355
v -0.03019921 0.05957984 0.19064917
v 0.02056583 0.09304558 0.19485342
v 0.02193537 0.09441491 0.19064920
v -0.03011866 0.06595403 0.19485356
v -0.03201824 0.06557614 0.19064918
v 0.02430035 0.08849517 0.19485340
v 0.02591056 0.08957116 0.19064920
v -0.03069563 0.07181237 0.19485345
v -0.03263241 0.07181224 0.19064914
v 0.02707524 0.08330356 0.19485363
v 0.02886444 0.08404469 0.19064930
v -0.03011866 0.07767054 0.19485344
v -0.03201824 0.07804840 0.19064933
v 0.02878409 0.07767054 0.19485344
v 0.03068348 0.07804840 0.19064933
v -0.02841001 0.08330374 0.19485358
v -0.03019921 0.08404488 0.19064923
v 0.00514065 0.04261370 0.18688744
v 0.00568421 0.03988054 0.17427475
v 0.01179168 0.04173331 0.17427466
v 0.01072544 0.04430776 0.18688750
v -0.00690342 0.10316321 0.19064920
v -0.00647542 0.10101087 0.18688759
v -0.01206020 0.09931682 0.18688753
v -0.01289991 0.10134417 0.19064919
v -0.01289991 0.04228039 0.19064932
v -0.01206020 0.04430776 0.18688750
v -0.00647542 0.04261370 0.18688744
v -0.00690342 0.04046154 0.19064925
v 0.01709145 0.04523419 0.19064908
v 0.01587226 0.04705888 0.18688740
v -0.00066728 0.10377742 0.19064926
v -0.00066728 0.10158294 0.18688744
v -0.01842622 0.04523419 0.19064908
v -0.01720703 0.04705888 0.18688740
v 0.01156514 0.04228039 0.19064932
v 0.01072544 0.04430776 0.18688750
v 0.00556866 0.10316321 0.19064920
v 0.00514065 0.10101087 0.18688759
v -0.00066728 0.10158294 0.18688744
v -0.00066728 0.10377742 0.19064926
v -0.02327014 0.04920964 0.19064931
v -0.02171841 0.05076113 0.18688742
v 0.00556866 0.04046154 0.19064925
v 0.00514065 0.04261370 0.18688744
v 0.01156514 0.10134417 0.19064919
v 0.01072544 0.09931682 0.18688753
v -0.02724532 0.05405338 0.19064926
v -0.02542072 0.05527261 0.18688752
v -0.00066728 0.03984713 0.19064924
v -0.00066728 0.04204158 0.18688740
v 0.01709145 0.09839028 0.19064920
v 0.01587247 0.09656564 0.18688744
v -0.03019921 0.05957984 0.19064917
v -0.02817194 0.06041949 0.18688748
v 0.02193537 0.09441491 0.19064920
v 0.02038365 0.09286345 0.18688760
v -0.03201824 0.06557614 0.19064918
v -0.02986607 0.06600432 0.18688751
v 0.02591056 0.08957116 0.19064920
v 0.02408615 0.08835197 0.18688750
v -0.03263241 0.07181224 0.19064914
v -0.03043807 0.07181229 0.18688751
v 0.02886444 0.08404469 0.19064930
v 0.02683717 0.08320508 0.18688755
v -0.03201824 0.07804840 0.19064933
v -0.02986607 0.07762025 0.18688752
v 0.03068348 0.07804840 0.19064933
v 0.02853131 0.07762025 0.18688752
v -0.03019921 0.08404488 0.19064923
v -0.02817194 0.08320508 0.18688755
v 0.03129765 0.07181224 0.19064914
v 0.02910331 0.07181229 0.18688751
v -0.02724532 0.08957116 0.19064920
v -0.02542072 0.08835197 0.18688750
v 0.03068348 0.06557614 0.19064918
v 0.02853131 0.06600432 0.18688751
v -0.02327014 0.09441491 0.19064920
v -0.02171841 0.09286345 0.18688760
v 0.02886444 0.05957965 0.19064923
v 0.02683717 0.06041949 0.18688748
v -0.01842622 0.09839028 0.19064920
v -0.01720703 0.09656564 0.18688744
v 0.02941179 0.08427143 0.17427474
v 0.02819877 0.08376900 0.17231369
v 0.02531150 0.08917091 0.17231371
v 0.02640300 0.08990024 0.17427480
v 0.01072544 0.09931682 0.18688753
v 0.01179187 0.10189140 0.17427483
v 0.00568421 0.10374397 0.17427481
v 0.00514065 0.10101087 0.18688759
v -0.02542072 0.05527261 0.18688752
v -0.02773777 0.05372447 0.17427470
v -0.02368880 0.04879072 0.17427471
v -0.02171841 0.05076113 0.18688742
v -0.00066728 0.04204158 0.18688740
v -0.00066728 0.03925508 0.17427466
v 0.01587247 0.09656564 0.18688744
v 0.01742061 0.09888267 0.17427468
v -0.02817194 0.06041949 0.18688748
v -0.03074635 0.05935308 0.17427482
v 0.02038365 0.09286345 0.18688760
v 0.02235423 0.09483375 0.17427467
v -0.02986607 0.06600432 0.18688751
v -0.03259919 0.06546061 0.17427471
v 0.02408615 0.08835197 0.18688750
v 0.02640300 0.08990024 0.17427480
v -0.03043807 0.07181229 0.18688751
v -0.03322470 0.07181233 0.17427466
v 0.02683717 0.08320508 0.18688755
v 0.02941179 0.08427143 0.17427474
v -0.02986607 0.07762025 0.18688752
v -0.03259919 0.07816385 0.17427467
v 0.02853131 0.07762025 0.18688752
v 0.03126443 0.07816385 0.17427467
v -0.02817194 0.08320508 0.18688755
v -0.03074635 0.08427143 0.17427474
v 0.02910331 0.07181229 0.18688751
v 0.03188993 0.07181233 0.17427466
v -0.02542072 0.08835197 0.18688750
v -0.02773777 0.08990024 0.17427480
v 0.02853131 0.06600432 0.18688751
v 0.03126443 0.06546061 0.17427471
v -0.02171841 0.09286345 0.18688760
v -0.02368880 0.09483375 0.17427467
v 0.02683717 0.06041949 0.18688748
v 0.02941159 0.05935308 0.17427482
v -0.01720703 0.09656564 0.18688744
v -0.01875517 0.09888267 0.17427468
v 0.02408615 0.05527261 0.18688752
v 0.02640300 0.05372447 0.17427470
v -0.01206020 0.09931682 0.18688753
v -0.01312644 0.10189140 0.17427483
v -0.00647542 0.04261370 0.18688744
v -0.00701898 0.03988054 0.17427475
v 0.02038365 0.05076113 0.18688742
v 0.02235404 0.04879072 0.17427471
v -0.00647542 0.10101087 0.18688759
v -0.00701898 0.10374397 0.17427481
v -0.01206020 0.04430776 0.18688750
v -0.01312644 0.04173331 0.17427466
v 0.01587226 0.04705888 0.18688740
v 0.01742041 0.04474179 0.17427471
v -0.00066728 0.10158294 0.18688744
v -0.00066728 0.10436963 0.17427483
v -0.01720703 0.04705888 0.18688740
v -0.01875517 0.04474179 0.17427471
v -0.00066728 0.10436963 0.17427483
v -0.00066728 0.10158294 0.18688744
v -0.01312644 0.04173331 0.17427466
v -0.01262405 0.04294614 0.17231352
v -0.00676281 0.04116817 0.17231361
v -0.00701898 0.03988054 0.17427475
v -0.03259919 0.07816385 0.17427467
v -0.03131159 0.07790790 0.17231361
v -0.03191183 0.07181220 0.17231357
v -0.03322470 0.07181233 0.17427466
v 0.03126443 0.07816385 0.17427467
v 0.02997683 0.07790771 0.17231368
v -0.03074635 0.08427143 0.17427474
v -0.02953353 0.08376900 0.17231369
v 0.03188993 0.07181233 0.17427466
v 0.03057707 0.07181220 0.17231357
v -0.02773777 0.08990024 0.17427480
v -0.02664627 0.08917091 0.17231371
v 0.03126443 0.06546061 0.17427471
v 0.02997683 0.06571677 0.17231369
v -0.02368880 0.09483375 0.17427467
v -0.02276059 0.09390545 0.17231356
v 0.02941159 0.05935308 0.17427482
v 0.02819877 0.05985546 0.17231363
v -0.01875517 0.09888267 0.17427468
v -0.01802585 0.09779127 0.17231363
v 0.02640300 0.05372447 0.17427470
v 0.02531150 0.05445374 0.17231355
v -0.01312644 0.10189140 0.17427483
v -0.01262405 0.10067852 0.17231374
v 0.02235404 0.04879072 0.17427471
v 0.02142582 0.04971915 0.17231352
v -0.00701898 0.10374397 0.17427481
v -0.00676281 0.10245648 0.17231365
v -0.00569856 0.04651924 0.16940665
v -0.01053632 0.04798659 0.16940661
v -0.01499480 0.05036983 0.16940664
v -0.01890275 0.05357701 0.16940653
v -0.02210982 0.05748491 0.16940657
v -0.02449311 0.06194341 0.16940650
v -0.02596050 0.06678118 0.16940668
v -0.02645613 0.07181225 0.16940675
v -0.02596050 0.07684346 0.16940659
v -0.02449311 0.08168116 0.16940655
v -0.02210982 0.08613974 0.16940670
v -0.01890275 0.09004763 0.16940674
v -0.01499480 0.09325482 0.16940663
v -0.01053632 0.09563806 0.16940666
v -0.00569856 0.09710540 0.16940662
v -0.00066728 0.09760103 0.16940658
v 0.00436379 0.09710540 0.16940662
v 0.00920155 0.09563806 0.16940666
v 0.01366003 0.09325482 0.16940663
v 0.01756799 0.09004763 0.16940674
v 0.02077526 0.08613974 0.16940670
v 0.02315834 0.08168116 0.16940655
v 0.02462574 0.07684352 0.16940677
v 0.02512137 0.07181225 0.16940675
v 0.02462574 0.06678118 0.16940668
v 0.02315834 0.06194348 0.16940673
v 0.02077506 0.05748491 0.16940657
v 0.01756799 0.05357701 0.16940653
v 0.01366003 0.05036983 0.16940664
v 0.00920155 0.04798659 0.16940661
v 0.00436379 0.04651924 0.16940665
v -0.00066728 0.04602361 0.16940669
v 0.01742041 0.04474179 0.17427471
v 0.01669109 0.04583339 0.17231362
v -0.00066728 0.10436963 0.17427483
v -0.00066728 0.10305692 0.17231364
v -0.00066728 0.03925508 0.17427466
v -0.00066728 0.04056773 0.17231362
v 0.00542805 0.04116817 0.17231361
v 0.00568421 0.03988054 0.17427475
v 0.01179168 0.04173331 0.17427466
v 0.01128929 0.04294614 0.17231352
v 0.00568421 0.10374397 0.17427481
v 0.00542824 0.10245648 0.17231365
v -0.00066728 0.10305692 0.17231364
v -0.00066728 0.10436963 0.17427483
v -0.02368880 0.04879072 0.17427471
v -0.02276059 0.04971915 0.17231352
v -0.01802585 0.04583339 0.17231362
v -0.01875517 0.04474179 0.17427471
v 0.01179187 0.10189140 0.17427483
v 0.01128948 0.10067852 0.17231374
v -0.02773777 0.05372447 0.17427470
v -0.02664627 0.05445374 0.17231355
v 0.01742061 0.09888267 0.17427468
v 0.01669109 0.09779108 0.17231369
v -0.03074635 0.05935308 0.17427482
v -0.02953353 0.05985564 0.17231357
v 0.02235423 0.09483375 0.17427467
v 0.02142582 0.09390545 0.17231356
v -0.03259919 0.06546061 0.17427471
v -0.03131159 0.06571677 0.17231369
v -0.00629383 0.04352601 0.17025817
v -0.00066728 0.04297176 0.17025797
v -0.00569856 0.04651924 0.16940665
v -0.00066728 0.04602361 0.16940669
v -0.01170419 0.04516709 0.17025806
v -0.01053632 0.04798659 0.16940661
v -0.01669032 0.04783223 0.17025812
v -0.01499480 0.05036983 0.16940664
v -0.02106069 0.05141905 0.17025814
v -0.01890275 0.05357701 0.16940653
v -0.02464744 0.05578943 0.17025804
v -0.02210982 0.05748491 0.16940657
v -0.02731254 0.06077552 0.17025820
v -0.02449311 0.06194341 0.16940650
v -0.02895377 0.06618573 0.17025811
v -0.02596050 0.06678118 0.16940668
v -0.02950787 0.07181220 0.17025806
v -0.02645613 0.07181225 0.16940675
v -0.02895377 0.07743875 0.17025819
v -0.02596050 0.07684346 0.16940659
v -0.02731254 0.08284914 0.17025805
v -0.02449311 0.08168116 0.16940655
v -0.02464744 0.08783519 0.17025801
v -0.02210982 0.08613974 0.16940670
v -0.02106069 0.09220562 0.17025815
v -0.01890275 0.09004763 0.16940674
v -0.01669032 0.09579219 0.17025800
v -0.01499480 0.09325482 0.16940663
v -0.01170419 0.09845752 0.17025800
v -0.01053632 0.09563806 0.16940666
v -0.00629383 0.10009866 0.17025808
v -0.00569856 0.09710540 0.16940662
v -0.00066728 0.10065285 0.17025809
v -0.00066728 0.09760103 0.16940658
v 0.00495907 0.10009866 0.17025808
v -0.00066728 0.10065285 0.17025809
v 0.00436379 0.09710540 0.16940662
v -0.00066728 0.09760103 0.16940658
v 0.01036942 0.09845752 0.17025800
v 0.00920155 0.09563806 0.16940666
v 0.01535556 0.09579219 0.17025800
v 0.01366003 0.09325482 0.16940663
v 0.01972592 0.09220562 0.17025815
v 0.01756799 0.09004763 0.16940674
v 0.02331268 0.08783519 0.17025801
v 0.02077526 0.08613974 0.16940670
v 0.02597778 0.08284914 0.17025805
v 0.02315834 0.08168116 0.16940655
v 0.02761901 0.07743875 0.17025819
v 0.02462574 0.07684352 0.16940677
v 0.02817311 0.07181220 0.17025806
v 0.02512137 0.07181225 0.16940675
v 0.02761901 0.06618573 0.17025811
v 0.02462574 0.06678118 0.16940668
v 0.02597778 0.06077547 0.17025801
v 0.02315834 0.06194348 0.16940673
v 0.02331268 0.05578943 0.17025804
v 0.02077506 0.05748491 0.16940657
v 0.01972592 0.05141905 0.17025814
v 0.01756799 0.05357701 0.16940653
v 0.01535556 0.04783223 0.17025812
v 0.01366003 0.05036983 0.16940664
v 0.01036942 0.04516709 0.17025806
v 0.00920155 0.04798659 0.16940661
v 0.00495907 0.04352595 0.17025798
v 0.00436379 0.04651924 0.16940665
v -0.00066728 0.05181802 0.24488815
v -0.00456808 0.05220206 0.24488835
v -0.00066728 0.05605789 0.24592426
v -0.00374090 0.05636059 0.24592421
v -0.00831891 0.05334002 0.24488834
v -0.00968507 0.05004169 0.24238720
v -0.00669638 0.05725713 0.24592431
v -0.01177559 0.05518756 0.24488820
v -0.01375890 0.05221930 0.24238721
v -0.00941996 0.05871301 0.24592427
v -0.01480546 0.05767416 0.24488833
v -0.01732974 0.05514983 0.24238718
v -0.01180741 0.06067222 0.24592411
v -0.01729195 0.06070409 0.24488833
v -0.02026036 0.05872061 0.24238719
v -0.01376666 0.06305962 0.24592414
v -0.01913963 0.06416088 0.24488823
v -0.02243799 0.06279458 0.24238727
v -0.01522252 0.06578332 0.24592426
v -0.02027747 0.06791151 0.24488841
v -0.02377890 0.06721515 0.24238717
v -0.01611891 0.06873868 0.24592437
v -0.02066172 0.07181230 0.24488838
v -0.02423156 0.07181224 0.24238723
v -0.01642182 0.07181233 0.24592425
v -0.02027747 0.07571289 0.24488842
v -0.02377890 0.07640933 0.24238729
v -0.01611891 0.07488577 0.24592418
v -0.01913963 0.07946384 0.24488824
v -0.02243799 0.08082991 0.24238718
v -0.01522252 0.07784115 0.24592430
v -0.01729195 0.08292045 0.24488825
v -0.02026036 0.08490387 0.24238727
v -0.01376666 0.08056496 0.24592413
v -0.01480546 0.08595036 0.24488821
v -0.01732974 0.08847483 0.24238722
v -0.01180741 0.08295224 0.24592439
v -0.01177559 0.08843697 0.24488834
v -0.01375890 0.09140518 0.24238725
v -0.00941996 0.08491144 0.24592424
v -0.00831891 0.09028450 0.24488820
v -0.00968507 0.09358278 0.24238726
v -0.00669638 0.08636734 0.24592424
v -0.00456808 0.09142228 0.24488825
v -0.00526458 0.09492386 0.24238722
v -0.00374090 0.08726386 0.24592435
v -0.00066728 0.09180650 0.24488839
v -0.00066728 0.09537660 0.24238724
v -0.00066728 0.08756656 0.24592430
v -0.00066728 0.09537660 0.24238724
v -0.00066728 0.09180650 0.24488839
v 0.00323332 0.09142228 0.24488825
v 0.00392982 0.09492386 0.24238722
v -0.00066728 0.08756656 0.24592430
v 0.00240614 0.08726386 0.24592435
v 0.00698415 0.09028450 0.24488820
v 0.00835031 0.09358278 0.24238726
v 0.00536162 0.08636734 0.24592424
v 0.01044083 0.08843697 0.24488834
v 0.01242434 0.09140518 0.24238725
v 0.00808539 0.08491144 0.24592424
v 0.01347069 0.08595036 0.24488821
v 0.01599518 0.08847483 0.24238722
v 0.01047265 0.08295218 0.24592422
v 0.01595739 0.08292045 0.24488825
v 0.01892560 0.08490387 0.24238727
v 0.01243190 0.08056483 0.24592437
v 0.01780506 0.07946364 0.24488831
v 0.02110323 0.08082991 0.24238718
v 0.01388776 0.07784115 0.24592430
v 0.01894270 0.07571289 0.24488842
v 0.02244414 0.07640933 0.24238729
v 0.01478435 0.07488577 0.24592418
v 0.01932696 0.07181230 0.24488838
v 0.02289700 0.07181224 0.24238723
v 0.01508706 0.07181233 0.24592425
v 0.01894270 0.06791151 0.24488841
v 0.02244414 0.06721515 0.24238717
v 0.01478435 0.06873868 0.24592437
v 0.01780506 0.06416069 0.24488830
v 0.02110323 0.06279452 0.24238710
v 0.01388776 0.06578332 0.24592426
v 0.01595719 0.06070409 0.24488833
v 0.01892560 0.05872061 0.24238719
v 0.01243190 0.06305968 0.24592432
v 0.01347069 0.05767416 0.24488833
v 0.01599518 0.05514983 0.24238718
v 0.01047265 0.06067222 0.24592411
v 0.01044083 0.05518756 0.24488820
v 0.01242414 0.05221930 0.24238721
v 0.00808519 0.05871296 0.24592408
v 0.00698415 0.05334002 0.24488834
v 0.00835031 0.05004169 0.24238720
v 0.00536162 0.05725713 0.24592431
v 0.00323332 0.05220206 0.24488835
v 0.00392982 0.04870080 0.24238719
v 0.00240614 0.05636059 0.24592421
v -0.00761723 0.03687310 0.22717611
v -0.00066728 0.03618864 0.22717590
v -0.01429988 0.03890044 0.22717596
v -0.02045885 0.04219223 0.22717593
v -0.02585708 0.04662249 0.22717612
v -0.03028732 0.05202081 0.22717598
v -0.03357931 0.05817965 0.22717609
v -0.03560658 0.06486240 0.22717594
v -0.03629096 0.07181228 0.22717595
v -0.03560658 0.07876199 0.22717601
v -0.03357931 0.08544477 0.22717600
v -0.03028732 0.09160361 0.22717611
v -0.02585708 0.09700195 0.22717601
v -0.02045885 0.10143214 0.22717603
v -0.01429988 0.10472419 0.22717612
v -0.00761723 0.10675131 0.22717599
v -0.00066728 0.10743593 0.22717599
v 0.00628247 0.10675131 0.22717599
v -0.00066728 0.10743593 0.22717599
v 0.01296531 0.10472419 0.22717612
v 0.01912409 0.10143214 0.22717603
v 0.02452231 0.09700195 0.22717601
v 0.02895255 0.09160361 0.22717611
v 0.03224455 0.08544477 0.22717600
v 0.03427182 0.07876199 0.22717601
v 0.03495619 0.07181228 0.22717595
v 0.03427182 0.06486240 0.22717594
v 0.03224455 0.05817960 0.22717591
v 0.02895255 0.05202081 0.22717598
v 0.02452231 0.04662249 0.22717612
v 0.01912409 0.04219223 0.22717593
v 0.01296512 0.03890025 0.22717602
v 0.00628247 0.03687310 0.22717611
v -0.33618007 -0.08695873 0.37046798
v -0.39423298 -0.08695873 0.37046798
v -0.39423298 -0.08654594 0.37465874
v -0.33618007 -0.08654594 0.37465874
v -0.33618007 -0.08818102 0.38287944
v -0.39423298 -0.08818102 0.38287944
v -0.39423298 -0.09016626 0.38659330
v -0.33618007 -0.09016626 0.38659330
v -0.39423298 -0.09283757 0.38984843
v -0.33618007 -0.09283757 0.38984843
v -0.39423298 -0.09609284 0.39251989
v -0.33618007 -0.09609284 0.39251989
v -0.39423298 -0.09980676 0.39450530
v -0.33618007 -0.09980676 0.39450530
v -0.39423298 -0.10383652 0.39572743
v -0.33618007 -0.10383652 0.39572743
v -0.39423298 -0.10802729 0.39614025
v -0.33618007 -0.10802729 0.39614025
v -0.39423298 -0.11221812 0.39572743
v -0.33618007 -0.11221812 0.39572743
v -0.39423298 -0.11624794 0.39450518
v -0.33618007 -0.11624794 0.39450518
v -0.39423298 -0.11996174 0.39252012
v -0.33618007 -0.11996174 0.39252012
v -0.39423298 -0.12321700 0.38984848
v -0.33618007 -0.12321700 0.38984848
v -0.39423298 -0.12588850 0.38659317
v -0.33618007 -0.12588850 0.38659317
v -0.39423298 -0.12787362 0.38287933
v -0.33618007 -0.12787362 0.38287933
v -0.39423298 -0.12909596 0.37884974
v -0.33618007 -0.12909596 0.37884974
v -0.39423298 -0.12950879 0.37465894
v -0.33618007 -0.12950879 0.37465894
v -0.39423298 -0.12909596 0.37046807
v -0.33618007 -0.12909596 0.37046807
v -0.39423298 -0.12787344 0.36643841
v -0.33618007 -0.12787362 0.36643846
v -0.39423298 -0.12588843 0.36272442
v -0.33618007 -0.12588843 0.36272442
v -0.39423298 -0.12321696 0.35946919
v -0.33618007 -0.12321696 0.35946919
v -0.39423298 -0.11996166 0.35679772
v -0.33618007 -0.11996166 0.35679772
v -0.39423298 -0.11624787 0.35481260
v -0.33618007 -0.11624787 0.35481260
v -0.39423298 -0.11221802 0.35359015
v -0.33618007 -0.11221802 0.35359015
v -0.39423298 -0.10802718 0.35317755
v -0.33618007 -0.10802718 0.35317755
v -0.39423298 -0.10383638 0.35359018
v -0.33618007 -0.10383638 0.35359018
v -0.33618007 -0.10383638 0.35359018
v -0.39423298 -0.10383638 0.35359018
v -0.39423298 -0.09980669 0.35481272
v -0.33618007 -0.09980669 0.35481272
v -0.39423298 -0.09609290 0.35679774
v -0.33618007 -0.09609290 0.35679774
v -0.39423298 -0.09283769 0.35946924
v -0.33618007 -0.09283769 0.35946924
v -0.39423298 -0.09016623 0.36272452
v -0.33618007 -0.09016623 0.36272452
v -0.39423298 -0.08818111 0.36643830
v -0.33618007 -0.08818111 0.36643830
v -0.39423298 -0.08695873 0.37884966
v -0.33618007 -0.08695873 0.37884966
v -0.31323790 -0.09016626 0.38659330
v -0.31323790 -0.08818102 0.38287944
v -0.31347817 -0.07337559 0.38901194
v -0.31347817 -0.07684156 0.39549644
v -0.31323790 -0.11996174 0.39252012
v -0.31323790 -0.12321700 0.38984848
v -0.30282531 -0.12321700 0.38984848
v -0.30282531 -0.11996174 0.39252012
v -0.31323790 -0.09016623 0.36272452
v -0.31323790 -0.09283769 0.35946924
v -0.31347817 -0.08150601 0.34813763
v -0.31347817 -0.07684147 0.35382126
v -0.33618007 -0.09980676 0.39450530
v -0.33618007 -0.10383652 0.39572743
v -0.33594001 -0.10071019 0.41144490
v -0.33594001 -0.09367400 0.40931066
v -0.31323790 -0.08695873 0.37884966
v -0.31347817 -0.07124122 0.38197623
v -0.31323790 -0.09609290 0.35679774
v -0.31347817 -0.08718970 0.34347324
v -0.33618007 -0.11221802 0.35359015
v -0.33618007 -0.10802718 0.35317755
v -0.33594001 -0.10802719 0.33715205
v -0.33594001 -0.11534455 0.33787275
v -0.31323790 -0.08654594 0.37465874
v -0.31347817 -0.07052056 0.37465904
v -0.31323790 -0.09980669 0.35481272
v -0.31347817 -0.09367398 0.34000720
v -0.33618007 -0.12787362 0.38287933
v -0.33618007 -0.12909596 0.37884974
v -0.33594001 -0.14481337 0.38197623
v -0.33594001 -0.14267905 0.38901192
v -0.31323790 -0.10383638 0.35359018
v -0.31347817 -0.10071015 0.33787276
v -0.33618007 -0.09609284 0.39251989
v -0.33594001 -0.08718982 0.40584455
v -0.33618007 -0.08695873 0.37046798
v -0.33618007 -0.08654594 0.37465874
v -0.33594001 -0.07052056 0.37465904
v -0.33594001 -0.07124126 0.36734167
v -0.31323790 -0.10383638 0.35359018
v -0.31323790 -0.10802718 0.35317755
v -0.31347817 -0.10802719 0.33715205
v -0.31347817 -0.10071015 0.33787276
v -0.33618007 -0.11624787 0.35481260
v -0.33594001 -0.12238043 0.34000718
v -0.31323790 -0.11221802 0.35359015
v -0.31347817 -0.11534455 0.33787275
v -0.33618007 -0.12588850 0.38659317
v -0.33594001 -0.13921300 0.39549654
v -0.31323790 -0.11624787 0.35481260
v -0.31347817 -0.12238043 0.34000718
v -0.33618007 -0.09283757 0.38984843
v -0.33594001 -0.08150595 0.40118016
v -0.33618007 -0.08818111 0.36643830
v -0.33594001 -0.07337549 0.36030565
v -0.31323790 -0.11996166 0.35679772
v -0.31347817 -0.12886488 0.34347312
v -0.33618007 -0.11996166 0.35679772
v -0.33594001 -0.12886488 0.34347312
v -0.31323790 -0.12321696 0.35946919
v -0.31347817 -0.13454851 0.34813769
v -0.33618007 -0.12321700 0.38984848
v -0.33594001 -0.13454850 0.40117998
v -0.31323790 -0.12588843 0.36272442
v -0.31347817 -0.13921295 0.35382117
v -0.33618007 -0.09016626 0.38659330
v -0.33594001 -0.07684156 0.39549644
v -0.33618007 -0.09016623 0.36272452
v -0.33594001 -0.07684147 0.35382126
v -0.31323790 -0.12787362 0.36643846
v -0.31347817 -0.14267893 0.36030563
v -0.33618007 -0.12321696 0.35946919
v -0.33594001 -0.13454851 0.34813769
v -0.31323790 -0.12909596 0.37046807
v -0.31347817 -0.14481343 0.36734162
v -0.33618007 -0.11996174 0.39252012
v -0.33594001 -0.12886500 0.40584444
v -0.31323790 -0.12950879 0.37465894
v -0.31347817 -0.14553407 0.37465886
v -0.33618007 -0.08818102 0.38287944
v -0.33594001 -0.07337559 0.38901194
v -0.31323790 -0.08695873 0.37046798
v -0.31323790 -0.08654594 0.37465874
v -0.30282531 -0.08654594 0.37465874
v -0.30282531 -0.08695873 0.37046798
v -0.31323790 -0.10383638 0.35359018
v -0.31323790 -0.09980669 0.35481272
v -0.30282531 -0.09980669 0.35481272
v -0.30282531 -0.10383638 0.35359018
v -0.31323790 -0.12588850 0.38659317
v -0.30282531 -0.12588850 0.38659317
v -0.31323790 -0.09609290 0.35679774
v -0.30282531 -0.09609290 0.35679774
v -0.31323790 -0.12787362 0.38287933
v -0.30282531 -0.12787362 0.38287933
v -0.31323790 -0.09283769 0.35946924
v -0.30282531 -0.09283769 0.35946924
v -0.31323790 -0.12909596 0.37884974
v -0.30282531 -0.12909596 0.37884974
v -0.31323790 -0.09016623 0.36272452
v -0.30282531 -0.09016623 0.36272452
v -0.31323790 -0.12950879 0.37465894
v -0.30282531 -0.12950879 0.37465894
v -0.31323790 -0.08818102 0.38287944
v -0.31323790 -0.09016626 0.38659330
v -0.30282531 -0.09016626 0.38659330
v -0.30282531 -0.08818102 0.38287944
v -0.31323790 -0.08818111 0.36643830
v -0.30282531 -0.08818111 0.36643830
v -0.31323790 -0.12909596 0.37046807
v -0.30282531 -0.12909596 0.37046807
v -0.31323790 -0.09283757 0.38984843
v -0.30282531 -0.09283757 0.38984843
v -0.31323790 -0.12787362 0.36643846
v -0.30282531 -0.12787362 0.36643846
v -0.31323790 -0.09609284 0.39251989
v -0.30282531 -0.09609284 0.39251989
v -0.33594001 -0.08150595 0.40118016
v -0.33594001 -0.08718982 0.40584455
v -0.31347817 -0.08718982 0.40584455
v -0.31347817 -0.08150595 0.40118016
v -0.31323790 -0.12588843 0.36272442
v -0.30282531 -0.12588843 0.36272442
v -0.31323790 -0.09980664 0.39450506
v -0.30282531 -0.09980681 0.39450512
v -0.31323790 -0.08695873 0.37884966
v -0.30282531 -0.08695873 0.37884966
v -0.31323790 -0.12321696 0.35946919
v -0.30282531 -0.12321696 0.35946919
v -0.31323790 -0.10383652 0.39572743
v -0.30282531 -0.10383652 0.39572743
v -0.31323790 -0.11996166 0.35679772
v -0.30282531 -0.11996166 0.35679772
v -0.31323790 -0.10802729 0.39614025
v -0.30282531 -0.10802729 0.39614025
v -0.31323790 -0.11624787 0.35481260
v -0.30282531 -0.11624787 0.35481260
v -0.31323790 -0.11221812 0.39572743
v -0.30282531 -0.11221812 0.39572743
v -0.31323790 -0.11221802 0.35359015
v -0.30282531 -0.11221802 0.35359015
v -0.31323790 -0.11624794 0.39450518
v -0.30282531 -0.11624794 0.39450518
v -0.31323790 -0.10802718 0.35317755
v -0.30282531 -0.10802718 0.35317755
v -0.31323790 -0.10383638 0.35359018
v -0.30282531 -0.10383638 0.35359018
v -0.29914787 -0.08845982 0.37855121
v -0.29914787 -0.08807660 0.37465882
v -0.29914787 -0.08807660 0.37465882
v -0.29914787 -0.08845982 0.37855121
v -0.29762457 -0.09208429 0.37783017
v -0.29762457 -0.09177194 0.37465887
v -0.29914787 -0.08959526 0.38229372
v -0.29914787 -0.08959526 0.38229372
v -0.29762457 -0.09300929 0.38087955
v -0.29914787 -0.09143889 0.38574295
v -0.29914787 -0.09143889 0.38574295
v -0.29762457 -0.09451136 0.38368994
v -0.29914787 -0.09391999 0.38876628
v -0.29914787 -0.09391999 0.38876628
v -0.29762457 -0.09653303 0.38615318
v -0.29914787 -0.09694325 0.39124723
v -0.29914787 -0.09694325 0.39124723
v -0.29762457 -0.09899617 0.38817487
v -0.29914787 -0.10039262 0.39309090
v -0.29914787 -0.10039262 0.39309090
v -0.29762457 -0.10180664 0.38967705
v -0.29914787 -0.10413507 0.39422618
v -0.29914787 -0.10413507 0.39422618
v -0.29762457 -0.10485613 0.39060199
v -0.29914787 -0.10802728 0.39460963
v -0.29914787 -0.10802728 0.39460963
v -0.29762457 -0.10802736 0.39091440
v -0.29914787 -0.11191952 0.39422635
v -0.29914787 -0.11191952 0.39422635
v -0.29762457 -0.11119872 0.39060188
v -0.29914787 -0.11566216 0.39309114
v -0.29914787 -0.11566216 0.39309114
v -0.29762457 -0.11424807 0.38967687
v -0.29914787 -0.11911130 0.39124723
v -0.29914787 -0.11911130 0.39124723
v -0.29762457 -0.11705850 0.38817464
v -0.29914787 -0.12213461 0.38876611
v -0.29914787 -0.12213461 0.38876611
v -0.29762457 -0.11952172 0.38615319
v -0.29914787 -0.12461575 0.38574298
v -0.29914787 -0.12461575 0.38574298
v -0.29762457 -0.12154323 0.38368974
v -0.29914787 -0.12645940 0.38229358
v -0.29914787 -0.12645940 0.38229358
v -0.29762457 -0.12304542 0.38087949
v -0.29914787 -0.12759472 0.37855097
v -0.29914787 -0.12759472 0.37855097
v -0.29762457 -0.12397031 0.37783003
v -0.29914787 -0.12797808 0.37465890
v -0.29914787 -0.12797808 0.37465890
v -0.29762457 -0.12428278 0.37465876
v -0.29914787 -0.12759463 0.37076658
v -0.29914787 -0.12759463 0.37076658
v -0.29762457 -0.12397043 0.37148746
v -0.29914787 -0.12645944 0.36702396
v -0.29914787 -0.12645944 0.36702396
v -0.29762457 -0.12304542 0.36843812
v -0.29914787 -0.12461582 0.36357473
v -0.29914787 -0.12461582 0.36357473
v -0.29762457 -0.12154307 0.36562790
v -0.29914787 -0.12213466 0.36055158
v -0.29914787 -0.12213466 0.36055158
v -0.29762457 -0.11952152 0.36316440
v -0.29914787 -0.11911128 0.35807039
v -0.29914787 -0.11911128 0.35807039
v -0.29762457 -0.11705827 0.36114298
v -0.29914787 -0.11566209 0.35622678
v -0.29914787 -0.11566209 0.35622678
v -0.29762457 -0.11424801 0.35964081
v -0.29914787 -0.11191945 0.35509144
v -0.29914787 -0.11191945 0.35509144
v -0.29762457 -0.11119857 0.35871568
v -0.29914787 -0.10802723 0.35470803
v -0.29914787 -0.10802723 0.35470803
v -0.29762457 -0.10802731 0.35840341
v -0.29914787 -0.10413517 0.35509137
v -0.29914787 -0.10413517 0.35509137
v -0.29762457 -0.10485598 0.35871580
v -0.29914787 -0.10039248 0.35622676
v -0.29914787 -0.10413517 0.35509137
v -0.29914787 -0.10413517 0.35509137
v -0.29914787 -0.10039248 0.35622676
v -0.29762457 -0.10180665 0.35964076
v -0.29762457 -0.10485598 0.35871580
v -0.29914787 -0.09694323 0.35807038
v -0.29914787 -0.09694323 0.35807038
v -0.29762457 -0.09899620 0.36114304
v -0.29914787 -0.09391993 0.36055147
v -0.29914787 -0.09391993 0.36055147
v -0.29762457 -0.09653293 0.36316467
v -0.29914787 -0.09143870 0.36357486
v -0.29914787 -0.09143870 0.36357486
v -0.29762457 -0.09451149 0.36562789
v -0.29914787 -0.08959529 0.36702414
v -0.29914787 -0.08959529 0.36702414
v -0.29762457 -0.09300930 0.36843814
v -0.29914787 -0.08845996 0.37076675
v -0.29914787 -0.08845996 0.37076675
v -0.29762457 -0.09208418 0.37148763
v -0.33594001 -0.13921300 0.39549654
v -0.33594001 -0.14267905 0.38901192
v -0.31347817 -0.14267905 0.38901192
v -0.31347817 -0.13921300 0.39549654
v -0.33594001 -0.12238043 0.34000718
v -0.33594001 -0.11534455 0.33787275
v -0.31347817 -0.11534455 0.33787275
v -0.31347817 -0.12238043 0.34000718
v -0.33594001 -0.07052056 0.37465904
v -0.33594001 -0.07124122 0.38197623
v -0.31347817 -0.07124122 0.38197623
v -0.31347817 -0.07052056 0.37465904
v -0.33594001 -0.07124126 0.36734167
v -0.31347817 -0.07124126 0.36734167
v -0.33594001 -0.11534457 0.41144487
v -0.33594001 -0.12238047 0.40931064
v -0.31347817 -0.12238047 0.40931064
v -0.31347817 -0.11534457 0.41144487
v -0.33594001 -0.14267893 0.36030563
v -0.33594001 -0.13921295 0.35382117
v -0.31347817 -0.13921295 0.35382117
v -0.31347817 -0.14267893 0.36030563
v -0.33594001 -0.08718970 0.34347324
v -0.33594001 -0.08150601 0.34813763
v -0.31347817 -0.08150601 0.34813763
v -0.31347817 -0.08718970 0.34347324
v -0.33594001 -0.09367400 0.40931066
v -0.31347817 -0.09367400 0.40931066
v -0.33594001 -0.14481337 0.38197623
v -0.31347817 -0.14481337 0.38197623
v -0.33594001 -0.10802719 0.33715205
v -0.31347817 -0.10802719 0.33715205
v -0.33594001 -0.07337559 0.38901194
v -0.31347817 -0.07337559 0.38901194
v -0.33594001 -0.12886500 0.40584444
v -0.31347817 -0.12886500 0.40584444
v -0.33594001 -0.13454851 0.34813769
v -0.31347817 -0.13454851 0.34813769
v -0.33594001 -0.07684147 0.35382126
v -0.31347817 -0.07684147 0.35382126
v -0.33594001 -0.10071019 0.41144490
v -0.31347817 -0.10071019 0.41144490
v -0.33594001 -0.14553407 0.37465886
v -0.31347817 -0.14553407 0.37465886
v -0.33594001 -0.10071015 0.33787276
v -0.31347817 -0.10071015 0.33787276
v -0.33594001 -0.07684156 0.39549644
v -0.31347817 -0.07684156 0.39549644
v -0.33594001 -0.13454850 0.40117998
v -0.31347817 -0.13454850 0.40117998
v -0.33594001 -0.12886488 0.34347312
v -0.31347817 -0.12886488 0.34347312
v -0.33594001 -0.07337549 0.36030565
v -0.31347817 -0.07337549 0.36030565
v -0.33594001 -0.10802734 0.41216557
v -0.31347817 -0.10802734 0.41216557
v -0.33594001 -0.14481343 0.36734162
v -0.31347817 -0.14481343 0.36734162
v -0.33594001 -0.10071015 0.33787276
v -0.33594001 -0.09367398 0.34000720
v -0.31347817 -0.09367398 0.34000720
v -0.31347817 -0.10071015 0.33787276
v -0.33618007 -0.12950879 0.37465894
v -0.33594001 -0.14553407 0.37465886
v -0.31323790 -0.08818111 0.36643830
v -0.31347817 -0.07337549 0.36030565
v -0.31323790 -0.09283757 0.38984843
v -0.31347817 -0.08150595 0.40118016
v -0.33618007 -0.10383638 0.35359018
v -0.33594001 -0.10071015 0.33787276
v -0.31323790 -0.08695873 0.37046798
v -0.31347817 -0.07124126 0.36734167
v -0.31323790 -0.09609284 0.39251989
v -0.31347817 -0.08718982 0.40584455
v -0.33618007 -0.10802729 0.39614025
v -0.33594001 -0.10802734 0.41216557
v -0.31323790 -0.09980664 0.39450506
v -0.31347817 -0.09367400 0.40931066
v -0.33618007 -0.12909596 0.37046807
v -0.33594001 -0.14481343 0.36734162
v -0.31323790 -0.10383652 0.39572743
v -0.31347817 -0.10071019 0.41144490
v -0.33618007 -0.10383638 0.35359018
v -0.33618007 -0.09980669 0.35481272
v -0.33594001 -0.09367398 0.34000720
v -0.33594001 -0.10071015 0.33787276
v -0.31323790 -0.10802729 0.39614025
v -0.31347817 -0.10802734 0.41216557
v -0.33618007 -0.11221812 0.39572743
v -0.33594001 -0.11534457 0.41144487
v -0.31323790 -0.11221812 0.39572743
v -0.31347817 -0.11534457 0.41144487
v -0.33618007 -0.12787362 0.36643846
v -0.33594001 -0.14267893 0.36030563
v -0.33618007 -0.08695873 0.37884966
v -0.33594001 -0.07124122 0.38197623
v -0.31323790 -0.11624794 0.39450518
v -0.31347817 -0.12238047 0.40931064
v -0.33618007 -0.09609290 0.35679774
v -0.33594001 -0.08718970 0.34347324
v -0.31323790 -0.11996174 0.39252012
v -0.31347817 -0.12886500 0.40584444
v -0.33618007 -0.11624794 0.39450518
v -0.33594001 -0.12238047 0.40931064
v -0.31323790 -0.12321700 0.38984848
v -0.31347817 -0.13454850 0.40117998
v -0.33618007 -0.12588843 0.36272442
v -0.33594001 -0.13921295 0.35382117
v -0.31323790 -0.12588850 0.38659317
v -0.31347817 -0.13921300 0.39549654
v -0.33618007 -0.09283769 0.35946924
v -0.33594001 -0.08150601 0.34813763
v -0.31323790 -0.12787362 0.38287933
v -0.31347817 -0.14267905 0.38901192
v -0.31323790 -0.12909596 0.37884974
v -0.31347817 -0.14481337 0.38197623
v -0.39423298 -0.08695873 0.37884966
v -0.39423298 -0.08654594 0.37465874
v -0.39686505 -0.08764137 0.37465884
v -0.39686505 -0.08803313 0.37863606
v -0.39686505 -0.08803313 0.37863606
v -0.39686505 -0.08764137 0.37465884
v -0.39795515 -0.09028630 0.37465873
v -0.39795515 -0.09062713 0.37812006
v -0.39423298 -0.08818102 0.38287944
v -0.39686505 -0.08919331 0.38246019
v -0.39686505 -0.08919331 0.38246019
v -0.39795515 -0.09163668 0.38144806
v -0.39423298 -0.09016626 0.38659330
v -0.39686505 -0.09107700 0.38598472
v -0.39686505 -0.09107700 0.38598472
v -0.39795515 -0.09327611 0.38451539
v -0.39423298 -0.09283757 0.38984843
v -0.39686505 -0.09361236 0.38907384
v -0.39686505 -0.09361236 0.38907384
v -0.39795515 -0.09548253 0.38720367
v -0.39423298 -0.09609284 0.39251989
v -0.39686505 -0.09670158 0.39160916
v -0.39686505 -0.09670158 0.39160916
v -0.39795515 -0.09817079 0.38941013
v -0.39423298 -0.09980676 0.39450530
v -0.39686505 -0.10022589 0.39349310
v -0.39686505 -0.10022589 0.39349310
v -0.39795515 -0.10123803 0.39104954
v -0.39423298 -0.10383652 0.39572743
v -0.39686505 -0.10405023 0.39465302
v -0.39686505 -0.10405023 0.39465302
v -0.39795515 -0.10456613 0.39205912
v -0.39423298 -0.10802729 0.39614025
v -0.39686505 -0.10802735 0.39504479
v -0.39686505 -0.10802735 0.39504479
v -0.39795515 -0.10802744 0.39239995
v -0.39423298 -0.11221812 0.39572743
v -0.39686505 -0.11200454 0.39465304
v -0.39686505 -0.11200454 0.39465304
v -0.39795515 -0.11148853 0.39205908
v -0.39423298 -0.11624794 0.39450518
v -0.39686505 -0.11582866 0.39349308
v -0.39686505 -0.11582866 0.39349308
v -0.39795515 -0.11481653 0.39104954
v -0.39423298 -0.11996174 0.39252012
v -0.39686505 -0.11935318 0.39160921
v -0.39686505 -0.11935318 0.39160921
v -0.39795515 -0.11788375 0.38941005
v -0.39423298 -0.12321700 0.38984848
v -0.39686505 -0.12244237 0.38907382
v -0.39686505 -0.12244237 0.38907382
v -0.39795515 -0.12057219 0.38720365
v -0.39423298 -0.12588850 0.38659317
v -0.39686505 -0.12497767 0.38598465
v -0.39686505 -0.12497767 0.38598465
v -0.39795515 -0.12277870 0.38451518
v -0.39423298 -0.12787362 0.38287933
v -0.39686505 -0.12686145 0.38246004
v -0.39686505 -0.12686145 0.38246004
v -0.39795515 -0.12441787 0.38144814
v -0.39423298 -0.12909596 0.37884974
v -0.39686505 -0.12802158 0.37863596
v -0.39686505 -0.12802158 0.37863596
v -0.39795515 -0.12542760 0.37812006
v -0.39423298 -0.12950879 0.37465894
v -0.39686505 -0.12841316 0.37465878
v -0.39686505 -0.12841316 0.37465878
v -0.39795515 -0.12576848 0.37465871
v -0.39423298 -0.12909596 0.37046807
v -0.39686505 -0.12802150 0.37068185
v -0.39686505 -0.12802150 0.37068185
v -0.39795515 -0.12542756 0.37119766
v -0.39423298 -0.12787344 0.36643841
v -0.39686505 -0.12686140 0.36685748
v -0.39686505 -0.12686140 0.36685748
v -0.39795515 -0.12441802 0.36786966
v -0.39423298 -0.12588843 0.36272442
v -0.39686505 -0.12497751 0.36333295
v -0.39686505 -0.12497751 0.36333295
v -0.39795515 -0.12277838 0.36480237
v -0.39423298 -0.12321696 0.35946919
v -0.39686505 -0.12244235 0.36024383
v -0.39686505 -0.12244235 0.36024383
v -0.39795515 -0.12057217 0.36211401
v -0.39423298 -0.11996166 0.35679772
v -0.39686505 -0.11935312 0.35770852
v -0.39686505 -0.11935312 0.35770852
v -0.39795515 -0.11788373 0.35990749
v -0.39423298 -0.11624787 0.35481260
v -0.39686505 -0.11582857 0.35582475
v -0.39686505 -0.11582857 0.35582475
v -0.39795515 -0.11481644 0.35826826
v -0.39423298 -0.11221802 0.35359015
v -0.39686505 -0.11200449 0.35466461
v -0.39686505 -0.11200449 0.35466461
v -0.39795515 -0.11148832 0.35725872
v -0.39423298 -0.10802718 0.35317755
v -0.39686505 -0.10802737 0.35427284
v -0.39686505 -0.10802737 0.35427284
v -0.39795515 -0.10802726 0.35691773
v -0.39423298 -0.10383638 0.35359018
v -0.39686505 -0.10405016 0.35466464
v -0.39686505 -0.10405016 0.35466464
v -0.39795515 -0.10456616 0.35725864
v -0.39423298 -0.09980669 0.35481272
v -0.39423298 -0.10383638 0.35359018
v -0.39686505 -0.10022581 0.35582472
v -0.39686505 -0.10022581 0.35582472
v -0.39795515 -0.10123798 0.35826813
v -0.39423298 -0.09609290 0.35679774
v -0.39686505 -0.09670147 0.35770870
v -0.39686505 -0.09670147 0.35770870
v -0.39795515 -0.09817095 0.35990763
v -0.39423298 -0.09283769 0.35946924
v -0.39686505 -0.09361233 0.36024385
v -0.39686505 -0.09361233 0.36024385
v -0.39795515 -0.09548233 0.36211397
v -0.39423298 -0.09016623 0.36272452
v -0.39686505 -0.09107704 0.36333308
v -0.39686505 -0.09107704 0.36333308
v -0.39795515 -0.09327602 0.36480245
v -0.39423298 -0.08818111 0.36643830
v -0.39686505 -0.08919327 0.36685759
v -0.39686505 -0.08919327 0.36685759
v -0.39795515 -0.09163658 0.36786970
v -0.39423298 -0.08695873 0.37046798
v -0.39686505 -0.08803306 0.37068195
v -0.39686505 -0.08803306 0.37068195
v -0.39795515 -0.09062703 0.37119784
v 0.39686504 -0.08803313 0.37863606
v 0.39686504 -0.08919331 0.38246019
v 0.39795515 -0.09163662 0.38144824
v 0.39795515 -0.09062713 0.37812006
v 0.39686504 -0.09107700 0.38598472
v 0.39686504 -0.09361230 0.38907403
v 0.39795515 -0.09548248 0.38720385
v 0.39795515 -0.09327611 0.38451539
v 0.39686504 -0.09670158 0.39160916
v 0.39795515 -0.09817097 0.38941018
v 0.39686504 -0.10022589 0.39349310
v 0.39795515 -0.10123803 0.39104954
v 0.39686504 -0.10405018 0.39465320
v 0.39795515 -0.10456607 0.39205930
v 0.39686504 -0.10802727 0.39504506
v 0.39795515 -0.10802739 0.39240012
v 0.39686504 -0.11200449 0.39465322
v 0.39795515 -0.11148827 0.39205920
v 0.39686504 -0.11582866 0.39349308
v 0.39795515 -0.11481647 0.39104972
v 0.39686504 -0.11935313 0.39160939
v 0.39795515 -0.11788375 0.38941005
v 0.39686504 -0.12244232 0.38907401
v 0.39795515 -0.12057214 0.38720383
v 0.39686504 -0.12497761 0.38598483
v 0.39795515 -0.12277861 0.38451545
v 0.39686504 -0.12686140 0.38246022
v 0.39795515 -0.12441805 0.38144820
v 0.39686504 -0.12802152 0.37863614
v 0.39795515 -0.12542760 0.37812006
v 0.39686504 -0.12841310 0.37465896
v 0.39795515 -0.12576843 0.37465890
v 0.39686504 -0.12802150 0.37068185
v 0.39795515 -0.12542751 0.37119784
v 0.39686504 -0.12686134 0.36685766
v 0.39795515 -0.12441796 0.36786984
v 0.39686504 -0.12497763 0.36333319
v 0.39795515 -0.12277856 0.36480242
v 0.39686504 -0.12244229 0.36024401
v 0.39795515 -0.12057217 0.36211401
v 0.39686504 -0.11935307 0.35770870
v 0.39795515 -0.11788366 0.35990772
v 0.39686504 -0.11582857 0.35582475
v 0.39795515 -0.11481662 0.35826832
v 0.39686504 -0.11200441 0.35466484
v 0.39795515 -0.11148850 0.35725878
v 0.39686504 -0.10802731 0.35427303
v 0.39795515 -0.10802720 0.35691792
v 0.39686504 -0.10405011 0.35466482
v 0.39795515 -0.10456610 0.35725882
v 0.39686504 -0.10022592 0.35582500
v 0.39795515 -0.10123810 0.35826836
v 0.39686504 -0.09670147 0.35770870
v 0.39795515 -0.09817090 0.35990781
v 0.39686504 -0.09361227 0.36024403
v 0.39795515 -0.09548246 0.36211421
v 0.39686504 -0.09107699 0.36333326
v 0.39795515 -0.09327596 0.36480263
v 0.39686504 -0.08919327 0.36685759
v 0.39795515 -0.09163658 0.36786970
v 0.39686504 -0.08803306 0.37068195
v 0.39795515 -0.09062703 0.37119784
v 0.39686504 -0.08764131 0.37465902
v 0.39795515 -0.09028624 0.37465891
v 0.33617985 -0.08695868 0.37046816
v 0.33617985 -0.08818105 0.36643848
v 0.33593998 -0.07337564 0.36030590
v 0.33593998 -0.07124120 0.36734186
v 0.31323787 -0.08654588 0.37465892
v 0.31323787 -0.08695868 0.37884983
v 0.31347793 -0.07124122 0.38197623
v 0.31347793 -0.07052051 0.37465922
v 0.33593998 -0.11534449 0.33787293
v 0.33593998 -0.12238043 0.34000718
v 0.31347793 -0.12238043 0.34000718
v 0.31347793 -0.11534449 0.33787293
v 0.39423293 -0.09980676 0.39450530
v 0.39423293 -0.10383644 0.39572770
v 0.39686504 -0.10405018 0.39465320
v 0.39686504 -0.10022589 0.39349310
v 0.33617985 -0.11624782 0.35481278
v 0.33617985 -0.11996181 0.35679797
v 0.33593998 -0.12886482 0.34347335
v 0.33593998 -0.12238043 0.34000718
v 0.33593998 -0.08718958 0.40584468
v 0.33593998 -0.08150595 0.40118016
v 0.31347793 -0.08150589 0.40118034
v 0.31347793 -0.08718958 0.40584468
v 0.39423293 -0.11221815 0.35359038
v 0.39423293 -0.10802736 0.35317761
v 0.39686504 -0.10802731 0.35427303
v 0.39686504 -0.11200441 0.35466484
v 0.33617985 -0.09283775 0.38984849
v 0.33617985 -0.09016621 0.38659348
v 0.33593998 -0.07684150 0.39549662
v 0.33593998 -0.08150595 0.40118016
v 0.33593998 -0.14267915 0.36030570
v 0.33593998 -0.14481337 0.36734180
v 0.31347793 -0.14481337 0.36734180
v 0.31347793 -0.14267915 0.36030570
v 0.39423293 -0.12787353 0.38287960
v 0.39423293 -0.12909596 0.37884974
v 0.39686504 -0.12802152 0.37863614
v 0.39686504 -0.12686140 0.38246022
v 0.33593998 -0.07124120 0.36734186
v 0.33593998 -0.07337564 0.36030590
v 0.31347793 -0.07337564 0.36030590
v 0.31347793 -0.07124120 0.36734186
v 0.39423293 -0.09609279 0.39252007
v 0.39686504 -0.09670158 0.39160916
v 0.39423293 -0.08654588 0.37465892
v 0.39423293 -0.08695868 0.37884983
v 0.39686504 -0.08803313 0.37863606
v 0.39686504 -0.08764131 0.37465902
v 0.33593998 -0.13921300 0.39549654
v 0.33593998 -0.13454867 0.40118023
v 0.31347793 -0.13454867 0.40118023
v 0.31347793 -0.13921300 0.39549654
v 0.39423293 -0.11624782 0.35481278
v 0.39686504 -0.11582857 0.35582475
v 0.33593998 -0.09367398 0.34000720
v 0.33593998 -0.10071010 0.33787294
v 0.31347793 -0.10071010 0.33787294
v 0.31347793 -0.09367398 0.34000720
v 0.39423293 -0.12588845 0.38659335
v 0.39686504 -0.12497761 0.38598483
v 0.33593998 -0.10802728 0.41216575
v 0.33593998 -0.10071011 0.41144517
v 0.31347793 -0.10071011 0.41144517
v 0.31347793 -0.10802728 0.41216575
v 0.39423293 -0.09283775 0.38984849
v 0.39686504 -0.09361230 0.38907403
v 0.39423293 -0.08818105 0.36643848
v 0.39423293 -0.08695868 0.37046816
v 0.39686504 -0.08803306 0.37068195
v 0.39686504 -0.08919327 0.36685759
v 0.33593998 -0.12886482 0.34347335
v 0.33593998 -0.13454851 0.34813769
v 0.31347793 -0.13454851 0.34813769
v 0.31347793 -0.12886482 0.34347335
v 0.39423293 -0.11996166 0.35679772
v 0.39686504 -0.11935307 0.35770870
v 0.33593998 -0.07684150 0.39549662
v 0.33593998 -0.07337553 0.38901212
v 0.31347793 -0.07337553 0.38901212
v 0.31347793 -0.07684150 0.39549662
v 0.39423293 -0.12321695 0.38984866
v 0.39686504 -0.12244232 0.38907401
v 0.33593998 -0.14553407 0.37465886
v 0.33593998 -0.14481337 0.38197623
v 0.31347793 -0.14481337 0.38197623
v 0.31347793 -0.14553401 0.37465905
v 0.39423293 -0.09016621 0.38659348
v 0.39686504 -0.09107700 0.38598472
v 0.39423293 -0.09016623 0.36272452
v 0.39686504 -0.09107699 0.36333326
v 0.33593998 -0.07684159 0.35382150
v 0.33593998 -0.08150595 0.34813781
v 0.31347793 -0.08150595 0.34813781
v 0.31347793 -0.07684159 0.35382150
v 0.39423293 -0.12321690 0.35946937
v 0.39686504 -0.12244229 0.36024401
v 0.33593998 -0.12886489 0.40584480
v 0.33593998 -0.12238047 0.40931064
v 0.31347793 -0.12238047 0.40931064
v 0.31347793 -0.12886489 0.40584480
v 0.39423293 -0.11996174 0.39252012
v 0.39686504 -0.11935313 0.39160939
v 0.33593998 -0.10802732 0.33715229
v 0.31347793 -0.10802732 0.33715229
v 0.39423293 -0.08818096 0.38287962
v 0.39686504 -0.08919331 0.38246019
v 0.33617985 -0.12588845 0.38659335
v 0.33617985 -0.12321695 0.38984866
v 0.33593998 -0.13454867 0.40118023
v 0.33593998 -0.13921300 0.39549654
v 0.31323787 -0.09609290 0.35679774
v 0.31323787 -0.09283763 0.35946942
v 0.31347793 -0.08150595 0.34813781
v 0.31347793 -0.08718965 0.34347342
v 0.33593998 -0.11534448 0.41144514
v 0.31347793 -0.11534448 0.41144514
v 0.33617985 -0.10802723 0.39614043
v 0.33617985 -0.10383644 0.39572770
v 0.33593998 -0.10071011 0.41144517
v 0.33593998 -0.10802728 0.41216575
v 0.33593998 -0.08718965 0.34347342
v 0.31347793 -0.08718965 0.34347342
v 0.31323787 -0.08818096 0.38287962
v 0.31323787 -0.09016621 0.38659348
v 0.31347793 -0.07684150 0.39549662
v 0.31347793 -0.07337553 0.38901212
v 0.33593998 -0.14267899 0.38901210
v 0.31347793 -0.14267899 0.38901210
v 0.33593998 -0.09367400 0.40931066
v 0.31347793 -0.09367420 0.40931072
v 0.31323787 -0.12787362 0.36643846
v 0.31323787 -0.12588837 0.36272460
v 0.31347793 -0.13921308 0.35382146
v 0.31347793 -0.14267915 0.36030570
v 0.33593998 -0.07052051 0.37465922
v 0.31347793 -0.07052051 0.37465922
v 0.31323787 -0.12321690 0.35946937
v 0.31347793 -0.13454851 0.34813769
v 0.33593998 -0.13921308 0.35382146
v 0.31347793 -0.13921308 0.35382146
v 0.33593998 -0.07124122 0.38197623
v 0.31347793 -0.07124122 0.38197623
v 0.31323787 -0.11996181 0.35679797
v 0.31347793 -0.12886482 0.34347335
v 0.29914784 -0.12645935 0.38229376
v 0.29914784 -0.12461575 0.38574298
v 0.29762457 -0.12154317 0.38368992
v 0.29762457 -0.12304554 0.38087973
v 0.31323787 -0.11624782 0.35481278
v 0.31347793 -0.12238043 0.34000718
v 0.31323787 -0.12909596 0.37046807
v 0.31347793 -0.14481337 0.36734180
v 0.33593998 -0.10071011 0.41144517
v 0.31347793 -0.10071011 0.41144517
v 0.31323787 -0.11221815 0.35359038
v 0.31347793 -0.11534449 0.33787293
v 0.33617985 -0.12909596 0.37884974
v 0.33617985 -0.12787353 0.38287960
v 0.33593998 -0.14267899 0.38901210
v 0.33593998 -0.14481337 0.38197623
v 0.33617985 -0.10802736 0.35317761
v 0.33617985 -0.11221815 0.35359038
v 0.33593998 -0.11534449 0.33787293
v 0.33593998 -0.10802732 0.33715229
v 0.33617985 -0.10383644 0.39572770
v 0.33617985 -0.09980676 0.39450530
v 0.33593998 -0.09367400 0.40931066
v 0.33593998 -0.10071011 0.41144517
v 0.33617985 -0.12950879 0.37465894
v 0.33593998 -0.14553407 0.37465886
v 0.29914784 -0.12645939 0.36702414
v 0.29914784 -0.12759476 0.37076687
v 0.29762457 -0.12397037 0.37148765
v 0.29762457 -0.12304535 0.36843835
v 0.29914784 -0.12797803 0.37465909
v 0.29762457 -0.12428270 0.37465903
v 0.30282528 -0.12787362 0.36643846
v 0.30282528 -0.12909596 0.37046807
v 0.29914784 -0.12759476 0.37076687
v 0.29914784 -0.12645939 0.36702414
v 0.29914784 -0.12461576 0.36357490
v 0.29762457 -0.12154327 0.36562796
v 0.30282528 -0.12588837 0.36272460
v 0.29914784 -0.12461576 0.36357490
v 0.29914784 -0.12213460 0.36055176
v 0.29762457 -0.11952165 0.36316469
v 0.30282528 -0.12321690 0.35946937
v 0.29914784 -0.12213460 0.36055176
v 0.29914784 -0.11911141 0.35807062
v 0.29762457 -0.11705847 0.36114304
v 0.30282528 -0.11996181 0.35679797
v 0.29914784 -0.11911141 0.35807062
v 0.29914784 -0.11566209 0.35622678
v 0.29762457 -0.11424795 0.35964099
v 0.30282528 -0.11624782 0.35481278
v 0.29914784 -0.11566209 0.35622678
v 0.29914784 -0.11191958 0.35509168
v 0.29762457 -0.11119852 0.35871586
v 0.30282528 -0.11221815 0.35359038
v 0.29914784 -0.11191958 0.35509168
v 0.29914784 -0.10802735 0.35470827
v 0.29762457 -0.10802724 0.35840364
v 0.30282528 -0.10802736 0.35317761
v 0.29914784 -0.10802735 0.35470827
v 0.29914784 -0.10413511 0.35509155
v 0.29762457 -0.10485592 0.35871598
v 0.30282528 -0.10383653 0.35359043
v 0.29914784 -0.10413511 0.35509155
v 0.29914784 -0.10039243 0.35622694
v 0.29762457 -0.10180658 0.35964099
v 0.30282528 -0.09980684 0.35481297
v 0.29914784 -0.10039243 0.35622694
v 0.29914784 -0.09694317 0.35807057
v 0.29762457 -0.09899620 0.36114304
v 0.30282528 -0.09609290 0.35679774
v 0.29914784 -0.09694317 0.35807057
v 0.29914784 -0.09392004 0.36055175
v 0.29762457 -0.09653293 0.36316467
v 0.30282528 -0.09283763 0.35946942
v 0.29914784 -0.09392004 0.36055175
v 0.29914784 -0.09143889 0.36357492
v 0.29762457 -0.09451149 0.36562789
v 0.30282528 -0.09016623 0.36272452
v 0.29914784 -0.09143889 0.36357492
v 0.29914784 -0.08959524 0.36702432
v 0.29762457 -0.09300925 0.36843832
v 0.30282528 -0.08818105 0.36643848
v 0.29914784 -0.08959524 0.36702432
v 0.29914784 -0.08845996 0.37076675
v 0.29762457 -0.09208418 0.37148763
v 0.30282528 -0.08695868 0.37046816
v 0.29914784 -0.08845996 0.37076675
v 0.29914784 -0.08807649 0.37465918
v 0.29762457 -0.09177194 0.37465887
v 0.30282528 -0.08654588 0.37465892
v 0.29914784 -0.08807649 0.37465918
v 0.31323787 -0.10802723 0.39614043
v 0.31323787 -0.10383644 0.39572770
v 0.30282528 -0.10383644 0.39572770
v 0.30282528 -0.10802723 0.39614043
v 0.31323787 -0.11624782 0.35481278
v 0.31323787 -0.11996181 0.35679797
v 0.31323787 -0.11221806 0.39572761
v 0.30282528 -0.11221806 0.39572761
v 0.31323787 -0.11221815 0.35359038
v 0.31323787 -0.11624794 0.39450518
v 0.30282528 -0.11624794 0.39450518
v 0.31323787 -0.10802736 0.35317761
v 0.31323787 -0.11996174 0.39252012
v 0.30282528 -0.11996174 0.39252012
v 0.31323787 -0.10383653 0.35359043
v 0.31323787 -0.12321695 0.38984866
v 0.30282528 -0.12321695 0.38984866
v 0.31323787 -0.09980664 0.35481290
v 0.31323787 -0.12588845 0.38659335
v 0.30282528 -0.12588845 0.38659335
v 0.31323787 -0.08695868 0.37046816
v 0.31323787 -0.08818105 0.36643848
v 0.31323787 -0.09609290 0.35679774
v 0.31323787 -0.12787353 0.38287960
v 0.30282528 -0.12787353 0.38287960
v 0.31323787 -0.09283763 0.35946942
v 0.31323787 -0.12909596 0.37884974
v 0.30282528 -0.12909596 0.37884974
v 0.31323787 -0.08818096 0.38287962
v 0.31323787 -0.08695868 0.37884983
v 0.30282528 -0.08695868 0.37884983
v 0.30282528 -0.08818096 0.38287962
v 0.31323787 -0.09016623 0.36272452
v 0.31323787 -0.12950879 0.37465894
v 0.30282528 -0.12950879 0.37465894
v 0.31323787 -0.09016621 0.38659348
v 0.30282528 -0.09016621 0.38659348
v 0.31323787 -0.12909596 0.37046807
v 0.31323787 -0.09283775 0.38984849
v 0.30282528 -0.09283769 0.38984867
v 0.31323787 -0.12787362 0.36643846
v 0.31323787 -0.09609279 0.39252007
v 0.30282528 -0.09609279 0.39252007
v 0.31323787 -0.12588837 0.36272460
v 0.31323787 -0.09980676 0.39450530
v 0.30282528 -0.09980676 0.39450530
v 0.31323787 -0.12321690 0.35946937
v 0.31323787 -0.10383644 0.39572770
v 0.30282528 -0.10383644 0.39572770
v 0.31323787 -0.08654588 0.37465892
v 0.29914784 -0.12797803 0.37465909
v 0.29914784 -0.12759467 0.37855115
v 0.29914784 -0.10802722 0.39460981
v 0.29914784 -0.11191952 0.39422635
v 0.29914784 -0.09694319 0.39124741
v 0.29914784 -0.09391999 0.38876628
v 0.29762457 -0.09653303 0.38615318
v 0.29762457 -0.09899617 0.38817487
v 0.29914784 -0.12759467 0.37855115
v 0.29762457 -0.12397045 0.37783028
v 0.29914784 -0.08845982 0.37855121
v 0.29762457 -0.09208429 0.37783017
v 0.29914784 -0.11566216 0.39309114
v 0.29914784 -0.11911143 0.39124747
v 0.29914784 -0.10413501 0.39422636
v 0.29914784 -0.10039256 0.39309108
v 0.29762457 -0.10180664 0.38967705
v 0.29762457 -0.10485608 0.39060217
v 0.29914784 -0.08845982 0.37855121
v 0.29914784 -0.08959526 0.38229372
v 0.29914784 -0.12213455 0.38876629
v 0.29914784 -0.12461575 0.38574298
v 0.29914784 -0.11191952 0.39422635
v 0.29914784 -0.10802722 0.39460981
v 0.29762457 -0.10802736 0.39091440
v 0.29762457 -0.11119867 0.39060206
v 0.29914784 -0.09143889 0.38574295
v 0.29914784 -0.09391999 0.38876628
v 0.29914784 -0.12645935 0.38229376
v 0.29914784 -0.11911143 0.39124747
v 0.29914784 -0.11566216 0.39309114
v 0.29762457 -0.11424801 0.38967705
v 0.29762457 -0.11705844 0.38817481
v 0.29914784 -0.09694319 0.39124741
v 0.29914784 -0.10039256 0.39309108
v 0.29914784 -0.08959526 0.38229372
v 0.29762457 -0.09300923 0.38087973
v 0.29914784 -0.12213455 0.38876629
v 0.29762457 -0.11952172 0.38615319
v 0.29914784 -0.10413501 0.39422636
v 0.29914784 -0.09143889 0.38574295
v 0.29762457 -0.09451136 0.38368994
v 0.29914784 -0.10413501 0.39422636
v 0.29762457 -0.10485608 0.39060217
v 0.29914784 -0.10413501 0.39422636
v 0.39423293 -0.12950879 0.37465894
v 0.39686504 -0.12841310 0.37465896
v 0.33617985 -0.09609279 0.39252007
v 0.33593998 -0.08718958 0.40584468
v 0.39423293 -0.10383653 0.35359043
v 0.39686504 -0.10405011 0.35466482
v 0.39423293 -0.10383644 0.39572770
v 0.39423293 -0.10802723 0.39614043
v 0.39686504 -0.10802727 0.39504506
v 0.31323787 -0.12950879 0.37465894
v 0.31347793 -0.14553401 0.37465905
v 0.39423293 -0.12909596 0.37046807
v 0.39686504 -0.12802150 0.37068185
v 0.39423293 -0.09980669 0.35481272
v 0.39686504 -0.10022592 0.35582500
v 0.33617985 -0.08654588 0.37465892
v 0.33593998 -0.07052051 0.37465922
v 0.39423293 -0.11221806 0.39572761
v 0.39686504 -0.11200449 0.39465322
v 0.31323787 -0.10802736 0.35317761
v 0.31347793 -0.10802732 0.33715229
v 0.39423293 -0.12787362 0.36643846
v 0.39686504 -0.12686134 0.36685766
v 0.31323787 -0.10383653 0.35359043
v 0.31347793 -0.10071010 0.33787294
v 0.39423293 -0.09609290 0.35679774
v 0.39686504 -0.09670147 0.35770870
v 0.31323787 -0.09980664 0.35481290
v 0.31347793 -0.09367398 0.34000720
v 0.39423293 -0.11624794 0.39450518
v 0.39686504 -0.11582866 0.39349308
v 0.39423293 -0.12588837 0.36272460
v 0.39686504 -0.12497763 0.36333319
v 0.33617985 -0.10383653 0.35359043
v 0.33593998 -0.10071010 0.33787294
v 0.39423293 -0.09283763 0.35946942
v 0.39686504 -0.09361227 0.36024403
v 0.31323787 -0.09016623 0.36272452
v 0.31347793 -0.07684159 0.35382150
v 0.33617985 -0.12909596 0.37046807
v 0.33593998 -0.14481337 0.36734180
v 0.31323787 -0.12787353 0.38287960
v 0.31323787 -0.12909596 0.37884974
v 0.31347793 -0.14481337 0.38197623
v 0.31347793 -0.14267899 0.38901210
v 0.33617985 -0.08818096 0.38287962
v 0.33593998 -0.07337553 0.38901212
v 0.31323787 -0.12588845 0.38659335
v 0.31347793 -0.13921300 0.39549654
v 0.31323787 -0.12321695 0.38984866
v 0.31347793 -0.13454867 0.40118023
v 0.33617985 -0.09016623 0.36272452
v 0.33617985 -0.09283763 0.35946942
v 0.33593998 -0.08150595 0.34813781
v 0.33593998 -0.07684159 0.35382150
v 0.31323787 -0.11996174 0.39252012
v 0.31347793 -0.12886489 0.40584480
v 0.33617985 -0.12321690 0.35946937
v 0.33617985 -0.12588837 0.36272460
v 0.33593998 -0.13921308 0.35382146
v 0.33593998 -0.13454851 0.34813769
v 0.31323787 -0.11624794 0.39450518
v 0.31347793 -0.12238047 0.40931064
v 0.33617985 -0.11996174 0.39252012
v 0.33617985 -0.11624794 0.39450518
v 0.33593998 -0.12238047 0.40931064
v 0.33593998 -0.12886489 0.40584480
v 0.33617985 -0.09609290 0.35679774
v 0.33593998 -0.08718965 0.34347342
v 0.33617985 -0.08695868 0.37884983
v 0.33593998 -0.07124122 0.38197623
v 0.33617985 -0.12787362 0.36643846
v 0.33593998 -0.14267915 0.36030570
v 0.31323787 -0.11221806 0.39572761
v 0.31347793 -0.11534448 0.41144514
v 0.33617985 -0.11221806 0.39572761
v 0.33593998 -0.11534448 0.41144514
v 0.31323787 -0.10802723 0.39614043
v 0.31347793 -0.10802728 0.41216575
v 0.31323787 -0.10383644 0.39572770
v 0.31347793 -0.10071011 0.41144517
v 0.31323787 -0.09980676 0.39450530
v 0.31323787 -0.10383644 0.39572770
v 0.31347793 -0.10071011 0.41144517
v 0.31347793 -0.09367420 0.40931072
v 0.33617985 -0.09980669 0.35481272
v 0.33593998 -0.09367398 0.34000720
v 0.31323787 -0.09609279 0.39252007
v 0.31347793 -0.08718958 0.40584468
v 0.31323787 -0.08695868 0.37046816
v 0.31347793 -0.07124120 0.36734186
v 0.31323787 -0.08818105 0.36643848
v 0.31347793 -0.07337564 0.36030590
v 0.31323787 -0.09283775 0.38984849
v 0.31347793 -0.08150589 0.40118034
v 0.33617985 -0.08654588 0.37465892
v 0.39423293 -0.08654588 0.37465892
v 0.39423293 -0.08695868 0.37046816
v 0.33617985 -0.08695868 0.37046816
v 0.39423293 -0.08818105 0.36643848
v 0.33617985 -0.08818105 0.36643848
v 0.33617985 -0.09016621 0.38659348
v 0.39423293 -0.09016621 0.38659348
v 0.39423293 -0.08818096 0.38287962
v 0.33617985 -0.08818096 0.38287962
v 0.39423293 -0.08695868 0.37884983
v 0.33617985 -0.08695868 0.37884983
v 0.33617985 -0.09609279 0.39252007
v 0.39423293 -0.09609279 0.39252007
v 0.39423293 -0.09283775 0.38984849
v 0.33617985 -0.09283775 0.38984849
v 0.33617985 -0.10383644 0.39572770
v 0.39423293 -0.10383644 0.39572770
v 0.39423293 -0.09980676 0.39450530
v 0.33617985 -0.09980676 0.39450530
v 0.33617985 -0.11221806 0.39572761
v 0.39423293 -0.11221806 0.39572761
v 0.39423293 -0.10802723 0.39614043
v 0.33617985 -0.10802723 0.39614043
v 0.39423293 -0.10383644 0.39572770
v 0.33617985 -0.10383644 0.39572770
v 0.33617985 -0.11996174 0.39252012
v 0.39423293 -0.11996174 0.39252012
v 0.39423293 -0.11624794 0.39450518
v 0.33617985 -0.11624794 0.39450518
v 0.33617985 -0.12588845 0.38659335
v 0.39423293 -0.12588845 0.38659335
v 0.39423293 -0.12321695 0.38984866
v 0.33617985 -0.12321695 0.38984866
v 0.33617985 -0.12909596 0.37884974
v 0.39423293 -0.12909596 0.37884974
v 0.39423293 -0.12787353 0.38287960
v 0.33617985 -0.12787353 0.38287960
v 0.33617985 -0.12909596 0.37046807
v 0.39423293 -0.12909596 0.37046807
v 0.39423293 -0.12950879 0.37465894
v 0.33617985 -0.12950879 0.37465894
v 0.33617985 -0.12588837 0.36272460
v 0.39423293 -0.12588837 0.36272460
v 0.39423293 -0.12787362 0.36643846
v 0.33617985 -0.12787362 0.36643846
v 0.33617985 -0.11996181 0.35679797
v 0.39423293 -0.11996166 0.35679772
v 0.39423293 -0.12321690 0.35946937
v 0.33617985 -0.12321690 0.35946937
v 0.33617985 -0.11221815 0.35359038
v 0.39423293 -0.11221815 0.35359038
v 0.39423293 -0.11624782 0.35481278
v 0.33617985 -0.11624782 0.35481278
v 0.33617985 -0.10383653 0.35359043
v 0.39423293 -0.10383653 0.35359043
v 0.39423293 -0.10802736 0.35317761
v 0.33617985 -0.10802736 0.35317761
v 0.33617985 -0.09609290 0.35679774
v 0.39423293 -0.09609290 0.35679774
v 0.39423293 -0.09980669 0.35481272
v 0.33617985 -0.09980669 0.35481272
v 0.33617985 -0.09016623 0.36272452
v 0.39423293 -0.09016623 0.36272452
v 0.39423293 -0.09283763 0.35946942
v 0.33617985 -0.09283763 0.35946942
v 0.20159254 -0.25245372 0.47163191
v 0.00176771 -0.25278682 0.47156932
v 0.00176771 -0.25376070 0.47012189
v 0.20216455 -0.25343277 0.47018937
v -0.19805713 -0.25245372 0.47163191
v -0.19862913 -0.25343277 0.47018937
v -0.19889525 -0.25427406 0.46858384
v 0.00176771 -0.25459282 0.46853655
v 0.20243066 -0.25427406 0.46858384
v -0.20107725 -0.02036239 0.27761768
v -0.20167293 -0.00993555 0.31192366
v 0.00176771 -0.00969419 0.31185189
v 0.00176771 -0.02010890 0.27754942
v -0.20163871 0.00025448 0.34658849
v 0.00176771 0.00049530 0.34650690
v 0.20517414 0.00025448 0.34658849
v 0.20520832 -0.00993555 0.31192366
v 0.20461265 -0.02036239 0.27761768
v -0.31647043 -0.23751301 0.34168591
v -0.31680995 -0.22785936 0.37622020
v -0.31710212 -0.14512720 0.35181030
v -0.31677474 -0.15527145 0.31742783
v -0.31676817 -0.21760652 0.41086652
v -0.31706293 -0.13490550 0.38645571
v -0.31676817 -0.05219865 0.36206434
v -0.31680995 -0.06239497 0.32740142
v -0.31647043 -0.07303354 0.29315797
v 0.20461265 -0.29018413 0.35722619
v 0.20520832 -0.28031882 0.39169777
v 0.00176771 -0.28056049 0.39176859
v 0.00176771 -0.29043401 0.35730623
v 0.20517414 -0.27005972 0.42634219
v 0.00176771 -0.27030632 0.42640453
v -0.20163871 -0.27005972 0.42634219
v -0.20167293 -0.28031860 0.39169770
v -0.20107725 -0.29018413 0.35722619
v 0.30414193 -0.23529358 0.30848272
v 0.30455303 -0.16410805 0.28747716
v 0.30551088 -0.16419030 0.28719887
v 0.30510176 -0.23557294 0.30826046
v 0.30414193 -0.09292103 0.26647700
v 0.30510176 -0.09280717 0.26613878
v 0.30551088 -0.16419030 0.28719887
v 0.30510176 -0.09280717 0.26613878
v 0.30606478 -0.09226606 0.26628186
v 0.30646794 -0.16410870 0.28747508
v 0.30510176 -0.23557294 0.30826046
v 0.30606478 -0.23594971 0.30867425
v -0.30060652 -0.09292103 0.26647700
v -0.30101761 -0.16410805 0.28747716
v -0.30197547 -0.16419030 0.28719887
v -0.30156634 -0.09280717 0.26613878
v -0.30060652 -0.23529358 0.30848272
v -0.30156634 -0.23557294 0.30826046
v -0.30197547 -0.16419030 0.28719887
v -0.30156634 -0.23557294 0.30826046
v -0.30252937 -0.23594971 0.30867425
v -0.30293252 -0.16410870 0.28747508
v -0.30156634 -0.09280717 0.26613878
v -0.30252937 -0.09226606 0.26628186
v 0.17005821 -0.20496790 0.49987449
v 0.00176771 -0.20563920 0.49996183
v 0.00176771 -0.20718338 0.50000000
v 0.17058308 -0.20646426 0.49990897
v -0.16652280 -0.20496790 0.49987449
v -0.16704746 -0.20646426 0.49990897
v -0.16815110 -0.20805776 0.49973175
v 0.00176771 -0.20874286 0.49982439
v 0.17168671 -0.20805776 0.49973175
v -0.18770897 -0.28590152 0.32341410
v 0.00176771 -0.28624215 0.32351163
v 0.00176771 -0.28711629 0.32346703
v -0.18794685 -0.28677781 0.32336789
v 0.19124439 -0.28590152 0.32341410
v 0.19148226 -0.28677781 0.32336789
v 0.00176771 -0.28711629 0.32346703
v 0.19148226 -0.28677781 0.32336789
v 0.19203715 -0.28749187 0.32388130
v 0.00176771 -0.28782603 0.32397681
v -0.18794685 -0.28677781 0.32336789
v -0.18850174 -0.28749187 0.32388130
v 0.19124439 -0.04231332 0.25154569
v 0.00176771 -0.04197424 0.25144259
v 0.00176771 -0.04126430 0.25093072
v 0.19148226 -0.04160230 0.25103135
v -0.18770897 -0.04231332 0.25154569
v -0.18794685 -0.04160230 0.25103135
v 0.00176771 -0.04126430 0.25093072
v -0.18794685 -0.04160230 0.25103135
v -0.18850174 -0.04072397 0.25107463
v 0.00176771 -0.04039131 0.25097354
v 0.19148226 -0.04160230 0.25103135
v 0.19203715 -0.04072397 0.25107463
v 0.16507090 -0.05922408 0.46042266
v 0.00176771 -0.05936976 0.46053804
v 0.00176771 -0.10872899 0.47517722
v 0.16487100 -0.10874956 0.47510714
v -0.16153547 -0.05922408 0.46042266
v -0.16133559 -0.10874956 0.47510714
v -0.16153547 -0.15831454 0.48965841
v 0.00176771 -0.15812959 0.48967631
v 0.16507109 -0.15831454 0.48965841
v 0.18890586 -0.23148736 0.49269022
v 0.00176771 -0.23206353 0.49260035
v 0.00176771 -0.23349658 0.49183611
v 0.18990270 -0.23291026 0.49193970
v -0.18537025 -0.23148736 0.49269022
v -0.18636727 -0.23291026 0.49193970
v -0.18717536 -0.23427722 0.49090062
v 0.00176771 -0.23483335 0.49081751
v 0.19071078 -0.23427722 0.49090062
v -0.29563252 -0.18305881 0.47840160
v -0.29624391 -0.11387656 0.45773039
v -0.29758759 -0.11419872 0.45663835
v -0.29696925 -0.18420047 0.47756831
v -0.29563252 -0.04455337 0.43753696
v -0.29696925 -0.04404674 0.43621716
v -0.29814905 -0.04377003 0.43469331
v -0.29874055 -0.11458219 0.45533834
v -0.29814905 -0.18526020 0.47643875
v -0.19805713 0.01005293 0.39418175
v 0.00176771 0.01029848 0.39394848
v 0.00176771 0.01033073 0.39220395
v -0.19862913 0.01009206 0.39243865
v 0.20159254 0.01005293 0.39418175
v 0.20216455 0.01009206 0.39243865
v 0.20243066 0.00992706 0.39063356
v 0.00176771 0.01016881 0.39042084
v -0.19889525 0.00992706 0.39063356
v 0.27202108 -0.05606357 0.45594148
v 0.27279673 -0.10976238 0.47167442
v 0.27452706 -0.10987580 0.47129017
v 0.27369730 -0.05574021 0.45543934
v 0.27202108 -0.16340140 0.48761044
v 0.27369730 -0.16394574 0.48736421
v 0.27541191 -0.16503375 0.48703803
v 0.27620468 -0.11004841 0.47070553
v 0.27541191 -0.05500336 0.45457435
v -0.18537025 0.00387516 0.42324836
v 0.00176771 0.00431039 0.42286033
v 0.00176771 0.00509917 0.42144058
v -0.18636727 0.00466309 0.42184586
v 0.18890586 0.00387516 0.42324836
v 0.18990270 0.00466309 0.42184586
v 0.19071078 0.00524708 0.42023111
v 0.00176771 0.00566882 0.41985932
v -0.18717536 0.00524708 0.42023111
v 0.31558237 -0.04145793 0.40937963
v 0.31593223 -0.12124415 0.43275899
v 0.31654082 -0.12171504 0.43116269
v 0.31619793 -0.04145499 0.40764742
v 0.31558237 -0.20094309 0.45643410
v 0.31619793 -0.20188579 0.45498102
v 0.31660704 -0.20260904 0.45334055
v 0.31694596 -0.12221189 0.42947871
v 0.31660704 -0.04173817 0.40587691
v 0.29916793 -0.04455337 0.43753696
v 0.29977932 -0.11387656 0.45773039
v 0.30112300 -0.11419872 0.45663835
v 0.30050466 -0.04404674 0.43621716
v 0.29916793 -0.18305886 0.47840142
v 0.30050466 -0.18420047 0.47756831
v 0.30168446 -0.18526011 0.47643841
v 0.30227596 -0.11458219 0.45533834
v 0.30168446 -0.04377003 0.43469331
v -0.26848566 -0.16340140 0.48761044
v -0.26926132 -0.10976238 0.47167442
v -0.27099165 -0.10987580 0.47129017
v -0.27016189 -0.16394574 0.48736421
v -0.26848566 -0.05606357 0.45594148
v -0.27016189 -0.05574021 0.45543934
v -0.27187650 -0.05500336 0.45457435
v -0.27266927 -0.11004841 0.47070553
v -0.27187650 -0.16503375 0.48703803
v -0.16652280 -0.01449702 0.44367762
v 0.00176771 -0.01388587 0.44338671
v 0.00176771 -0.01256813 0.44258061
v -0.16704767 -0.01322150 0.44289442
v 0.17005821 -0.01449702 0.44367762
v 0.17058308 -0.01322150 0.44289442
v 0.17168671 -0.01197958 0.44188069
v 0.00176771 -0.01135386 0.44158634
v -0.16815130 -0.01197958 0.44188069
v -0.31204696 -0.20094309 0.45643410
v -0.31239681 -0.12124415 0.43275899
v -0.31300541 -0.12171499 0.43116287
v -0.31266252 -0.20188579 0.45498102
v -0.31204696 -0.04145793 0.40937963
v -0.31266252 -0.04145499 0.40764742
v -0.31307163 -0.04173817 0.40587691
v -0.31341055 -0.12221189 0.42947871
v -0.31307163 -0.20260904 0.45334055
v 0.32000584 -0.07303354 0.29315797
v 0.32034536 -0.06239497 0.32740142
v 0.32063753 -0.14512739 0.35181036
v 0.32031015 -0.15527145 0.31742783
v 0.32030359 -0.05219870 0.36206415
v 0.32059834 -0.13490550 0.38645571
v 0.32030359 -0.21760652 0.41086652
v 0.32034536 -0.22785936 0.37622020
v 0.32000584 -0.23751301 0.34168591
v -0.18466479 -0.27718746 0.32589803
v -0.18583366 -0.28034035 0.32436659
v -0.27025258 -0.27935198 0.32408948
v -0.26839177 -0.27629205 0.32560746
v -0.28560975 -0.27773828 0.32362772
v -0.28338598 -0.27482780 0.32514876
v -0.27347396 -0.28486180 0.32311517
v -0.27214541 -0.28252293 0.32337095
v -0.18695757 -0.28355410 0.32365450
v -0.28978738 -0.28303531 0.32258408
v -0.28801530 -0.28078104 0.32287729
v -0.29391114 -0.28036046 0.32179792
v -0.29176334 -0.27832309 0.32215984
v -0.29714526 -0.27695164 0.32078924
v -0.29473355 -0.27522628 0.32123831
v -0.29159448 -0.27278979 0.32216765
v -0.28893456 -0.27553764 0.32298364
v -0.29807408 -0.23441917 0.30915788
v -0.29683360 -0.26745257 0.31892435
v -0.29935172 -0.26880763 0.31837873
v -0.29473215 -0.23303912 0.31041074
v -0.29354140 -0.26543851 0.31998419
v -0.29172694 -0.23140461 0.31239026
v -0.29063525 -0.26324278 0.32175742
v -0.28885560 -0.27030541 0.32381477
v -0.28642917 -0.27282411 0.32454784
v -0.29172694 -0.09406600 0.27186988
v -0.29473215 -0.09376788 0.26932011
v -0.29354140 -0.06136069 0.25977294
v -0.29063525 -0.06224226 0.26245391
v -0.29159448 -0.05400151 0.25761622
v -0.28885560 -0.05519414 0.26034795
v -0.29935172 -0.05940269 0.25659549
v -0.29683360 -0.06024456 0.25778965
v -0.29807408 -0.09328899 0.26751874
v -0.29714526 -0.05125463 0.25419932
v -0.29473355 -0.05245979 0.25551327
v -0.29391114 -0.04784410 0.25319617
v -0.29176334 -0.04935871 0.25460601
v -0.29391114 -0.04784410 0.25319617
v -0.28978738 -0.04517096 0.25240447
v -0.28801530 -0.04690483 0.25387423
v -0.29176334 -0.04935871 0.25460601
v -0.28560975 -0.04905302 0.25615615
v -0.28893456 -0.05125083 0.25680993
v -0.28893456 -0.05125083 0.25680993
v -0.18695757 -0.04415394 0.25302183
v -0.27214541 -0.04517413 0.25334323
v -0.27347396 -0.04334872 0.25185912
v -0.18583366 -0.04646662 0.25536425
v -0.27025258 -0.04744717 0.25566788
v -0.18466479 -0.04828339 0.25836198
v -0.26839177 -0.04919317 0.25860394
v -0.28338598 -0.05067184 0.25901378
v -0.28642917 -0.05268075 0.25959656
v -0.28642917 -0.05268075 0.25959656
v 0.29526217 -0.23140461 0.31239026
v 0.29826756 -0.23303931 0.31041080
v 0.29707681 -0.26543851 0.31998419
v 0.29417066 -0.26324278 0.32175742
v 0.29512990 -0.27278979 0.32216765
v 0.29239102 -0.27030541 0.32381477
v 0.30288714 -0.26880763 0.31837873
v 0.30036902 -0.26745250 0.31892454
v 0.30160949 -0.23441917 0.30915788
v 0.30068068 -0.27695164 0.32078924
v 0.29826897 -0.27522628 0.32123831
v 0.29744656 -0.28036046 0.32179792
v 0.29529875 -0.27832309 0.32215984
v 0.29332279 -0.28303531 0.32258408
v 0.29155071 -0.28078104 0.32287729
v 0.28914516 -0.27773835 0.32362749
v 0.29246997 -0.27553764 0.32298364
v 0.19049318 -0.28355410 0.32365450
v 0.27568083 -0.28252293 0.32337095
v 0.27700940 -0.28486156 0.32311529
v 0.18936907 -0.28034035 0.32436659
v 0.27378821 -0.27935198 0.32408948
v 0.18820041 -0.27718746 0.32589803
v 0.27192719 -0.27629205 0.32560746
v 0.28692159 -0.27482780 0.32514876
v 0.28996458 -0.27282411 0.32454784
v 0.18820020 -0.04828339 0.25836198
v 0.18936907 -0.04646657 0.25536444
v 0.27378799 -0.04744717 0.25566788
v 0.27192719 -0.04919317 0.25860394
v 0.28914495 -0.04905302 0.25615615
v 0.28692159 -0.05067184 0.25901378
v 0.27700940 -0.04334872 0.25185912
v 0.27568101 -0.04517413 0.25334323
v 0.19049318 -0.04415394 0.25302183
v 0.29332279 -0.04517096 0.25240447
v 0.29155071 -0.04690483 0.25387423
v 0.29744656 -0.04784410 0.25319617
v 0.29529875 -0.04935871 0.25460601
v 0.30068068 -0.05125463 0.25419932
v 0.29826897 -0.05245979 0.25551327
v 0.29512990 -0.05400151 0.25761622
v 0.29246997 -0.05125083 0.25680993
v 0.30160949 -0.09328899 0.26751874
v 0.30036902 -0.06024456 0.25778965
v 0.30288714 -0.05940269 0.25659549
v 0.29826756 -0.09376769 0.26932005
v 0.29707681 -0.06136069 0.25977294
v 0.29526217 -0.09406600 0.27186988
v 0.29417066 -0.06224226 0.26245391
v 0.29239102 -0.05519414 0.26034795
v 0.28996458 -0.05268075 0.25959656
v -0.31553726 -0.03520207 0.28197899
v -0.31452790 -0.04181198 0.26535362
v -0.31554640 -0.07931273 0.27646613
v -0.31387613 -0.02718709 0.27959702
v -0.31273272 -0.03356789 0.26287335
v -0.31086993 -0.03714588 0.25812808
v -0.31281009 -0.04565809 0.26069994
v -0.31391333 -0.08265100 0.27167463
v -0.31387613 -0.02718709 0.27959702
v -0.31140932 -0.02455804 0.27881496
v -0.31008115 -0.03070940 0.26201196
v -0.31140932 -0.02455804 0.27881496
v -0.30822750 -0.02251674 0.27821915
v -0.30661811 -0.02851217 0.26138171
v -0.31008115 -0.03070940 0.26201196
v -0.30419504 -0.03162674 0.25649976
v -0.30800018 -0.03400571 0.25717925
v -0.30800018 -0.03400571 0.25717925
v -0.19957027 -0.02615970 0.26078360
v -0.29017045 -0.02701475 0.26098786
v -0.29206703 -0.02113841 0.27782958
v -0.19742904 -0.02907761 0.25586826
v -0.28741882 -0.03000619 0.25608191
v -0.19502170 -0.03192526 0.25353881
v -0.28421593 -0.03287610 0.25379338
v -0.19252425 -0.03512836 0.25201404
v -0.28074135 -0.03608563 0.25231145
v -0.29776400 -0.03781253 0.25283584
v -0.30121153 -0.03456204 0.25426477
v -0.27479538 -0.04174695 0.25138440
v -0.27728348 -0.03935521 0.25162140
v -0.19015589 -0.03836797 0.25130923
v -0.29141709 -0.04358526 0.25193501
v -0.29412393 -0.04113975 0.25216874
v -0.29573136 -0.04633972 0.25275057
v -0.29844081 -0.04383878 0.25297288
v -0.29573136 -0.04633972 0.25275057
v -0.29906354 -0.04990757 0.25380033
v -0.30170756 -0.04741017 0.25401873
v -0.29844081 -0.04383878 0.25297288
v -0.30519048 -0.04395302 0.25464757
v -0.30202260 -0.04043038 0.25361376
v -0.30202260 -0.04043038 0.25361376
v -0.30507354 -0.09064598 0.26673332
v -0.30387264 -0.05599767 0.25653158
v -0.30128970 -0.05831076 0.25627153
v -0.30844648 -0.08823720 0.26768338
v -0.30728399 -0.05268956 0.25721025
v -0.31150996 -0.08550190 0.26934619
v -0.31036815 -0.04915724 0.25859690
v -0.30833770 -0.04045439 0.25600306
v -0.30529651 -0.03707934 0.25499761
v -0.30529651 -0.03707934 0.25499761
v -0.31554640 -0.24129998 0.32425883
v -0.31452790 -0.27882709 0.33528289
v -0.31553726 -0.27535369 0.35283339
v -0.31391333 -0.24109727 0.31842282
v -0.31281009 -0.27812313 0.32928654
v -0.31086993 -0.28666810 0.33174738
v -0.31273272 -0.28709711 0.33767479
v -0.31387613 -0.28337789 0.35518386
v -0.31150996 -0.23996716 0.31491971
v -0.31036815 -0.27632588 0.32562114
v -0.30844648 -0.23857259 0.31203851
v -0.30728399 -0.27411214 0.32253891
v -0.30519048 -0.28284054 0.32512905
v -0.30833770 -0.28504301 0.32816668
v -0.30128970 -0.26990068 0.31869908
v -0.30387264 -0.27170212 0.32017322
v -0.30507354 -0.23706500 0.30993290
v -0.29906354 -0.27829943 0.32118513
v -0.30170756 -0.28027836 0.32272424
v -0.29573136 -0.28186577 0.32224048
v -0.29844081 -0.28384543 0.32378458
v -0.29141709 -0.28462175 0.32305046
v -0.29412393 -0.28654873 0.32457440
v -0.29776400 -0.28898109 0.32694060
v -0.30202260 -0.28636017 0.32617315
v -0.19015589 -0.28934318 0.32535724
v -0.27728327 -0.28834461 0.32508341
v -0.27479538 -0.28646469 0.32358627
v -0.19252425 -0.29168129 0.32770760
v -0.28074135 -0.29071605 0.32743771
v -0.19502170 -0.29354379 0.33072709
v -0.28421593 -0.29260687 0.33042456
v -0.19742904 -0.29467093 0.33422908
v -0.28741882 -0.29377503 0.33390457
v -0.30419504 -0.29218718 0.33337587
v -0.30121153 -0.29093530 0.32990515
v -0.29206685 -0.28941714 0.35698274
v -0.29017045 -0.29362435 0.33964865
v -0.19957027 -0.29445330 0.33994125
v -0.30822750 -0.28804835 0.35656196
v -0.30661811 -0.29215283 0.33916643
v -0.31140932 -0.28601042 0.35595409
v -0.31008115 -0.28996553 0.33850301
v -0.31387613 -0.28337789 0.35518386
v -0.30800018 -0.28982050 0.33265500
v -0.30529651 -0.28842318 0.32915417
v 0.29560247 -0.02113841 0.27782958
v 0.29370586 -0.02701475 0.26098786
v 0.20310569 -0.02615970 0.26078360
v 0.31176292 -0.02251674 0.27821915
v 0.31015352 -0.02851217 0.26138171
v 0.30773045 -0.03162674 0.25649976
v 0.29095423 -0.03000619 0.25608191
v 0.20096445 -0.02907761 0.25586826
v 0.31494473 -0.02455804 0.27881496
v 0.31361656 -0.03070946 0.26201178
v 0.31741154 -0.02718709 0.27959702
v 0.31626814 -0.03356789 0.26287335
v 0.31440537 -0.03714588 0.25812808
v 0.31153559 -0.03400571 0.25717925
v 0.31908182 -0.07931273 0.27646613
v 0.31806331 -0.04181198 0.26535362
v 0.31907267 -0.03520207 0.28197899
v 0.31744874 -0.08265100 0.27167463
v 0.31634550 -0.04565809 0.26069994
v 0.31741154 -0.02718709 0.27959702
v 0.31504538 -0.08550190 0.26934619
v 0.31390356 -0.04915724 0.25859690
v 0.31198190 -0.08823720 0.26768338
v 0.31081940 -0.05268956 0.25721025
v 0.30872589 -0.04395302 0.25464757
v 0.31187312 -0.04045439 0.25600306
v 0.30482512 -0.05831071 0.25627171
v 0.30740827 -0.05599767 0.25653158
v 0.30860896 -0.09064598 0.26673332
v 0.30259895 -0.04990757 0.25380033
v 0.30524297 -0.04741017 0.25401873
v 0.29926677 -0.04633972 0.25275057
v 0.30197622 -0.04383878 0.25297288
v 0.29495250 -0.04358526 0.25193501
v 0.29765937 -0.04113975 0.25216874
v 0.30129942 -0.03781253 0.25283584
v 0.30555802 -0.04043038 0.25361376
v 0.19369131 -0.03836797 0.25130923
v 0.28081871 -0.03935521 0.25162140
v 0.27833079 -0.04174695 0.25138440
v 0.19605968 -0.03512836 0.25201404
v 0.28427676 -0.03608563 0.25231145
v 0.19855712 -0.03192526 0.25353881
v 0.28775155 -0.03287610 0.25379338
v 0.30474695 -0.03456204 0.25426477
v 0.30883192 -0.03707934 0.25499761
v 0.31907267 -0.27535369 0.35283339
v 0.31806331 -0.27882709 0.33528289
v 0.31908182 -0.24129998 0.32425883
v 0.31741154 -0.28337789 0.35518386
v 0.31626814 -0.28709711 0.33767479
v 0.31440537 -0.28666810 0.33174738
v 0.31634550 -0.27812313 0.32928654
v 0.31744874 -0.24109733 0.31842264
v 0.31741154 -0.28337789 0.35518386
v 0.31494473 -0.28601042 0.35595409
v 0.31361656 -0.28996553 0.33850301
v 0.31176292 -0.28804835 0.35656196
v 0.31015352 -0.29215301 0.33916648
v 0.30773045 -0.29218724 0.33337569
v 0.31153559 -0.28982050 0.33265500
v 0.20310569 -0.29445330 0.33994125
v 0.29370586 -0.29362435 0.33964865
v 0.29560247 -0.28941714 0.35698274
v 0.20096445 -0.29467075 0.33422902
v 0.29095423 -0.29377503 0.33390457
v 0.19855712 -0.29354379 0.33072709
v 0.28775155 -0.29260711 0.33042444
v 0.19605968 -0.29168123 0.32770778
v 0.28427676 -0.29071605 0.32743771
v 0.30129942 -0.28898103 0.32694078
v 0.30474695 -0.29093530 0.32990515
v 0.27833079 -0.28646469 0.32358627
v 0.28081871 -0.28834461 0.32508341
v 0.19369131 -0.28934318 0.32535724
v 0.29495250 -0.28462175 0.32305046
v 0.29765937 -0.28654873 0.32457440
v 0.29926677 -0.28186583 0.32224030
v 0.30197622 -0.28384543 0.32378458
v 0.30259895 -0.27829949 0.32118495
v 0.30524297 -0.28027814 0.32272417
v 0.30872589 -0.28284054 0.32512905
v 0.30555802 -0.28636017 0.32617315
v 0.30860896 -0.23706500 0.30993290
v 0.30740827 -0.27170212 0.32017322
v 0.30482512 -0.26990068 0.31869908
v 0.31198190 -0.23857259 0.31203851
v 0.31081940 -0.27411214 0.32253891
v 0.31504538 -0.23996716 0.31491971
v 0.31390356 -0.27632588 0.32562114
v 0.31187312 -0.28504294 0.32816691
v 0.30883192 -0.28842318 0.32915417
v -0.16578612 -0.20203646 0.49970494
v -0.24101779 -0.20049422 0.49946213
v -0.24211885 -0.20305012 0.49960323
v -0.16484080 -0.19802392 0.49937862
v -0.23965462 -0.19703570 0.49918655
v -0.25305234 -0.19563407 0.49886034
v -0.25463887 -0.19831039 0.49902879
v -0.25596903 -0.20036538 0.49910591
v -0.16386406 -0.19366098 0.49886192
v -0.23835170 -0.19331038 0.49873952
v -0.16386406 -0.19366098 0.49886192
v -0.16293127 -0.18929909 0.49817546
v -0.23723395 -0.18951846 0.49811872
v -0.23835170 -0.19331038 0.49873952
v -0.25109945 -0.18989099 0.49801053
v -0.25175259 -0.19285805 0.49854595
v -0.25175259 -0.19285805 0.49854595
v -0.23568082 -0.15884995 0.48959317
v -0.23630871 -0.18285390 0.49648698
v -0.16210986 -0.18228359 0.49650725
v -0.25049521 -0.15963812 0.48942420
v -0.25072057 -0.18370977 0.49640480
v -0.25557344 -0.16057230 0.48909960
v -0.25514324 -0.18476903 0.49621966
v -0.25557344 -0.16057230 0.48909960
v -0.26059736 -0.16158902 0.48862888
v -0.25943465 -0.18602345 0.49593725
v -0.25514324 -0.18476903 0.49621966
v -0.25776817 -0.19173478 0.49771011
v -0.25457639 -0.19052331 0.49785691
v -0.25457639 -0.19052331 0.49785691
v -0.26626308 -0.18842932 0.49528964
v -0.26337284 -0.18735263 0.49558478
v -0.26516861 -0.16260343 0.48807052
v -0.26311249 -0.19445877 0.49736322
v -0.26080102 -0.19321535 0.49752548
v -0.25958838 -0.19742123 0.49834804
v -0.25785110 -0.19585033 0.49838022
v -0.25574588 -0.19395696 0.49838401
v -0.25407800 -0.19247635 0.49832166
v -0.25407800 -0.19247635 0.49832166
v -0.28881900 -0.25332482 0.46868080
v -0.28948986 -0.25498611 0.46528915
v -0.19930516 -0.25588049 0.46531853
v -0.30470083 -0.25177751 0.46860122
v -0.30548682 -0.25350357 0.46508603
v -0.30645461 -0.25574132 0.46036536
v -0.29033950 -0.25716229 0.46067366
v -0.19984176 -0.25800602 0.46081141
v -0.30781382 -0.24968393 0.46812491
v -0.30861356 -0.25145190 0.46456884
v -0.31029953 -0.24714813 0.46723554
v -0.31106605 -0.24889049 0.46372493
v -0.31200620 -0.25115095 0.45901095
v -0.30959010 -0.25373234 0.45981420
v -0.31378684 -0.20396286 0.45000080
v -0.31278225 -0.24106971 0.46118320
v -0.31204736 -0.23946156 0.46459033
v -0.31467229 -0.20580015 0.44540863
v -0.31368838 -0.24319923 0.45655374
v -0.31547141 -0.20777093 0.44039446
v -0.31450085 -0.24539140 0.45158927
v -0.31609990 -0.20971384 0.43536533
v -0.31514465 -0.24748716 0.44662333
v -0.31349965 -0.25547663 0.44909371
v -0.31283954 -0.25339326 0.45404543
v -0.31586523 -0.25555773 0.42209120
v -0.31559831 -0.24996557 0.43992934
v -0.31652672 -0.21208236 0.42867233
v -0.31426058 -0.26347802 0.42445615
v -0.31397460 -0.25791928 0.44235608
v -0.31426058 -0.26347802 0.42445615
v -0.31188367 -0.26600313 0.42521134
v -0.31159729 -0.26045734 0.44313518
v -0.31397460 -0.25791928 0.44235608
v -0.30882656 -0.26797118 0.42578161
v -0.30851768 -0.26243119 0.44368749
v -0.30801172 -0.26001415 0.45043252
v -0.31111855 -0.25803412 0.44989080
v -0.31349965 -0.25547663 0.44909371
v -0.20133759 -0.26458492 0.44416270
v -0.29241054 -0.26379543 0.44400998
v -0.29277687 -0.26930546 0.42614742
v -0.20089945 -0.26222578 0.45085844
v -0.29185045 -0.26140505 0.45072975
v -0.20038870 -0.26018552 0.45585888
v -0.29114877 -0.25935718 0.45570984
v -0.30731920 -0.25795773 0.45539196
v -0.31044731 -0.25597005 0.45484129
v -0.24461409 -0.20609557 0.49944524
v -0.24829532 -0.20954751 0.49896205
v -0.17053378 -0.21125498 0.49925016
v -0.25880716 -0.20332365 0.49891944
v -0.26292732 -0.20705399 0.49844203
v -0.26821697 -0.21188548 0.49767404
v -0.25313148 -0.21410995 0.49815622
v -0.17373767 -0.21557664 0.49841480
v -0.26264909 -0.20023964 0.49811913
v -0.26682077 -0.20412525 0.49765897
v -0.26634265 -0.19709288 0.49708118
v -0.27033651 -0.20092798 0.49663467
v -0.27545967 -0.20589682 0.49590725
v -0.27213486 -0.20911856 0.49692318
v -0.27527571 -0.16739065 0.48630838
v -0.27328144 -0.19423054 0.49444309
v -0.26959943 -0.19077933 0.49492601
v -0.27980957 -0.17061249 0.48514828
v -0.27809297 -0.19881345 0.49364315
v -0.28451666 -0.17409629 0.48361403
v -0.28290605 -0.20352695 0.49253733
v -0.28898626 -0.17756439 0.48180355
v -0.28735061 -0.20802612 0.49117629
v -0.28483905 -0.21526054 0.49369613
v -0.28040503 -0.21078080 0.49491750
v -0.29385645 -0.21490960 0.48849142
v -0.29117604 -0.21203599 0.48969001
v -0.29288449 -0.18074463 0.47990119
v -0.29120923 -0.22190042 0.49124661
v -0.28859665 -0.21914989 0.49234571
v -0.28801549 -0.22474283 0.49234509
v -0.28541761 -0.22209019 0.49342178
v -0.28449238 -0.22745409 0.49288506
v -0.28179307 -0.22477536 0.49400526
v -0.27790899 -0.22099049 0.49538669
v -0.28166201 -0.21832439 0.49474477
v -0.18328808 -0.22862275 0.49402743
v -0.26654510 -0.22705921 0.49412279
v -0.26934882 -0.22983100 0.49289392
v -0.18037417 -0.22462870 0.49568941
v -0.26257151 -0.22317188 0.49564491
v -0.17711002 -0.22016391 0.49720602
v -0.25801280 -0.21876718 0.49703384
v -0.27332599 -0.21663401 0.49664432
v -0.27719021 -0.21395139 0.49594311
v -0.27194891 -0.23267562 0.49108723
v -0.27433656 -0.23554808 0.48874372
v -0.18870143 -0.23694847 0.48869114
v -0.28720283 -0.23036160 0.49106371
v -0.28990553 -0.23345270 0.48859101
v -0.29334451 -0.23742657 0.48522542
v -0.27745075 -0.23929155 0.48548407
v -0.19074242 -0.24048438 0.48554476
v -0.29070088 -0.22769408 0.49052378
v -0.29344632 -0.23090242 0.48801315
v -0.29384611 -0.22486863 0.48944292
v -0.29647341 -0.22802211 0.48698868
v -0.29978987 -0.23209728 0.48365300
v -0.29690400 -0.23501056 0.48462188
v -0.30039589 -0.18733544 0.47405345
v -0.29885470 -0.22061791 0.48433858
v -0.29642846 -0.21777766 0.48669174
v -0.30329686 -0.19016034 0.47069708
v -0.30195001 -0.22437736 0.48108392
v -0.30614158 -0.19320026 0.46690401
v -0.30491284 -0.22823273 0.47749985
v -0.30866228 -0.19621120 0.46296739
v -0.30750176 -0.23190417 0.47381607
v -0.30557613 -0.23975315 0.47644956
v -0.30289710 -0.23609335 0.48007865
v -0.31099146 -0.23749907 0.46764850
v -0.30959427 -0.23516976 0.47029190
v -0.31069531 -0.19895695 0.45922480
v -0.30920108 -0.24516378 0.47033845
v -0.30774661 -0.24292831 0.47296413
v -0.30667023 -0.24773174 0.47125692
v -0.30515430 -0.24559151 0.47389334
v -0.30351167 -0.24986810 0.47172631
v -0.30188635 -0.24777387 0.47439348
v -0.29949792 -0.24477909 0.47793250
v -0.30289909 -0.24253306 0.47738916
v -0.19676356 -0.25041979 0.47440829
v -0.28591584 -0.24940550 0.47449212
v -0.28763979 -0.25146473 0.47176883
v -0.19493718 -0.24750320 0.47810075
v -0.28343928 -0.24645738 0.47810987
v -0.19287948 -0.24410937 0.48192438
v -0.28056374 -0.24302292 0.48186341
v -0.29661721 -0.24128566 0.48161062
v -0.30012619 -0.23896827 0.48102424
v -0.16210986 -0.03537599 0.45316340
v -0.23630871 -0.03490800 0.45283699
v -0.23568082 -0.05880971 0.46007731
v -0.16293127 -0.02857854 0.45075624
v -0.23723395 -0.02842527 0.45058970
v -0.25109945 -0.02817106 0.45029661
v -0.25072057 -0.03423385 0.45230330
v -0.25049521 -0.05823953 0.45950751
v -0.16386406 -0.02454256 0.44896501
v -0.23835170 -0.02490360 0.44905261
v -0.16386406 -0.02454256 0.44896501
v -0.16484080 -0.02059788 0.44703079
v -0.23965462 -0.02153224 0.44740564
v -0.23835170 -0.02490360 0.44905261
v -0.25305234 -0.02288639 0.44789268
v -0.25175259 -0.02538840 0.44913541
v -0.25175259 -0.02538840 0.44913541
v -0.24211885 -0.01625479 0.44449105
v -0.24101779 -0.01847796 0.44576004
v -0.16578612 -0.01705097 0.44512649
v -0.25596903 -0.01877971 0.44553081
v -0.25463887 -0.02054723 0.44658145
v -0.25958838 -0.02166346 0.44649217
v -0.25785110 -0.02296541 0.44737232
v -0.25958838 -0.02166346 0.44649217
v -0.26311249 -0.02468613 0.44727344
v -0.26080102 -0.02564243 0.44808480
v -0.25785110 -0.02296541 0.44737232
v -0.25776817 -0.02678559 0.44904308
v -0.25574588 -0.02455354 0.44840296
v -0.25574588 -0.02455354 0.44840296
v -0.26516861 -0.05648417 0.45676106
v -0.26337284 -0.03161963 0.44963722
v -0.26626308 -0.03087559 0.44880465
v -0.26059736 -0.05703281 0.45778054
v -0.25943465 -0.03254452 0.45065476
v -0.25557344 -0.05763131 0.45872775
v -0.25514324 -0.03344486 0.45157275
v -0.25557344 -0.05763131 0.45872775
v -0.25514324 -0.03344486 0.45157275
v -0.25457639 -0.02772334 0.44982442
v -0.25457639 -0.02772334 0.44982442
v -0.25407800 -0.02583082 0.44915442
v -0.25407800 -0.02583082 0.44915442
v -0.25407800 -0.02583082 0.44915442
v -0.19930516 0.00950371 0.38701942
v -0.28948986 0.00873656 0.38748010
v -0.28881900 0.00918233 0.39123030
v -0.19984176 0.00884207 0.38208044
v -0.29033950 0.00805877 0.38242257
v -0.30645461 0.00669795 0.38293504
v -0.30548682 0.00738124 0.38811434
v -0.30470083 0.00783975 0.39200352
v -0.20038870 0.00798434 0.37673800
v -0.29114877 0.00720752 0.37706221
v -0.20089945 0.00698327 0.37143094
v -0.29185045 0.00622425 0.37176808
v -0.30801172 0.00489478 0.37227354
v -0.30731920 0.00585981 0.37755518
v -0.29277687 -0.00048468 0.34683439
v -0.29241054 0.00458402 0.36482700
v -0.20133759 0.00532999 0.36452681
v -0.30882656 -0.00180384 0.34725130
v -0.30851768 0.00326323 0.36529677
v -0.31188367 -0.00376626 0.34784079
v -0.31159729 0.00130580 0.36590437
v -0.31188367 -0.00376626 0.34784079
v -0.31426058 -0.00629690 0.34857704
v -0.31397460 -0.00124879 0.36662793
v -0.31159729 0.00130580 0.36590437
v -0.31349965 0.00035709 0.37361250
v -0.31111855 0.00293768 0.37289345
v -0.31111855 0.00293768 0.37289345
v -0.31652672 -0.04717263 0.38001701
v -0.31559831 -0.00924598 0.36890729
v -0.31586523 -0.01423239 0.35089060
v -0.31609990 -0.04552865 0.38692403
v -0.31514465 -0.00769388 0.37587437
v -0.31349965 0.00035709 0.37361250
v -0.31397460 -0.00124879 0.36662793
v -0.31426058 -0.00629690 0.34857704
v -0.31547141 -0.04443027 0.39220243
v -0.31450085 -0.00675824 0.38118277
v -0.31467210 -0.04336382 0.39748333
v -0.31368838 -0.00590437 0.38654221
v -0.31200620 0.00210772 0.38428930
v -0.31283954 0.00129536 0.37890190
v -0.31204736 -0.00468092 0.39532077
v -0.31278225 -0.00518000 0.39158610
v -0.31378684 -0.04241392 0.40233715
v -0.31029953 0.00321040 0.39336929
v -0.31106625 0.00276814 0.38947543
v -0.30781382 0.00582271 0.39273988
v -0.30861356 0.00537719 0.38879349
v -0.30781382 0.00582271 0.39273988
v -0.30861356 0.00537719 0.38879349
v -0.30959010 0.00471155 0.38356259
v -0.30959010 0.00471155 0.38356259
v -0.31044731 0.00389158 0.37817152
v -0.31044731 0.00389158 0.37817152
v -0.17053378 -0.00955560 0.43974069
v -0.24829532 -0.01114617 0.44042566
v -0.24461409 -0.01378292 0.44270497
v -0.17373767 -0.00637979 0.43669296
v -0.25313148 -0.00775190 0.43727203
v -0.26821697 -0.00988180 0.43807470
v -0.26292732 -0.01352234 0.44134242
v -0.25880716 -0.01639634 0.44376827
v -0.17711002 -0.00318314 0.43318780
v -0.25801280 -0.00444971 0.43380130
v -0.18037437 -0.00025669 0.42949037
v -0.26257151 -0.00150453 0.43024406
v -0.27790899 -0.00347665 0.43121120
v -0.27332599 -0.00645268 0.43463223
v -0.26934882 0.00259489 0.42431885
v -0.26654510 0.00093401 0.42685520
v -0.18328808 0.00219557 0.42592646
v -0.28449238 0.00059397 0.42560165
v -0.28179307 -0.00104777 0.42799643
v -0.28801549 -0.00197625 0.42661977
v -0.28541761 -0.00361958 0.42896399
v -0.28801549 -0.00197625 0.42661977
v -0.29120923 -0.00495989 0.42724025
v -0.28859665 -0.00667309 0.42965643
v -0.28541761 -0.00361958 0.42896399
v -0.28483905 -0.00920655 0.43290194
v -0.28166201 -0.00606429 0.43211932
v -0.28166201 -0.00606429 0.43211932
v -0.29288449 -0.04568255 0.44005269
v -0.29117604 -0.01408926 0.43128781
v -0.29385645 -0.01232633 0.42872120
v -0.28898626 -0.04732101 0.44337622
v -0.28735061 -0.01665037 0.43471251
v -0.28451666 -0.04925084 0.44677953
v -0.28290625 -0.01968988 0.43829799
v -0.27980957 -0.05134377 0.44995923
v -0.27809297 -0.02304835 0.44178529
v -0.27545967 -0.01587028 0.43984144
v -0.28040503 -0.01230585 0.43635914
v -0.26959943 -0.02909924 0.44722393
v -0.27328144 -0.02646294 0.44494456
v -0.27527571 -0.05342007 0.45268271
v -0.26634265 -0.02262709 0.44560651
v -0.27033651 -0.01964856 0.44314985
v -0.26264909 -0.01942078 0.44477014
v -0.26682096 -0.01640731 0.44227455
v -0.26264909 -0.01942078 0.44477014
v -0.26682096 -0.01640731 0.44227455
v -0.27213486 -0.01261323 0.43894602
v -0.27213486 -0.01261323 0.43894602
v -0.27719021 -0.00908619 0.43549952
v -0.27719021 -0.00908619 0.43549952
v -0.18870143 0.00629117 0.41692571
v -0.27433656 0.00514349 0.41773002
v -0.27194891 0.00400323 0.42125735
v -0.19074242 0.00755267 0.41236382
v -0.27745075 0.00651807 0.41296028
v -0.29334451 0.00481122 0.41375535
v -0.28990553 0.00330070 0.41873906
v -0.28720283 0.00204696 0.42249374
v -0.19287948 0.00863193 0.40735539
v -0.28056374 0.00768637 0.40789398
v -0.19493718 0.00940644 0.40230167
v -0.28343928 0.00853307 0.40287734
v -0.29949770 0.00702739 0.40363936
v -0.29661721 0.00609006 0.40862466
v -0.28763960 0.00929645 0.39483362
v -0.28591584 0.00904546 0.39823831
v -0.19676356 0.00985166 0.39761762
v -0.30351167 0.00793256 0.39566475
v -0.30188635 0.00762166 0.39904173
v -0.30667023 0.00588350 0.39643008
v -0.30515409 0.00551713 0.39980618
v -0.30667023 0.00588350 0.39643008
v -0.30920108 0.00322843 0.39705256
v -0.30774661 0.00277610 0.40047108
v -0.30515409 0.00551713 0.39980618
v -0.30557613 0.00200159 0.40512205
v -0.30289909 0.00484622 0.40440189
v -0.30289909 0.00484622 0.40440189
v -0.31069531 -0.04161091 0.41280132
v -0.30959427 -0.00519020 0.40243870
v -0.31099146 -0.00466893 0.39895406
v -0.30866228 -0.04188544 0.41743480
v -0.30750157 -0.00601996 0.40717109
v -0.30614158 -0.04227724 0.42237558
v -0.30491284 -0.00710383 0.41225754
v -0.30329686 -0.04277138 0.42721140
v -0.30195001 -0.00839625 0.41736078
v -0.29978987 -0.00051805 0.41532776
v -0.30289710 0.00089795 0.41015656
v -0.29642846 -0.01089473 0.42565284
v -0.29885470 -0.00978671 0.42213497
v -0.30039589 -0.04332180 0.43156357
v -0.29384611 -0.00344587 0.42411420
v -0.29647341 -0.00212988 0.42034139
v -0.29070088 -0.00048638 0.42348844
v -0.29344632 0.00084522 0.41963804
v -0.29070088 -0.00048638 0.42348844
v -0.29344632 0.00084522 0.41963804
v -0.29690400 0.00245457 0.41455972
v -0.29690400 0.00245457 0.41455972
v -0.30012619 0.00382546 0.40939017
v -0.30012619 0.00382546 0.40939017
v 0.16564528 -0.18228359 0.49650725
v 0.23984412 -0.18285390 0.49648698
v 0.23921623 -0.15884995 0.48959317
v 0.16646669 -0.18929909 0.49817546
v 0.24076936 -0.18951846 0.49811872
v 0.25463486 -0.18989099 0.49801053
v 0.25425577 -0.18370977 0.49640480
v 0.25403063 -0.15963812 0.48942420
v 0.16739947 -0.19366098 0.49886192
v 0.24188711 -0.19331038 0.49873952
v 0.16739947 -0.19366098 0.49886192
v 0.16837621 -0.19802392 0.49937862
v 0.24319004 -0.19703570 0.49918655
v 0.24188711 -0.19331038 0.49873952
v 0.25658775 -0.19563407 0.49886034
v 0.25528800 -0.19285805 0.49854595
v 0.25528800 -0.19285805 0.49854595
v 0.24565426 -0.20305012 0.49960323
v 0.24455320 -0.20049422 0.49946213
v 0.16932153 -0.20203646 0.49970494
v 0.25950445 -0.20036515 0.49910584
v 0.25817428 -0.19831039 0.49902879
v 0.26312380 -0.19742123 0.49834804
v 0.26138652 -0.19585033 0.49838022
v 0.26664790 -0.19445877 0.49736322
v 0.26433643 -0.19321535 0.49752548
v 0.26130358 -0.19173483 0.49770993
v 0.25928130 -0.19395696 0.49838401
v 0.26870402 -0.16260337 0.48807070
v 0.26690844 -0.18735263 0.49558478
v 0.26979849 -0.18842932 0.49528964
v 0.26413277 -0.16158902 0.48862888
v 0.26297006 -0.18602345 0.49593725
v 0.25910886 -0.16057230 0.48909960
v 0.25867846 -0.18476903 0.49621966
v 0.25910886 -0.16057230 0.48909960
v 0.25867846 -0.18476903 0.49621966
v 0.25811183 -0.19052331 0.49785691
v 0.25811183 -0.19052331 0.49785691
v 0.25761342 -0.19247635 0.49832166
v 0.25761342 -0.19247635 0.49832166
v 0.20284057 -0.25588049 0.46531853
v 0.29302527 -0.25498611 0.46528915
v 0.29235441 -0.25332482 0.46868080
v 0.20337716 -0.25800602 0.46081141
v 0.29387491 -0.25716229 0.46067366
v 0.30999003 -0.25574132 0.46036536
v 0.30902224 -0.25350357 0.46508603
v 0.30823604 -0.25177751 0.46860122
v 0.20392411 -0.26018552 0.45585888
v 0.29468418 -0.25935718 0.45570984
v 0.20443486 -0.26222578 0.45085844
v 0.29538586 -0.26140505 0.45072975
v 0.31154714 -0.26001415 0.45043252
v 0.31085461 -0.25795773 0.45539196
v 0.29631228 -0.26930538 0.42614769
v 0.29594595 -0.26379543 0.44400998
v 0.20487300 -0.26458492 0.44416270
v 0.31236198 -0.26797118 0.42578161
v 0.31205309 -0.26243119 0.44368749
v 0.31541908 -0.26600313 0.42521134
v 0.31513270 -0.26045734 0.44313518
v 0.31779601 -0.26347802 0.42445615
v 0.31751001 -0.25791928 0.44235608
v 0.31703506 -0.25547663 0.44909371
v 0.31465396 -0.25803412 0.44989080
v 0.32006213 -0.21208236 0.42867233
v 0.31913372 -0.24996551 0.43992952
v 0.31940064 -0.25555773 0.42209120
v 0.31963531 -0.20971384 0.43536533
v 0.31868006 -0.24748716 0.44662333
v 0.31703506 -0.25547663 0.44909371
v 0.31751001 -0.25791928 0.44235608
v 0.31779601 -0.26347802 0.42445615
v 0.31900683 -0.20777093 0.44039446
v 0.31803626 -0.24539140 0.45158927
v 0.31820751 -0.20580015 0.44540863
v 0.31722382 -0.24319923 0.45655374
v 0.31554161 -0.25115095 0.45901095
v 0.31637495 -0.25339326 0.45404543
v 0.31558277 -0.23946156 0.46459033
v 0.31631767 -0.24106971 0.46118320
v 0.31732225 -0.20396286 0.45000080
v 0.31383495 -0.24714813 0.46723554
v 0.31460166 -0.24889049 0.46372493
v 0.31134923 -0.24968393 0.46812491
v 0.31214897 -0.25145190 0.46456884
v 0.31312570 -0.25373234 0.45981420
v 0.31398272 -0.25597000 0.45484147
v 0.17406919 -0.21125498 0.49925016
v 0.25183073 -0.20954751 0.49896205
v 0.24814950 -0.20609557 0.49944524
v 0.17727328 -0.21557664 0.49841480
v 0.25666689 -0.21410995 0.49815622
v 0.27175238 -0.21188548 0.49767404
v 0.26646273 -0.20705399 0.49844203
v 0.26234257 -0.20332347 0.49891938
v 0.18064544 -0.22016391 0.49720602
v 0.26154821 -0.21876718 0.49703384
v 0.18390979 -0.22462870 0.49568941
v 0.26610693 -0.22317188 0.49564491
v 0.28144440 -0.22099049 0.49538669
v 0.27686140 -0.21663401 0.49664432
v 0.27288424 -0.22983100 0.49289392
v 0.27008051 -0.22705927 0.49412261
v 0.18682349 -0.22862293 0.49402748
v 0.28802779 -0.22745409 0.49288506
v 0.28532848 -0.22477536 0.49400526
v 0.29155090 -0.22474283 0.49234509
v 0.28895302 -0.22209019 0.49342178
v 0.29474464 -0.22190042 0.49124661
v 0.29213207 -0.21915011 0.49234578
v 0.28837425 -0.21526054 0.49369613
v 0.28519742 -0.21832439 0.49474477
v 0.29641990 -0.18074463 0.47990119
v 0.29471145 -0.21203599 0.48969001
v 0.29739186 -0.21490960 0.48849142
v 0.29252168 -0.17756439 0.48180355
v 0.29088602 -0.20802612 0.49117629
v 0.28805207 -0.17409623 0.48361421
v 0.28644166 -0.20352695 0.49253733
v 0.28334498 -0.17061249 0.48514828
v 0.28162838 -0.19881345 0.49364315
v 0.27899508 -0.20589682 0.49590725
v 0.28394025 -0.21078080 0.49491750
v 0.27313485 -0.19077933 0.49492601
v 0.27681667 -0.19423059 0.49444291
v 0.27881112 -0.16739065 0.48630838
v 0.26987806 -0.19709288 0.49708118
v 0.27387192 -0.20092798 0.49663467
v 0.26618450 -0.20023964 0.49811913
v 0.27035618 -0.20412525 0.49765897
v 0.27567028 -0.20911861 0.49692300
v 0.28072562 -0.21395157 0.49594316
v 0.19223684 -0.23694847 0.48869114
v 0.27787178 -0.23554808 0.48874372
v 0.27548432 -0.23267562 0.49108723
v 0.19427804 -0.24048438 0.48554476
v 0.28098617 -0.23929155 0.48548407
v 0.29687993 -0.23742657 0.48522542
v 0.29344094 -0.23345270 0.48859101
v 0.29073824 -0.23036160 0.49106371
v 0.19641489 -0.24410937 0.48192438
v 0.28409916 -0.24302292 0.48186341
v 0.19847258 -0.24750320 0.47810075
v 0.28697469 -0.24645738 0.47810987
v 0.30303333 -0.24477896 0.47793226
v 0.30015262 -0.24128566 0.48161062
v 0.29117501 -0.25146473 0.47176883
v 0.28945125 -0.24940550 0.47449212
v 0.20029917 -0.25041979 0.47440829
v 0.30704708 -0.24986810 0.47172631
v 0.30542157 -0.24777387 0.47439348
v 0.31020564 -0.24773174 0.47125692
v 0.30868950 -0.24559151 0.47389334
v 0.31273649 -0.24516401 0.47033852
v 0.31128202 -0.24292837 0.47296395
v 0.30911155 -0.23975315 0.47644956
v 0.30643450 -0.24253306 0.47738916
v 0.31423053 -0.19895695 0.45922480
v 0.31312969 -0.23516976 0.47029190
v 0.31452688 -0.23749913 0.46764832
v 0.31219770 -0.19621120 0.46296739
v 0.31103698 -0.23190417 0.47381607
v 0.30967699 -0.19320026 0.46690401
v 0.30844826 -0.22823273 0.47749985
v 0.30683230 -0.19016034 0.47069708
v 0.30548520 -0.22437736 0.48108392
v 0.30332529 -0.23209728 0.48365300
v 0.30643251 -0.23609335 0.48007865
v 0.29996387 -0.21777766 0.48669174
v 0.30239031 -0.22061791 0.48433858
v 0.30393130 -0.18733544 0.47405345
v 0.29738152 -0.22486863 0.48944292
v 0.30000883 -0.22802211 0.48698868
v 0.29423629 -0.22769408 0.49052378
v 0.29698176 -0.23090242 0.48801315
v 0.30043922 -0.23501056 0.48462188
v 0.30366160 -0.23896827 0.48102424
v 0.23921623 -0.05880971 0.46007731
v 0.23984412 -0.03490800 0.45283699
v 0.16564528 -0.03537599 0.45316340
v 0.25403063 -0.05823953 0.45950751
v 0.25425577 -0.03423385 0.45230330
v 0.25463486 -0.02817106 0.45029661
v 0.24076936 -0.02842527 0.45058970
v 0.16646669 -0.02857854 0.45075624
v 0.25910886 -0.05763131 0.45872775
v 0.25867846 -0.03344486 0.45157275
v 0.25910886 -0.05763131 0.45872775
v 0.26413277 -0.05703281 0.45778054
v 0.26297006 -0.03254452 0.45065476
v 0.25867846 -0.03344486 0.45157275
v 0.26130358 -0.02678559 0.44904308
v 0.25811183 -0.02772334 0.44982442
v 0.25811183 -0.02772334 0.44982442
v 0.26979849 -0.03087559 0.44880465
v 0.26690844 -0.03161963 0.44963722
v 0.26870402 -0.05648417 0.45676106
v 0.26664811 -0.02468613 0.44727344
v 0.26433643 -0.02564243 0.44808480
v 0.26312380 -0.02166346 0.44649217
v 0.26138633 -0.02296541 0.44737232
v 0.25950445 -0.01877971 0.44553081
v 0.25817428 -0.02054723 0.44658145
v 0.25658775 -0.02288639 0.44789268
v 0.25928130 -0.02455354 0.44840296
v 0.16932153 -0.01705091 0.44512668
v 0.24455320 -0.01847796 0.44576004
v 0.24565426 -0.01625479 0.44449105
v 0.16837621 -0.02059788 0.44703079
v 0.24319004 -0.02153224 0.44740564
v 0.16739947 -0.02454256 0.44896501
v 0.24188711 -0.02490360 0.44905261
v 0.16739947 -0.02454256 0.44896501
v 0.24188711 -0.02490360 0.44905261
v 0.25528800 -0.02538840 0.44913541
v 0.25528800 -0.02538840 0.44913541
v 0.25761342 -0.02583082 0.44915442
v 0.25761342 -0.02583082 0.44915442
v 0.31732225 -0.04241392 0.40233715
v 0.31631767 -0.00518000 0.39158610
v 0.31558277 -0.00468092 0.39532077
v 0.31820770 -0.04336382 0.39748333
v 0.31722382 -0.00590437 0.38654221
v 0.31554161 0.00210772 0.38428930
v 0.31460147 0.00276814 0.38947543
v 0.31383495 0.00321040 0.39336929
v 0.31900683 -0.04443027 0.39220243
v 0.31803626 -0.00675824 0.38118277
v 0.31963531 -0.04552865 0.38692403
v 0.31868006 -0.00769388 0.37587437
v 0.31703506 0.00035709 0.37361250
v 0.31637495 0.00129536 0.37890190
v 0.31940064 -0.01423239 0.35089060
v 0.31913372 -0.00924598 0.36890729
v 0.32006213 -0.04717263 0.38001701
v 0.31779601 -0.00629690 0.34857704
v 0.31751001 -0.00124879 0.36662793
v 0.31779601 -0.00629690 0.34857704
v 0.31541908 -0.00376626 0.34784079
v 0.31513270 0.00130580 0.36590437
v 0.31751001 -0.00124879 0.36662793
v 0.31236198 -0.00180384 0.34725130
v 0.31205309 0.00326323 0.36529677
v 0.31154714 0.00489478 0.37227354
v 0.31465396 0.00293768 0.37289345
v 0.31703506 0.00035709 0.37361250
v 0.20487300 0.00532999 0.36452681
v 0.29594595 0.00458396 0.36482681
v 0.29631228 -0.00048468 0.34683439
v 0.20443486 0.00698327 0.37143094
v 0.29538586 0.00622425 0.37176808
v 0.20392411 0.00798434 0.37673800
v 0.29468418 0.00720752 0.37706221
v 0.20337716 0.00884207 0.38208044
v 0.29387491 0.00805877 0.38242257
v 0.30999003 0.00669795 0.38293504
v 0.31085461 0.00585981 0.37755518
v 0.29235441 0.00918233 0.39123030
v 0.29302527 0.00873656 0.38748010
v 0.20284057 0.00950371 0.38701942
v 0.30823604 0.00783975 0.39200352
v 0.30902224 0.00738124 0.38811434
v 0.31134923 0.00582271 0.39273988
v 0.31214897 0.00537719 0.38879349
v 0.31312551 0.00471179 0.38356272
v 0.31398272 0.00389158 0.37817152
v 0.27881112 -0.05342007 0.45268271
v 0.27681667 -0.02646288 0.44494474
v 0.27313485 -0.02909924 0.44722393
v 0.28334498 -0.05134377 0.44995923
v 0.28162817 -0.02304835 0.44178529
v 0.27899508 -0.01587022 0.43984162
v 0.27387192 -0.01964856 0.44314985
v 0.26987806 -0.02262709 0.44560651
v 0.28805207 -0.04925079 0.44677971
v 0.28644166 -0.01968988 0.43829799
v 0.29252168 -0.04732101 0.44337622
v 0.29088602 -0.01665037 0.43471251
v 0.28837425 -0.00920655 0.43290194
v 0.28394025 -0.01230585 0.43635914
v 0.29739186 -0.01232633 0.42872120
v 0.29471145 -0.01408926 0.43128781
v 0.29641990 -0.04568255 0.44005269
v 0.29474464 -0.00495989 0.42724025
v 0.29213207 -0.00667309 0.42965643
v 0.29155090 -0.00197625 0.42661977
v 0.28895302 -0.00361958 0.42896399
v 0.28802779 0.00059397 0.42560165
v 0.28532848 -0.00104777 0.42799643
v 0.28144440 -0.00347665 0.43121120
v 0.28519742 -0.00606429 0.43211932
v 0.18682349 0.00219557 0.42592646
v 0.27008051 0.00093401 0.42685520
v 0.27288424 0.00259489 0.42431885
v 0.18390979 -0.00025669 0.42949037
v 0.26610693 -0.00150453 0.43024406
v 0.18064544 -0.00318314 0.43318780
v 0.26154821 -0.00444971 0.43380130
v 0.17727328 -0.00637979 0.43669296
v 0.25666689 -0.00775190 0.43727203
v 0.27175238 -0.00988180 0.43807470
v 0.27686140 -0.00645268 0.43463223
v 0.24814950 -0.01378292 0.44270497
v 0.25183073 -0.01114617 0.44042566
v 0.17406919 -0.00955560 0.43974069
v 0.26234257 -0.01639634 0.44376827
v 0.26646273 -0.01352234 0.44134242
v 0.26618450 -0.01942078 0.44477014
v 0.27035618 -0.01640731 0.44227455
v 0.27567028 -0.01261323 0.43894602
v 0.28072562 -0.00908619 0.43549952
v 0.30393130 -0.04332180 0.43156357
v 0.30239031 -0.00978671 0.42213497
v 0.29996387 -0.01089473 0.42565284
v 0.30683230 -0.04277138 0.42721140
v 0.30548520 -0.00839610 0.41736053
v 0.30332529 -0.00051805 0.41532776
v 0.30000883 -0.00212988 0.42034139
v 0.29738152 -0.00344587 0.42411420
v 0.30967699 -0.04227724 0.42237558
v 0.30844826 -0.00710383 0.41225754
v 0.31219770 -0.04188544 0.41743480
v 0.31103698 -0.00601996 0.40717109
v 0.30911155 0.00200159 0.40512205
v 0.30643251 0.00089795 0.41015656
v 0.31452688 -0.00466898 0.39895388
v 0.31312969 -0.00519020 0.40243870
v 0.31423053 -0.04161091 0.41280132
v 0.31273649 0.00322843 0.39705256
v 0.31128202 0.00277610 0.40047108
v 0.31020564 0.00588350 0.39643008
v 0.30868971 0.00551713 0.39980618
v 0.30704708 0.00793256 0.39566475
v 0.30542178 0.00762166 0.39904173
v 0.30303333 0.00702739 0.40363936
v 0.30643450 0.00484622 0.40440189
v 0.20029917 0.00985166 0.39761762
v 0.28945125 0.00904546 0.39823831
v 0.29117501 0.00929645 0.39483362
v 0.19847258 0.00940644 0.40230167
v 0.28697469 0.00853307 0.40287734
v 0.19641508 0.00863193 0.40735539
v 0.28409916 0.00768637 0.40789398
v 0.19427804 0.00755267 0.41236382
v 0.28098617 0.00651807 0.41296028
v 0.29687993 0.00481122 0.41375535
v 0.30015262 0.00609027 0.40862459
v 0.27548432 0.00400323 0.42125735
v 0.27787178 0.00514349 0.41773002
v 0.19223684 0.00629117 0.41692571
v 0.29073824 0.00204696 0.42249374
v 0.29344094 0.00330070 0.41873906
v 0.29423629 -0.00048638 0.42348844
v 0.29698176 0.00084522 0.41963804
v 0.30043922 0.00245457 0.41455972
v 0.30366160 0.00382546 0.40939017
v -0.30546356 -0.16385756 0.28832616
v -0.30882417 -0.16340637 0.28985589
v -0.31188248 -0.16273172 0.29214196
v -0.31427471 -0.16186819 0.29506940
v -0.31587973 -0.16030153 0.30037898
v 0.00176771 -0.03804763 0.25120680
v 0.00176771 -0.03481761 0.25191690
v 0.00176771 -0.03161456 0.25345688
v 0.00176771 -0.02877278 0.25580087
v 0.00176771 -0.02587920 0.26071904
v 0.30899898 -0.16385756 0.28832616
v 0.31235958 -0.16340637 0.28985589
v 0.31541790 -0.16273190 0.29214202
v 0.31781012 -0.16186796 0.29506952
v 0.31941515 -0.16030153 0.30037898
v 0.00176771 -0.28966782 0.32544521
v 0.00176771 -0.29199516 0.32779470
v 0.00176771 -0.29384931 0.33082698
v 0.00176771 -0.29496357 0.33433806
v 0.00176771 -0.29472400 0.34003921
v -0.29209309 -0.16273261 0.29213911
v -0.29513132 -0.16340489 0.28986064
v -0.29848536 -0.16385620 0.28833115
v 0.00176771 -0.04797777 0.25828183
v 0.00176771 -0.04613787 0.25526209
v 0.00176771 -0.04381582 0.25291426
v 0.29562850 -0.16273261 0.29213911
v 0.29866674 -0.16340489 0.28986064
v 0.30202077 -0.16385620 0.28833115
v 0.00176771 -0.27748755 0.32599667
v 0.00176771 -0.28067190 0.32445915
v 0.00176771 -0.28389661 0.32374804
v -0.27393004 -0.04264041 0.25133937
v -0.27393004 -0.04264041 0.25133937
v -0.29043635 -0.04449689 0.25188919
v -0.29472200 -0.04726015 0.25270522
v -0.29472200 -0.04726015 0.25270522
v -0.29806433 -0.05080396 0.25374996
v -0.30031018 -0.05911004 0.25619856
v -0.30031018 -0.05911004 0.25619856
v -0.27393004 -0.28573860 0.32306350
v -0.27393004 -0.28573860 0.32306350
v -0.29043635 -0.28388096 0.32251729
v -0.29472200 -0.28111732 0.32170258
v -0.29806433 -0.27757393 0.32065648
v -0.30031018 -0.26926902 0.31820413
v -0.30031018 -0.26926902 0.31820413
v 0.30384559 -0.05911004 0.25619856
v 0.30384559 -0.05911004 0.25619856
v 0.30159974 -0.05080396 0.25374996
v 0.29825742 -0.04726015 0.25270522
v 0.29397177 -0.04449689 0.25188919
v 0.27746545 -0.04264041 0.25133937
v 0.27746545 -0.04264041 0.25133937
v 0.27746545 -0.28573860 0.32306350
v 0.27746545 -0.28573860 0.32306350
v 0.29397177 -0.28388096 0.32251729
v 0.29825742 -0.28111732 0.32170258
v 0.30159974 -0.27757398 0.32065630
v 0.30384559 -0.26926902 0.31820413
v 0.30384559 -0.26926902 0.31820413
v -0.24291041 -0.20441133 0.49962684
v -0.25689346 -0.20154539 0.49910468
v -0.26068645 -0.19842116 0.49830434
v -0.26442497 -0.19531783 0.49726743
v -0.26778539 -0.18918657 0.49513506
v -0.23546404 -0.10881320 0.47489184
v -0.25042024 -0.10892805 0.47450238
v -0.25572637 -0.10910060 0.47391792
v -0.25572637 -0.10910060 0.47391792
v -0.26100169 -0.10932127 0.47316984
v -0.26579351 -0.10956546 0.47234238
v -0.24291041 -0.01509872 0.44377175
v -0.25689346 -0.01778941 0.44488915
v -0.26068645 -0.02084752 0.44591276
v -0.26068645 -0.02084752 0.44591276
v -0.26442497 -0.02401671 0.44672652
v -0.26778539 -0.03032368 0.44826369
v -0.29347060 -0.11327034 0.45978497
v -0.28954496 -0.11248204 0.46245682
v -0.28506479 -0.11169800 0.46511420
v -0.28039609 -0.11099586 0.46749362
v -0.27596406 -0.11042724 0.46942116
v -0.27071320 -0.23122684 0.49218017
v -0.28583290 -0.22882357 0.49220838
v -0.28931661 -0.22610763 0.49168354
v -0.29251056 -0.22330224 0.49057913
v -0.29517506 -0.21634323 0.48778886
v -0.27071320 0.00337969 0.42296174
v -0.28583290 0.00137663 0.42428981
v -0.28931661 -0.00118918 0.42532335
v -0.28931661 -0.00118918 0.42532335
v -0.29251056 -0.00414476 0.42591897
v -0.29517528 -0.01150397 0.42735297
v -0.31106148 -0.12032307 0.43588097
v -0.30904972 -0.11908071 0.44009149
v -0.30655308 -0.11776512 0.44455027
v -0.30375114 -0.11649547 0.44885370
v -0.30092117 -0.11537599 0.45264775
v -0.28840890 -0.25245766 0.47033976
v -0.30424538 -0.25087944 0.47031243
v -0.30735877 -0.24876508 0.46985277
v -0.30986238 -0.24623530 0.46894204
v -0.31162711 -0.23860255 0.46625183
v -0.28840890 0.00935468 0.39309430
v -0.30424538 0.00801446 0.39392787
v -0.30735877 0.00598901 0.39469001
v -0.30735877 0.00598901 0.39469001
v -0.30986238 0.00337018 0.39529850
v -0.31162711 -0.00450043 0.39718222
v -0.31683162 -0.12963565 0.40431712
v -0.31641495 -0.12763280 0.41110572
v -0.31579244 -0.12611034 0.41626552
v -0.31499746 -0.12459323 0.42140751
v -0.31411918 -0.12321218 0.42608807
v 0.00176771 -0.03553874 0.45327289
v 0.00176771 -0.02862979 0.45081097
v 0.00176771 -0.02441493 0.44893205
v 0.00176771 -0.02441493 0.44893205
v 0.00176771 -0.02027373 0.44689718
v 0.00176771 -0.01655593 0.44490082
v 0.27132058 -0.03032368 0.44826369
v 0.26796038 -0.02401671 0.44672652
v 0.26422187 -0.02084752 0.44591276
v 0.26042887 -0.01778941 0.44488915
v 0.24644604 -0.01509872 0.44377175
v 0.00176771 0.00262357 0.42559146
v 0.00176771 0.00016584 0.42922125
v 0.00176771 -0.00275438 0.43297138
v 0.00176771 -0.00591271 0.43648992
v 0.00176771 -0.00900842 0.43949855
v 0.29871048 -0.01150397 0.42735297
v 0.29604598 -0.00414476 0.42591897
v 0.29285202 -0.00118918 0.42532335
v 0.28936832 0.00137663 0.42428981
v 0.27424843 0.00337969 0.42296174
v 0.00176771 0.01011549 0.39739613
v 0.00176771 0.00969459 0.40209743
v 0.00176771 0.00894555 0.40716526
v 0.00176771 0.00789877 0.41215232
v 0.00176771 0.00667814 0.41663679
v 0.31516252 -0.00450043 0.39718222
v 0.31339758 0.00337030 0.39529826
v 0.31089418 0.00598901 0.39469001
v 0.30778079 0.00801446 0.39392787
v 0.29194431 0.00935468 0.39309430
v 0.00176771 0.00557375 0.36442464
v 0.00176771 0.00723235 0.37131508
v 0.00176771 0.00823986 0.37662679
v 0.00176771 0.00909975 0.38196280
v 0.00176771 0.00975445 0.38685745
v 0.23899945 -0.10881320 0.47489184
v 0.25395566 -0.10892805 0.47450238
v 0.25926178 -0.10910060 0.47391792
v 0.25926178 -0.10910060 0.47391792
v 0.26453711 -0.10932127 0.47316984
v 0.26932893 -0.10956546 0.47234238
v 0.24644582 -0.20441133 0.49962684
v 0.26042887 -0.20154539 0.49910468
v 0.26422187 -0.19842116 0.49830434
v 0.26796038 -0.19531783 0.49726743
v 0.27132080 -0.18918657 0.49513506
v 0.29700601 -0.11327034 0.45978497
v 0.29308037 -0.11248204 0.46245682
v 0.28860020 -0.11169800 0.46511420
v 0.28393129 -0.11099586 0.46749362
v 0.27949947 -0.11042724 0.46942116
v 0.27424843 -0.23122679 0.49218035
v 0.28936832 -0.22882357 0.49220838
v 0.29285202 -0.22610763 0.49168354
v 0.29604598 -0.22330224 0.49057913
v 0.29871069 -0.21634323 0.48778886
v 0.31459689 -0.12032307 0.43588097
v 0.31258513 -0.11908071 0.44009149
v 0.31008849 -0.11776531 0.44455033
v 0.30728655 -0.11649547 0.44885370
v 0.30445658 -0.11537599 0.45264775
v 0.29194431 -0.25245766 0.47033976
v 0.30778079 -0.25087944 0.47031243
v 0.31089418 -0.24876485 0.46985270
v 0.31339758 -0.24623530 0.46894204
v 0.31516252 -0.23860255 0.46625183
v 0.32036703 -0.12963565 0.40431712
v 0.31995036 -0.12763280 0.41110572
v 0.31932764 -0.12611034 0.41626552
v 0.31853288 -0.12459323 0.42140751
v 0.31765459 -0.12321218 0.42608807
v 0.00176771 -0.18208764 0.49651090
v 0.00176771 -0.18922656 0.49819366
v 0.00176771 -0.19378616 0.49890345
v 0.00176771 -0.19378616 0.49890345
v 0.00176771 -0.19836864 0.49944235
v 0.00176771 -0.20257469 0.49978414
v 0.00176771 -0.22916420 0.49397818
v 0.00176771 -0.22512997 0.49569270
v 0.00176771 -0.22064163 0.49725691
v 0.00176771 -0.21607918 0.49849757
v 0.00176771 -0.21184623 0.49934381
v 0.00176771 -0.25076150 0.47436558
v 0.00176771 -0.24785586 0.47808550
v 0.00176771 -0.24447599 0.48193524
v 0.00176771 -0.24088975 0.48555500
v 0.00176771 -0.23743026 0.48865875
v 0.00176771 -0.26484498 0.44420926
v 0.00176771 -0.26249773 0.45089619
v 0.00176771 -0.26046050 0.45590443
v 0.00176771 -0.25828615 0.46085241
v 0.00176771 -0.25617900 0.46531876
v 0.31944796 -0.26581977 0.38742126
v 0.31784353 -0.27374063 0.38975972
v 0.31784353 -0.27374063 0.38975972
v 0.31545510 -0.27627444 0.39050769
v 0.31239062 -0.27824941 0.39108986
v 0.29634889 -0.27957646 0.39148013
v -0.31591255 -0.26581977 0.38742126
v -0.31430812 -0.27374063 0.38975972
v -0.31430812 -0.27374063 0.38975972
v -0.31191968 -0.27627444 0.39050769
v -0.30885521 -0.27824941 0.39108986
v -0.29281347 -0.27957646 0.39148013
v -0.29281347 -0.01067713 0.31214374
v -0.30885521 -0.01200341 0.31253650
v -0.31191968 -0.01397805 0.31311961
v -0.31191968 -0.01397805 0.31311961
v -0.31430812 -0.01651212 0.31386686
v -0.31430812 -0.01651212 0.31386686
v -0.31591255 -0.02443380 0.31620260
v 0.31944796 -0.02443380 0.31620260
v 0.31784353 -0.01651212 0.31386686
v 0.31784353 -0.01651212 0.31386686
v 0.31545510 -0.01397805 0.31311961
v 0.31239062 -0.01200341 0.31253650
v 0.29634889 -0.01067713 0.31214374
v -0.04027171 0.04645369 -0.38146084
v -0.04468086 0.05470240 -0.38146081
v -0.03433827 0.03922362 -0.38146073
v -0.02710789 0.03328978 -0.38146085
v -0.01885920 0.02888066 -0.38146078
v -0.00990902 0.02616571 -0.38146089
v -0.00060046 0.02524899 -0.38146095
v -0.04739588 0.06365256 -0.38146086
v -0.04831256 0.07296066 -0.38146090
v -0.04739568 0.08226920 -0.38146086
v -0.04468086 0.09121981 -0.38146084
v -0.04027171 0.09946808 -0.38146088
v -0.03433827 0.10669821 -0.38146079
v -0.02710789 0.11263198 -0.38146087
v -0.01885900 0.11704117 -0.38146075
v -0.00990902 0.11975624 -0.38146088
v -0.00060066 0.12067297 -0.38146083
v -0.00060066 0.12067297 -0.38146083
v 0.00870771 0.11975624 -0.38146088
v 0.01765769 0.11704117 -0.38146075
v 0.02590678 0.11263198 -0.38146087
v 0.03313696 0.10669821 -0.38146079
v 0.03907060 0.09946826 -0.38146094
v 0.04347975 0.09121937 -0.38146091
v 0.04619477 0.08226902 -0.38146080
v 0.04711145 0.07296085 -0.38146095
v 0.04619477 0.06365300 -0.38146079
v 0.04347955 0.05470215 -0.38146094
v 0.03907060 0.04645344 -0.38146097
v 0.03313676 0.03922337 -0.38146087
v 0.02590678 0.03328978 -0.38146085
v 0.01765788 0.02888066 -0.38146078
v 0.00870771 0.02616571 -0.38146089
vt 0.49019799 0.34008098
vt 0.49019799 0.17691499
vt 0.42420301 0.17691499
vt 0.42420301 0.34008098
vt 0.66747099 0.64957899
vt 0.66701502 0.59907198
vt 0.66453600 0.59910399
vt 0.66492099 0.64960700
vt 0.67001200 0.64953399
vt 0.66950899 0.59902400
vt 0.67254198 0.64947999
vt 0.67203200 0.59896696
vt 0.67505801 0.64942503
vt 0.67459798 0.59890997
vt 0.67756498 0.64937800
vt 0.67721301 0.59886199
vt 0.68006498 0.64934701
vt 0.67987502 0.59882998
vt 0.68256402 0.64933699
vt 0.68256497 0.59881800
vt 0.68506300 0.64934701
vt 0.68525600 0.59882998
vt 0.68756402 0.64937800
vt 0.68791699 0.59886199
vt 0.69006997 0.64942503
vt 0.69053298 0.59890997
vt 0.69258702 0.64947999
vt 0.69309801 0.59896696
vt 0.69511598 0.64953500
vt 0.69562203 0.59902501
vt 0.69765699 0.64957899
vt 0.69811499 0.59907198
vt 0.70020700 0.64960802
vt 0.70059502 0.59910500
vt 0.66632700 0.56428599
vt 0.66599101 0.55685103
vt 0.66369301 0.55688202
vt 0.66406202 0.56448501
vt 0.66674399 0.58225703
vt 0.66437900 0.58219004
vt 0.67360997 0.55268699
vt 0.67448902 0.53035498
vt 0.67186999 0.53029501
vt 0.67093003 0.55276597
vt 0.67645800 0.55260396
vt 0.67714900 0.53040302
vt 0.67946303 0.55253899
vt 0.67984599 0.53043300
vt 0.68256599 0.55251801
vt 0.68256599 0.53044498
vt 0.68566900 0.55253899
vt 0.68528599 0.53043300
vt 0.68867397 0.55260396
vt 0.68798298 0.53040302
vt 0.69152200 0.55268800
vt 0.69064403 0.53035498
vt 0.69420201 0.55276704
vt 0.69326198 0.53029501
vt 0.69672900 0.55282599
vt 0.69584101 0.53022897
vt 0.69915402 0.55286503
vt 0.69838899 0.53016299
vt 0.70153898 0.55287302
vt 0.70091999 0.53010499
vt 0.66928500 0.33087099
vt 0.66839600 0.30826402
vt 0.66597003 0.30822498
vt 0.66673601 0.33093601
vt 0.67166102 0.58306700
vt 0.66916901 0.58256501
vt 0.66840303 0.55282599
vt 0.66929197 0.53022802
vt 0.66674298 0.53016299
vt 0.66597801 0.55286503
vt 0.67424297 0.58366901
vt 0.67693102 0.58423400
vt 0.67971700 0.58462900
vt 0.68256497 0.58476698
vt 0.68541402 0.58462900
vt 0.68820000 0.58423400
vt 0.69088799 0.58367002
vt 0.69347000 0.58306801
vt 0.69596201 0.58256501
vt 0.69838601 0.58225799
vt 0.70075202 0.58219004
vt 0.66598302 0.30423802
vt 0.66631901 0.29679900
vt 0.66405302 0.29659998
vt 0.66368401 0.30420601
vt 0.66864800 0.56381702
vt 0.66832602 0.55695701
vt 0.67106402 0.56311500
vt 0.67076600 0.55717897
vt 0.67363501 0.56226802
vt 0.67338401 0.55748099
vt 0.67641801 0.56142300
vt 0.67624402 0.55780303
vt 0.67941701 0.56077600
vt 0.67933202 0.55805600
vt 0.68256599 0.56053299
vt 0.68256599 0.55815804
vt 0.68571502 0.56077600
vt 0.68580002 0.55805600
vt 0.68871403 0.56142300
vt 0.68888700 0.55780399
vt 0.69149601 0.56226802
vt 0.69174802 0.55748200
vt 0.69406700 0.56311500
vt 0.69436598 0.55717897
vt 0.69648302 0.56381702
vt 0.69680601 0.55695701
vt 0.69880497 0.56428701
vt 0.69914103 0.55685103
vt 0.70107001 0.56448603
vt 0.70143902 0.55688298
vt 0.66722399 0.50194204
vt 0.66467500 0.50191700
vt 0.66421300 0.53010499
vt 0.66977501 0.50196600
vt 0.67232800 0.50198799
vt 0.67488402 0.50200701
vt 0.67744201 0.50202101
vt 0.68000299 0.50202900
vt 0.68256599 0.50203204
vt 0.68513000 0.50202900
vt 0.68769097 0.50202101
vt 0.69024903 0.50200701
vt 0.69280499 0.50198799
vt 0.69535798 0.50196600
vt 0.69790798 0.50194299
vt 0.70045799 0.50191700
vt 0.66732502 0.47335702
vt 0.66478503 0.47335202
vt 0.66986603 0.47336203
vt 0.67240602 0.47336602
vt 0.67494601 0.47337002
vt 0.67748600 0.47337300
vt 0.68002599 0.47337401
vt 0.68256599 0.47337502
vt 0.68510699 0.47337401
vt 0.68764699 0.47337300
vt 0.69018698 0.47337002
vt 0.69272703 0.47336602
vt 0.69526702 0.47336203
vt 0.69780803 0.47335702
vt 0.70034802 0.47335202
vt 0.66733003 0.41629601
vt 0.66731900 0.38776600
vt 0.66477799 0.38777101
vt 0.66479099 0.41629601
vt 0.66986901 0.41629601
vt 0.66986001 0.38775998
vt 0.67240900 0.41629499
vt 0.67240202 0.38775599
vt 0.67494798 0.41629499
vt 0.67494297 0.38775200
vt 0.67748803 0.41629499
vt 0.67748398 0.38774902
vt 0.68002701 0.41629499
vt 0.68002498 0.38774699
vt 0.68256700 0.41629499
vt 0.68256700 0.38774699
vt 0.68510598 0.41629499
vt 0.68510801 0.38774699
vt 0.68764597 0.41629499
vt 0.68764901 0.38774902
vt 0.69018501 0.41629499
vt 0.69019002 0.38775200
vt 0.69272500 0.41629601
vt 0.69273102 0.38775498
vt 0.69526398 0.41629601
vt 0.69527298 0.38775998
vt 0.69780397 0.41629601
vt 0.69781399 0.38776499
vt 0.70034301 0.41629702
vt 0.70035398 0.38777000
vt 0.66721803 0.35916901
vt 0.66466701 0.35919398
vt 0.66976899 0.35914397
vt 0.67232299 0.35912299
vt 0.67488003 0.35910398
vt 0.67743897 0.35908997
vt 0.68000102 0.35908097
vt 0.68256599 0.35907900
vt 0.68513000 0.35908097
vt 0.68769199 0.35908997
vt 0.69025201 0.35910398
vt 0.69280797 0.35912198
vt 0.69536197 0.35914397
vt 0.69791400 0.35916799
vt 0.70046401 0.35919303
vt 0.66420400 0.33099502
vt 0.67186499 0.33080399
vt 0.67448401 0.33074403
vt 0.67714602 0.33069700
vt 0.67984402 0.33066601
vt 0.68256497 0.33065403
vt 0.68528599 0.33066601
vt 0.68798500 0.33069599
vt 0.69064599 0.33074403
vt 0.69326502 0.33080399
vt 0.69584501 0.33086997
vt 0.69839501 0.33093601
vt 0.70092601 0.33099401
vt 0.66831899 0.30413097
vt 0.66864198 0.29726899
vt 0.66358399 0.30821800
vt 0.67075998 0.30391002
vt 0.67105901 0.29797101
vt 0.67337900 0.30360699
vt 0.67363101 0.29881799
vt 0.67624098 0.30328399
vt 0.67641401 0.29966402
vt 0.67932999 0.30303198
vt 0.67941499 0.30031103
vt 0.68256497 0.30292898
vt 0.68256497 0.30055398
vt 0.68580002 0.30303198
vt 0.68571502 0.30031103
vt 0.68888903 0.30328399
vt 0.68871599 0.29966402
vt 0.69174999 0.30360699
vt 0.69149899 0.29881799
vt 0.69436997 0.30390900
vt 0.69407099 0.29797000
vt 0.69681102 0.30413097
vt 0.69648802 0.29726797
vt 0.69914699 0.30423701
vt 0.69880998 0.29679799
vt 0.70144600 0.30420500
vt 0.70107597 0.29659897
vt 0.66916299 0.27851301
vt 0.66950297 0.26204598
vt 0.66700798 0.26199901
vt 0.66673702 0.27882099
vt 0.67092401 0.30832398
vt 0.67165601 0.27801001
vt 0.67202699 0.26210397
vt 0.67423898 0.27740800
vt 0.67459399 0.26216102
vt 0.67692798 0.27684301
vt 0.67721099 0.26220900
vt 0.67971498 0.27644801
vt 0.67987299 0.26224101
vt 0.68256497 0.27631003
vt 0.68256497 0.26225299
vt 0.68541402 0.27644801
vt 0.68525600 0.26224101
vt 0.68820202 0.27684301
vt 0.68791902 0.26220900
vt 0.69089103 0.27740800
vt 0.69053501 0.26216102
vt 0.69347399 0.27801001
vt 0.69310200 0.26210397
vt 0.69596601 0.27851301
vt 0.69562602 0.26204598
vt 0.69839197 0.27882099
vt 0.69812101 0.26199901
vt 0.70075798 0.27888799
vt 0.70060098 0.26196599
vt 0.67360598 0.30840302
vt 0.66452801 0.26196700
vt 0.66437101 0.27888799
vt 0.67645401 0.30848598
vt 0.67946100 0.30855101
vt 0.68256497 0.30857199
vt 0.68566900 0.30855101
vt 0.68867600 0.30848598
vt 0.69152498 0.30840200
vt 0.69420499 0.30832303
vt 0.69673401 0.30826402
vt 0.69915998 0.30822402
vt 0.70154601 0.30821699
vt 0.66746497 0.21147197
vt 0.66491401 0.21144301
vt 0.67000800 0.21151602
vt 0.67253798 0.21157098
vt 0.67505503 0.21162599
vt 0.67756301 0.21167302
vt 0.68006498 0.21170402
vt 0.68256402 0.21171403
vt 0.68506402 0.21170402
vt 0.68756598 0.21167302
vt 0.69007403 0.21162599
vt 0.69259101 0.21157098
vt 0.69512200 0.21151602
vt 0.69766402 0.21147197
vt 0.70021498 0.21144301
vt 0.66409600 0.57008004
vt 0.66634703 0.56999499
vt 0.66417700 0.57646704
vt 0.66644400 0.57646096
vt 0.66880000 0.57653999
vt 0.66866702 0.56980002
vt 0.67128402 0.57669199
vt 0.67111200 0.56952000
vt 0.67393100 0.57688904
vt 0.67372102 0.56919503
vt 0.67669600 0.57707798
vt 0.67654902 0.56887197
vt 0.67959303 0.57721001
vt 0.67952198 0.56862998
vt 0.68256599 0.57724899
vt 0.68256599 0.56853604
vt 0.68553799 0.57721001
vt 0.68560898 0.56862998
vt 0.68843502 0.57707798
vt 0.68858302 0.56887197
vt 0.69120002 0.57688999
vt 0.69141001 0.56919503
vt 0.69384700 0.57669199
vt 0.69401997 0.56952101
vt 0.69633102 0.57654101
vt 0.69646400 0.56980097
vt 0.69868702 0.57646203
vt 0.69878399 0.56999499
vt 0.70095402 0.57646704
vt 0.70103502 0.57008004
vt 0.66416901 0.28461301
vt 0.66643602 0.28461897
vt 0.66408700 0.29100299
vt 0.66633999 0.29108799
vt 0.66866100 0.29128301
vt 0.66879302 0.28454000
vt 0.67110598 0.29156297
vt 0.67127901 0.28438801
vt 0.67371702 0.29188800
vt 0.67392701 0.28419101
vt 0.67654502 0.29221201
vt 0.67669201 0.28400201
vt 0.67952001 0.29245299
vt 0.67959100 0.28386998
vt 0.68256497 0.29254800
vt 0.68256497 0.28383100
vt 0.68561000 0.29245299
vt 0.68553901 0.28386998
vt 0.68858403 0.29221201
vt 0.68843699 0.28400201
vt 0.69141299 0.29188800
vt 0.69120300 0.28419101
vt 0.69402403 0.29156202
vt 0.69384998 0.28438801
vt 0.69646901 0.29128301
vt 0.69633597 0.28454000
vt 0.69879001 0.29108799
vt 0.69869298 0.28461897
vt 0.70104200 0.29100299
vt 0.70095998 0.28461301
vt 0.66359299 0.55287200
vt 0.66358203 0.55417299
vt 0.66590601 0.55415201
vt 0.66362101 0.55562198
vt 0.66591799 0.55559200
vt 0.66824198 0.55565101
vt 0.66826302 0.55415100
vt 0.67068702 0.55577803
vt 0.67074299 0.55417097
vt 0.67332298 0.55595201
vt 0.67341101 0.55420303
vt 0.67621398 0.55613899
vt 0.67628598 0.55423701
vt 0.67932600 0.55628598
vt 0.67936599 0.55426598
vt 0.68256599 0.55634904
vt 0.68256599 0.55428600
vt 0.68580598 0.55628699
vt 0.68576598 0.55426598
vt 0.68891799 0.55613899
vt 0.68884498 0.55423796
vt 0.69180900 0.55595201
vt 0.69172001 0.55420303
vt 0.69444501 0.55577898
vt 0.69438899 0.55417204
vt 0.69689000 0.55565101
vt 0.69686902 0.55415100
vt 0.69921398 0.55559301
vt 0.69922602 0.55415201
vt 0.70151001 0.55562299
vt 0.70155001 0.55417401
vt 0.66361302 0.30546600
vt 0.66591001 0.30549699
vt 0.66357303 0.30691600
vt 0.66589803 0.30693799
vt 0.66825598 0.30693799
vt 0.66823500 0.30543798
vt 0.67073703 0.30691803
vt 0.67068100 0.30531102
vt 0.67340702 0.30688697
vt 0.67331803 0.30513698
vt 0.67628300 0.30685198
vt 0.67620999 0.30495000
vt 0.67936403 0.30682302
vt 0.67932397 0.30480200
vt 0.68256497 0.30680299
vt 0.68256497 0.30474001
vt 0.68576598 0.30682302
vt 0.68580598 0.30480200
vt 0.68884701 0.30685198
vt 0.68892002 0.30495000
vt 0.69172299 0.30688697
vt 0.69181198 0.30513698
vt 0.69439298 0.30691803
vt 0.69444901 0.30531001
vt 0.69687402 0.30693799
vt 0.69689500 0.30543798
vt 0.69923198 0.30693698
vt 0.69922000 0.30549598
vt 0.70155698 0.30691600
vt 0.70151699 0.30546600
vt 0.44567299 0.72153300
vt 0.47382799 0.75648302
vt 0.48818499 0.74705899
vt 0.46743700 0.70740300
vt 0.50408000 0.74059600
vt 0.49142000 0.69761896
vt 0.52093899 0.73734498
vt 0.51681697 0.69268101
vt 0.53810602 0.73746002
vt 0.54275000 0.69292402
vt 0.60361701 0.68696797
vt 0.59786701 0.69761503
vt 0.62130398 0.71352899
vt 0.62909198 0.70414102
vt 0.57739800 0.66748202
vt 0.60712802 0.67990804
vt 0.61175603 0.66982400
vt 0.58009100 0.65673697
vt 0.56823403 0.69801801
vt 0.55494100 0.74087900
vt 0.57080501 0.74754101
vt 0.59217799 0.70815200
vt 0.64626598 0.76286799
vt 0.60658699 0.78380698
vt 0.61304599 0.79972303
vt 0.65600699 0.78696901
vt 0.61629999 0.81658900
vt 0.66102302 0.81244397
vt 0.61618799 0.83377200
vt 0.66080397 0.83839101
vt 0.61272901 0.85060298
vt 0.65556300 0.86381197
vt 0.60605299 0.86642998
vt 0.64545399 0.88773000
vt 0.65559697 0.92936301
vt 0.63279098 0.95216101
vt 0.64015597 0.96056801
vt 0.66453600 0.93602401
vt 0.61260802 0.92766201
vt 0.58422399 0.89278501
vt 0.56985801 0.90225899
vt 0.59085101 0.94194400
vt 0.55391699 0.90876299
vt 0.56672603 0.95189101
vt 0.53700697 0.91199201
vt 0.54109198 0.95674002
vt 0.51982301 0.91184998
vt 0.51504701 0.95646101
vt 0.50299400 0.90840602
vt 0.48957399 0.95123398
vt 0.48714000 0.90173697
vt 0.46564400 0.94113201
vt 0.47288701 0.89208901
vt 0.44413701 0.92660403
vt 0.46080899 0.87983698
vt 0.42597601 0.90805000
vt 0.45132601 0.86547601
vt 0.41159099 0.88642401
vt 0.44486600 0.84951901
vt 0.40183899 0.86234200
vt 0.44165099 0.83263701
vt 0.39692801 0.83679801
vt 0.44174999 0.81545103
vt 0.39710501 0.81077003
vt 0.44523200 0.79861701
vt 0.40240300 0.78527200
vt 0.45191300 0.78277099
vt 0.41245201 0.76125699
vt 0.46158701 0.76854801
vt 0.42718500 0.73980600
vt 0.64546001 0.56829202
vt 0.65710598 0.54017496
vt 0.66304398 0.51032698
vt 0.66304398 0.47989303
vt 0.65710700 0.45004398
vt 0.64546001 0.42192698
vt 0.62855297 0.39662200
vt 0.60703301 0.37510198
vt 0.58172798 0.35819399
vt 0.55361098 0.34654701
vt 0.52376199 0.34061003
vt 0.49332899 0.34061003
vt 0.46348000 0.34654701
vt 0.43536299 0.35819399
vt 0.41005799 0.37510097
vt 0.38853800 0.39662099
vt 0.37163001 0.42192501
vt 0.35998300 0.45004302
vt 0.35404599 0.47989202
vt 0.35404599 0.51032603
vt 0.35998300 0.54017401
vt 0.37162900 0.56829202
vt 0.38853699 0.59359598
vt 0.41005701 0.61511600
vt 0.43536201 0.63202399
vt 0.46347901 0.64367104
vt 0.49332801 0.64960802
vt 0.52376199 0.64960802
vt 0.55361003 0.64367104
vt 0.58172703 0.63202500
vt 0.60703200 0.61511701
vt 0.62855202 0.59359699
vt 0.63199103 0.74114299
vt 0.59714001 0.76944399
vt 0.40278599 0.71910298
vt 0.42584100 0.69659698
vt 0.41922501 0.68773299
vt 0.39464200 0.71156096
vt 0.49096701 0.89467901
vt 0.49262699 0.89161003
vt 0.48025101 0.88322902
vt 0.47802201 0.88591599
vt 0.65654701 0.72080398
vt 0.67429799 0.74771297
vt 0.68364400 0.74170899
vt 0.66456997 0.71312797
vt 0.57578999 0.98245299
vt 0.54384100 0.98850900
vt 0.54457200 0.99973500
vt 0.57903200 0.99345601
vt 0.36516601 0.83942199
vt 0.36532700 0.80713201
vt 0.35438901 0.80508697
vt 0.35404599 0.83950001
vt 0.48241299 0.66715598
vt 0.51376700 0.66107899
vt 0.51248598 0.65016299
vt 0.47931901 0.65677601
vt 0.68597603 0.87289202
vt 0.67353302 0.90259600
vt 0.68364000 0.90726501
vt 0.69681102 0.87539601
vt 0.42361799 0.95075601
vt 0.40106300 0.92780399
vt 0.39188200 0.93405998
vt 0.41588101 0.95873600
vt 0.68645102 0.77756602
vt 0.69678199 0.77348101
vt 0.51146603 0.98810899
vt 0.50983500 0.99917603
vt 0.37189901 0.77547699
vt 0.36153901 0.77140200
vt 0.45277500 0.67912698
vt 0.44788101 0.66927803
vt 0.38334900 0.90092802
vt 0.37311101 0.90523201
vt 0.60586703 0.97010100
vt 0.61132997 0.97993302
vt 0.63387603 0.69789499
vt 0.64029998 0.68884504
vt 0.69258898 0.80917698
vt 0.70351899 0.80720502
vt 0.47986901 0.98147500
vt 0.47598600 0.99192899
vt 0.38453200 0.74572802
vt 0.37512499 0.73980099
vt 0.66661298 0.89915001
vt 0.65599400 0.89342099
vt 0.64015800 0.91688102
vt 0.64951301 0.92461002
vt 0.37123799 0.87108803
vt 0.36035100 0.87329900
vt 0.54584903 0.66116703
vt 0.54654902 0.65013701
vt 0.69240999 0.84135497
vt 0.70351899 0.84161401
vt 0.45022300 0.96886003
vt 0.44427601 0.97826803
vt 0.86831897 0.37589002
vt 0.86528802 0.36060297
vt 0.85853302 0.36172199
vt 0.86108100 0.37715000
vt 0.52167398 0.74532998
vt 0.52199101 0.74878097
vt 0.53691602 0.74888897
vt 0.53727502 0.74542296
vt 0.46975499 0.87258798
vt 0.46704501 0.87478697
vt 0.60537201 0.80199802
vt 0.60201299 0.80299401
vt 0.60486102 0.81764501
vt 0.60831398 0.81732601
vt 0.46154001 0.86010599
vt 0.45843399 0.86173999
vt 0.60474998 0.83257198
vt 0.60821700 0.83293301
vt 0.45590901 0.84626400
vt 0.45256200 0.84724998
vt 0.60173899 0.84719402
vt 0.60506999 0.84822398
vt 0.45310000 0.83159196
vt 0.44962800 0.83190703
vt 0.59593099 0.86094600
vt 0.59901297 0.86261600
vt 0.45318300 0.81665701
vt 0.44973299 0.81629401
vt 0.58758199 0.87332797
vt 0.59026599 0.87555599
vt 0.45621499 0.80203199
vt 0.45288599 0.80099899
vt 0.57697201 0.88385201
vt 0.57915998 0.88654697
vt 0.46203300 0.78827298
vt 0.45896500 0.78660798
vt 0.56448299 0.89206302
vt 0.56611800 0.89516497
vt 0.56698298 0.75460202
vt 0.56531799 0.75766999
vt 0.57769698 0.76604098
vt 0.57993102 0.76336002
vt 0.47043499 0.77592099
vt 0.46774200 0.77367699
vt 0.55064601 0.89772600
vt 0.55163401 0.90105498
vt 0.58121097 0.76182103
vt 0.57993102 0.76336002
vt 0.59089798 0.77449101
vt 0.59245503 0.77323103
vt 0.48105201 0.76542199
vt 0.47887099 0.76272398
vt 0.53596300 0.90052700
vt 0.53628302 0.90399998
vt 0.50635803 0.74827200
vt 0.50734597 0.75161201
vt 0.52102500 0.90041798
vt 0.52066398 0.90388602
vt 0.49190599 0.75414199
vt 0.49353400 0.75724196
vt 0.50639600 0.89741099
vt 0.50536698 0.90074301
vt 0.59948802 0.78753400
vt 0.59640300 0.78915900
vt 0.59089798 0.77449101
vt 0.58820099 0.77667302
vt 0.57528698 0.67508304
vt 0.57170802 0.68673199
vt 0.55154097 0.75189197
vt 0.55257601 0.74854100
vt 0.52149099 0.74334002
vt 0.52167398 0.74532998
vt 0.53727502 0.74542296
vt 0.53748298 0.74343503
vt 0.50579101 0.74635899
vt 0.50635803 0.74827200
vt 0.49097601 0.75237298
vt 0.49190599 0.75414199
vt 0.47761500 0.76117003
vt 0.47887099 0.76272398
vt 0.55257601 0.74854100
vt 0.55316699 0.74663001
vt 0.60125798 0.78660399
vt 0.59948802 0.78753400
vt 0.60537201 0.80199802
vt 0.60728699 0.80142999
vt 0.60831398 0.81732601
vt 0.61030400 0.81714296
vt 0.60821700 0.83293301
vt 0.61020499 0.83314198
vt 0.60506999 0.84822398
vt 0.60697901 0.84881699
vt 0.59901297 0.86261600
vt 0.60077000 0.86356801
vt 0.59026599 0.87555599
vt 0.59180701 0.87683398
vt 0.57915998 0.88654697
vt 0.58042097 0.88810003
vt 0.56611800 0.89516497
vt 0.56705201 0.89693701
vt 0.55163401 0.90105498
vt 0.55220199 0.90297401
vt 0.53628302 0.90399998
vt 0.53646499 0.90599298
vt 0.52066398 0.90388602
vt 0.52045399 0.90587497
vt 0.50536698 0.90074301
vt 0.50477397 0.90265501
vt 0.49096701 0.89467901
vt 0.49001399 0.89643800
vt 0.47802201 0.88591599
vt 0.47674200 0.88745499
vt 0.46704501 0.87478697
vt 0.46549001 0.87604702
vt 0.45843399 0.86173999
vt 0.45666200 0.86267197
vt 0.45256200 0.84724998
vt 0.45064399 0.84781599
vt 0.44962800 0.83190703
vt 0.44763699 0.83208901
vt 0.44973299 0.81629401
vt 0.44774401 0.81608403
vt 0.45288599 0.80099899
vt 0.45097601 0.80040503
vt 0.45896500 0.78660798
vt 0.45720699 0.78565097
vt 0.46774200 0.77367699
vt 0.46620399 0.77239597
vt 0.79014403 0.36476099
vt 0.79122901 0.35147899
vt 0.78469598 0.35108298
vt 0.78328198 0.36403501
vt 0.73145902 0.36861300
vt 0.73639500 0.35403299
vt 0.73005098 0.35166198
vt 0.72458702 0.36616802
vt 0.85178798 0.36286700
vt 0.85383600 0.37818003
vt 0.72373998 0.34910601
vt 0.71772802 0.36349303
vt 0.78168201 0.37945098
vt 0.78328198 0.36403501
vt 0.77641702 0.36326897
vt 0.77441502 0.37860298
vt 0.84496999 0.36369503
vt 0.84663898 0.37902099
vt 0.71744901 0.34615898
vt 0.71087199 0.36054999
vt 0.78893298 0.38010502
vt 0.79014403 0.36476099
vt 0.83815098 0.36448598
vt 0.83947998 0.37970501
vt 0.71115899 0.34263301
vt 0.70404798 0.35734898
vt 0.79619402 0.38059002
vt 0.79702002 0.36510199
vt 0.83130401 0.36489898
vt 0.83232498 0.38024497
vt 0.93113899 0.35394001
vt 0.92364800 0.33942699
vt 0.91740698 0.34314197
vt 0.92440301 0.35732102
vt 0.80346203 0.38085902
vt 0.80388999 0.36550999
vt 0.82447201 0.36529398
vt 0.82513303 0.38064200
vt 0.91110599 0.34622198
vt 0.91763401 0.36050397
vt 0.81071103 0.38095999
vt 0.81077403 0.36553401
vt 0.81762600 0.36547798
vt 0.81793302 0.38086599
vt 0.90482402 0.34899402
vt 0.91078699 0.36339301
vt 0.89846802 0.35148197
vt 0.90392101 0.36608499
vt 0.76959699 0.36220300
vt 0.76714700 0.37753201
vt 0.89199299 0.35374302
vt 0.89692497 0.36856800
vt 0.76282603 0.36094999
vt 0.75990802 0.37623101
vt 0.88543999 0.35588700
vt 0.88982499 0.37073898
vt 0.75614798 0.35948801
vt 0.75270498 0.37470698
vt 0.87875801 0.35760999
vt 0.88270903 0.37268901
vt 0.74948698 0.35792100
vt 0.74551600 0.37295502
vt 0.87205797 0.35927099
vt 0.87553602 0.37440801
vt 0.74289799 0.35608798
vt 0.73841399 0.37089097
vt 0.81712598 0.33630401
vt 0.81706500 0.33281201
vt 0.81098002 0.33281100
vt 0.81095999 0.33634597
vt 0.84496999 0.36369503
vt 0.84348500 0.35077101
vt 0.83697802 0.35132003
vt 0.83815098 0.36448598
vt 0.71744901 0.34615898
vt 0.72334498 0.33531898
vt 0.71827698 0.33278501
vt 0.71115899 0.34263301
vt 0.79702002 0.36510199
vt 0.79774499 0.35200101
vt 0.83046198 0.35184801
vt 0.83130401 0.36489898
vt 0.92364800 0.33942699
vt 0.91624397 0.32961297
vt 0.91117501 0.33230603
vt 0.91740698 0.34314197
vt 0.80388999 0.36550999
vt 0.80427200 0.35223103
vt 0.82391602 0.35208797
vt 0.82447201 0.36529398
vt 0.90574801 0.33487600
vt 0.91110599 0.34622198
vt 0.81077403 0.36553401
vt 0.81077898 0.35241801
vt 0.81734800 0.35247701
vt 0.81762600 0.36547798
vt 0.90001500 0.33735400
vt 0.90482402 0.34899402
vt 0.89395899 0.33942503
vt 0.89846802 0.35148197
vt 0.77641702 0.36326897
vt 0.77824199 0.35005301
vt 0.77179599 0.34929401
vt 0.76959699 0.36220300
vt 0.88788497 0.34145302
vt 0.89199299 0.35374302
vt 0.76541001 0.34818900
vt 0.76282603 0.36094999
vt 0.88174099 0.34325802
vt 0.88543999 0.35588700
vt 0.75903302 0.34691799
vt 0.75614798 0.35948801
vt 0.87552899 0.34496701
vt 0.87875801 0.35760999
vt 0.75279802 0.34538502
vt 0.74948698 0.35792100
vt 0.86920899 0.34638500
vt 0.87205797 0.35927099
vt 0.74663699 0.34378397
vt 0.74289799 0.35608798
vt 0.86288100 0.34771597
vt 0.86528802 0.36060297
vt 0.74054497 0.34198201
vt 0.73639500 0.35403299
vt 0.85644603 0.34889001
vt 0.85853302 0.36172199
vt 0.73454201 0.33996898
vt 0.73005098 0.35166198
vt 0.84996802 0.34976703
vt 0.85178798 0.36286700
vt 0.72878098 0.33770502
vt 0.72373998 0.34910601
vt 0.76818597 0.33258897
vt 0.76877302 0.32917303
vt 0.76292902 0.32813698
vt 0.76226401 0.33147502
vt 0.77179599 0.34929401
vt 0.77301103 0.34147102
vt 0.76680398 0.34045100
vt 0.76541001 0.34818900
vt 0.89460301 0.32299298
vt 0.89353299 0.31989300
vt 0.88805902 0.32164103
vt 0.88907301 0.32484901
vt 0.82329202 0.33614999
vt 0.82315201 0.33259398
vt 0.88245201 0.32326001
vt 0.88340199 0.32656997
vt 0.79860801 0.33596700
vt 0.79878300 0.33248502
vt 0.79273599 0.33208400
vt 0.79247898 0.33558100
vt 0.87676001 0.32482600
vt 0.87762499 0.32815099
vt 0.77419400 0.33354998
vt 0.77470702 0.33006001
vt 0.87099200 0.32625598
vt 0.87177801 0.32961702
vt 0.75715798 0.32687700
vt 0.75640202 0.33023000
vt 0.86516100 0.32755500
vt 0.86586601 0.33094299
vt 0.75144798 0.32558203
vt 0.75062901 0.32882899
vt 0.85928899 0.32872999
vt 0.85990602 0.33211398
vt 0.74585903 0.32407498
vt 0.74494398 0.32732099
vt 0.85336202 0.32969803
vt 0.85390598 0.33315498
vt 0.74036902 0.32251400
vt 0.73939300 0.32565200
vt 0.84736902 0.33051902
vt 0.84783602 0.33403498
vt 0.73502600 0.32083601
vt 0.73399597 0.32385600
vt 0.84135097 0.33129001
vt 0.84173101 0.33475697
vt 0.72983700 0.31899297
vt 0.72871900 0.32197201
vt 0.78670299 0.33155602
vt 0.78636599 0.33504802
vt 0.83529699 0.33183497
vt 0.83560300 0.33537799
vt 0.72481000 0.31711102
vt 0.72358501 0.31992298
vt 0.78469598 0.35108298
vt 0.78553402 0.34307498
vt 0.77925497 0.34236902
vt 0.77824199 0.35005301
vt 0.82923299 0.33233100
vt 0.82945198 0.33582199
vt 0.91045600 0.31666100
vt 0.90910703 0.31384099
vt 0.90406698 0.31592798
vt 0.90530598 0.31892002
vt 0.80477202 0.33623499
vt 0.80487400 0.33266997
vt 0.89885902 0.31796598
vt 0.90001100 0.32102299
vt 0.76393098 0.29253799
vt 0.75887400 0.29168999
vt 0.88788497 0.34145302
vt 0.88564599 0.33408898
vt 0.87967300 0.33577597
vt 0.88174099 0.34325802
vt 0.76067501 0.33927101
vt 0.75903302 0.34691799
vt 0.87364101 0.33737302
vt 0.87552899 0.34496701
vt 0.75461698 0.33788002
vt 0.75279802 0.34538502
vt 0.86752999 0.33873802
vt 0.86920899 0.34638500
vt 0.74863797 0.33637202
vt 0.74663699 0.34378397
vt 0.86137301 0.34000099
vt 0.86288100 0.34771597
vt 0.74277401 0.33470798
vt 0.74054497 0.34198201
vt 0.85518003 0.34111297
vt 0.85644603 0.34889001
vt 0.73704600 0.33289301
vt 0.73454201 0.33996898
vt 0.84892899 0.34202999
vt 0.84996802 0.34976703
vt 0.73148203 0.33087701
vt 0.72878098 0.33770502
vt 0.79122901 0.35147899
vt 0.79185700 0.34364301
vt 0.84263402 0.34281200
vt 0.84348500 0.35077101
vt 0.72606403 0.32875198
vt 0.72334498 0.33531898
vt 0.78026599 0.33436900
vt 0.78068900 0.33088303
vt 0.83630502 0.34343100
vt 0.83697802 0.35132003
vt 0.72081798 0.32661402
vt 0.71827698 0.33278501
vt 0.79774499 0.35200101
vt 0.79819298 0.34408402
vt 0.82997698 0.34393501
vt 0.83046198 0.35184801
vt 0.91624397 0.32961297
vt 0.91349202 0.32339001
vt 0.90822297 0.32571799
vt 0.91117501 0.33230603
vt 0.80427200 0.35223103
vt 0.80453998 0.34432602
vt 0.82362998 0.34425402
vt 0.82391602 0.35208797
vt 0.90280402 0.32802999
vt 0.90574801 0.33487600
vt 0.81077898 0.35241801
vt 0.81089801 0.34446299
vt 0.81726801 0.34443998
vt 0.81734800 0.35247701
vt 0.89722198 0.33021700
vt 0.90001500 0.33735400
vt 0.89150101 0.33224899
vt 0.89395899 0.33942503
vt 0.74896801 0.28976899
vt 0.74948901 0.28723198
vt 0.74466699 0.28623599
vt 0.74412501 0.28872901
vt 0.85854000 0.29255903
vt 0.85336900 0.29336703
vt 0.75388902 0.29075098
vt 0.84815598 0.29407799
vt 0.84291601 0.29469299
vt 0.78987098 0.29561102
vt 0.78461200 0.29518098
vt 0.83765101 0.29521400
vt 0.73939902 0.28765702
vt 0.79515803 0.29593903
vt 0.83236700 0.29563600
vt 0.73478597 0.28655100
vt 0.80045903 0.29617202
vt 0.82706797 0.29596800
vt 0.89782202 0.28330702
vt 0.89321297 0.28462303
vt 0.80577302 0.29633301
vt 0.82175201 0.29622000
vt 0.88848698 0.28591698
vt 0.81109703 0.29639399
vt 0.81642598 0.29635298
vt 0.88366199 0.28718799
vt 0.87875903 0.28839499
vt 0.77938098 0.29465199
vt 0.87378299 0.28955603
vt 0.77418500 0.29402798
vt 0.86875600 0.29064500
vt 0.76902997 0.29331899
vt 0.86367297 0.29165500
vt 0.89718002 0.28095800
vt 0.89661902 0.27879101
vt 0.89198202 0.27995199
vt 0.89255500 0.28219002
vt 0.79007000 0.29287499
vt 0.78486001 0.29246402
vt 0.84262598 0.29197001
vt 0.83740699 0.29246700
vt 0.73994303 0.28521901
vt 0.79530603 0.29319298
vt 0.83216798 0.29288900
vt 0.73531801 0.28420401
vt 0.80056000 0.29342198
vt 0.82691801 0.29322100
vt 0.80582702 0.29357398
vt 0.82165301 0.29345500
vt 0.88783401 0.28342599
vt 0.81110197 0.29362297
vt 0.81638098 0.29359698
vt 0.88302499 0.28465301
vt 0.87814701 0.28583097
vt 0.77967900 0.29194802
vt 0.87320697 0.28696102
vt 0.77452999 0.29134202
vt 0.86821800 0.28802103
vt 0.76941800 0.29065198
vt 0.86317903 0.28899902
vt 0.76435202 0.28990000
vt 0.85809499 0.28988898
vt 0.75933403 0.28907502
vt 0.85297602 0.29068500
vt 0.75437999 0.28818202
vt 0.84781498 0.29136699
vt 0.87365597 0.26580000
vt 0.87341702 0.26475298
vt 0.86878002 0.26573801
vt 0.86899602 0.26679301
vt 0.80587697 0.29107100
vt 0.80065298 0.29091299
vt 0.82678598 0.29071897
vt 0.82156700 0.29095000
vt 0.88725799 0.28114498
vt 0.81111002 0.29110903
vt 0.81634402 0.29109198
vt 0.88246000 0.28234899
vt 0.87760001 0.28348798
vt 0.78507602 0.28999799
vt 0.77994102 0.28949201
vt 0.87269002 0.28459901
vt 0.77483302 0.28890002
vt 0.86773801 0.28563702
vt 0.76975501 0.28822500
vt 0.86273903 0.28659302
vt 0.76472098 0.28750098
vt 0.85769898 0.28746402
vt 0.75973803 0.28670299
vt 0.85262799 0.28824502
vt 0.75481600 0.28583598
vt 0.84751201 0.28890097
vt 0.74994397 0.28491801
vt 0.84236699 0.28950000
vt 0.74514198 0.28395498
vt 0.79023999 0.29039103
vt 0.83719099 0.28997499
vt 0.74041098 0.28298497
vt 0.79543501 0.29069799
vt 0.83199298 0.29039401
vt 0.73577601 0.28204000
vt 0.85960698 0.26848203
vt 0.85943401 0.26741499
vt 0.85471702 0.26813900
vt 0.85487002 0.26921099
vt 0.80126899 0.27205098
vt 0.80129999 0.27093703
vt 0.79640001 0.27077103
vt 0.79635400 0.27187997
vt 0.86413199 0.26663399
vt 0.86432302 0.26769203
vt 0.77689499 0.27048600
vt 0.77700299 0.26940101
vt 0.77223098 0.26888901
vt 0.77210498 0.26997000
vt 0.86515498 0.27230197
vt 0.86036402 0.27313399
vt 0.76748401 0.26831400
vt 0.76734102 0.26938498
vt 0.76277000 0.26764101
vt 0.76260799 0.26871097
vt 0.84996402 0.26875901
vt 0.85009801 0.26983899
vt 0.75807101 0.26690602
vt 0.75789398 0.26796800
vt 0.84517801 0.26930398
vt 0.84529603 0.27039301
vt 0.75339401 0.26606101
vt 0.75319201 0.26712400
vt 0.84037399 0.26979399
vt 0.84047502 0.27088702
vt 0.74869299 0.26512700
vt 0.74846798 0.26619703
vt 0.83553600 0.27018797
vt 0.83562100 0.27128899
vt 0.74393803 0.26405799
vt 0.74367797 0.26514602
vt 0.79151797 0.27053899
vt 0.79145497 0.27164000
vt 0.83068001 0.27052402
vt 0.83074701 0.27162600
vt 0.73907799 0.26276898
vt 0.73872101 0.26390499
vt 0.79116797 0.27643698
vt 0.78622800 0.27608001
vt 0.82580602 0.27076000
vt 0.82585400 0.27186698
vt 0.73401201 0.26088500
vt 0.73354203 0.26201999
vt 0.80618900 0.27216500
vt 0.80620402 0.27105403
vt 0.82091898 0.27094299
vt 0.82095098 0.27205199
vt 0.88790601 0.26195902
vt 0.88753802 0.26085198
vt 0.88269597 0.26234502
vt 0.88300699 0.26341200
vt 0.81111401 0.27219403
vt 0.81111199 0.27107900
vt 0.87802798 0.26362199
vt 0.87829900 0.26467299
vt 0.81603700 0.27214402
vt 0.81602103 0.27103299
vt 0.78172201 0.27093297
vt 0.78181499 0.26983798
vt 0.84797800 0.25205201
vt 0.84346497 0.25254500
vt 0.77155298 0.27467197
vt 0.76670998 0.27405202
vt 0.85554498 0.27387601
vt 0.76190102 0.27335101
vt 0.85070503 0.27453202
vt 0.75711602 0.27257901
vt 0.84583002 0.27513099
vt 0.75233299 0.27175200
vt 0.84092402 0.27562600
vt 0.74752897 0.27084702
vt 0.79614103 0.27669501
vt 0.83599699 0.27608001
vt 0.74264801 0.26988900
vt 0.78657597 0.27131802
vt 0.78665698 0.27021801
vt 0.83104402 0.27642602
vt 0.73760700 0.26888698
vt 0.80112898 0.27689302
vt 0.82607502 0.27668101
vt 0.89415699 0.26561499
vt 0.88914400 0.26679999
vt 0.80612200 0.27699101
vt 0.82109803 0.27687299
vt 0.88425398 0.26806498
vt 0.81111997 0.27704000
vt 0.81611198 0.27697003
vt 0.87944502 0.26925099
vt 0.87468302 0.27037603
vt 0.78131199 0.27568799
vt 0.86992198 0.27138400
vt 0.77641898 0.27521300
vt 0.83430600 0.25317198
vt 0.83127701 0.00068003
vt 0.82704598 0.00069600
vt 0.82968402 0.25329697
vt 0.76082802 0.25080198
vt 0.75647002 0.25035399
vt 0.83889103 0.25276798
vt 0.75225300 0.24967301
vt 0.79249102 0.25313997
vt 0.78785598 0.25301200
vt 0.83430600 0.25317198
vt 0.74812597 0.24895501
vt 0.79712999 0.25343698
vt 0.82968402 0.25329697
vt 0.74400997 0.24830699
vt 0.80177402 0.25367600
vt 0.82505602 0.25360399
vt 0.74017602 0.24749798
vt 0.80643499 0.25363100
vt 0.82040697 0.25362903
vt 0.88181299 0.24737102
vt 0.87800199 0.24812800
vt 0.81109899 0.25375903
vt 0.81575501 0.25383502
vt 0.87403500 0.24886203
vt 0.86984903 0.24940503
vt 0.78324997 0.25282800
vt 0.86564302 0.25008702
vt 0.77867502 0.25259399
vt 0.86129498 0.25053799
vt 0.77413899 0.25231701
vt 0.85692698 0.25115502
vt 0.76966399 0.25177598
vt 0.85246098 0.25151598
vt 0.76520002 0.25141501
vt 0.74812597 0.24895501
vt 0.75093901 0.00036901
vt 0.74672401 0.00031799
vt 0.74400997 0.24830699
vt 0.80177402 0.25367600
vt 0.80164498 0.00071698
vt 0.79741198 0.00070697
vt 0.79712999 0.25343698
vt 0.82281399 0.00070900
vt 0.82505602 0.25360399
vt 0.74240899 0.00026500
vt 0.74017602 0.24749798
vt 0.80643499 0.25363100
vt 0.80587900 0.00072300
vt 0.81858099 0.00071800
vt 0.82040697 0.25362903
vt 0.88181299 0.24737102
vt 0.87770599 0.00026500
vt 0.87349302 0.00031799
vt 0.87800199 0.24812800
vt 0.81109899 0.25375903
vt 0.81011200 0.00072497
vt 0.81434602 0.00072402
vt 0.81575501 0.25383502
vt 0.86927903 0.00036901
vt 0.87403500 0.24886203
vt 0.86506402 0.00041699
vt 0.86984903 0.24940503
vt 0.78785598 0.25301200
vt 0.78895003 0.00067699
vt 0.78472000 0.00065702
vt 0.78324997 0.25282800
vt 0.86084801 0.00046200
vt 0.86564302 0.25008702
vt 0.78049099 0.00063300
vt 0.77867502 0.25259399
vt 0.85663003 0.00050300
vt 0.86129498 0.25053799
vt 0.77626401 0.00060499
vt 0.77413899 0.25231701
vt 0.85240901 0.00054097
vt 0.85692698 0.25115502
vt 0.77203900 0.00057399
vt 0.76966399 0.25177598
vt 0.84818703 0.00057602
vt 0.85246098 0.25151598
vt 0.76781499 0.00054002
vt 0.76520002 0.25141501
vt 0.84396201 0.00060701
vt 0.84797800 0.25205201
vt 0.76359397 0.00050199
vt 0.76082802 0.25080198
vt 0.83973598 0.00063503
vt 0.84346497 0.25254500
vt 0.75937402 0.00046098
vt 0.75647002 0.25035399
vt 0.83550698 0.00065899
vt 0.83889103 0.25276798
vt 0.75515598 0.00041598
vt 0.75225300 0.24967301
vt 0.79249102 0.25313997
vt 0.79318100 0.00069398
vt 0.61377102 0.72261202
vt 0.58506501 0.75718403
vt 0.55590099 0.79226398
vt 0.57437903 0.77004004
vt 0.56284600 0.76223999
vt 0.54906702 0.78763598
vt 0.56793600 0.75284201
vt 0.56698298 0.75460202
vt 0.55000597 0.75685203
vt 0.54146099 0.78443003
vt 0.54520500 0.66902500
vt 0.54397702 0.68103302
vt 0.53637499 0.75405300
vt 0.53337699 0.78277099
vt 0.51458901 0.66889298
vt 0.51572800 0.68097401
vt 0.52247000 0.75395298
vt 0.52512598 0.78271902
vt 0.48464099 0.67465699
vt 0.48806399 0.68625402
vt 0.50882101 0.75658298
vt 0.51702303 0.78427702
vt 0.45634699 0.68613696
vt 0.46191001 0.69681299
vt 0.49594599 0.76183200
vt 0.50937998 0.78738403
vt 0.64122301 0.73365402
vt 0.65066099 0.72600001
vt 0.56169999 0.79813701
vt 0.58415997 0.77994400
vt 0.65679502 0.75731999
vt 0.66753697 0.75166398
vt 0.56624103 0.80502701
vt 0.59180498 0.79157197
vt 0.66748798 0.78355801
vt 0.67907298 0.78012502
vt 0.56935000 0.81267101
vt 0.59704101 0.80446696
vt 0.67275798 0.81135702
vt 0.68488401 0.81023902
vt 0.57090998 0.82077402
vt 0.59968901 0.81812298
vt 0.67260700 0.83961797
vt 0.68466800 0.84087300
vt 0.57085800 0.82902503
vt 0.59959000 0.83202899
vt 0.66691899 0.86731601
vt 0.67849898 0.87088799
vt 0.56919700 0.83710998
vt 0.59677798 0.84565496
vt 0.56599098 0.84471601
vt 0.59136802 0.85847700
vt 0.63099498 0.90930903
vt 0.59644300 0.88067299
vt 0.56136203 0.85155100
vt 0.58358002 0.87001199
vt 0.62006998 0.93681502
vt 0.62779403 0.94627100
vt 0.55548900 0.85735202
vt 0.57369602 0.87981302
vt 0.59647202 0.95256001
vt 0.60216802 0.96328801
vt 0.54859501 0.86189699
vt 0.56206203 0.88746798
vt 0.57009602 0.96324199
vt 0.57358003 0.97497898
vt 0.54094702 0.86500698
vt 0.54916698 0.89273798
vt 0.54216200 0.96862501
vt 0.54324597 0.98077601
vt 0.53283900 0.86656499
vt 0.53548801 0.89535302
vt 0.51376301 0.96840203
vt 0.51245803 0.98043698
vt 0.52458298 0.86651099
vt 0.52156597 0.89525199
vt 0.48601699 0.96258903
vt 0.48238099 0.97416800
vt 0.51649600 0.86484802
vt 0.50793099 0.89244801
vt 0.45996001 0.95155400
vt 0.45414901 0.96220201
vt 0.50888801 0.86163902
vt 0.49510199 0.88704002
vt 0.43659499 0.93565500
vt 0.42880300 0.94500899
vt 0.50205398 0.85700798
vt 0.48357499 0.87923002
vt 0.41668400 0.91557801
vt 0.40730199 0.92318100
vt 0.49625400 0.85113204
vt 0.47379401 0.86932099
vt 0.40116501 0.89192599
vt 0.39039201 0.89761299
vt 0.49171299 0.84423798
vt 0.46613801 0.85768998
vt 0.39045301 0.86573702
vt 0.37882301 0.86921000
vt 0.48860401 0.83659101
vt 0.46089399 0.84478700
vt 0.38506699 0.83791900
vt 0.37300399 0.83904099
vt 0.48704800 0.82848501
vt 0.45827100 0.83111602
vt 0.38525400 0.80954599
vt 0.37311500 0.80827701
vt 0.48710299 0.82023203
vt 0.45835099 0.81720197
vt 0.39093000 0.78171003
vt 0.37934500 0.77810800
vt 0.48876899 0.81214899
vt 0.46117499 0.80357397
vt 0.40206599 0.75559199
vt 0.39134201 0.74973798
vt 0.49197999 0.80454600
vt 0.46659800 0.79075301
vt 0.41799399 0.73211396
vt 0.40871301 0.72433603
vt 0.49661300 0.79771698
vt 0.47442400 0.77924097
vt 0.43828201 0.71233702
vt 0.43066600 0.70284104
vt 0.50248802 0.79192197
vt 0.48431900 0.76946104
vt 0.60536098 0.68346202
vt 0.63146800 0.70104003
vt 0.60361701 0.68696797
vt 0.62909198 0.70414102
vt 0.57633603 0.67130899
vt 0.57528698 0.67508304
vt 0.54552603 0.66512299
vt 0.54520500 0.66902500
vt 0.51418197 0.66501296
vt 0.51458901 0.66889298
vt 0.48353401 0.67092901
vt 0.48464099 0.67465699
vt 0.45457199 0.68265599
vt 0.45634699 0.68613696
vt 0.65358502 0.72342098
vt 0.65066099 0.72600001
vt 0.67089498 0.74970299
vt 0.66753697 0.75166398
vt 0.68273801 0.77885598
vt 0.67907298 0.78012502
vt 0.68870997 0.80971301
vt 0.68488401 0.81023902
vt 0.68851101 0.84111398
vt 0.68466800 0.84087300
vt 0.68221003 0.87188399
vt 0.67849898 0.87088799
vt 0.67004699 0.90086198
vt 0.66661298 0.89915001
vt 0.65253198 0.92696899
vt 0.64951301 0.92461002
vt 0.63027197 0.94919401
vt 0.62779403 0.94627100
vt 0.60400200 0.96666801
vt 0.60216802 0.96328801
vt 0.57467502 0.97868103
vt 0.57358003 0.97497898
vt 0.54354203 0.98461199
vt 0.54324597 0.98077601
vt 0.51196599 0.98424399
vt 0.51245803 0.98043698
vt 0.48113599 0.97779399
vt 0.48238099 0.97416800
vt 0.45220199 0.96550703
vt 0.45414901 0.96220201
vt 0.42623001 0.94786298
vt 0.42880300 0.94500899
vt 0.40420499 0.92547798
vt 0.40730199 0.92318100
vt 0.38689500 0.89925998
vt 0.39039201 0.89761299
vt 0.37505600 0.87014401
vt 0.37882301 0.86921000
vt 0.36911100 0.83923197
vt 0.37300399 0.83904099
vt 0.36924800 0.80770999
vt 0.37311500 0.80827701
vt 0.37564701 0.77680200
vt 0.37934500 0.77810800
vt 0.38795999 0.74774802
vt 0.39134201 0.74973798
vt 0.40576899 0.72173798
vt 0.40871301 0.72433603
vt 0.42827001 0.69974101
vt 0.43066600 0.70284104
vt 0.57603401 0.76804698
vt 0.56407899 0.75996000
vt 0.55076998 0.75437802
vt 0.53664398 0.75147998
vt 0.52223301 0.75137299
vt 0.50808603 0.75410300
vt 0.49474499 0.75954598
vt 0.58617300 0.77831399
vt 0.59409702 0.79036701
vt 0.59951800 0.80373096
vt 0.60227001 0.81788498
vt 0.60216099 0.83230102
vt 0.59925300 0.84642398
vt 0.59364098 0.85970902
vt 0.58557397 0.87166500
vt 0.57533097 0.88182801
vt 0.56326699 0.88975602
vt 0.54990500 0.89522702
vt 0.53572398 0.89793301
vt 0.52129501 0.89782798
vt 0.50716400 0.89492202
vt 0.49386701 0.88931799
vt 0.48191899 0.88122302
vt 0.47178301 0.87094998
vt 0.46384400 0.85889500
vt 0.45840701 0.84552199
vt 0.45569599 0.83135301
vt 0.45577201 0.81693000
vt 0.45870301 0.80280399
vt 0.46432301 0.78951597
vt 0.47243699 0.77758801
vt 0.48268801 0.76744598
vt 0.56936699 0.75019801
vt 0.58313400 0.75950599
vt 0.55405301 0.74375904
vt 0.53779501 0.74044901
vt 0.52121502 0.74034798
vt 0.50493598 0.74348104
vt 0.48958200 0.74971801
vt 0.59479499 0.77134001
vt 0.60391903 0.78520703
vt 0.61016399 0.80057698
vt 0.61329800 0.81686699
vt 0.61319101 0.83345699
vt 0.60984898 0.84970802
vt 0.60341001 0.86499900
vt 0.59412098 0.87875098
vt 0.58231801 0.89043802
vt 0.56845403 0.89959598
vt 0.55305803 0.90586197
vt 0.53673500 0.90898800
vt 0.52013898 0.90885997
vt 0.50388497 0.90552700
vt 0.48857901 0.89908201
vt 0.47481701 0.88976800
vt 0.46315300 0.87793899
vt 0.45399800 0.86407101
vt 0.44775900 0.84866601
vt 0.44464499 0.83236301
vt 0.44475299 0.81576800
vt 0.44810900 0.79951203
vt 0.45456401 0.78421301
vt 0.46389699 0.77047402
vt 0.47572500 0.75883102
vt 0.79131299 0.27405399
vt 0.78640097 0.27370501
vt 0.79624897 0.27428901
vt 0.80120099 0.27448201
vt 0.80615902 0.27458501
vt 0.81111699 0.27463198
vt 0.81607401 0.27456200
vt 0.78151399 0.27332503
vt 0.77665800 0.27285898
vt 0.77182901 0.27232403
vt 0.76702601 0.27172703
vt 0.76225603 0.27104199
vt 0.75750399 0.27027297
vt 0.75275499 0.26945299
vt 0.74798298 0.26852298
vt 0.74314499 0.26752400
vt 0.73809600 0.26639199
vt 0.89357400 0.26314998
vt 0.88854301 0.26441199
vt 0.89288402 0.26068401
vt 0.88365501 0.26573902
vt 0.87888098 0.26695800
vt 0.87417197 0.26808900
vt 0.86946201 0.26909399
vt 0.86473900 0.27000302
vt 0.85999000 0.27082098
vt 0.85521299 0.27155000
vt 0.85040200 0.27219599
vt 0.84556103 0.27276897
vt 0.84069699 0.27325702
vt 0.83580500 0.27369499
vt 0.83089203 0.27403897
vt 0.82596099 0.27427900
vt 0.82102102 0.27447498
vt 0.21106800 0.67438799
vt 0.21105500 0.65940499
vt 0.20351900 0.65925598
vt 0.20358600 0.67453098
vt 0.18388900 0.61030698
vt 0.15258300 0.60697603
vt 0.15121400 0.62432098
vt 0.18235201 0.62662899
vt 0.18605800 0.59389997
vt 0.15445299 0.58949500
vt 0.18881200 0.57733399
vt 0.15676600 0.57186300
vt 0.19220901 0.56064200
vt 0.15974800 0.55405498
vt 0.19627200 0.54373699
vt 0.16322100 0.53598899
vt 0.20092200 0.52652699
vt 0.16747400 0.51765901
vt 0.20648700 0.50902301
vt 0.17220800 0.49874002
vt 0.21282899 0.49099302
vt 0.17760400 0.47941101
vt 0.22013000 0.47238398
vt 0.18373600 0.45945799
vt 0.22864600 0.45304197
vt 0.19044000 0.43844301
vt 0.23835100 0.43258500
vt 0.19758700 0.41637999
vt 0.24945000 0.41069502
vt 0.20521300 0.39310902
vt 0.26227701 0.38587999
vt 0.21319000 0.36824697
vt 0.25570601 0.92997897
vt 0.21430901 0.94726002
vt 0.22249600 0.97049701
vt 0.26825699 0.95355099
vt 0.24459000 0.90900499
vt 0.20626999 0.92538500
vt 0.23478800 0.88979000
vt 0.19885100 0.90456301
vt 0.22622199 0.87141901
vt 0.19170401 0.88485903
vt 0.25871301 0.85482299
vt 0.25043499 0.83938599
vt 0.24264900 0.84318697
vt 0.25082201 0.85922301
vt 0.21870799 0.85381699
vt 0.18522400 0.86598200
vt 0.21203600 0.83675802
vt 0.17943101 0.84764498
vt 0.20620200 0.81998897
vt 0.17421199 0.82972300
vt 0.20108400 0.80353302
vt 0.16958000 0.81212300
vt 0.19662499 0.78721899
vt 0.16538700 0.79475904
vt 0.19265801 0.77107596
vt 0.16179200 0.77754903
vt 0.18940499 0.75499898
vt 0.15857500 0.76050800
vt 0.18653899 0.73902404
vt 0.15601100 0.74351799
vt 0.18436401 0.72300100
vt 0.15385599 0.72655404
vt 0.18271700 0.70700300
vt 0.15217599 0.70958900
vt 0.18159901 0.69103396
vt 0.15098099 0.69263804
vt 0.26423201 0.47223699
vt 0.27581501 0.45505297
vt 0.26690301 0.44892299
vt 0.25571099 0.46702200
vt 0.24313299 0.67368102
vt 0.24332701 0.65991998
vt 0.15034600 0.64151704
vt 0.18134999 0.64282203
vt 0.18098199 0.67500103
vt 0.15030000 0.67564100
vt 0.17969400 0.43517298
vt 0.17354800 0.45636201
vt 0.23689200 0.80893499
vt 0.23142600 0.79391003
vt 0.22389799 0.79637998
vt 0.22931300 0.81183702
vt 0.21163900 0.68933797
vt 0.20412099 0.68975496
vt 0.15005000 0.65859604
vt 0.18088700 0.65891999
vt 0.23303100 0.53702199
vt 0.23912001 0.52116799
vt 0.23106401 0.51794499
vt 0.22512200 0.53424299
vt 0.28002301 0.88660800
vt 0.26840499 0.87048298
vt 0.26034001 0.87564999
vt 0.27163500 0.89272898
vt 0.21658599 0.73413700
vt 0.21430101 0.71922004
vt 0.20684101 0.72016799
vt 0.20908500 0.73537397
vt 0.21675999 0.59885299
vt 0.21982500 0.58357799
vt 0.21210800 0.58192897
vt 0.20912901 0.59752101
vt 0.28966400 0.43743801
vt 0.28044900 0.42987299
vt 0.22682901 0.77891600
vt 0.21929400 0.78104502
vt 0.21161900 0.64433199
vt 0.20402600 0.64391303
vt 0.24620999 0.50510097
vt 0.23803100 0.50134599
vt 0.21268600 0.70429504
vt 0.20516700 0.70498002
vt 0.22341800 0.56817001
vt 0.21565001 0.56619596
vt 0.30689999 0.41893297
vt 0.29703799 0.40967500
vt 0.22276600 0.76394796
vt 0.21524499 0.76579100
vt 0.21275800 0.62921703
vt 0.20516901 0.62853098
vt 0.25449800 0.48879403
vt 0.24615701 0.48438799
vt 0.24319300 0.82410598
vt 0.23550200 0.82742703
vt 0.22788200 0.55266702
vt 0.22003201 0.55032700
vt 0.31116900 0.92038000
vt 0.29377300 0.90313399
vt 0.28505501 0.91063499
vt 0.30200899 0.92993200
vt 0.21931501 0.74903899
vt 0.21187200 0.75057799
vt 0.21447000 0.61406100
vt 0.20687500 0.61306798
vt 0.20043799 0.36448401
vt 0.18305001 0.36064798
vt 0.17699499 0.38501900
vt 0.19332799 0.38937598
vt 0.15013300 0.76193100
vt 0.15318599 0.77923501
vt 0.18632700 0.41286302
vt 0.14148000 0.65858698
vt 0.14187400 0.67586803
vt 0.14751500 0.74470800
vt 0.14180800 0.64124399
vt 0.14535600 0.72751200
vt 0.14255300 0.62379897
vt 0.14372399 0.71031296
vt 0.20304801 0.95113403
vt 0.21060000 0.97450900
vt 0.14390101 0.60620201
vt 0.14251100 0.69311798
vt 0.19578500 0.92904299
vt 0.14571500 0.58848202
vt 0.18868500 0.90805697
vt 0.14787400 0.57056499
vt 0.18207701 0.88811499
vt 0.15080000 0.55249399
vt 0.17590900 0.86896300
vt 0.15415300 0.53415501
vt 0.17038301 0.85033399
vt 0.15817399 0.51547897
vt 0.16539100 0.83213902
vt 0.16269200 0.49633902
vt 0.16082899 0.81427503
vt 0.16776900 0.47664797
vt 0.15683401 0.79666102
vt 0.17466301 0.91253603
vt 0.15708800 0.91739702
vt 0.16247600 0.93883699
vt 0.18089800 0.93377298
vt 0.13046600 0.62306702
vt 0.12983300 0.64086801
vt 0.13194500 0.71125799
vt 0.13352200 0.72877502
vt 0.18767899 0.95578599
vt 0.19419500 0.97884101
vt 0.13177700 0.60514402
vt 0.13059600 0.69374299
vt 0.18089800 0.93377298
vt 0.13328999 0.58708298
vt 0.12984300 0.67619503
vt 0.17466301 0.91253603
vt 0.13560800 0.56886899
vt 0.16867299 0.89229298
vt 0.13835999 0.55040598
vt 0.16314501 0.87269998
vt 0.14142300 0.53169399
vt 0.15770800 0.85380000
vt 0.14504200 0.51262200
vt 0.15298700 0.83528298
vt 0.14922300 0.49311697
vt 0.14864500 0.81711102
vt 0.15428700 0.47319603
vt 0.14467900 0.79923600
vt 0.15923800 0.45244801
vt 0.14136000 0.78145498
vt 0.16459300 0.43089098
vt 0.13806400 0.76388401
vt 0.17070700 0.40850002
vt 0.12975900 0.65857804
vt 0.13584299 0.74628103
vt 0.14189900 0.85789502
vt 0.12830500 0.86105001
vt 0.13234000 0.88059300
vt 0.14674801 0.87708199
vt 0.13560800 0.56886899
vt 0.11989000 0.56684101
vt 0.11786400 0.58551699
vt 0.13328999 0.58708298
vt 0.16867299 0.89229298
vt 0.15167500 0.89696902
vt 0.13835999 0.55040598
vt 0.12236300 0.54804301
vt 0.16314501 0.87269998
vt 0.14674801 0.87708199
vt 0.14142300 0.53169399
vt 0.12524000 0.52890199
vt 0.15770800 0.85380000
vt 0.14189900 0.85789502
vt 0.14504200 0.51262200
vt 0.12877201 0.50945997
vt 0.15298700 0.83528298
vt 0.13738100 0.83903098
vt 0.14922300 0.49311697
vt 0.13245000 0.48957002
vt 0.14864500 0.81711102
vt 0.13331699 0.82048297
vt 0.15428700 0.47319603
vt 0.13665800 0.46926397
vt 0.14467900 0.79923600
vt 0.12929100 0.80228800
vt 0.15923800 0.45244801
vt 0.14113700 0.44818503
vt 0.14136000 0.78145498
vt 0.12618600 0.78415203
vt 0.16459300 0.43089098
vt 0.14583300 0.42634398
vt 0.13806400 0.76388401
vt 0.12316100 0.76620102
vt 0.17070700 0.40850002
vt 0.15118800 0.40369898
vt 0.12975900 0.65857804
vt 0.11459100 0.65862596
vt 0.11463400 0.67666101
vt 0.12984300 0.67619503
vt 0.13584299 0.74628103
vt 0.12061600 0.74829400
vt 0.17699499 0.38501900
vt 0.15662500 0.38003099
vt 0.12983300 0.64086801
vt 0.11457300 0.64050102
vt 0.13352200 0.72877502
vt 0.11864300 0.73040497
vt 0.18305001 0.36064798
vt 0.16209801 0.35472703
vt 0.13046600 0.62306702
vt 0.11536400 0.62231004
vt 0.13194500 0.71125799
vt 0.11689000 0.71250099
vt 0.18767899 0.95578599
vt 0.16819800 0.96106100
vt 0.17384200 0.98493600
vt 0.19419500 0.97884101
vt 0.13177700 0.60514402
vt 0.11630000 0.60399300
vt 0.13059600 0.69374299
vt 0.11575300 0.69459200
vt 0.11632100 0.80475497
vt 0.10212100 0.80730999
vt 0.10547900 0.82611203
vt 0.11986200 0.82330501
vt 0.12877201 0.50945997
vt 0.11450200 0.50696599
vt 0.11152100 0.52674800
vt 0.12524000 0.52890199
vt 0.13738100 0.83903098
vt 0.12379100 0.84203500
vt 0.13245000 0.48957002
vt 0.11781000 0.48681700
vt 0.13331699 0.82048297
vt 0.11986200 0.82330501
vt 0.13665800 0.46926397
vt 0.12144900 0.46618098
vt 0.12929100 0.80228800
vt 0.11632100 0.80475497
vt 0.14113700 0.44818503
vt 0.12560600 0.44500202
vt 0.12618600 0.78415203
vt 0.11282500 0.78642201
vt 0.14583300 0.42634398
vt 0.12995000 0.42307299
vt 0.12316100 0.76620102
vt 0.11032000 0.76810896
vt 0.15118800 0.40369898
vt 0.13453300 0.40020299
vt 0.11459100 0.65862596
vt 0.10127700 0.65870100
vt 0.10169700 0.67708397
vt 0.11463400 0.67666101
vt 0.12061600 0.74829400
vt 0.10758400 0.74994200
vt 0.15662500 0.38003099
vt 0.13882001 0.37637502
vt 0.11457300 0.64050102
vt 0.10150300 0.64027202
vt 0.11864300 0.73040497
vt 0.10557400 0.73174900
vt 0.16209801 0.35472703
vt 0.14366101 0.35177398
vt 0.11536400 0.62231004
vt 0.10170800 0.62171102
vt 0.11689000 0.71250099
vt 0.10394000 0.71356201
vt 0.16819800 0.96106100
vt 0.15152401 0.96487999
vt 0.15653700 0.98796302
vt 0.17384200 0.98493600
vt 0.11630000 0.60399300
vt 0.10297900 0.60307199
vt 0.11575300 0.69459200
vt 0.10242500 0.69537604
vt 0.16247600 0.93883699
vt 0.14700900 0.94250000
vt 0.11786400 0.58551699
vt 0.10444100 0.58428401
vt 0.15708800 0.91739702
vt 0.14173000 0.92117703
vt 0.11989000 0.56684101
vt 0.10640900 0.56532401
vt 0.15167500 0.89696902
vt 0.13730399 0.90048200
vt 0.12236300 0.54804301
vt 0.10835100 0.54611397
vt 0.09379100 0.75169998
vt 0.08036400 0.75336897
vt 0.08296700 0.77201599
vt 0.09602900 0.77018201
vt 0.12560600 0.44500202
vt 0.10909900 0.44199300
vt 0.10562700 0.46343899
vt 0.12144900 0.46618098
vt 0.11282500 0.78642201
vt 0.09902300 0.78866601
vt 0.12995000 0.42307299
vt 0.11306900 0.41997099
vt 0.11032000 0.76810896
vt 0.09602900 0.77018201
vt 0.13453300 0.40020299
vt 0.11650700 0.39710599
vt 0.10127700 0.65870100
vt 0.08693600 0.65886903
vt 0.08777900 0.67756104
vt 0.10169700 0.67708397
vt 0.10758400 0.74994200
vt 0.09379100 0.75169998
vt 0.13882001 0.37637502
vt 0.12050600 0.37316400
vt 0.10150300 0.64027202
vt 0.08725800 0.64006698
vt 0.10557400 0.73174900
vt 0.09157300 0.73322999
vt 0.14366101 0.35177398
vt 0.12393800 0.34760898
vt 0.10170800 0.62171102
vt 0.08755900 0.62116599
vt 0.10394000 0.71356201
vt 0.08982300 0.71472901
vt 0.15152401 0.96487999
vt 0.13435100 0.96829498
vt 0.13815001 0.99223500
vt 0.15653700 0.98796302
vt 0.10297900 0.60307199
vt 0.08841900 0.60217601
vt 0.10242500 0.69537604
vt 0.08838000 0.69620502
vt 0.14700900 0.94250000
vt 0.13006701 0.94597101
vt 0.10444100 0.58428401
vt 0.08996200 0.58306801
vt 0.14173000 0.92117703
vt 0.12597699 0.92458302
vt 0.10640900 0.56532401
vt 0.09170400 0.56375700
vt 0.13730399 0.90048200
vt 0.12145800 0.90395802
vt 0.10835100 0.54611397
vt 0.09373900 0.54427600
vt 0.13234000 0.88059300
vt 0.11749200 0.88388401
vt 0.11152100 0.52674800
vt 0.09618400 0.52460700
vt 0.12830500 0.86105001
vt 0.11330900 0.86428499
vt 0.11450200 0.50696599
vt 0.09920500 0.50461602
vt 0.12379100 0.84203500
vt 0.10954500 0.84503800
vt 0.11781000 0.48681700
vt 0.10214000 0.48418599
vt 0.07508100 0.69700801
vt 0.03420900 0.69970596
vt 0.03574200 0.71932900
vt 0.07617900 0.71585101
vt 0.12050600 0.37316400
vt 0.10272500 0.37078202
vt 0.09966200 0.39470202
vt 0.11650700 0.39710599
vt 0.08725800 0.64006698
vt 0.07334300 0.63989496
vt 0.07354000 0.65906399
vt 0.08693600 0.65886903
vt 0.09157300 0.73322999
vt 0.07805800 0.73466200
vt 0.12393800 0.34760898
vt 0.10540400 0.34643197
vt 0.08755900 0.62116599
vt 0.07396600 0.62071097
vt 0.08982300 0.71472901
vt 0.07617900 0.71585101
vt 0.13435100 0.96829498
vt 0.11764900 0.97091401
vt 0.12086800 0.99379897
vt 0.13815001 0.99223500
vt 0.08841900 0.60217601
vt 0.07462800 0.60143304
vt 0.08838000 0.69620502
vt 0.07508100 0.69700801
vt 0.13006701 0.94597101
vt 0.11444300 0.94871700
vt 0.08996200 0.58306801
vt 0.07565100 0.58193004
vt 0.08777900 0.67756104
vt 0.07390700 0.67808801
vt 0.12597699 0.92458302
vt 0.11085100 0.92743099
vt 0.09170400 0.56375700
vt 0.07764300 0.56233704
vt 0.12145800 0.90395802
vt 0.10713800 0.90679002
vt 0.09373900 0.54427600
vt 0.07978000 0.54273200
vt 0.11749200 0.88388401
vt 0.10313500 0.88676500
vt 0.09618400 0.52460700
vt 0.08177700 0.52277803
vt 0.11330900 0.86428499
vt 0.09932700 0.86716002
vt 0.09920500 0.50461602
vt 0.08431200 0.50248098
vt 0.10954500 0.84503800
vt 0.09536300 0.84784299
vt 0.10214000 0.48418599
vt 0.08750500 0.48200500
vt 0.10547900 0.82611203
vt 0.09181200 0.82864100
vt 0.10562700 0.46343899
vt 0.09016800 0.46101701
vt 0.10212100 0.80730999
vt 0.08853800 0.80964804
vt 0.10909900 0.44199300
vt 0.09372000 0.43957400
vt 0.09902300 0.78866601
vt 0.08552100 0.79079300
vt 0.11306900 0.41997099
vt 0.09688400 0.41752499
vt 0.05786300 0.87448901
vt 0.05045400 0.87576801
vt 0.05369300 0.89525002
vt 0.06119000 0.89403403
vt 0.11444300 0.94871700
vt 0.06888000 0.95443702
vt 0.07044800 0.97610998
vt 0.11764900 0.97091401
vt 0.07565100 0.58193004
vt 0.03386200 0.57924700
vt 0.03279000 0.59938401
vt 0.07462800 0.60143304
vt 0.07390700 0.67808801
vt 0.03289700 0.67997897
vt 0.11085100 0.92743099
vt 0.06673600 0.93386400
vt 0.07764300 0.56233704
vt 0.03528500 0.55903697
vt 0.10713800 0.90679002
vt 0.06422100 0.91378403
vt 0.07978000 0.54273200
vt 0.03696000 0.53857803
vt 0.10313500 0.88676500
vt 0.06119000 0.89403403
vt 0.08177700 0.52277803
vt 0.03895000 0.51798600
vt 0.09932700 0.86716002
vt 0.05786300 0.87448901
vt 0.08431200 0.50248098
vt 0.04098300 0.49736297
vt 0.09536300 0.84784299
vt 0.05462700 0.85502303
vt 0.08750500 0.48200500
vt 0.04330800 0.47671300
vt 0.09181200 0.82864100
vt 0.05122400 0.83561397
vt 0.09016800 0.46101701
vt 0.04573400 0.45577002
vt 0.08853800 0.80964804
vt 0.04812900 0.81624502
vt 0.09372000 0.43957400
vt 0.04770600 0.43445301
vt 0.08552100 0.79079300
vt 0.04519600 0.79686099
vt 0.09688400 0.41752499
vt 0.04930900 0.41271901
vt 0.08296700 0.77201599
vt 0.04224700 0.77757001
vt 0.09966200 0.39470202
vt 0.05085100 0.39025801
vt 0.07354000 0.65906399
vt 0.03222600 0.66004896
vt 0.08036400 0.75336897
vt 0.03988200 0.75826800
vt 0.10272500 0.37078202
vt 0.05154600 0.36680800
vt 0.07334300 0.63989496
vt 0.03190300 0.63988996
vt 0.07805800 0.73466200
vt 0.03774900 0.73884499
vt 0.10540400 0.34643197
vt 0.05092700 0.34101200
vt 0.07396600 0.62071097
vt 0.03219800 0.61959898
vt 0.07032800 0.99973500
vt 0.12086800 0.99379897
vt 0.03190300 0.63988996
vt 0.02417200 0.63992900
vt 0.02454700 0.66029000
vt 0.03222600 0.66004896
vt 0.04098300 0.49736297
vt 0.03321800 0.49654198
vt 0.03108200 0.51718402
vt 0.03895000 0.51798600
vt 0.05462700 0.85502303
vt 0.04712700 0.85630000
vt 0.04330800 0.47671300
vt 0.03540000 0.47586799
vt 0.05122400 0.83561397
vt 0.04393300 0.83682698
vt 0.04573400 0.45577002
vt 0.03757800 0.45494998
vt 0.04812900 0.81624502
vt 0.04074000 0.81743097
vt 0.04770600 0.43445301
vt 0.03954300 0.43375498
vt 0.04519600 0.79686099
vt 0.03768400 0.79799300
vt 0.04930900 0.41271901
vt 0.04106400 0.41218901
vt 0.04224700 0.77757001
vt 0.03497600 0.77855402
vt 0.05085100 0.39025801
vt 0.04216500 0.38996100
vt 0.03988200 0.75826800
vt 0.03248700 0.75916398
vt 0.05154600 0.36680800
vt 0.04239100 0.36684602
vt 0.17795800 0.31088001
vt 0.18933100 0.32225400
vt 0.20270500 0.33118999
vt 0.21756600 0.33734500
vt 0.23334099 0.34048301
vt 0.24942601 0.34048301
vt 0.26520199 0.33734500
vt 0.28006199 0.33118999
vt 0.29343599 0.32225400
vt 0.30480900 0.31088001
vt 0.31374499 0.29750597
vt 0.31990099 0.28264600
vt 0.32303900 0.26687002
vt 0.32303900 0.25078601
vt 0.31990099 0.23501003
vt 0.31374499 0.22014999
vt 0.30480900 0.20677602
vt 0.29343501 0.19540203
vt 0.28006199 0.18646598
vt 0.26520100 0.18031102
vt 0.24942601 0.17717302
vt 0.23334099 0.17717302
vt 0.21756500 0.18031102
vt 0.20270500 0.18646598
vt 0.18933100 0.19540298
vt 0.17795800 0.20677602
vt 0.16902100 0.22014999
vt 0.16286600 0.23501098
vt 0.15972801 0.25078601
vt 0.15972801 0.26687098
vt 0.16286600 0.28264600
vt 0.16902199 0.29750699
vt 0.03774900 0.73884499
vt 0.03031200 0.73966199
vt 0.05092700 0.34101200
vt 0.04100500 0.34202600
vt 0.03289700 0.67997897
vt 0.02540800 0.68037301
vt 0.02656300 0.70026201
vt 0.03420900 0.69970596
vt 0.03574200 0.71932900
vt 0.02826600 0.72003496
vt 0.07044800 0.97610998
vt 0.06201900 0.97630000
vt 0.06124200 0.99901402
vt 0.07032800 0.99973500
vt 0.03279000 0.59938401
vt 0.02507600 0.59907103
vt 0.02444500 0.61944103
vt 0.03219800 0.61959898
vt 0.06888000 0.95443702
vt 0.06094200 0.95503300
vt 0.03386200 0.57924700
vt 0.02609900 0.57880604
vt 0.06673600 0.93386400
vt 0.05912800 0.93469900
vt 0.03528500 0.55903697
vt 0.02740800 0.55845404
vt 0.06422100 0.91378403
vt 0.05669200 0.91486102
vt 0.03696000 0.53857803
vt 0.02911200 0.53786600
vt 0.01353800 0.66064596
vt 0.01456000 0.68096900
vt 0.00119900 0.66112101
vt 0.00244700 0.68165600
vt 0.01305600 0.63996100
vt 0.00026500 0.64006799
vt 0.01318200 0.61914897
vt 0.00075100 0.61883998
vt 0.01406700 0.59856296
vt 0.00183700 0.59798098
vt 0.01520600 0.57818699
vt 0.00324100 0.57753897
vt 0.01636700 0.55770802
vt 0.00403700 0.55695701
vt 0.01794100 0.53689200
vt 0.00517900 0.53584504
vt 0.01988300 0.51603001
vt 0.00744400 0.51481903
vt 0.02204200 0.49532902
vt 0.00971300 0.49409699
vt 0.02420800 0.47465599
vt 0.01193400 0.47345001
vt 0.02622900 0.45388001
vt 0.01409500 0.45283502
vt 0.02794300 0.43288398
vt 0.01546500 0.43199998
vt 0.02936300 0.41154999
vt 0.01663100 0.41091901
vt 0.03024400 0.38973200
vt 0.01715000 0.38958001
vt 0.02992200 0.36735499
vt 0.01696300 0.36817402
vt 0.02767200 0.34400398
vt 0.01438700 0.34675002
vt 0.05054300 0.97623998
vt 0.04909800 0.99739403
vt 0.03864600 0.97590798
vt 0.03710100 0.99528301
vt 0.05004700 0.95568299
vt 0.03811900 0.95627099
vt 0.04838500 0.93580002
vt 0.03698300 0.93686599
vt 0.04603500 0.91630799
vt 0.03459800 0.91778201
vt 0.04326700 0.89688301
vt 0.03176600 0.89862400
vt 0.03998900 0.87751901
vt 0.02846500 0.87941802
vt 0.03662500 0.85807699
vt 0.02502400 0.85999298
vt 0.03329000 0.83859199
vt 0.02166300 0.84041798
vt 0.03023100 0.81909204
vt 0.01856700 0.82081401
vt 0.02730200 0.79954499
vt 0.01557900 0.80123997
vt 0.02446900 0.77994901
vt 0.01251800 0.78153896
vt 0.02189500 0.76040798
vt 0.01041600 0.76177698
vt 0.01956800 0.74083501
vt 0.00783200 0.74209297
vt 0.01759800 0.72104001
vt 0.00569500 0.72206998
vt 0.01596800 0.70106900
vt 0.00396000 0.70192003
vt 0.25707501 0.67359698
vt 0.25711301 0.66038501
vt 0.27313101 0.67360604
vt 0.27387199 0.66105700
vt 0.25800100 0.64712000
vt 0.24393900 0.64612001
vt 0.27436000 0.64836299
vt 0.25920400 0.63393801
vt 0.24523000 0.63230401
vt 0.27527800 0.63583601
vt 0.26090899 0.62074804
vt 0.24706200 0.61853302
vt 0.27742100 0.62334400
vt 0.26330701 0.60762399
vt 0.24952100 0.60481399
vt 0.27923301 0.61079001
vt 0.26620600 0.59455001
vt 0.25233099 0.59102297
vt 0.28225100 0.59858704
vt 0.26986399 0.58149099
vt 0.25615001 0.57727003
vt 0.28587699 0.58640504
vt 0.27421501 0.56847501
vt 0.26040801 0.56341696
vt 0.29014301 0.57432699
vt 0.27939600 0.55553496
vt 0.26577699 0.54963499
vt 0.29513600 0.56241596
vt 0.28539401 0.54270601
vt 0.27199599 0.53594899
vt 0.30093300 0.55072296
vt 0.29243401 0.53010899
vt 0.27906001 0.52232599
vt 0.30764300 0.53928101
vt 0.30032301 0.51781404
vt 0.28738201 0.50889397
vt 0.31462401 0.52800900
vt 0.30940700 0.50600201
vt 0.29683799 0.49571401
vt 0.32299799 0.51773399
vt 0.31977999 0.49484801
vt 0.30800599 0.48293298
vt 0.33202001 0.50798702
vt 0.33174199 0.48471498
vt 0.32108700 0.47082400
vt 0.34213501 0.49957699
vt 0.34556401 0.47608602
vt 0.33665800 0.45971102
vt 0.35351700 0.49296498
vt 0.33749199 0.88081199
vt 0.34605700 0.86519897
vt 0.33264300 0.85706699
vt 0.32267600 0.87058997
vt 0.35351700 0.84878397
vt 0.34243301 0.84256202
vt 0.32091901 0.84759498
vt 0.30983299 0.85928100
vt 0.33251101 0.83458298
vt 0.31075099 0.83714402
vt 0.29903501 0.84722298
vt 0.32340801 0.82571197
vt 0.30185300 0.82606000
vt 0.28957400 0.83483702
vt 0.31532300 0.81607199
vt 0.29413599 0.81447101
vt 0.28132001 0.82209802
vt 0.30821800 0.80585504
vt 0.28735399 0.80246997
vt 0.27436700 0.80901402
vt 0.30239400 0.79471397
vt 0.28143400 0.79010403
vt 0.26838800 0.79579699
vt 0.29678601 0.78337801
vt 0.27639800 0.77751201
vt 0.26316100 0.78253800
vt 0.29197201 0.77175099
vt 0.27197099 0.76477897
vt 0.25836599 0.76918399
vt 0.28780901 0.75985402
vt 0.26825801 0.75192201
vt 0.25451100 0.75560099
vt 0.28421399 0.74773896
vt 0.26493001 0.73899001
vt 0.25140601 0.74204499
vt 0.28110501 0.73547900
vt 0.26235601 0.72595799
vt 0.24842399 0.72849596
vt 0.27851400 0.72311401
vt 0.26015499 0.71291804
vt 0.24645901 0.71482503
vt 0.27636099 0.71070701
vt 0.25844401 0.69983697
vt 0.24475300 0.70122701
vt 0.27471700 0.69831896
vt 0.25751701 0.68671298
vt 0.24344601 0.68749797
vt 0.27365601 0.68594003
vt 0.19224501 0.65909898
vt 0.19239900 0.67475700
vt 0.19271600 0.64335901
vt 0.19384600 0.62752998
vt 0.19547001 0.61166501
vt 0.19764900 0.59567797
vt 0.20060000 0.57959104
vt 0.20401600 0.56332004
vt 0.20828301 0.54693902
vt 0.21313199 0.53024697
vt 0.21892400 0.51340300
vt 0.22559300 0.49605799
vt 0.23334700 0.47815502
vt 0.24250600 0.45969802
vt 0.25298199 0.44049698
vt 0.26549101 0.41960502
vt 0.28063899 0.39662403
vt 0.27088100 0.92088300
vt 0.28617799 0.94327497
vt 0.25842899 0.90112603
vt 0.24789800 0.88301003
vt 0.23877101 0.86557102
vt 0.23084299 0.84870303
vt 0.22391400 0.83215702
vt 0.21784200 0.81604099
vt 0.21259700 0.80002302
vt 0.20806900 0.78418303
vt 0.20403300 0.76848102
vt 0.20068300 0.75277299
vt 0.19786800 0.73718500
vt 0.19572300 0.72158599
vt 0.19395401 0.70600402
vt 0.19291399 0.69038796
vt 0.08367700 0.30088300
vt 0.15838400 0.29977900
vt 0.15830401 0.29455602
vt 0.08389400 0.29545599
vt 0.08437100 0.28469098
vt 0.15817900 0.28411400
vt 0.15812901 0.27889401
vt 0.08422900 0.27933800
vt 0.15808900 0.27367097
vt 0.08406400 0.27403098
vt 0.15805900 0.26845098
vt 0.08429500 0.26876301
vt 0.15803500 0.26323003
vt 0.08449200 0.26349699
vt 0.15801799 0.25800598
vt 0.08425300 0.25823402
vt 0.15800700 0.25278002
vt 0.08441000 0.25298399
vt 0.15800300 0.24754697
vt 0.08411000 0.24773198
vt 0.15800001 0.24231201
vt 0.08420200 0.24247497
vt 0.15800400 0.23706901
vt 0.08382000 0.23721200
vt 0.15801699 0.23181999
vt 0.08382500 0.23193699
vt 0.15803701 0.22656298
vt 0.08378600 0.22662801
vt 0.15806700 0.22129399
vt 0.08328100 0.22130299
vt 0.15810700 0.21601403
vt 0.08317300 0.21594697
vt 0.15815599 0.21072298
vt 0.08302300 0.21055299
vt 0.15821600 0.20541799
vt 0.08285400 0.20510900
vt 0.15828700 0.20010102
vt 0.08268700 0.19959998
vt 0.15837200 0.19476801
vt 0.08212000 0.19405198
vt 0.15847100 0.18942398
vt 0.08199600 0.18844998
vt 0.15858699 0.18406802
vt 0.08190700 0.18279999
vt 0.15871800 0.17870301
vt 0.08190500 0.17710602
vt 0.15886401 0.17333198
vt 0.08205400 0.17139202
vt 0.15902500 0.16795701
vt 0.08222000 0.16561002
vt 0.15919900 0.16242599
vt 0.08295600 0.16003197
vt 0.08534000 0.33377498
vt 0.15919900 0.33108902
vt 0.15902001 0.32587999
vt 0.08441400 0.32849002
vt 0.15885800 0.32066500
vt 0.08398300 0.32296300
vt 0.15871400 0.31544602
vt 0.08380100 0.31741703
vt 0.15858801 0.31022501
vt 0.08378900 0.31187499
vt 0.15847801 0.30500299
vt 0.08390000 0.30636102
vt 0.15823700 0.28933400
vt 0.08412300 0.29006100
vt 0.03643400 0.27687401
vt 0.03588000 0.28160799
vt 0.05149500 0.28302801
vt 0.05189700 0.27793401
vt 0.03705400 0.23934299
vt 0.03680300 0.23466802
vt 0.02544000 0.23552001
vt 0.02574400 0.23998100
vt 0.03116600 0.30596602
vt 0.02952600 0.31099600
vt 0.04668900 0.31616098
vt 0.04787800 0.31021899
vt 0.08449200 0.26349699
vt 0.08425300 0.25823402
vt 0.06770700 0.25830001
vt 0.06762200 0.26343203
vt 0.03519300 0.28636903
vt 0.05101100 0.28820097
vt 0.02783100 0.31617999
vt 0.04515000 0.32268298
vt 0.08205400 0.17139202
vt 0.08222000 0.16561002
vt 0.06205500 0.16284400
vt 0.06224100 0.17049098
vt 0.03434800 0.29116201
vt 0.05044400 0.29347700
vt 0.02550300 0.32118797
vt 0.04324700 0.32980603
vt 0.08328100 0.22130299
vt 0.08317300 0.21594697
vt 0.06620300 0.21719098
vt 0.06657600 0.22238600
vt 0.02287200 0.32602698
vt 0.04046500 0.33812398
vt 0.08429500 0.26876301
vt 0.06757200 0.26859403
vt 0.08367700 0.30088300
vt 0.08389400 0.29545599
vt 0.06652100 0.29507202
vt 0.06624800 0.30060101
vt 0.01995300 0.17186999
vt 0.02270600 0.17661500
vt 0.03925400 0.16703999
vt 0.03591100 0.15933001
vt 0.08190500 0.17710602
vt 0.06270100 0.17733902
vt 0.02506500 0.18159401
vt 0.04174700 0.17397201
vt 0.08378600 0.22662801
vt 0.06682600 0.22758299
vt 0.02706300 0.18660498
vt 0.04369300 0.18036002
vt 0.08406400 0.27403098
vt 0.06747800 0.27374798
vt 0.08390000 0.30636102
vt 0.06589800 0.30626500
vt 0.02875200 0.19158900
vt 0.04528900 0.18637198
vt 0.08190700 0.18279999
vt 0.06323400 0.18368000
vt 0.03045900 0.19644898
vt 0.04654200 0.19207501
vt 0.08382500 0.23193699
vt 0.06711500 0.23274601
vt 0.03168000 0.20137203
vt 0.04768000 0.19758499
vt 0.08422900 0.27933800
vt 0.06726800 0.27893698
vt 0.08378900 0.31187499
vt 0.06567300 0.31216699
vt 0.03271300 0.20622098
vt 0.04867500 0.20297599
vt 0.08199600 0.18844998
vt 0.06379300 0.18967199
vt 0.03384900 0.21097398
vt 0.04946400 0.20823199
vt 0.08382000 0.23721200
vt 0.06735600 0.23785400
vt 0.03487100 0.21573400
vt 0.05013300 0.21334898
vt 0.08437100 0.28469098
vt 0.06700900 0.28423202
vt 0.03359400 0.29604203
vt 0.03434800 0.29116201
vt 0.02291600 0.28891802
vt 0.02192800 0.29337001
vt 0.02287200 0.32602698
vt 0.02550300 0.32118797
vt 0.01361800 0.31554800
vt 0.01102700 0.32010299
vt 0.03645600 0.22997802
vt 0.02505100 0.23105502
vt 0.02783100 0.31617999
vt 0.01587100 0.31107301
vt 0.03601600 0.22526902
vt 0.02461500 0.22660100
vt 0.02952600 0.31099600
vt 0.01776400 0.30666500
vt 0.03548500 0.22052997
vt 0.02401400 0.22219098
vt 0.03116600 0.30596602
vt 0.01938100 0.30224597
vt 0.03487100 0.21573400
vt 0.02329000 0.21778202
vt 0.03588000 0.28160799
vt 0.03643400 0.27687401
vt 0.02503800 0.27560598
vt 0.02446100 0.28003597
vt 0.03235500 0.30095398
vt 0.02075600 0.29780900
vt 0.03384900 0.21097398
vt 0.02241200 0.21336597
vt 0.03687300 0.27215999
vt 0.02549100 0.27118301
vt 0.03271300 0.20622098
vt 0.02137700 0.20895898
vt 0.03721200 0.26746100
vt 0.02582900 0.26676702
vt 0.06747800 0.27374798
vt 0.06757200 0.26859403
vt 0.05245100 0.26792502
vt 0.05221600 0.27290499
vt 0.03168000 0.20137203
vt 0.02019800 0.20456201
vt 0.03746500 0.26276302
vt 0.02601500 0.26234198
vt 0.03519300 0.28636903
vt 0.02375600 0.28447300
vt 0.03045900 0.19644898
vt 0.01882200 0.20017898
vt 0.03766000 0.25804698
vt 0.02613000 0.25789499
vt 0.02875200 0.19158900
vt 0.01723500 0.19580799
vt 0.03748000 0.25336301
vt 0.02614700 0.25343102
vt 0.02706300 0.18660498
vt 0.01543700 0.19144797
vt 0.03753200 0.24866498
vt 0.02608500 0.24894500
vt 0.02506500 0.18159401
vt 0.01336600 0.18710703
vt 0.03720000 0.24400800
vt 0.02594100 0.24445498
vt 0.02270600 0.17661500
vt 0.01097700 0.18277901
vt 0.01995300 0.17186999
vt 0.00813500 0.17830998
vt 0.01946200 0.28373498
vt 0.01862600 0.28804398
vt 0.01862600 0.28804398
vt 0.01946200 0.28373498
vt 0.01461200 0.28287798
vt 0.01377400 0.28702700
vt 0.02016900 0.27942699
vt 0.02016900 0.27942699
vt 0.01531900 0.27871799
vt 0.02074700 0.27512199
vt 0.02074700 0.27512199
vt 0.01590800 0.27455401
vt 0.02119700 0.27082199
vt 0.02119700 0.27082199
vt 0.01638200 0.27039599
vt 0.02150500 0.26651901
vt 0.02150500 0.26651901
vt 0.01674100 0.26626003
vt 0.02172900 0.26219499
vt 0.02172900 0.26219499
vt 0.01677500 0.26205403
vt 0.02178800 0.25786400
vt 0.02178800 0.25786400
vt 0.01695700 0.25782800
vt 0.02179400 0.25349599
vt 0.02179400 0.25349599
vt 0.01681000 0.25359398
vt 0.02172600 0.24907500
vt 0.02172600 0.24907500
vt 0.01656200 0.24922198
vt 0.02156200 0.24464297
vt 0.02156200 0.24464297
vt 0.01653500 0.24481601
vt 0.02134300 0.24023300
vt 0.02134300 0.24023300
vt 0.01643600 0.24050701
vt 0.02110100 0.23581898
vt 0.02110100 0.23581898
vt 0.01601900 0.23619503
vt 0.02073400 0.23143899
vt 0.02073400 0.23143899
vt 0.01578500 0.23186100
vt 0.02029600 0.22710299
vt 0.02029600 0.22710299
vt 0.01546100 0.22763699
vt 0.01971300 0.22281301
vt 0.01971300 0.22281301
vt 0.01501600 0.22351199
vt 0.01901300 0.21854103
vt 0.01901300 0.21854103
vt 0.01423500 0.21945500
vt 0.01816000 0.21425998
vt 0.01816000 0.21425998
vt 0.01328900 0.21534097
vt 0.01711800 0.21001500
vt 0.01711800 0.21001500
vt 0.01242700 0.21120900
vt 0.01597900 0.20577198
vt 0.01597900 0.20577198
vt 0.01121900 0.20719600
vt 0.01461100 0.20159298
vt 0.01461100 0.20159298
vt 0.01003500 0.20317501
vt 0.01309300 0.19744200
vt 0.01309300 0.19744200
vt 0.00848900 0.19929898
vt 0.01131500 0.19335902
vt 0.01131500 0.19335902
vt 0.00690800 0.19543099
vt 0.00931000 0.18930799
vt 0.00931000 0.18930799
vt 0.00494400 0.19176000
vt 0.00690700 0.18532801
vt 0.00690700 0.18532801
vt 0.00280100 0.18817800
vt 0.00399700 0.18142402
vt 0.00399700 0.18142402
vt 0.00026500 0.18495899
vt 0.00945200 0.31313401
vt 0.00667400 0.31725597
vt 0.00667400 0.31725597
vt 0.00945200 0.31313401
vt 0.00513300 0.31037903
vt 0.00267800 0.31379998
vt 0.01169800 0.30905598
vt 0.01169800 0.30905598
vt 0.00725600 0.30675000
vt 0.01358100 0.30492502
vt 0.01358100 0.30492502
vt 0.00905400 0.30299401
vt 0.01516200 0.30077600
vt 0.01516200 0.30077600
vt 0.01058200 0.29915702
vt 0.01649300 0.29658902
vt 0.01649300 0.29658902
vt 0.01186800 0.29526198
vt 0.01766300 0.29234898
vt 0.01766300 0.29234898
vt 0.01278800 0.29116797
vt 0.06682600 0.22758299
vt 0.06657600 0.22238600
vt 0.05127100 0.22340697
vt 0.05169600 0.22839999
vt 0.06270100 0.17733902
vt 0.06224100 0.17049098
vt 0.04174700 0.17397201
vt 0.04369300 0.18036002
vt 0.06652100 0.29507202
vt 0.06678600 0.28962201
vt 0.05101100 0.28820097
vt 0.05044400 0.29347700
vt 0.06624800 0.30060101
vt 0.04969300 0.29888397
vt 0.06762800 0.24807298
vt 0.06747000 0.24297303
vt 0.05254500 0.24329603
vt 0.05262900 0.24823898
vt 0.06482600 0.20104200
vt 0.06436200 0.19540602
vt 0.04768000 0.19758499
vt 0.04867500 0.20297599
vt 0.06544500 0.32506502
vt 0.06545000 0.31845999
vt 0.04668900 0.31616098
vt 0.04515000 0.32268298
vt 0.06762200 0.26343203
vt 0.05260300 0.26298100
vt 0.06620300 0.21719098
vt 0.05075500 0.21839100
vt 0.06205500 0.16284400
vt 0.03925400 0.16703999
vt 0.06700900 0.28423202
vt 0.05149500 0.28302801
vt 0.06735600 0.23785400
vt 0.05232300 0.23833603
vt 0.06379300 0.18967199
vt 0.04654200 0.19207501
vt 0.06567300 0.31216699
vt 0.04787800 0.31021899
vt 0.06770700 0.25830001
vt 0.05266900 0.25807703
vt 0.06579300 0.21191001
vt 0.05013300 0.21334898
vt 0.06220300 0.15388000
vt 0.03591100 0.15933001
vt 0.06726800 0.27893698
vt 0.05189700 0.27793401
vt 0.06711500 0.23274601
vt 0.05204300 0.23337400
vt 0.06323400 0.18368000
vt 0.04528900 0.18637198
vt 0.06589800 0.30626500
vt 0.04891000 0.30441701
vt 0.06764800 0.25318700
vt 0.05272400 0.25315702
vt 0.06533800 0.20653301
vt 0.04946400 0.20823199
vt 0.06648900 0.34048301
vt 0.06572900 0.33227402
vt 0.04324700 0.32980603
vt 0.04046500 0.33812398
vt 0.08302300 0.21055299
vt 0.06579300 0.21191001
vt 0.03235500 0.30095398
vt 0.04891000 0.30441701
vt 0.03687300 0.27215999
vt 0.05221600 0.27290499
vt 0.08295600 0.16003197
vt 0.06220300 0.15388000
vt 0.03359400 0.29604203
vt 0.04969300 0.29888397
vt 0.03721200 0.26746100
vt 0.05245100 0.26792502
vt 0.08441000 0.25298399
vt 0.06764800 0.25318700
vt 0.03746500 0.26276302
vt 0.05260300 0.26298100
vt 0.08285400 0.20510900
vt 0.06533800 0.20653301
vt 0.03766000 0.25804698
vt 0.05266900 0.25807703
vt 0.08534000 0.33377498
vt 0.08441400 0.32849002
vt 0.06572900 0.33227402
vt 0.06648900 0.34048301
vt 0.03748000 0.25336301
vt 0.05272400 0.25315702
vt 0.08411000 0.24773198
vt 0.06762800 0.24807298
vt 0.03753200 0.24866498
vt 0.05262900 0.24823898
vt 0.08268700 0.19959998
vt 0.06482600 0.20104200
vt 0.08412300 0.29006100
vt 0.06678600 0.28962201
vt 0.03720000 0.24400800
vt 0.05254500 0.24329603
vt 0.08398300 0.32296300
vt 0.06544500 0.32506502
vt 0.03705400 0.23934299
vt 0.05232300 0.23833603
vt 0.08420200 0.24247497
vt 0.06747000 0.24297303
vt 0.03680300 0.23466802
vt 0.05204300 0.23337400
vt 0.08212000 0.19405198
vt 0.06436200 0.19540602
vt 0.03645600 0.22997802
vt 0.05169600 0.22839999
vt 0.08380100 0.31741703
vt 0.06545000 0.31845999
vt 0.03601600 0.22526902
vt 0.05127100 0.22340697
vt 0.03548500 0.22052997
vt 0.05075500 0.21839100
vt 0.53730899 0.33069402
vt 0.54090798 0.33429497
vt 0.54299498 0.33174700
vt 0.53994101 0.32859200
vt 0.53994101 0.32859200
vt 0.54299498 0.33174700
vt 0.54501998 0.32937098
vt 0.54238802 0.32666302
vt 0.53458601 0.32638502
vt 0.53754097 0.32490999
vt 0.53754097 0.32490999
vt 0.54033101 0.32348901
vt 0.53278899 0.32169300
vt 0.53593898 0.32084298
vt 0.53593898 0.32084298
vt 0.53894001 0.31999499
vt 0.53195500 0.31678802
vt 0.53518897 0.31656498
vt 0.53518897 0.31656498
vt 0.53826302 0.31631601
vt 0.53207201 0.31184500
vt 0.53525501 0.31224400
vt 0.53525501 0.31224400
vt 0.53831798 0.31259501
vt 0.53313702 0.30706799
vt 0.53615701 0.30803502
vt 0.53615701 0.30803502
vt 0.53909898 0.30896503
vt 0.53504401 0.30252302
vt 0.53790098 0.30409801
vt 0.53790098 0.30409801
vt 0.54056603 0.30557001
vt 0.53786802 0.29846901
vt 0.54030502 0.30052501
vt 0.54030502 0.30052501
vt 0.54266602 0.30252200
vt 0.54139400 0.29498601
vt 0.54343200 0.29755700
vt 0.54343200 0.29755700
vt 0.54532599 0.29994202
vt 0.54559302 0.29233098
vt 0.54703897 0.29520100
vt 0.54703897 0.29520100
vt 0.54843402 0.29793203
vt 0.55014598 0.29056299
vt 0.55102497 0.29359198
vt 0.55102497 0.29359198
vt 0.55187100 0.29655600
vt 0.55493098 0.28962100
vt 0.55524802 0.29280698
vt 0.55524802 0.29280698
vt 0.55551702 0.29587698
vt 0.55987400 0.28962100
vt 0.55956900 0.29285502
vt 0.55956900 0.29285502
vt 0.55923301 0.29592401
vt 0.56477898 0.29057401
vt 0.56383801 0.29372799
vt 0.56383801 0.29372799
vt 0.56288999 0.29669899
vt 0.56948698 0.29250598
vt 0.56786603 0.29545301
vt 0.56786603 0.29545301
vt 0.56636101 0.29818797
vt 0.57364899 0.29544502
vt 0.57148302 0.29793400
vt 0.57148302 0.29793400
vt 0.56947398 0.30032700
vt 0.57709801 0.29909199
vt 0.57451397 0.30108702
vt 0.57451397 0.30108702
vt 0.57209003 0.30301499
vt 0.57975501 0.30330002
vt 0.57686597 0.30473500
vt 0.57686597 0.30473500
vt 0.57412100 0.30614698
vt 0.58150798 0.30789602
vt 0.57843000 0.30873603
vt 0.57843000 0.30873603
vt 0.57549202 0.30959100
vt 0.58234501 0.31267899
vt 0.57921100 0.31295002
vt 0.57921100 0.31295002
vt 0.57616001 0.31321001
vt 0.58234602 0.31754601
vt 0.57915699 0.31723398
vt 0.57915699 0.31723398
vt 0.57610899 0.31689799
vt 0.58138001 0.32241499
vt 0.57824302 0.32143599
vt 0.57824302 0.32143599
vt 0.57533300 0.32052100
vt 0.57941002 0.32697099
vt 0.57659000 0.32542402
vt 0.57659000 0.32542402
vt 0.57389098 0.32395399
vt 0.57668698 0.33100897
vt 0.57420200 0.32902598
vt 0.57420200 0.32902598
vt 0.57179999 0.32705098
vt 0.57344300 0.33453798
vt 0.57113802 0.33225298
vt 0.57113802 0.33225298
vt 0.56909502 0.32972300
vt 0.56874400 0.33744502
vt 0.57289702 0.33499998
vt 0.56732601 0.33456999
vt 0.56732601 0.33456999
vt 0.56592399 0.33180797
vt 0.56416398 0.33926702
vt 0.56328899 0.33611900
vt 0.56328899 0.33611900
vt 0.56246001 0.33317298
vt 0.55927598 0.34008098
vt 0.55906099 0.33688200
vt 0.55906099 0.33688200
vt 0.55880600 0.33383298
vt 0.55440402 0.33994198
vt 0.55476701 0.33680999
vt 0.55476701 0.33680999
vt 0.55511999 0.33376598
vt 0.54963303 0.33896399
vt 0.55056798 0.33590001
vt 0.55056798 0.33590001
vt 0.55151600 0.33298099
vt 0.54506999 0.33707100
vt 0.54659301 0.33420497
vt 0.54659301 0.33420497
vt 0.54809999 0.33150202
vt 0.54659301 0.33420497
vt 0.55056798 0.33590001
vt 0.55151600 0.33298099
vt 0.54809999 0.33150202
vt 0.55476701 0.33680999
vt 0.55906099 0.33688200
vt 0.55880600 0.33383298
vt 0.55511999 0.33376598
vt 0.56328899 0.33611900
vt 0.56246001 0.33317298
vt 0.56732601 0.33456999
vt 0.56592399 0.33180797
vt 0.57113802 0.33225298
vt 0.56909502 0.32972300
vt 0.57420200 0.32902598
vt 0.57179999 0.32705098
vt 0.57659000 0.32542402
vt 0.57389098 0.32395399
vt 0.57824302 0.32143599
vt 0.57533300 0.32052100
vt 0.57915699 0.31723398
vt 0.57610899 0.31689799
vt 0.57921100 0.31295002
vt 0.57616001 0.31321001
vt 0.57843000 0.30873603
vt 0.57549202 0.30959100
vt 0.57686597 0.30473500
vt 0.57412100 0.30614698
vt 0.57451397 0.30108702
vt 0.57209003 0.30301499
vt 0.57148302 0.29793400
vt 0.56947398 0.30032700
vt 0.56786603 0.29545301
vt 0.56636101 0.29818797
vt 0.56383801 0.29372799
vt 0.56288999 0.29669899
vt 0.55956900 0.29285502
vt 0.55923301 0.29592401
vt 0.55524802 0.29280698
vt 0.55551702 0.29587698
vt 0.55102497 0.29359198
vt 0.55187100 0.29655600
vt 0.54703897 0.29520100
vt 0.54843402 0.29793203
vt 0.54343200 0.29755700
vt 0.54532599 0.29994202
vt 0.54030502 0.30052501
vt 0.54266602 0.30252200
vt 0.53790098 0.30409801
vt 0.54056603 0.30557001
vt 0.53615701 0.30803502
vt 0.53909898 0.30896503
vt 0.53525501 0.31224400
vt 0.53831798 0.31259501
vt 0.53518897 0.31656498
vt 0.53826302 0.31631601
vt 0.53593898 0.32084298
vt 0.53894001 0.31999499
vt 0.53754097 0.32490999
vt 0.54033101 0.32348901
vt 0.53994101 0.32859200
vt 0.54238802 0.32666302
vt 0.54299498 0.33174700
vt 0.54501998 0.32937098
vt 0.08412300 0.29006100
vt 0.08437100 0.28469098
vt 0.06700900 0.28423202
vt 0.06678600 0.28962201
vt 0.03434800 0.29116201
vt 0.03359400 0.29604203
vt 0.04969300 0.29888397
vt 0.05044400 0.29347700
vt 0.06762800 0.24807298
vt 0.06747000 0.24297303
vt 0.05254500 0.24329603
vt 0.05262900 0.24823898
vt 0.56874400 0.33744502
vt 0.57289702 0.33499998
vt 0.57113802 0.33225298
vt 0.56732601 0.33456999
vt 0.08420200 0.24247497
vt 0.08382000 0.23721200
vt 0.06735600 0.23785400
vt 0.06747000 0.24297303
vt 0.06544500 0.32506502
vt 0.06545000 0.31845999
vt 0.04668900 0.31616098
vt 0.04515000 0.32268298
vt 0.54139400 0.29498601
vt 0.53786802 0.29846901
vt 0.54030502 0.30052501
vt 0.54343200 0.29755700
vt 0.08380100 0.31741703
vt 0.08378900 0.31187499
vt 0.06567300 0.31216699
vt 0.06545000 0.31845999
vt 0.06657600 0.22238600
vt 0.06620300 0.21719098
vt 0.05075500 0.21839100
vt 0.05127100 0.22340697
vt 0.57975501 0.30330002
vt 0.57709801 0.29909199
vt 0.57451397 0.30108702
vt 0.57686597 0.30473500
vt 0.06678600 0.28962201
vt 0.06700900 0.28423202
vt 0.05149500 0.28302801
vt 0.05101100 0.28820097
vt 0.56416398 0.33926702
vt 0.56328899 0.33611900
vt 0.54090798 0.33429497
vt 0.54506999 0.33707100
vt 0.54659301 0.33420497
vt 0.54299498 0.33174700
vt 0.06436200 0.19540602
vt 0.06379300 0.18967199
vt 0.04654200 0.19207501
vt 0.04768000 0.19758499
vt 0.54559302 0.29233098
vt 0.54703897 0.29520100
vt 0.06762200 0.26343203
vt 0.06770700 0.25830001
vt 0.05266900 0.25807703
vt 0.05260300 0.26298100
vt 0.58150798 0.30789602
vt 0.57843000 0.30873603
vt 0.06205500 0.16284400
vt 0.06220300 0.15388000
vt 0.03591100 0.15933001
vt 0.03925400 0.16703999
vt 0.55927598 0.34008098
vt 0.55906099 0.33688200
vt 0.53458601 0.32638502
vt 0.53730899 0.33069402
vt 0.53994101 0.32859200
vt 0.53754097 0.32490999
vt 0.06735600 0.23785400
vt 0.06711500 0.23274601
vt 0.05204300 0.23337400
vt 0.05232300 0.23833603
vt 0.55014598 0.29056299
vt 0.55102497 0.29359198
vt 0.06567300 0.31216699
vt 0.06589800 0.30626500
vt 0.04891000 0.30441701
vt 0.04787800 0.31021899
vt 0.58234501 0.31267899
vt 0.57921100 0.31295002
vt 0.06579300 0.21191001
vt 0.06533800 0.20653301
vt 0.04946400 0.20823199
vt 0.05013300 0.21334898
vt 0.55440402 0.33994198
vt 0.55476701 0.33680999
vt 0.53278899 0.32169300
vt 0.53593898 0.32084298
vt 0.06726800 0.27893698
vt 0.06747800 0.27374798
vt 0.05221600 0.27290499
vt 0.05189700 0.27793401
vt 0.55493098 0.28962100
vt 0.55524802 0.29280698
vt 0.06323400 0.18368000
vt 0.06270100 0.17733902
vt 0.04369300 0.18036002
vt 0.04528900 0.18637198
vt 0.58234602 0.31754601
vt 0.57915699 0.31723398
vt 0.06764800 0.25318700
vt 0.05272400 0.25315702
vt 0.54963303 0.33896399
vt 0.55056798 0.33590001
vt 0.08212000 0.19405198
vt 0.08199600 0.18844998
vt 0.06379300 0.18967199
vt 0.06436200 0.19540602
vt 0.03721200 0.26746100
vt 0.03687300 0.27215999
vt 0.05221600 0.27290499
vt 0.05245100 0.26792502
vt 0.06224100 0.17049098
vt 0.04174700 0.17397201
vt 0.08222000 0.16561002
vt 0.08295600 0.16003197
vt 0.06220300 0.15388000
vt 0.06205500 0.16284400
vt 0.06757200 0.26859403
vt 0.05245100 0.26792502
vt 0.03235500 0.30095398
vt 0.03116600 0.30596602
vt 0.04787800 0.31021899
vt 0.04891000 0.30441701
vt 0.06482600 0.20104200
vt 0.04867500 0.20297599
vt 0.06572900 0.33227402
vt 0.04324700 0.32980603
vt 0.03601600 0.22526902
vt 0.03645600 0.22997802
vt 0.05169600 0.22839999
vt 0.05127100 0.22340697
vt 0.06652100 0.29507202
vt 0.05044400 0.29347700
vt 0.03680300 0.23466802
vt 0.05204300 0.23337400
vt 0.06682600 0.22758299
vt 0.05169600 0.22839999
vt 0.06624800 0.30060101
vt 0.04969300 0.29888397
vt 0.03705400 0.23934299
vt 0.05232300 0.23833603
vt 0.01711800 0.21001500
vt 0.01597900 0.20577198
vt 0.01121900 0.20719600
vt 0.01242700 0.21120900
vt 0.03720000 0.24400800
vt 0.05254500 0.24329603
vt 0.03548500 0.22052997
vt 0.05075500 0.21839100
vt 0.06648900 0.34048301
vt 0.04046500 0.33812398
vt 0.03753200 0.24866498
vt 0.05262900 0.24823898
vt 0.08285400 0.20510900
vt 0.08268700 0.19959998
vt 0.06482600 0.20104200
vt 0.06533800 0.20653301
vt 0.08441000 0.25298399
vt 0.08411000 0.24773198
vt 0.06762800 0.24807298
vt 0.06764800 0.25318700
vt 0.08534000 0.33377498
vt 0.08441400 0.32849002
vt 0.06572900 0.33227402
vt 0.06648900 0.34048301
vt 0.08302300 0.21055299
vt 0.06579300 0.21191001
vt 0.02029600 0.22710299
vt 0.01971300 0.22281301
vt 0.01501600 0.22351199
vt 0.01546100 0.22763699
vt 0.01901300 0.21854103
vt 0.01423500 0.21945500
vt 0.02461500 0.22660100
vt 0.02401400 0.22219098
vt 0.01971300 0.22281301
vt 0.02029600 0.22710299
vt 0.02073400 0.23143899
vt 0.01578500 0.23186100
vt 0.02505100 0.23105502
vt 0.02073400 0.23143899
vt 0.02110100 0.23581898
vt 0.01601900 0.23619503
vt 0.02544000 0.23552001
vt 0.02110100 0.23581898
vt 0.02134300 0.24023300
vt 0.01643600 0.24050701
vt 0.02574400 0.23998100
vt 0.02134300 0.24023300
vt 0.02156200 0.24464297
vt 0.01653500 0.24481601
vt 0.02594100 0.24445498
vt 0.02156200 0.24464297
vt 0.02172600 0.24907500
vt 0.01656200 0.24922198
vt 0.02608500 0.24894500
vt 0.02172600 0.24907500
vt 0.02179400 0.25349599
vt 0.01681000 0.25359398
vt 0.02614700 0.25343102
vt 0.02179400 0.25349599
vt 0.02178800 0.25786400
vt 0.01695700 0.25782800
vt 0.02613000 0.25789499
vt 0.02178800 0.25786400
vt 0.02172900 0.26219499
vt 0.01677500 0.26205403
vt 0.02601500 0.26234198
vt 0.02172900 0.26219499
vt 0.02150500 0.26651901
vt 0.01674100 0.26626003
vt 0.02582900 0.26676702
vt 0.02150500 0.26651901
vt 0.02119700 0.27082199
vt 0.01638200 0.27039599
vt 0.02549100 0.27118301
vt 0.02119700 0.27082199
vt 0.02074700 0.27512199
vt 0.01590800 0.27455401
vt 0.02503800 0.27560598
vt 0.02074700 0.27512199
vt 0.02016900 0.27942699
vt 0.01531900 0.27871799
vt 0.02446100 0.28003597
vt 0.02016900 0.27942699
vt 0.01946200 0.28373498
vt 0.01461200 0.28287798
vt 0.02375600 0.28447300
vt 0.01946200 0.28373498
vt 0.01862600 0.28804398
vt 0.01377400 0.28702700
vt 0.02291600 0.28891802
vt 0.01862600 0.28804398
vt 0.02270600 0.17661500
vt 0.01995300 0.17186999
vt 0.00813500 0.17830998
vt 0.01097700 0.18277901
vt 0.03720000 0.24400800
vt 0.03705400 0.23934299
vt 0.02506500 0.18159401
vt 0.01336600 0.18710703
vt 0.03753200 0.24866498
vt 0.02706300 0.18660498
vt 0.01543700 0.19144797
vt 0.03748000 0.25336301
vt 0.02875200 0.19158900
vt 0.01723500 0.19580799
vt 0.03766000 0.25804698
vt 0.03045900 0.19644898
vt 0.01882200 0.20017898
vt 0.03746500 0.26276302
vt 0.03168000 0.20137203
vt 0.02019800 0.20456201
vt 0.03519300 0.28636903
vt 0.03588000 0.28160799
vt 0.03721200 0.26746100
vt 0.03271300 0.20622098
vt 0.02137700 0.20895898
vt 0.03687300 0.27215999
vt 0.03384900 0.21097398
vt 0.02241200 0.21336597
vt 0.03235500 0.30095398
vt 0.03359400 0.29604203
vt 0.02192800 0.29337001
vt 0.02075600 0.29780900
vt 0.03643400 0.27687401
vt 0.03487100 0.21573400
vt 0.02329000 0.21778202
vt 0.03116600 0.30596602
vt 0.01938100 0.30224597
vt 0.03548500 0.22052997
vt 0.02952600 0.31099600
vt 0.01776400 0.30666500
vt 0.03601600 0.22526902
vt 0.02783100 0.31617999
vt 0.01587100 0.31107301
vt 0.03645600 0.22997802
vt 0.02550300 0.32118797
vt 0.01361800 0.31554800
vt 0.03680300 0.23466802
vt 0.02287200 0.32602698
vt 0.01102700 0.32010299
vt 0.03434800 0.29116201
vt 0.01901300 0.21854103
vt 0.01816000 0.21425998
vt 0.00690700 0.18532801
vt 0.00931000 0.18930799
vt 0.01169800 0.30905598
vt 0.01358100 0.30492502
vt 0.00905400 0.30299401
vt 0.00725600 0.30675000
vt 0.01816000 0.21425998
vt 0.01328900 0.21534097
vt 0.01766300 0.29234898
vt 0.01278800 0.29116797
vt 0.01131500 0.19335902
vt 0.01309300 0.19744200
vt 0.00667400 0.31725597
vt 0.00945200 0.31313401
vt 0.00513300 0.31037903
vt 0.00267800 0.31379998
vt 0.01766300 0.29234898
vt 0.01649300 0.29658902
vt 0.01461100 0.20159298
vt 0.01597900 0.20577198
vt 0.00931000 0.18930799
vt 0.00690700 0.18532801
vt 0.00280100 0.18817800
vt 0.00494400 0.19176000
vt 0.01516200 0.30077600
vt 0.01358100 0.30492502
vt 0.01711800 0.21001500
vt 0.01309300 0.19744200
vt 0.01131500 0.19335902
vt 0.00690800 0.19543099
vt 0.00848900 0.19929898
vt 0.01169800 0.30905598
vt 0.00945200 0.31313401
vt 0.01649300 0.29658902
vt 0.01186800 0.29526198
vt 0.01461100 0.20159298
vt 0.01003500 0.20317501
vt 0.00399700 0.18142402
vt 0.01516200 0.30077600
vt 0.01058200 0.29915702
vt 0.00399700 0.18142402
vt 0.00026500 0.18495899
vt 0.00667400 0.31725597
vt 0.57364899 0.29544502
vt 0.57148302 0.29793400
vt 0.08398300 0.32296300
vt 0.06544500 0.32506502
vt 0.53504401 0.30252302
vt 0.53790098 0.30409801
vt 0.57344300 0.33453798
vt 0.57668698 0.33100897
vt 0.57420200 0.32902598
vt 0.03487100 0.21573400
vt 0.05013300 0.21334898
vt 0.56948698 0.29250598
vt 0.56786603 0.29545301
vt 0.53313702 0.30706799
vt 0.53615701 0.30803502
vt 0.08389400 0.29545599
vt 0.06652100 0.29507202
vt 0.57941002 0.32697099
vt 0.57659000 0.32542402
vt 0.03748000 0.25336301
vt 0.05272400 0.25315702
vt 0.56477898 0.29057401
vt 0.56383801 0.29372799
vt 0.03766000 0.25804698
vt 0.05266900 0.25807703
vt 0.53207201 0.31184500
vt 0.53525501 0.31224400
vt 0.03746500 0.26276302
vt 0.05260300 0.26298100
vt 0.58138001 0.32241499
vt 0.57824302 0.32143599
vt 0.55987400 0.28962100
vt 0.55956900 0.29285502
vt 0.08425300 0.25823402
vt 0.06770700 0.25830001
vt 0.53195500 0.31678802
vt 0.53518897 0.31656498
vt 0.03643400 0.27687401
vt 0.05189700 0.27793401
vt 0.08317300 0.21594697
vt 0.06620300 0.21719098
vt 0.03271300 0.20622098
vt 0.03384900 0.21097398
vt 0.04946400 0.20823199
vt 0.04867500 0.20297599
vt 0.08390000 0.30636102
vt 0.06589800 0.30626500
vt 0.03168000 0.20137203
vt 0.04768000 0.19758499
vt 0.03045900 0.19644898
vt 0.04654200 0.19207501
vt 0.08422900 0.27933800
vt 0.08406400 0.27403098
vt 0.06747800 0.27374798
vt 0.06726800 0.27893698
vt 0.02875200 0.19158900
vt 0.04528900 0.18637198
vt 0.08382500 0.23193699
vt 0.08378600 0.22662801
vt 0.06682600 0.22758299
vt 0.06711500 0.23274601
vt 0.02706300 0.18660498
vt 0.04369300 0.18036002
vt 0.08190700 0.18279999
vt 0.08190500 0.17710602
vt 0.06270100 0.17733902
vt 0.06323400 0.18368000
vt 0.08429500 0.26876301
vt 0.06757200 0.26859403
vt 0.08367700 0.30088300
vt 0.06624800 0.30060101
vt 0.08328100 0.22130299
vt 0.06657600 0.22238600
vt 0.02506500 0.18159401
vt 0.04174700 0.17397201
vt 0.08205400 0.17139202
vt 0.06224100 0.17049098
vt 0.02270600 0.17661500
vt 0.03925400 0.16703999
vt 0.01995300 0.17186999
vt 0.03591100 0.15933001
vt 0.02550300 0.32118797
vt 0.02287200 0.32602698
vt 0.04046500 0.33812398
vt 0.04324700 0.32980603
vt 0.08449200 0.26349699
vt 0.06762200 0.26343203
vt 0.02783100 0.31617999
vt 0.04515000 0.32268298
vt 0.03519300 0.28636903
vt 0.05101100 0.28820097
vt 0.03588000 0.28160799
vt 0.05149500 0.28302801
vt 0.02952600 0.31099600
vt 0.04668900 0.31616098
vt 0.08389400 0.29545599
vt 0.15830401 0.29455602
vt 0.15823700 0.28933400
vt 0.08412300 0.29006100
vt 0.15817900 0.28411400
vt 0.08437100 0.28469098
vt 0.08378900 0.31187499
vt 0.15858801 0.31022501
vt 0.15847801 0.30500299
vt 0.08390000 0.30636102
vt 0.15838400 0.29977900
vt 0.08367700 0.30088300
vt 0.08398300 0.32296300
vt 0.15885800 0.32066500
vt 0.15871400 0.31544602
vt 0.08380100 0.31741703
vt 0.08534000 0.33377498
vt 0.15919900 0.33108902
vt 0.15902001 0.32587999
vt 0.08441400 0.32849002
vt 0.08205400 0.17139202
vt 0.15886401 0.17333198
vt 0.15902500 0.16795701
vt 0.08222000 0.16561002
vt 0.15919900 0.16242599
vt 0.08295600 0.16003197
vt 0.08190700 0.18279999
vt 0.15858699 0.18406802
vt 0.15871800 0.17870301
vt 0.08190500 0.17710602
vt 0.08212000 0.19405198
vt 0.15837200 0.19476801
vt 0.15847100 0.18942398
vt 0.08199600 0.18844998
vt 0.08285400 0.20510900
vt 0.15821600 0.20541799
vt 0.15828700 0.20010102
vt 0.08268700 0.19959998
vt 0.08317300 0.21594697
vt 0.15810700 0.21601403
vt 0.15815599 0.21072298
vt 0.08302300 0.21055299
vt 0.08378600 0.22662801
vt 0.15803701 0.22656298
vt 0.15806700 0.22129399
vt 0.08328100 0.22130299
vt 0.08382000 0.23721200
vt 0.15800400 0.23706901
vt 0.15801699 0.23181999
vt 0.08382500 0.23193699
vt 0.08411000 0.24773198
vt 0.15800300 0.24754697
vt 0.15800001 0.24231201
vt 0.08420200 0.24247497
vt 0.08425300 0.25823402
vt 0.15801799 0.25800598
vt 0.15800700 0.25278002
vt 0.08441000 0.25298399
vt 0.08429500 0.26876301
vt 0.15805900 0.26845098
vt 0.15803500 0.26323003
vt 0.08449200 0.26349699
vt 0.08422900 0.27933800
vt 0.15812901 0.27889401
vt 0.15808900 0.27367097
vt 0.08406400 0.27403098
vt 0.77187097 0.66723704
vt 0.79211003 0.60139096
vt 0.79093802 0.60105503
vt 0.77115500 0.66723299
vt 0.80994999 0.53450704
vt 0.80932802 0.53412104
vt 0.80866098 0.53384304
vt 0.78976297 0.60071802
vt 0.77046001 0.66711700
vt 0.81805903 0.95487100
vt 0.83113801 0.94830900
vt 0.79476798 0.88182700
vt 0.78241098 0.88835698
vt 0.84403300 0.94118601
vt 0.80711198 0.87514001
vt 0.77314699 0.81242299
vt 0.76161599 0.81785399
vt 0.74980402 0.82294703
vt 0.79218900 0.47143698
vt 0.80311102 0.47631103
vt 0.82008302 0.44813401
vt 0.80670601 0.44044602
vt 0.81332999 0.48191100
vt 0.83275002 0.45681697
vt 0.85526198 0.42811197
vt 0.84135598 0.41776699
vt 0.82687402 0.40822297
vt 0.73017401 0.65897202
vt 0.74296701 0.66116899
vt 0.76059598 0.59233201
vt 0.74691898 0.58840799
vt 0.75552398 0.66379100
vt 0.77422202 0.59626001
vt 0.79404598 0.52867699
vt 0.78195697 0.52429801
vt 0.76988399 0.51953799
vt 0.70968300 0.71280396
vt 0.70856702 0.74472600
vt 0.70912498 0.74465901
vt 0.71017498 0.71279204
vt 0.71721900 0.77546102
vt 0.71770000 0.77535599
vt 0.70912498 0.74465901
vt 0.71770000 0.77535599
vt 0.71824002 0.77537000
vt 0.70968097 0.74459201
vt 0.71017498 0.71279204
vt 0.71069700 0.71265000
vt 0.80796200 0.40295702
vt 0.79097903 0.43230498
vt 0.79149997 0.43256199
vt 0.80847102 0.40314198
vt 0.77863401 0.46252000
vt 0.77907503 0.46274400
vt 0.79149997 0.43256199
vt 0.77907503 0.46274400
vt 0.77948600 0.46310002
vt 0.79202002 0.43281901
vt 0.80847102 0.40314198
vt 0.80905902 0.40320098
vt 0.79568398 0.66376501
vt 0.81357199 0.60756803
vt 0.81258202 0.60728204
vt 0.79494500 0.66375101
vt 0.82838899 0.55035901
vt 0.82775497 0.54997200
vt 0.82712603 0.54929698
vt 0.81158900 0.60699600
vt 0.79405701 0.66398299
vt 0.75372797 0.51855302
vt 0.73115098 0.58390796
vt 0.73231298 0.58423996
vt 0.75447601 0.51865196
vt 0.71585798 0.65141201
vt 0.71654999 0.65172100
vt 0.73231298 0.58423996
vt 0.71654999 0.65172100
vt 0.71722400 0.65231699
vt 0.73347503 0.58457100
vt 0.75447601 0.51865196
vt 0.75535500 0.51849699
vt 0.73764598 0.83361000
vt 0.76783001 0.89587700
vt 0.76890802 0.89532602
vt 0.73824698 0.83315301
vt 0.80084401 0.95714301
vt 0.80160898 0.95696598
vt 0.76890802 0.89532602
vt 0.80160898 0.95696598
vt 0.80250102 0.95703697
vt 0.76998699 0.89477402
vt 0.73824698 0.83315301
vt 0.73876399 0.83242100
vt 0.40926901 0.30293202
vt 0.40914801 0.23858398
vt 0.38885999 0.23860103
vt 0.38891399 0.30286998
vt 0.40916100 0.17423600
vt 0.38880599 0.17433202
vt 0.36845100 0.17426997
vt 0.36857200 0.23861802
vt 0.36855900 0.30296701
vt 0.78348202 0.66660601
vt 0.80327398 0.60460001
vt 0.80216998 0.60428298
vt 0.78266102 0.66677099
vt 0.81955302 0.54134101
vt 0.81893998 0.54075396
vt 0.81827700 0.54024100
vt 0.80106097 0.60396302
vt 0.78184098 0.66684902
vt 0.83575898 0.49713099
vt 0.85674602 0.47802502
vt 0.85623699 0.47751200
vt 0.83513999 0.49681503
vt 0.87789100 0.45570803
vt 0.87758601 0.45492399
vt 0.87721002 0.45416898
vt 0.85572302 0.47699499
vt 0.83455300 0.49645001
vt 0.86028600 0.92997199
vt 0.82379198 0.86578703
vt 0.82269698 0.86641502
vt 0.85967499 0.93065000
vt 0.78833997 0.80526000
vt 0.78764099 0.80543000
vt 0.78698802 0.80570501
vt 0.82159698 0.86704201
vt 0.85896701 0.93121803
vt 0.79119498 0.75746900
vt 0.79042900 0.73490596
vt 0.78971702 0.73499203
vt 0.79048002 0.75759399
vt 0.78582799 0.71281099
vt 0.78510499 0.71285903
vt 0.78429002 0.71273100
vt 0.78900701 0.73507702
vt 0.78971797 0.75791198
vt 0.86816698 0.91937399
vt 0.83415300 0.85980701
vt 0.83313203 0.86040199
vt 0.86771798 0.92019999
vt 0.79988700 0.80315298
vt 0.79904503 0.80318403
vt 0.79822302 0.80330002
vt 0.83210599 0.86099899
vt 0.86718500 0.92097497
vt 0.76922202 0.76490498
vt 0.76774299 0.73762798
vt 0.76715797 0.73769796
vt 0.76869798 0.76505601
vt 0.76274800 0.71078598
vt 0.76220399 0.71076202
vt 0.76166201 0.71081299
vt 0.76656401 0.73776901
vt 0.76815897 0.76513398
vt 0.77921098 0.76210701
vt 0.77856702 0.73633099
vt 0.77793503 0.73640704
vt 0.77860802 0.76234001
vt 0.77310300 0.71114600
vt 0.77246302 0.71106201
vt 0.77182198 0.71103501
vt 0.77729899 0.73648298
vt 0.77799100 0.76251799
vt 0.84787297 0.50349301
vt 0.86589098 0.48740399
vt 0.86536002 0.48684800
vt 0.84728098 0.50300199
vt 0.88294500 0.47003597
vt 0.88253200 0.46937698
vt 0.88223702 0.46852899
vt 0.86482698 0.48629099
vt 0.84649903 0.50260496
vt 0.87400502 0.90724897
vt 0.84362900 0.85425198
vt 0.84271902 0.85478801
vt 0.87349498 0.90783703
vt 0.81255901 0.80304897
vt 0.81183702 0.80323803
vt 0.81090999 0.80322099
vt 0.84180701 0.85532498
vt 0.87309200 0.90869498
vt 0.82623500 0.49127299
vt 0.84770203 0.46932203
vt 0.84718800 0.46884799
vt 0.82572502 0.49097300
vt 0.87104702 0.44314098
vt 0.87061501 0.44247001
vt 0.87008798 0.44186801
vt 0.84666502 0.46836698
vt 0.82525998 0.49060702
vt 0.73288202 0.77351999
vt 0.74388498 0.76992399
vt 0.73841000 0.74114203
vt 0.72495401 0.74275696
vt 0.75466502 0.76721799
vt 0.75148898 0.73957396
vt 0.74806100 0.71196800
vt 0.73693401 0.71188301
vt 0.72537398 0.71098304
vt 0.74993801 0.51811600
vt 0.75133002 0.51827800
vt 0.76799703 0.48918599
vt 0.76638901 0.48903900
vt 0.77194101 0.48355401
vt 0.77006203 0.48324901
vt 0.77058798 0.48948598
vt 0.76952201 0.48933601
vt 0.75263500 0.51842600
vt 0.77479100 0.48420900
vt 0.77364600 0.48393297
vt 0.77557099 0.48242801
vt 0.77441102 0.48214298
vt 0.77621597 0.48067099
vt 0.77503997 0.48036498
vt 0.77325302 0.47989398
vt 0.77264398 0.48172700
vt 0.77756500 0.46195698
vt 0.77537298 0.47673303
vt 0.77652699 0.47716397
vt 0.77608299 0.46113098
vt 0.77371198 0.47605401
vt 0.77453202 0.46025199
vt 0.77197301 0.47522300
vt 0.77121300 0.47930300
vt 0.77062601 0.48129398
vt 0.80320698 0.40151399
vt 0.80500299 0.40203500
vt 0.81333500 0.38779098
vt 0.81135201 0.38751900
vt 0.81464398 0.38405597
vt 0.81262499 0.38400197
vt 0.81670302 0.38831699
vt 0.81528997 0.38807398
vt 0.80672801 0.40255302
vt 0.81819302 0.38423198
vt 0.81669402 0.38414198
vt 0.81794399 0.38183099
vt 0.81645799 0.38195503
vt 0.82137698 0.99832499
vt 0.82139200 0.99607903
vt 0.82007301 0.99592102
vt 0.82006198 0.99799502
vt 0.81826001 0.99569398
vt 0.81825799 0.99755400
vt 0.81445003 0.38210601
vt 0.79972500 0.95736301
vt 0.81699300 0.98929501
vt 0.81816602 0.98927897
vt 0.79838598 0.95759797
vt 0.81535298 0.98927599
vt 0.79696101 0.95784998
vt 0.81364602 0.98927402
vt 0.81644303 0.99549800
vt 0.81246102 0.38223499
vt 0.81646597 0.99718302
vt 0.70502800 0.71307802
vt 0.70680201 0.71295202
vt 0.71141100 0.69854599
vt 0.70946503 0.69849002
vt 0.71282101 0.69487000
vt 0.71069098 0.69440299
vt 0.71443599 0.69887102
vt 0.71320999 0.69871497
vt 0.70848602 0.71284801
vt 0.71582401 0.69561696
vt 0.71463901 0.69531900
vt 0.71611202 0.69375503
vt 0.71495301 0.69343501
vt 0.71631002 0.69180596
vt 0.71517098 0.69147700
vt 0.71348101 0.69095397
vt 0.71318299 0.69292998
vt 0.71485603 0.65094900
vt 0.71433198 0.68466800
vt 0.71533102 0.68508399
vt 0.71366298 0.65039504
vt 0.71293700 0.68401396
vt 0.71238798 0.64980698
vt 0.71147299 0.68331099
vt 0.71166998 0.69026399
vt 0.71116102 0.69230300
vt 0.73464400 0.83596998
vt 0.73574799 0.83510399
vt 0.72716999 0.80262101
vt 0.72591299 0.80364698
vt 0.72606999 0.79575902
vt 0.72447503 0.79685301
vt 0.72924298 0.80102003
vt 0.72837102 0.80165899
vt 0.73677897 0.83429098
vt 0.72861397 0.79426599
vt 0.72758597 0.79485399
vt 0.72796297 0.79242301
vt 0.72691298 0.79300600
vt 0.72724497 0.79068500
vt 0.72616500 0.79125297
vt 0.72450799 0.79211801
vt 0.72531497 0.79391301
vt 0.71604699 0.77570200
vt 0.72397703 0.78829700
vt 0.72512901 0.78785598
vt 0.71438801 0.77599901
vt 0.72227103 0.78888601
vt 0.71263599 0.77629697
vt 0.72039700 0.78940099
vt 0.72255301 0.79307300
vt 0.72350299 0.79499698
vt 0.83722198 0.39228898
vt 0.82931501 0.38847703
vt 0.81941497 0.40425497
vt 0.83950597 0.38857001
vt 0.83132797 0.38474101
vt 0.82837099 0.38411200
vt 0.82636899 0.38793802
vt 0.81665599 0.40357298
vt 0.83950597 0.38857001
vt 0.84045202 0.38690102
vt 0.83201498 0.38281697
vt 0.84037799 0.99615598
vt 0.83965701 0.99470699
vt 0.83267498 0.99753398
vt 0.83329701 0.99919999
vt 0.83008403 0.99782902
vt 0.83056903 0.99973500
vt 0.82880098 0.38191801
vt 0.81137401 0.95757800
vt 0.82956302 0.99137700
vt 0.83648098 0.98863900
vt 0.80894399 0.95786899
vt 0.82687199 0.99150801
vt 0.80719101 0.95769203
vt 0.82484901 0.99107701
vt 0.80546498 0.95745403
vt 0.82279700 0.99050701
vt 0.82605600 0.99722099
vt 0.82811701 0.99761802
vt 0.81932902 0.98941499
vt 0.82079101 0.98988098
vt 0.80383801 0.95721501
vt 0.82244599 0.99628699
vt 0.82397902 0.99671102
vt 0.82245600 0.99860698
vt 0.82407099 0.99899501
vt 0.81918699 0.38173002
vt 0.81941497 0.38422799
vt 0.82122302 0.38410097
vt 0.82108402 0.38157898
vt 0.82368100 0.38398302
vt 0.82370102 0.38148898
vt 0.82626599 0.99943900
vt 0.81050199 0.40328002
vt 0.81950998 0.38827199
vt 0.81783599 0.38839698
vt 0.81251299 0.40336603
vt 0.82179999 0.38811201
vt 0.81459898 0.40345001
vt 0.82411999 0.38798201
vt 0.82609802 0.38397402
vt 0.82630998 0.38158101
vt 0.82845801 0.99971801
vt 0.78623199 0.46899199
vt 0.78371000 0.48169899
vt 0.78831899 0.48346603
vt 0.78431201 0.46769798
vt 0.78212398 0.48090702
vt 0.78187901 0.48321700
vt 0.78324801 0.48384899
vt 0.78747100 0.48566097
vt 0.78304797 0.46649897
vt 0.78098601 0.48011202
vt 0.78174597 0.46523499
vt 0.77973402 0.47924501
vt 0.77960199 0.48210698
vt 0.78082299 0.48268801
vt 0.77734798 0.47759598
vt 0.77839500 0.47833002
vt 0.78044897 0.46399301
vt 0.77707797 0.48098201
vt 0.77822101 0.48148698
vt 0.77645898 0.48265201
vt 0.77766198 0.48297900
vt 0.77567798 0.48432899
vt 0.77689499 0.48445302
vt 0.77840400 0.48467499
vt 0.77912599 0.48341101
vt 0.75663602 0.51822603
vt 0.77299899 0.48924899
vt 0.77169001 0.48947400
vt 0.75815398 0.51791298
vt 0.77472401 0.48898602
vt 0.75975502 0.51760101
vt 0.77640301 0.48879999
vt 0.76137400 0.51734698
vt 0.77796602 0.48872000
vt 0.78095901 0.48514599
vt 0.77976501 0.48490697
vt 0.78451401 0.49142897
vt 0.77986902 0.48910499
vt 0.76363802 0.51748401
vt 0.78663301 0.48748702
vt 0.78242397 0.48563999
vt 0.78706998 0.48656303
vt 0.78288800 0.48474401
vt 0.78747100 0.48566097
vt 0.78150302 0.48419899
vt 0.78039998 0.48381698
vt 0.74055201 0.79286599
vt 0.73562998 0.79433602
vt 0.74394000 0.82586896
vt 0.73940903 0.78862101
vt 0.73512000 0.79012400
vt 0.73373002 0.79075301
vt 0.73400599 0.79535997
vt 0.74223500 0.82736498
vt 0.73909903 0.78766298
vt 0.73485303 0.78916597
vt 0.73878002 0.78674501
vt 0.73451102 0.78828001
vt 0.73309898 0.78874201
vt 0.73348600 0.78970301
vt 0.72697800 0.77553403
vt 0.73340702 0.78642702
vt 0.73791599 0.78460503
vt 0.72474200 0.77578700
vt 0.73173201 0.78690803
vt 0.73878002 0.78674501
vt 0.72305000 0.77569002
vt 0.73037601 0.78708303
vt 0.72128302 0.77556300
vt 0.72888398 0.78727698
vt 0.73070002 0.78946197
vt 0.73197800 0.78906602
vt 0.72602803 0.78763801
vt 0.72729099 0.78749096
vt 0.71952802 0.77544200
vt 0.72809201 0.79033399
vt 0.72927397 0.78993499
vt 0.72876799 0.79198200
vt 0.72987098 0.79140604
vt 0.72934198 0.79374301
vt 0.73031199 0.79300201
vt 0.73156101 0.79213899
vt 0.73123002 0.79073203
vt 0.73948401 0.83132398
vt 0.73081201 0.79916501
vt 0.73003000 0.80023700
vt 0.74034297 0.83003300
vt 0.73186702 0.79778200
vt 0.74126202 0.82868499
vt 0.73294199 0.79649198
vt 0.73270500 0.79138702
vt 0.73242998 0.79016900
vt 0.72764999 0.69901204
vt 0.72282797 0.69830203
vt 0.71915400 0.71042097
vt 0.72798502 0.69672298
vt 0.72346503 0.69623804
vt 0.72198099 0.69612199
vt 0.72108501 0.69823003
vt 0.71692002 0.71070397
vt 0.72798502 0.69672298
vt 0.72807902 0.69575399
vt 0.72358799 0.69529402
vt 0.72815400 0.69474697
vt 0.72362101 0.69429803
vt 0.72211897 0.69401503
vt 0.72213000 0.69509500
vt 0.72377300 0.65748799
vt 0.72311902 0.69007999
vt 0.72826201 0.69034398
vt 0.72176802 0.65642899
vt 0.72129703 0.68946701
vt 0.72051799 0.65537298
vt 0.71999502 0.68861800
vt 0.71931303 0.65427601
vt 0.71864599 0.68761700
vt 0.71968001 0.69317997
vt 0.72097099 0.69364202
vt 0.71628100 0.68566203
vt 0.71729398 0.68651998
vt 0.71817899 0.65322000
vt 0.71714199 0.69214404
vt 0.71826202 0.69263601
vt 0.71700001 0.69399399
vt 0.71820998 0.69429302
vt 0.71673203 0.69575703
vt 0.71797597 0.69586599
vt 0.71947598 0.69598901
vt 0.71969199 0.69462800
vt 0.71193200 0.71227503
vt 0.71662498 0.69871402
vt 0.71536201 0.69887000
vt 0.71360999 0.71174097
vt 0.71822602 0.69854498
vt 0.71529800 0.71119899
vt 0.71972400 0.69837999
vt 0.72081399 0.69607198
vt 0.72099298 0.69489199
vt 0.82939500 0.55082703
vt 0.83411801 0.52194601
vt 0.83313000 0.52140301
vt 0.83077902 0.55145299
vt 0.83546901 0.52265704
vt 0.83653498 0.51689196
vt 0.83531898 0.51624703
vt 0.83442599 0.51574302
vt 0.83229601 0.55212498
vt 0.83693200 0.52338499
vt 0.35404700 0.17336297
vt 0.35578701 0.17373002
vt 0.35569200 0.14445603
vt 0.35417801 0.14401501
vt 0.35555899 0.13899601
vt 0.35437199 0.13873500
vt 0.83784002 0.51751399
vt 0.36823300 0.14505702
vt 0.35839501 0.14481997
vt 0.35862800 0.17405099
vt 0.36794701 0.13921797
vt 0.35807300 0.13914299
vt 0.36762699 0.13720399
vt 0.35768801 0.13739198
vt 0.85216099 0.50764203
vt 0.85047603 0.50600499
vt 0.84068102 0.51263899
vt 0.84207499 0.51434302
vt 0.83819199 0.51439500
vt 0.83915198 0.51588702
vt 0.35532999 0.13762099
vt 0.83855802 0.51011598
vt 0.83946103 0.51114601
vt 0.84896398 0.50453603
vt 0.83645701 0.51233304
vt 0.83721000 0.51317501
vt 0.83550400 0.51408398
vt 0.83627999 0.51472497
vt 0.83726197 0.51557004
vt 0.83809400 0.51632202
vt 0.35453901 0.13781703
vt 0.81440002 0.50565398
vt 0.81340200 0.50526500
vt 0.80749899 0.53340399
vt 0.81536698 0.50169599
vt 0.81448501 0.50124401
vt 0.81329697 0.50061703
vt 0.81206399 0.50470901
vt 0.80590498 0.53279901
vt 0.81576300 0.50086701
vt 0.81488901 0.50039303
vt 0.81615901 0.50007701
vt 0.81530797 0.49958801
vt 0.81413800 0.49893302
vt 0.81370503 0.49974900
vt 0.82434398 0.48985398
vt 0.81658798 0.49787098
vt 0.81742901 0.49843699
vt 0.82307100 0.48883897
vt 0.81542599 0.49714297
vt 0.82167000 0.48776603
vt 0.81416100 0.49638599
vt 0.82025099 0.48672199
vt 0.81287599 0.49564302
vt 0.81165099 0.49757600
vt 0.81289500 0.49825001
vt 0.80656600 0.49218398
vt 0.81115103 0.49465197
vt 0.81838101 0.48535103
vt 0.80544400 0.49430901
vt 0.80997199 0.49667197
vt 0.80544400 0.49430901
vt 0.80499601 0.49519002
vt 0.80953097 0.49752700
vt 0.80997199 0.49667197
vt 0.80453300 0.49610299
vt 0.80908000 0.49841899
vt 0.81078500 0.49929303
vt 0.81121701 0.49841201
vt 0.81165099 0.49757600
vt 0.80018800 0.53070796
vt 0.80731601 0.50260401
vt 0.80250502 0.50032300
vt 0.80246198 0.53150100
vt 0.80921900 0.50344396
vt 0.80417800 0.53214598
vt 0.81063998 0.50408697
vt 0.81204098 0.49995399
vt 0.81245899 0.49907601
vt 0.83202302 0.52032501
vt 0.83080399 0.51886499
vt 0.82613701 0.54818201
vt 0.83319199 0.51469499
vt 0.83163798 0.51332104
vt 0.82969898 0.51171303
vt 0.82919002 0.51708800
vt 0.82478499 0.54668099
vt 0.83418298 0.51303399
vt 0.83246398 0.51172996
vt 0.83509898 0.51131296
vt 0.83333302 0.51017904
vt 0.83120698 0.50882399
vt 0.83039099 0.51021397
vt 0.84491998 0.50184500
vt 0.83543098 0.50826299
vt 0.83715099 0.50917697
vt 0.84286702 0.50081599
vt 0.83332002 0.50708699
vt 0.84076500 0.49972999
vt 0.83129001 0.50595498
vt 0.83877200 0.49868500
vt 0.82945901 0.50494999
vt 0.82755601 0.50656104
vt 0.82925200 0.50760102
vt 0.82680202 0.50355697
vt 0.82789701 0.50411499
vt 0.83701301 0.49776697
vt 0.82517898 0.50515103
vt 0.82614702 0.50571597
vt 0.82465202 0.50625300
vt 0.82556099 0.50685704
vt 0.82410800 0.50736600
vt 0.82500398 0.50804198
vt 0.82631898 0.50904000
vt 0.82689202 0.50775898
vt 0.82053399 0.54228699
vt 0.82465702 0.51269603
vt 0.82371098 0.51182199
vt 0.82186699 0.54361200
vt 0.82600498 0.51393902
vt 0.82332301 0.54511297
vt 0.82754701 0.51541698
vt 0.82789499 0.51026702
vt 0.82850701 0.50887704
vt 0.82269198 0.51099598
vt 0.82161802 0.51028097
vt 0.81717598 0.53944802
vt 0.82311302 0.50667900
vt 0.82202601 0.50597000
vt 0.82064098 0.50505900
vt 0.82022399 0.50936902
vt 0.81567401 0.53837597
vt 0.82363600 0.50560200
vt 0.82251197 0.50489902
vt 0.82414502 0.50453800
vt 0.82303298 0.50387502
vt 0.82160300 0.50304496
vt 0.82108301 0.50401402
vt 0.83341700 0.49570501
vt 0.82462603 0.50230098
vt 0.82570100 0.50295001
vt 0.83189899 0.49471301
vt 0.82322103 0.50149202
vt 0.83029002 0.49368602
vt 0.82178700 0.50070500
vt 0.82871097 0.49271297
vt 0.82041901 0.49998897
vt 0.81891698 0.50155103
vt 0.82020497 0.50225699
vt 0.81829399 0.49894601
vt 0.81919003 0.49937302
vt 0.82727599 0.49186301
vt 0.81697398 0.50052798
vt 0.81778198 0.50094599
vt 0.81658000 0.50132298
vt 0.81735897 0.50177699
vt 0.81619400 0.50215697
vt 0.81696302 0.50265801
vt 0.81805098 0.50336504
vt 0.81845498 0.50242400
vt 0.81100398 0.53519499
vt 0.81622100 0.50674701
vt 0.81534201 0.50615001
vt 0.81246001 0.53616297
vt 0.81744301 0.50755203
vt 0.81405801 0.53725004
vt 0.81880200 0.50844002
vt 0.81929100 0.50417399
vt 0.81970799 0.50317502
vt 0.41898301 0.17400098
vt 0.41916800 0.14476800
vt 0.40933001 0.14502198
vt 0.42182401 0.17367399
vt 0.42186999 0.14440000
vt 0.42199400 0.13893998
vt 0.41948000 0.13909203
vt 0.40960601 0.13918298
vt 0.42356399 0.17330498
vt 0.42338300 0.14395702
vt 0.87728697 0.90416998
vt 0.87601203 0.90534997
vt 0.89219898 0.93195903
vt 0.89327300 0.93070000
vt 0.89550197 0.93649501
vt 0.89624298 0.93544400
vt 0.42318001 0.13867801
vt 0.89055002 0.93411398
vt 0.89123797 0.93317997
vt 0.87484801 0.90644002
vt 0.89439702 0.93852800
vt 0.89486301 0.93762398
vt 0.89623702 0.93923497
vt 0.89644301 0.93827701
vt 0.89645499 0.46114302
vt 0.89437097 0.46113902
vt 0.89480001 0.46221697
vt 0.89659101 0.46217400
vt 0.89539897 0.46358401
vt 0.89675200 0.46341902
vt 0.89668697 0.93711901
vt 0.88383400 0.47125202
vt 0.89212698 0.46346200
vt 0.89145499 0.46227801
vt 0.88507301 0.47290897
vt 0.89307398 0.46503502
vt 0.88644499 0.47470897
vt 0.89414400 0.46669602
vt 0.40992299 0.13716900
vt 0.41986200 0.13733900
vt 0.42221999 0.13756502
vt 0.89611697 0.46491402
vt 0.42301199 0.13775998
vt 0.89687598 0.93620503
vt 0.89687598 0.46439898
vt 0.85781801 0.93209201
vt 0.87676799 0.96458697
vt 0.87798101 0.96357203
vt 0.85623598 0.93328202
vt 0.87511802 0.96593601
vt 0.87858897 0.97167897
vt 0.88027501 0.97023702
vt 0.88150501 0.96912402
vt 0.85450602 0.93455499
vt 0.87334001 0.96733999
vt 0.85276800 0.93580401
vt 0.87155300 0.96869898
vt 0.87499303 0.97447002
vt 0.87679303 0.97311801
vt 0.86252701 0.97437203
vt 0.86911100 0.97037500
vt 0.85042799 0.93735898
vt 0.86589497 0.98015600
vt 0.87252802 0.97613698
vt 0.86667198 0.98147100
vt 0.87334698 0.97744000
vt 0.87079197 0.40921301
vt 0.86960101 0.41057003
vt 0.87636000 0.41689998
vt 0.87761700 0.41567302
vt 0.87872797 0.41939998
vt 0.88003302 0.41825998
vt 0.87585902 0.97576398
vt 0.86182201 0.43354100
vt 0.87357903 0.41986400
vt 0.86687201 0.41375601
vt 0.86412299 0.43569499
vt 0.87591499 0.42227203
vt 0.87872797 0.41939998
vt 0.87636000 0.41689998
vt 0.86960101 0.41057003
vt 0.86580801 0.43738902
vt 0.87757498 0.42416102
vt 0.86747599 0.43910402
vt 0.87919402 0.42609501
vt 0.88202798 0.42336500
vt 0.88040203 0.42134303
vt 0.88173902 0.42930001
vt 0.88067001 0.42793500
vt 0.86899298 0.44069803
vt 0.88457102 0.42684102
vt 0.88351601 0.42534500
vt 0.88603598 0.42597002
vt 0.88493800 0.42438102
vt 0.88255799 0.97031403
vt 0.88127500 0.97147697
vt 0.87953401 0.97295398
vt 0.88340199 0.42232800
vt 0.87769902 0.97440803
vt 0.88174099 0.42025501
vt 0.87247998 0.91015100
vt 0.88950402 0.93767202
vt 0.88997900 0.93564302
vt 0.87163299 0.91211998
vt 0.88885200 0.94035000
vt 0.89273602 0.94537902
vt 0.89342201 0.94243801
vt 0.89392102 0.94016600
vt 0.87069702 0.91420197
vt 0.88814199 0.94308603
vt 0.86974198 0.91622901
vt 0.88741797 0.94567901
vt 0.89127499 0.95086902
vt 0.89200699 0.94825399
vt 0.88620597 0.94962299
vt 0.88672698 0.94797897
vt 0.86884302 0.91804999
vt 0.89004898 0.95467800
vt 0.89057702 0.95311397
vt 0.89169598 0.95560098
vt 0.89226598 0.95404500
vt 0.89332700 0.44339001
vt 0.89135402 0.44367099
vt 0.89174598 0.44538498
vt 0.89374399 0.44511300
vt 0.89224303 0.44782400
vt 0.89427000 0.44755697
vt 0.89300501 0.95181698
vt 0.87846798 0.45729202
vt 0.88868397 0.44718701
vt 0.88830799 0.44542402
vt 0.87924898 0.45949101
vt 0.88917601 0.44966298
vt 0.88009000 0.46193099
vt 0.88968599 0.45246601
vt 0.88092297 0.46442902
vt 0.89018297 0.45543200
vt 0.89323503 0.45373398
vt 0.89274698 0.45064503
vt 0.89096898 0.46054500
vt 0.89063901 0.45834202
vt 0.88168401 0.46678400
vt 0.89400500 0.45933002
vt 0.89368302 0.45689100
vt 0.89620602 0.45930803
vt 0.89584601 0.45678002
vt 0.89585900 0.94094002
vt 0.89531398 0.94328701
vt 0.89456898 0.94630098
vt 0.89534497 0.45353198
vt 0.89378500 0.94920701
vt 0.89481097 0.45039302
vt 0.86631602 0.92219502
vt 0.88469303 0.95286298
vt 0.88552397 0.95125401
vt 0.86511600 0.92384803
vt 0.88355899 0.95498502
vt 0.88728797 0.96050602
vt 0.88848698 0.95816898
vt 0.88935399 0.95635903
vt 0.86379701 0.92560303
vt 0.88233399 0.95716101
vt 0.86246002 0.92731702
vt 0.88109303 0.95923400
vt 0.88472599 0.96488297
vt 0.88600999 0.96279198
vt 0.87904000 0.96240401
vt 0.87991899 0.96108198
vt 0.86121202 0.92886102
vt 0.88257998 0.96794999
vt 0.88350099 0.96669298
vt 0.88370901 0.96910799
vt 0.88471401 0.96785903
vt 0.88700598 0.42754102
vt 0.88547701 0.42832601
vt 0.88624799 0.42983699
vt 0.88785702 0.42908198
vt 0.88724798 0.43198299
vt 0.88894397 0.43126303
vt 0.88602102 0.96605998
vt 0.87186497 0.44451702
vt 0.88335198 0.43228400
vt 0.88264000 0.43074602
vt 0.87297398 0.44642401
vt 0.88429499 0.43443000
vt 0.87416601 0.44852901
vt 0.88528299 0.43682897
vt 0.87534702 0.45067197
vt 0.88625300 0.43934000
vt 0.88927901 0.43706697
vt 0.88827598 0.43442601
vt 0.88779098 0.44362098
vt 0.88714302 0.44178200
vt 0.87642801 0.45268202
vt 0.89084101 0.44179398
vt 0.89019698 0.43974102
vt 0.89279097 0.44143599
vt 0.89211202 0.43926102
vt 0.89095300 0.95733601
vt 0.89002699 0.95923400
vt 0.88874602 0.96164799
vt 0.89112800 0.43647099
vt 0.88738602 0.96396798
vt 0.89005101 0.43375403
vt 0.35873699 0.30320197
vt 0.35855201 0.33243400
vt 0.36838999 0.33218002
vt 0.35589600 0.30352801
vt 0.35585001 0.33280200
vt 0.35572600 0.33826298
vt 0.35824099 0.33811098
vt 0.36811399 0.33802003
vt 0.35415599 0.30389798
vt 0.35433701 0.33324599
vt 0.79991001 0.66437304
vt 0.79827702 0.66412497
vt 0.78669697 0.69066596
vt 0.78830600 0.69085896
vt 0.78440702 0.69600201
vt 0.78582102 0.69622201
vt 0.35453999 0.33852500
vt 0.78408402 0.69043100
vt 0.78519398 0.69051898
vt 0.79677999 0.66390896
vt 0.78206199 0.69577098
vt 0.78306299 0.69585299
vt 0.78202200 0.69770300
vt 0.78299898 0.69761503
vt 0.78182101 0.69962800
vt 0.78288603 0.69937301
vt 0.78434902 0.69894600
vt 0.78425997 0.69747996
vt 0.78724200 0.71261799
vt 0.78354001 0.70223200
vt 0.78225899 0.70254302
vt 0.78922099 0.71233600
vt 0.78533202 0.70173699
vt 0.79143000 0.71202499
vt 0.78738302 0.70118701
vt 0.36779699 0.34003401
vt 0.35785800 0.33986300
vt 0.35550001 0.33963799
vt 0.78596199 0.69829202
vt 0.35470799 0.33944303
vt 0.78535700 0.69734204
vt 0.76926100 0.66687399
vt 0.75955898 0.69315302
vt 0.76057202 0.69334799
vt 0.76761401 0.66654503
vt 0.75818199 0.69292104
vt 0.75711501 0.69688296
vt 0.75839603 0.69697404
vt 0.75933999 0.69705498
vt 0.76583201 0.66618699
vt 0.75669801 0.69270200
vt 0.76406199 0.66583002
vt 0.75520301 0.69250500
vt 0.75439799 0.69669998
vt 0.75575697 0.69679099
vt 0.74804598 0.69168401
vt 0.75320601 0.69222796
vt 0.76174700 0.66530502
vt 0.74763799 0.69622004
vt 0.75256002 0.69656503
vt 0.74757302 0.69721198
vt 0.75248802 0.69752502
vt 0.74751401 0.69816899
vt 0.75242901 0.69844699
vt 0.75425100 0.69853801
vt 0.75431299 0.69763803
vt 0.75373602 0.71157396
vt 0.75240803 0.70068002
vt 0.74741000 0.70048404
vt 0.75585902 0.71139097
vt 0.75429702 0.70071602
vt 0.75425100 0.69853801
vt 0.75242901 0.69844699
vt 0.74751401 0.69816899
vt 0.75747102 0.71126103
vt 0.75570297 0.70074797
vt 0.75908703 0.71110702
vt 0.75710100 0.70076400
vt 0.75695199 0.69867301
vt 0.75559998 0.69860697
vt 0.75936002 0.70072299
vt 0.75840098 0.70075703
vt 0.76057702 0.71094298
vt 0.75916201 0.69876504
vt 0.75822699 0.69873101
vt 0.75924098 0.69792604
vt 0.75829399 0.69786900
vt 0.75700903 0.69779396
vt 0.75565797 0.69771600
vt 0.79263300 0.66438901
vt 0.78080797 0.69125998
vt 0.78258997 0.69072104
vt 0.79069799 0.66492498
vt 0.77854401 0.69183999
vt 0.77608001 0.69646299
vt 0.77850002 0.69621301
vt 0.78049302 0.69594699
vt 0.78863800 0.66545701
vt 0.77632099 0.69231701
vt 0.78662199 0.66593701
vt 0.77428901 0.69269300
vt 0.77195001 0.69681096
vt 0.77386302 0.69666201
vt 0.77131701 0.69319201
vt 0.77254301 0.69298398
vt 0.78480297 0.66633499
vt 0.76929802 0.69699204
vt 0.77037102 0.69692004
vt 0.76915199 0.69816804
vt 0.77019501 0.69815999
vt 0.76899898 0.69932300
vt 0.77006501 0.69937801
vt 0.77163202 0.69944501
vt 0.77173299 0.69813901
vt 0.77440101 0.71131897
vt 0.77061701 0.70156896
vt 0.76945698 0.70143801
vt 0.77623999 0.71154904
vt 0.77229398 0.70172799
vt 0.77833098 0.71181399
vt 0.77427602 0.70190096
vt 0.78053200 0.71211600
vt 0.77648699 0.70208800
vt 0.77574003 0.69957900
vt 0.77353197 0.69951200
vt 0.78064001 0.70250702
vt 0.77878898 0.70229399
vt 0.78266603 0.71244597
vt 0.78018099 0.69969499
vt 0.77815998 0.69964099
vt 0.78038698 0.69782197
vt 0.77830398 0.69793499
vt 0.77583200 0.69803298
vt 0.77361500 0.69809800
vt 0.78050101 0.66692799
vt 0.76881403 0.69334304
vt 0.77005601 0.69332802
vt 0.77868098 0.66702700
vt 0.76721197 0.69335300
vt 0.76531601 0.69704300
vt 0.76690000 0.69702899
vt 0.76814097 0.69702399
vt 0.77673900 0.66711199
vt 0.76558101 0.69336301
vt 0.77483398 0.66717601
vt 0.76402098 0.69337702
vt 0.76235902 0.69707501
vt 0.76377398 0.69705904
vt 0.76159400 0.69342899
vt 0.76261598 0.69339699
vt 0.77311099 0.66721702
vt 0.76024401 0.69710201
vt 0.76112098 0.69708896
vt 0.76013201 0.69797200
vt 0.76099098 0.69800198
vt 0.76004702 0.69881296
vt 0.76090997 0.69888604
vt 0.76212901 0.69897699
vt 0.76220399 0.69804001
vt 0.76384997 0.71085101
vt 0.76124197 0.70086199
vt 0.76030898 0.70075202
vt 0.76538998 0.71091700
vt 0.76253802 0.70099401
vt 0.76710701 0.71096599
vt 0.76399702 0.70111901
vt 0.76887602 0.71099800
vt 0.76554501 0.70122600
vt 0.76504999 0.69915497
vt 0.76352400 0.69906902
vt 0.76827103 0.70134497
vt 0.76708102 0.70130503
vt 0.77056003 0.71101701
vt 0.76785398 0.69927400
vt 0.76662302 0.69922799
vt 0.76800001 0.69815999
vt 0.76673502 0.69813901
vt 0.76513201 0.69810998
vt 0.76359600 0.69807696
vt 0.40948799 0.33214599
vt 0.41932601 0.33238298
vt 0.41909200 0.30315101
vt 0.40977401 0.33798498
vt 0.41964701 0.33805901
vt 0.42216200 0.33820701
vt 0.42202899 0.33274603
vt 0.42193401 0.30347198
vt 0.41009399 0.33999801
vt 0.42003301 0.33981103
vt 0.79682600 0.75690198
vt 0.79460502 0.75712502
vt 0.79334801 0.76835698
vt 0.79547501 0.76840198
vt 0.79306000 0.77130902
vt 0.79478800 0.77155900
vt 0.42239001 0.33958101
vt 0.79016501 0.76830602
vt 0.79148602 0.76830304
vt 0.79261500 0.75732100
vt 0.79043299 0.77125001
vt 0.79153103 0.77124298
vt 0.79108900 0.77307796
vt 0.79206300 0.77293003
vt 0.79158998 0.77495301
vt 0.79254597 0.77463400
vt 0.79382300 0.77416599
vt 0.79332501 0.77276003
vt 0.81360102 0.80264598
vt 0.79590601 0.77933502
vt 0.79484099 0.77968597
vt 0.81502301 0.80207598
vt 0.79734099 0.77883101
vt 0.81656998 0.80144203
vt 0.79887003 0.77825701
vt 0.42367399 0.30383903
vt 0.42354301 0.33318698
vt 0.42334899 0.33846700
vt 0.79515100 0.77361101
vt 0.42318201 0.33938497
vt 0.79442799 0.77262998
vt 0.76707298 0.76526403
vt 0.76735300 0.77568603
vt 0.76829302 0.77549303
vt 0.76558501 0.76545501
vt 0.76608598 0.77598399
vt 0.76643097 0.77805299
vt 0.76765901 0.77769798
vt 0.76855999 0.77744603
vt 0.76397699 0.76568699
vt 0.76472998 0.77632797
vt 0.76237899 0.76594001
vt 0.76336902 0.77669001
vt 0.76383603 0.77881896
vt 0.76513201 0.77843499
vt 0.75673300 0.77853298
vt 0.76154101 0.77716804
vt 0.76027203 0.76626301
vt 0.75737602 0.78075600
vt 0.76208597 0.77933401
vt 0.75737602 0.78075600
vt 0.75765800 0.78167099
vt 0.76235902 0.78021598
vt 0.76208597 0.77933401
vt 0.75795299 0.78261900
vt 0.76265401 0.78113198
vt 0.76440901 0.78057098
vt 0.76410699 0.77967900
vt 0.76383603 0.77881896
vt 0.77886301 0.80950499
vt 0.76429302 0.78519899
vt 0.75940800 0.78692901
vt 0.78100997 0.80845499
vt 0.76617098 0.78446400
vt 0.78266299 0.80769503
vt 0.76757997 0.78392398
vt 0.78432798 0.80692899
vt 0.76897401 0.78336400
vt 0.76700902 0.77975702
vt 0.76571000 0.78016502
vt 0.77120298 0.78239000
vt 0.77026099 0.78281701
vt 0.78586698 0.80622202
vt 0.76913500 0.77906799
vt 0.76823503 0.77936900
vt 0.76883399 0.77824301
vt 0.76792598 0.77852201
vt 0.76669300 0.77889502
vt 0.76539701 0.77928799
vt 0.78820598 0.75857502
vt 0.78684503 0.76937497
vt 0.78859699 0.76872700
vt 0.78620899 0.75940299
vt 0.78465098 0.77012199
vt 0.78451800 0.77274400
vt 0.78686202 0.77210903
vt 0.78881902 0.77157497
vt 0.78413999 0.76021898
vt 0.78254098 0.77082801
vt 0.78216797 0.76097298
vt 0.78065097 0.77146602
vt 0.78054702 0.77384698
vt 0.78238302 0.77333200
vt 0.77795702 0.77241898
vt 0.77905500 0.77201700
vt 0.78043300 0.76163101
vt 0.77800900 0.77458799
vt 0.77903497 0.77428198
vt 0.77843100 0.77567697
vt 0.77945000 0.77543902
vt 0.77885097 0.77679002
vt 0.77991402 0.77660704
vt 0.78147900 0.77634001
vt 0.78095400 0.77509600
vt 0.80125099 0.80310601
vt 0.78296202 0.77993202
vt 0.78171700 0.78001899
vt 0.80313301 0.80306697
vt 0.78473502 0.77980399
vt 0.80523002 0.80306101
vt 0.78680700 0.77968901
vt 0.80738199 0.80309403
vt 0.78909099 0.77962798
vt 0.78558898 0.77570099
vt 0.78337902 0.77603298
vt 0.79330999 0.77975899
vt 0.79144001 0.77965599
vt 0.80941200 0.80316103
vt 0.79001600 0.77515501
vt 0.78800797 0.77537102
vt 0.78946602 0.77335203
vt 0.78740799 0.77373803
vt 0.78497499 0.77422899
vt 0.78279799 0.77469099
vt 0.77676803 0.76283503
vt 0.77567399 0.77311003
vt 0.77682298 0.77279103
vt 0.77513403 0.76325101
vt 0.77419603 0.77354902
vt 0.77420199 0.77568299
vt 0.77571702 0.77524102
vt 0.77690500 0.77490497
vt 0.77341998 0.76370001
vt 0.77271402 0.77401799
vt 0.77176100 0.76415402
vt 0.77132303 0.77448297
vt 0.77139997 0.77654201
vt 0.77273703 0.77612501
vt 0.76920998 0.77524298
vt 0.77009201 0.77491599
vt 0.77027798 0.76458097
vt 0.76941001 0.77719200
vt 0.77023298 0.77691799
vt 0.76969099 0.77798998
vt 0.77051997 0.77775902
vt 0.77000397 0.77881002
vt 0.77086103 0.77861702
vt 0.77206999 0.77834100
vt 0.77169299 0.77743697
vt 0.78956199 0.80499101
vt 0.77318299 0.78186399
vt 0.77218002 0.78207201
vt 0.79126298 0.80462801
vt 0.77455699 0.78155398
vt 0.79314899 0.80424297
vt 0.77608103 0.78120202
vt 0.79507601 0.80387002
vt 0.77767402 0.78082901
vt 0.77495801 0.77767801
vt 0.77345198 0.77802402
vt 0.78045398 0.78018403
vt 0.77923799 0.78046101
vt 0.79688799 0.80353898
vt 0.77771503 0.77702999
vt 0.77650499 0.77731901
vt 0.77731001 0.77595699
vt 0.77608299 0.77627498
vt 0.77452803 0.77667999
vt 0.77304000 0.77707499
vt 0.79309201 0.43335098
vt 0.79457003 0.43408799
vt 0.79610097 0.43485898
vt 0.79762203 0.43563002
vt 0.79986602 0.43678302
vt 0.77107197 0.89421898
vt 0.77217001 0.89365697
vt 0.77333701 0.89305902
vt 0.77454799 0.89243799
vt 0.77643102 0.89147002
vt 0.71082097 0.74445498
vt 0.71238601 0.74426699
vt 0.71399701 0.74407303
vt 0.71558797 0.74388200
vt 0.71792102 0.74360204
vt 0.73464203 0.58490396
vt 0.73582298 0.58524001
vt 0.73707801 0.58559704
vt 0.73837900 0.58596802
vt 0.74040401 0.58654600
vt 0.78680599 0.43025899
vt 0.78838497 0.43103099
vt 0.78989500 0.43177098
vt 0.76452100 0.89756900
vt 0.76567698 0.89697802
vt 0.76675498 0.89642698
vt 0.70404798 0.74527001
vt 0.70576900 0.74506301
vt 0.70740098 0.74486697
vt 0.72757298 0.58288801
vt 0.72882402 0.58324504
vt 0.72999001 0.58357704
vt 0.81869000 0.98925102
vt 0.81869000 0.98925102
vt 0.82187301 0.99612898
vt 0.82186198 0.99845099
vt 0.81850100 0.38178599
vt 0.81874800 0.38427502
vt 0.81721902 0.38842601
vt 0.81721902 0.38842601
vt 0.77107298 0.48956400
vt 0.77107298 0.48956400
vt 0.77519101 0.48430198
vt 0.77597898 0.48253000
vt 0.77662700 0.48078102
vt 0.77693897 0.47731102
vt 0.77693897 0.47731102
vt 0.72553599 0.78769398
vt 0.72553599 0.78769398
vt 0.72762400 0.79048902
vt 0.72833198 0.79221898
vt 0.72896898 0.79405797
vt 0.72964698 0.80073601
vt 0.72964698 0.80073601
vt 0.71579099 0.68526602
vt 0.71579099 0.68526602
vt 0.71670502 0.69192499
vt 0.71652001 0.69386500
vt 0.71623999 0.69571698
vt 0.71486902 0.69893199
vt 0.71486902 0.69893199
vt 0.83262002 0.52104199
vt 0.83393198 0.51539600
vt 0.83502501 0.51369703
vt 0.83597600 0.51189101
vt 0.83802199 0.50963497
vt 0.38878101 0.14512199
vt 0.38877600 0.13922602
vt 0.38877499 0.13712198
vt 0.87005699 0.49174798
vt 0.86842901 0.49005198
vt 0.86695498 0.48851401
vt 0.89022702 0.93468302
vt 0.89416403 0.93910497
vt 0.89610398 0.93984199
vt 0.89636701 0.46048999
vt 0.89416802 0.46047598
vt 0.89115202 0.46159297
vt 0.85776901 0.47905600
vt 0.85918599 0.48049003
vt 0.86074400 0.48207802
vt 0.86231500 0.48369002
vt 0.86376601 0.48518801
vt 0.82323498 0.51138902
vt 0.82365501 0.50703299
vt 0.82419097 0.50595099
vt 0.82469398 0.50487000
vt 0.82625401 0.50328100
vt 0.88591999 0.95043600
vt 0.88975698 0.95546597
vt 0.89137799 0.95639700
vt 0.89309299 0.44250500
vt 0.89113402 0.44279802
vt 0.88809597 0.44454002
vt 0.84873098 0.47027600
vt 0.85015100 0.47160399
vt 0.85170400 0.47307599
vt 0.85325998 0.47457403
vt 0.85468698 0.47596800
vt 0.81489700 0.50586104
vt 0.81580400 0.50191402
vt 0.81618899 0.50109899
vt 0.81657201 0.50031900
vt 0.81784898 0.49872398
vt 0.87857002 0.96303701
vt 0.88209301 0.96855301
vt 0.88317299 0.96971399
vt 0.88655001 0.42677999
vt 0.88506401 0.42758697
vt 0.88225102 0.42999601
vt 0.83873302 0.46148902
vt 0.84089100 0.46329302
vt 0.84251797 0.46468699
vt 0.84413600 0.46610099
vt 0.84560603 0.46740901
vt 0.41896600 0.23857498
vt 0.42185599 0.23857301
vt 0.42367399 0.23857099
vt 0.84731799 0.85207301
vt 0.84588802 0.85291803
vt 0.84457999 0.85369098
vt 0.78947800 0.76838899
vt 0.78980201 0.77131402
vt 0.79049498 0.77317399
vt 0.79101098 0.77508199
vt 0.79423302 0.77981198
vt 0.83516300 0.85921699
vt 0.83653402 0.85841703
vt 0.83801901 0.85754901
vt 0.83949202 0.85668498
vt 0.84083402 0.85589802
vt 0.77741098 0.77262199
vt 0.77749598 0.77474099
vt 0.77791798 0.77580100
vt 0.77831900 0.77688599
vt 0.78109300 0.78006399
vt 0.82488197 0.86516201
vt 0.82637000 0.86430901
vt 0.82798398 0.86338103
vt 0.82958901 0.86245704
vt 0.83104801 0.86161304
vt 0.76876497 0.77539802
vt 0.76899999 0.77732599
vt 0.76927698 0.77810699
vt 0.76957703 0.77891499
vt 0.77168000 0.78218603
vt 0.81321597 0.87176502
vt 0.81547600 0.87049997
vt 0.81719202 0.86953598
vt 0.81890500 0.86856902
vt 0.82046700 0.86768502
vt 0.38893899 0.33208001
vt 0.38894400 0.33797598
vt 0.38894600 0.34008098
vt 0.79606903 0.73422801
vt 0.79385000 0.73449504
vt 0.79185700 0.73473400
vt 0.78346801 0.69045299
vt 0.78147203 0.69578302
vt 0.78142500 0.69774997
vt 0.78119397 0.69971502
vt 0.78157401 0.70262599
vt 0.77985001 0.73617697
vt 0.78164798 0.73596096
vt 0.78364998 0.73572099
vt 0.78569299 0.73547500
vt 0.78759998 0.73524600
vt 0.77070302 0.69329399
vt 0.76876003 0.69702303
vt 0.76862597 0.69816899
vt 0.76846498 0.69929504
vt 0.76888001 0.70137000
vt 0.76892698 0.73748600
vt 0.77058202 0.73728800
vt 0.77241999 0.73706800
vt 0.77428800 0.73684400
vt 0.77602500 0.73663604
vt 0.76108301 0.69343501
vt 0.75980502 0.69710004
vt 0.75970298 0.69795501
vt 0.75961697 0.69877803
vt 0.75984001 0.70070499
vt 0.75783199 0.73881400
vt 0.76016098 0.73853600
vt 0.76193702 0.73832297
vt 0.76372600 0.73810899
vt 0.76537001 0.73791200
vt 0.35875499 0.23862600
vt 0.35586399 0.23862797
vt 0.35404599 0.23863000
vt 0.81760001 0.60872996
vt 0.81603700 0.60827899
vt 0.81460899 0.60786700
vt 0.80436701 0.60491502
vt 0.80585498 0.60534400
vt 0.80746800 0.60580802
vt 0.80906999 0.60626996
vt 0.81052899 0.60668999
vt 0.79327703 0.60172600
vt 0.79487503 0.60218501
vt 0.79661298 0.60268497
vt 0.79834300 0.60318196
vt 0.79991901 0.60363501
vt 0.78082299 0.59815598
vt 0.78323400 0.59884596
vt 0.78506202 0.59937000
vt 0.78688902 0.59989399
vt 0.78855699 0.60037196
vt 0.73753202 0.69985902
vt 0.73770702 0.69753003
vt 0.73770702 0.69753003
vt 0.73777902 0.69655800
vt 0.73785102 0.69555199
vt 0.73818099 0.69105601
vt 0.79746699 0.48766202
vt 0.79643601 0.48981798
vt 0.79643601 0.48981798
vt 0.79600501 0.49071401
vt 0.79555702 0.49163800
vt 0.79354697 0.49577200
vt 0.84961599 0.98178101
vt 0.85290599 0.98764503
vt 0.85365999 0.98899001
vt 0.85621703 0.39736599
vt 0.85511798 0.39886302
vt 0.85511798 0.39886302
vt 0.85254699 0.40235198
vt 0.74729598 0.78145999
vt 0.74801201 0.78367800
vt 0.74801201 0.78367800
vt 0.74831098 0.78460300
vt 0.74861699 0.78556198
vt 0.74999100 0.78984600
vt 0.78595299 0.33906698
vt 0.77976102 0.33839297
vt 0.79217100 0.33959401
vt 0.79840100 0.34002697
vt 0.80464798 0.34030098
vt 0.81092298 0.34041798
vt 0.81719500 0.34035802
vt 0.77361602 0.33751100
vt 0.76750797 0.33653098
vt 0.76147598 0.33536202
vt 0.75551701 0.33405697
vt 0.74965602 0.33261102
vt 0.74388099 0.33102798
vt 0.73824298 0.32926899
vt 0.73276401 0.32735598
vt 0.72740698 0.32538003
vt 0.72215402 0.32325900
vt 0.91202801 0.32001197
vt 0.90675402 0.32234102
vt 0.90138799 0.32453197
vt 0.89588302 0.32660103
vt 0.89025801 0.32854998
vt 0.88450801 0.33034199
vt 0.87863702 0.33195299
vt 0.87271303 0.33350003
vt 0.86671102 0.33484501
vt 0.86065000 0.33606100
vt 0.85453701 0.33713400
vt 0.84837300 0.33804703
vt 0.84217799 0.33877301
vt 0.83595502 0.33942801
vt 0.82970703 0.33987498
vt 0.82345200 0.34021300
f 4/4 1/1 2/2
f 2/2 3/3 4/4
f 8/8 5/5 6/6
f 6/6 7/7 8/8
f 5/5 9/9 10/10
f 10/10 6/6 5/5
f 9/9 11/11 12/12
f 12/12 10/10 9/9
f 11/11 13/13 14/14
f 14/14 12/12 11/11
f 13/13 15/15 16/16
f 16/16 14/14 13/13
f 15/15 17/17 18/18
f 18/18 16/16 15/15
f 17/17 19/19 20/20
f 20/20 18/18 17/17
f 19/19 21/21 22/22
f 22/22 20/20 19/19
f 21/21 23/23 24/24
f 24/24 22/22 21/21
f 23/23 25/25 26/26
f 26/26 24/24 23/23
f 25/25 27/27 28/28
f 28/28 26/26 25/25
f 27/27 29/29 30/30
f 30/30 28/28 27/27
f 29/29 31/31 32/32
f 32/32 30/30 29/29
f 31/31 33/33 34/34
f 34/34 32/32 31/31
f 38/38 35/35 36/36
f 36/36 37/37 38/38
f 7/7 6/6 39/39
f 39/39 40/40 7/7
f 44/44 41/41 42/42
f 42/42 43/43 44/44
f 41/41 45/45 46/46
f 46/46 42/42 41/41
f 45/45 47/47 48/48
f 48/48 46/46 45/45
f 47/47 49/49 50/50
f 50/50 48/48 47/47
f 49/49 51/51 52/52
f 52/52 50/50 49/49
f 51/51 53/53 54/54
f 54/54 52/52 51/51
f 53/53 55/55 56/56
f 56/56 54/54 53/53
f 55/55 57/57 58/58
f 58/58 56/56 55/55
f 57/57 59/59 60/60
f 60/60 58/58 57/57
f 59/59 61/61 62/62
f 62/62 60/60 59/59
f 61/61 63/63 64/64
f 64/64 62/62 61/61
f 68/68 65/65 66/66
f 66/66 67/67 68/68
f 10/10 12/12 69/69
f 69/69 70/70 10/10
f 74/74 71/71 72/72
f 72/72 73/73 74/74
f 12/12 14/14 75/75
f 75/75 69/69 12/12
f 14/14 16/16 76/76
f 76/76 75/75 14/14
f 16/16 18/18 77/77
f 77/77 76/76 16/16
f 18/18 20/20 78/78
f 78/78 77/77 18/18
f 20/20 22/22 79/79
f 79/79 78/78 20/20
f 22/22 24/24 80/80
f 80/80 79/79 22/22
f 24/24 26/26 81/81
f 81/81 80/80 24/24
f 26/26 28/28 82/82
f 82/82 81/81 26/26
f 28/28 30/30 83/83
f 83/83 82/82 28/28
f 30/30 32/32 84/84
f 84/84 83/83 30/30
f 32/32 34/34 85/85
f 85/85 84/84 32/32
f 89/89 86/86 87/87
f 87/87 88/88 89/89
f 35/35 90/90 91/91
f 91/91 36/36 35/35
f 71/71 44/44 43/43
f 43/43 72/72 71/71
f 90/90 92/92 93/93
f 93/93 91/91 90/90
f 92/92 94/94 95/95
f 95/95 93/93 92/92
f 94/94 96/96 97/97
f 97/97 95/95 94/94
f 96/96 98/98 99/99
f 99/99 97/97 96/96
f 98/98 100/100 101/101
f 101/101 99/99 98/98
f 100/100 102/102 103/103
f 103/103 101/101 100/100
f 102/102 104/104 105/105
f 105/105 103/103 102/102
f 104/104 106/106 107/107
f 107/107 105/105 104/104
f 106/106 108/108 109/109
f 109/109 107/107 106/106
f 108/108 110/110 111/111
f 111/111 109/109 108/108
f 110/110 112/112 113/113
f 113/113 111/111 110/110
f 112/112 114/114 115/115
f 115/115 113/113 112/112
f 118/118 73/73 116/116
f 116/116 117/117 118/118
f 73/73 72/72 119/119
f 119/119 116/116 73/73
f 72/72 43/43 120/120
f 120/120 119/119 72/72
f 43/43 42/42 121/121
f 121/121 120/120 43/43
f 42/42 46/46 122/122
f 122/122 121/121 42/42
f 46/46 48/48 123/123
f 123/123 122/122 46/46
f 48/48 50/50 124/124
f 124/124 123/123 48/48
f 50/50 52/52 125/125
f 125/125 124/124 50/50
f 52/52 54/54 126/126
f 126/126 125/125 52/52
f 54/54 56/56 127/127
f 127/127 126/126 54/54
f 56/56 58/58 128/128
f 128/128 127/127 56/56
f 58/58 60/60 129/129
f 129/129 128/128 58/58
f 60/60 62/62 130/130
f 130/130 129/129 60/60
f 62/62 64/64 131/131
f 131/131 130/130 62/62
f 117/117 116/116 132/132
f 132/132 133/133 117/117
f 116/116 119/119 134/134
f 134/134 132/132 116/116
f 119/119 120/120 135/135
f 135/135 134/134 119/119
f 120/120 121/121 136/136
f 136/136 135/135 120/120
f 121/121 122/122 137/137
f 137/137 136/136 121/121
f 122/122 123/123 138/138
f 138/138 137/137 122/122
f 123/123 124/124 139/139
f 139/139 138/138 123/123
f 124/124 125/125 140/140
f 140/140 139/139 124/124
f 125/125 126/126 141/141
f 141/141 140/140 125/125
f 126/126 127/127 142/142
f 142/142 141/141 126/126
f 127/127 128/128 143/143
f 143/143 142/142 127/127
f 128/128 129/129 144/144
f 144/144 143/143 128/128
f 129/129 130/130 145/145
f 145/145 144/144 129/129
f 130/130 131/131 146/146
f 146/146 145/145 130/130
f 150/150 147/147 148/148
f 148/148 149/149 150/150
f 147/147 151/151 152/152
f 152/152 148/148 147/147
f 151/151 153/153 154/154
f 154/154 152/152 151/151
f 153/153 155/155 156/156
f 156/156 154/154 153/153
f 155/155 157/157 158/158
f 158/158 156/156 155/155
f 157/157 159/159 160/160
f 160/160 158/158 157/157
f 159/159 161/161 162/162
f 162/162 160/160 159/159
f 161/161 163/163 164/164
f 164/164 162/162 161/161
f 163/163 165/165 166/166
f 166/166 164/164 163/163
f 165/165 167/167 168/168
f 168/168 166/166 165/165
f 167/167 169/169 170/170
f 170/170 168/168 167/167
f 169/169 171/171 172/172
f 172/172 170/170 169/169
f 171/171 173/173 174/174
f 174/174 172/172 171/171
f 173/173 175/175 176/176
f 176/176 174/174 173/173
f 149/149 148/148 177/177
f 177/177 178/178 149/149
f 148/148 152/152 179/179
f 179/179 177/177 148/148
f 152/152 154/154 180/180
f 180/180 179/179 152/152
f 154/154 156/156 181/181
f 181/181 180/180 154/154
f 156/156 158/158 182/182
f 182/182 181/181 156/156
f 158/158 160/160 183/183
f 183/183 182/182 158/158
f 160/160 162/162 184/184
f 184/184 183/183 160/160
f 162/162 164/164 185/185
f 185/185 184/184 162/162
f 164/164 166/166 186/186
f 186/186 185/185 164/164
f 166/166 168/168 187/187
f 187/187 186/186 166/166
f 168/168 170/170 188/188
f 188/188 187/187 168/168
f 170/170 172/172 189/189
f 189/189 188/188 170/170
f 172/172 174/174 190/190
f 190/190 189/189 172/172
f 174/174 176/176 191/191
f 191/191 190/190 174/174
f 178/178 177/177 68/68
f 68/68 192/192 178/178
f 177/177 179/179 65/65
f 65/65 68/68 177/177
f 179/179 180/180 193/193
f 193/193 65/65 179/179
f 180/180 181/181 194/194
f 194/194 193/193 180/180
f 181/181 182/182 195/195
f 195/195 194/194 181/181
f 182/182 183/183 196/196
f 196/196 195/195 182/182
f 183/183 184/184 197/197
f 197/197 196/196 183/183
f 184/184 185/185 198/198
f 198/198 197/197 184/184
f 185/185 186/186 199/199
f 199/199 198/198 185/185
f 186/186 187/187 200/200
f 200/200 199/199 186/186
f 187/187 188/188 201/201
f 201/201 200/200 187/187
f 188/188 189/189 202/202
f 202/202 201/201 188/188
f 189/189 190/190 203/203
f 203/203 202/202 189/189
f 190/190 191/191 204/204
f 204/204 203/203 190/190
f 86/86 205/205 206/206
f 206/206 87/87 86/86
f 192/192 68/68 67/67
f 67/67 207/207 192/192
f 205/205 208/208 209/209
f 209/209 206/206 205/205
f 208/208 210/210 211/211
f 211/211 209/209 208/208
f 210/210 212/212 213/213
f 213/213 211/211 210/210
f 212/212 214/214 215/215
f 215/215 213/213 212/212
f 214/214 216/216 217/217
f 217/217 215/215 214/214
f 216/216 218/218 219/219
f 219/219 217/217 216/216
f 218/218 220/220 221/221
f 221/221 219/219 218/218
f 220/220 222/222 223/223
f 223/223 221/221 220/220
f 222/222 224/224 225/225
f 225/225 223/223 222/222
f 224/224 226/226 227/227
f 227/227 225/225 224/224
f 226/226 228/228 229/229
f 229/229 227/227 226/226
f 228/228 230/230 231/231
f 231/231 229/229 228/228
f 235/235 232/232 233/233
f 233/233 234/234 235/235
f 65/65 193/193 236/236
f 236/236 66/66 65/65
f 232/232 237/237 238/238
f 238/238 233/233 232/232
f 237/237 239/239 240/240
f 240/240 238/238 237/237
f 239/239 241/241 242/242
f 242/242 240/240 239/239
f 241/241 243/243 244/244
f 244/244 242/242 241/241
f 243/243 245/245 246/246
f 246/246 244/244 243/243
f 245/245 247/247 248/248
f 248/248 246/246 245/245
f 247/247 249/249 250/250
f 250/250 248/248 247/247
f 249/249 251/251 252/252
f 252/252 250/250 249/249
f 251/251 253/253 254/254
f 254/254 252/252 251/251
f 253/253 255/255 256/256
f 256/256 254/254 253/253
f 255/255 257/257 258/258
f 258/258 256/256 255/255
f 257/257 259/259 260/260
f 260/260 258/258 257/257
f 193/193 194/194 261/261
f 261/261 236/236 193/193
f 263/263 235/235 234/234
f 234/234 262/262 263/263
f 194/194 195/195 264/264
f 264/264 261/261 194/194
f 195/195 196/196 265/265
f 265/265 264/264 195/195
f 196/196 197/197 266/266
f 266/266 265/265 196/196
f 197/197 198/198 267/267
f 267/267 266/266 197/197
f 198/198 199/199 268/268
f 268/268 267/267 198/198
f 199/199 200/200 269/269
f 269/269 268/268 199/199
f 200/200 201/201 270/270
f 270/270 269/269 200/200
f 201/201 202/202 271/271
f 271/271 270/270 201/201
f 202/202 203/203 272/272
f 272/272 271/271 202/202
f 203/203 204/204 273/273
f 273/273 272/272 203/203
f 262/262 234/234 274/274
f 274/274 275/275 262/262
f 234/234 233/233 276/276
f 276/276 274/274 234/234
f 233/233 238/238 277/277
f 277/277 276/276 233/233
f 238/238 240/240 278/278
f 278/278 277/277 238/238
f 240/240 242/242 279/279
f 279/279 278/278 240/240
f 242/242 244/244 280/280
f 280/280 279/279 242/242
f 244/244 246/246 281/281
f 281/281 280/280 244/244
f 246/246 248/248 282/282
f 282/282 281/281 246/246
f 248/248 250/250 283/283
f 283/283 282/282 248/248
f 250/250 252/252 284/284
f 284/284 283/283 250/250
f 252/252 254/254 285/285
f 285/285 284/284 252/252
f 254/254 256/256 286/286
f 286/286 285/285 254/254
f 256/256 258/258 287/287
f 287/287 286/286 256/256
f 258/258 260/260 288/288
f 288/288 287/287 258/258
f 290/290 35/35 38/38
f 38/38 289/289 290/290
f 292/292 290/290 289/289
f 289/289 291/291 292/292
f 39/39 292/292 291/291
f 291/291 40/40 39/39
f 292/292 39/39 70/70
f 70/70 293/293 292/292
f 290/290 292/292 293/293
f 293/293 294/294 290/290
f 35/35 290/290 294/294
f 294/294 90/90 35/35
f 293/293 70/70 69/69
f 69/69 295/295 293/293
f 294/294 293/293 295/295
f 295/295 296/296 294/294
f 90/90 294/294 296/296
f 296/296 92/92 90/90
f 295/295 69/69 75/75
f 75/75 297/297 295/295
f 296/296 295/295 297/297
f 297/297 298/298 296/296
f 92/92 296/296 298/298
f 298/298 94/94 92/92
f 297/297 75/75 76/76
f 76/76 299/299 297/297
f 298/298 297/297 299/299
f 299/299 300/300 298/298
f 94/94 298/298 300/300
f 300/300 96/96 94/94
f 299/299 76/76 77/77
f 77/77 301/301 299/299
f 300/300 299/299 301/301
f 301/301 302/302 300/300
f 96/96 300/300 302/302
f 302/302 98/98 96/96
f 301/301 77/77 78/78
f 78/78 303/303 301/301
f 302/302 301/301 303/303
f 303/303 304/304 302/302
f 98/98 302/302 304/304
f 304/304 100/100 98/98
f 303/303 78/78 79/79
f 79/79 305/305 303/303
f 304/304 303/303 305/305
f 305/305 306/306 304/304
f 100/100 304/304 306/306
f 306/306 102/102 100/100
f 305/305 79/79 80/80
f 80/80 307/307 305/305
f 306/306 305/305 307/307
f 307/307 308/308 306/306
f 102/102 306/306 308/308
f 308/308 104/104 102/102
f 307/307 80/80 81/81
f 81/81 309/309 307/307
f 308/308 307/307 309/309
f 309/309 310/310 308/308
f 104/104 308/308 310/310
f 310/310 106/106 104/104
f 309/309 81/81 82/82
f 82/82 311/311 309/309
f 310/310 309/309 311/311
f 311/311 312/312 310/310
f 106/106 310/310 312/312
f 312/312 108/108 106/106
f 311/311 82/82 83/83
f 83/83 313/313 311/311
f 312/312 311/311 313/313
f 313/313 314/314 312/312
f 108/108 312/312 314/314
f 314/314 110/110 108/108
f 313/313 83/83 84/84
f 84/84 315/315 313/313
f 314/314 313/313 315/315
f 315/315 316/316 314/314
f 110/110 314/314 316/316
f 316/316 112/112 110/110
f 315/315 84/84 85/85
f 85/85 317/317 315/315
f 316/316 315/315 317/317
f 317/317 318/318 316/316
f 112/112 316/316 318/318
f 318/318 114/114 112/112
f 320/320 235/235 263/263
f 263/263 319/319 320/320
f 322/322 320/320 319/319
f 319/319 321/321 322/322
f 87/87 322/322 321/321
f 321/321 88/88 87/87
f 322/322 87/87 206/206
f 206/206 323/323 322/322
f 320/320 322/322 323/323
f 323/323 324/324 320/320
f 235/235 320/320 324/324
f 324/324 232/232 235/235
f 323/323 206/206 209/209
f 209/209 325/325 323/323
f 324/324 323/323 325/325
f 325/325 326/326 324/324
f 232/232 324/324 326/326
f 326/326 237/237 232/232
f 325/325 209/209 211/211
f 211/211 327/327 325/325
f 326/326 325/325 327/327
f 327/327 328/328 326/326
f 237/237 326/326 328/328
f 328/328 239/239 237/237
f 327/327 211/211 213/213
f 213/213 329/329 327/327
f 328/328 327/327 329/329
f 329/329 330/330 328/328
f 239/239 328/328 330/330
f 330/330 241/241 239/239
f 329/329 213/213 215/215
f 215/215 331/331 329/329
f 330/330 329/329 331/331
f 331/331 332/332 330/330
f 241/241 330/330 332/332
f 332/332 243/243 241/241
f 331/331 215/215 217/217
f 217/217 333/333 331/331
f 332/332 331/331 333/333
f 333/333 334/334 332/332
f 243/243 332/332 334/334
f 334/334 245/245 243/243
f 333/333 217/217 219/219
f 219/219 335/335 333/333
f 334/334 333/333 335/335
f 335/335 336/336 334/334
f 245/245 334/334 336/336
f 336/336 247/247 245/245
f 335/335 219/219 221/221
f 221/221 337/337 335/335
f 336/336 335/335 337/337
f 337/337 338/338 336/336
f 247/247 336/336 338/338
f 338/338 249/249 247/247
f 337/337 221/221 223/223
f 223/223 339/339 337/337
f 338/338 337/337 339/339
f 339/339 340/340 338/338
f 249/249 338/338 340/340
f 340/340 251/251 249/249
f 339/339 223/223 225/225
f 225/225 341/341 339/339
f 340/340 339/339 341/341
f 341/341 342/342 340/340
f 251/251 340/340 342/342
f 342/342 253/253 251/251
f 341/341 225/225 227/227
f 227/227 343/343 341/341
f 342/342 341/341 343/343
f 343/343 344/344 342/342
f 253/253 342/342 344/344
f 344/344 255/255 253/253
f 343/343 227/227 229/229
f 229/229 345/345 343/343
f 344/344 343/343 345/345
f 345/345 346/346 344/344
f 255/255 344/344 346/346
f 346/346 257/257 255/255
f 345/345 229/229 231/231
f 231/231 347/347 345/345
f 346/346 345/345 347/347
f 347/347 348/348 346/346
f 257/257 346/346 348/348
f 348/348 259/259 257/257
f 6/6 10/10 70/70
f 70/70 39/39 6/6
f 351/351 74/74 349/349
f 349/349 350/350 351/351
f 353/353 351/351 350/350
f 350/350 352/352 353/353
f 36/36 353/353 352/352
f 352/352 37/37 36/36
f 353/353 36/36 91/91
f 91/91 354/354 353/353
f 351/351 353/353 354/354
f 354/354 355/355 351/351
f 74/74 351/351 355/355
f 355/355 71/71 74/74
f 354/354 91/91 93/93
f 93/93 356/356 354/354
f 355/355 354/354 356/356
f 356/356 357/357 355/355
f 71/71 355/355 357/357
f 357/357 44/44 71/71
f 356/356 93/93 95/95
f 95/95 358/358 356/356
f 357/357 356/356 358/358
f 358/358 359/359 357/357
f 44/44 357/357 359/359
f 359/359 41/41 44/44
f 358/358 95/95 97/97
f 97/97 360/360 358/358
f 359/359 358/358 360/360
f 360/360 361/361 359/359
f 41/41 359/359 361/361
f 361/361 45/45 41/41
f 360/360 97/97 99/99
f 99/99 362/362 360/360
f 361/361 360/360 362/362
f 362/362 363/363 361/361
f 45/45 361/361 363/363
f 363/363 47/47 45/45
f 362/362 99/99 101/101
f 101/101 364/364 362/362
f 363/363 362/362 364/364
f 364/364 365/365 363/363
f 47/47 363/363 365/365
f 365/365 49/49 47/47
f 364/364 101/101 103/103
f 103/103 366/366 364/364
f 365/365 364/364 366/366
f 366/366 367/367 365/365
f 49/49 365/365 367/367
f 367/367 51/51 49/49
f 366/366 103/103 105/105
f 105/105 368/368 366/366
f 367/367 366/366 368/368
f 368/368 369/369 367/367
f 51/51 367/367 369/369
f 369/369 53/53 51/51
f 368/368 105/105 107/107
f 107/107 370/370 368/368
f 369/369 368/368 370/370
f 370/370 371/371 369/369
f 53/53 369/369 371/371
f 371/371 55/55 53/53
f 370/370 107/107 109/109
f 109/109 372/372 370/370
f 371/371 370/370 372/372
f 372/372 373/373 371/371
f 55/55 371/371 373/373
f 373/373 57/57 55/55
f 372/372 109/109 111/111
f 111/111 374/374 372/372
f 373/373 372/372 374/374
f 374/374 375/375 373/373
f 57/57 373/373 375/375
f 375/375 59/59 57/57
f 374/374 111/111 113/113
f 113/113 376/376 374/374
f 375/375 374/374 376/376
f 376/376 377/377 375/375
f 59/59 375/375 377/377
f 377/377 61/61 59/59
f 376/376 113/113 115/115
f 115/115 378/378 376/376
f 377/377 376/376 378/378
f 378/378 379/379 377/377
f 61/61 377/377 379/379
f 379/379 63/63 61/61
f 381/381 86/86 89/89
f 89/89 380/380 381/381
f 383/383 381/381 380/380
f 380/380 382/382 383/383
f 67/67 383/383 382/382
f 382/382 207/207 67/67
f 383/383 67/67 66/66
f 66/66 384/384 383/383
f 381/381 383/383 384/384
f 384/384 385/385 381/381
f 86/86 381/381 385/385
f 385/385 205/205 86/86
f 384/384 66/66 236/236
f 236/236 386/386 384/384
f 385/385 384/384 386/386
f 386/386 387/387 385/385
f 205/205 385/385 387/387
f 387/387 208/208 205/205
f 386/386 236/236 261/261
f 261/261 388/388 386/386
f 387/387 386/386 388/388
f 388/388 389/389 387/387
f 208/208 387/387 389/389
f 389/389 210/210 208/208
f 388/388 261/261 264/264
f 264/264 390/390 388/388
f 389/389 388/388 390/390
f 390/390 391/391 389/389
f 210/210 389/389 391/391
f 391/391 212/212 210/210
f 390/390 264/264 265/265
f 265/265 392/392 390/390
f 391/391 390/390 392/392
f 392/392 393/393 391/391
f 212/212 391/391 393/393
f 393/393 214/214 212/212
f 392/392 265/265 266/266
f 266/266 394/394 392/392
f 393/393 392/392 394/394
f 394/394 395/395 393/393
f 214/214 393/393 395/395
f 395/395 216/216 214/214
f 394/394 266/266 267/267
f 267/267 396/396 394/394
f 395/395 394/394 396/396
f 396/396 397/397 395/395
f 216/216 395/395 397/397
f 397/397 218/218 216/216
f 396/396 267/267 268/268
f 268/268 398/398 396/396
f 397/397 396/396 398/398
f 398/398 399/399 397/397
f 218/218 397/397 399/399
f 399/399 220/220 218/218
f 398/398 268/268 269/269
f 269/269 400/400 398/398
f 399/399 398/398 400/400
f 400/400 401/401 399/399
f 220/220 399/399 401/401
f 401/401 222/222 220/220
f 400/400 269/269 270/270
f 270/270 402/402 400/400
f 401/401 400/400 402/402
f 402/402 403/403 401/401
f 222/222 401/401 403/403
f 403/403 224/224 222/222
f 402/402 270/270 271/271
f 271/271 404/404 402/402
f 403/403 402/402 404/404
f 404/404 405/405 403/403
f 224/224 403/403 405/405
f 405/405 226/226 224/224
f 404/404 271/271 272/272
f 272/272 406/406 404/404
f 405/405 404/404 406/406
f 406/406 407/407 405/405
f 226/226 405/405 407/407
f 407/407 228/228 226/226
f 406/406 272/272 273/273
f 273/273 408/408 406/406
f 407/407 406/406 408/408
f 408/408 409/409 407/407
f 228/228 407/407 409/409
f 409/409 230/230 228/228
f 349/349 74/74 73/73
f 73/73 118/118 349/349
f 413/413 410/410 411/411
f 411/411 412/412 413/413
f 415/415 413/413 412/412
f 412/412 414/414 415/415
f 417/417 415/415 414/414
f 414/414 416/416 417/417
f 419/419 417/417 416/416
f 416/416 418/418 419/419
f 423/423 420/420 421/421
f 421/421 422/422 423/423
f 427/427 424/424 425/425
f 425/425 426/426 427/427
f 431/431 428/428 429/429
f 429/429 430/430 431/431
f 428/428 419/419 418/418
f 418/418 429/429 428/428
f 435/435 432/432 433/433
f 433/433 434/434 435/435
f 437/437 435/435 434/434
f 434/434 436/436 437/437
f 439/439 437/437 436/436
f 436/436 438/438 439/439
f 441/441 439/439 438/438
f 438/438 440/440 441/441
f 443/443 441/441 440/440
f 440/440 442/442 443/443
f 447/447 444/444 445/445
f 445/445 446/446 447/447
f 451/451 448/448 449/449
f 449/449 450/450 451/451
f 453/453 451/451 450/450
f 450/450 452/452 453/453
f 455/455 453/453 452/452
f 452/452 454/454 455/455
f 457/457 455/455 454/454
f 454/454 456/456 457/457
f 459/459 457/457 456/456
f 456/456 458/458 459/459
f 461/461 459/459 458/458
f 458/458 460/460 461/461
f 463/463 461/461 460/460
f 460/460 462/462 463/463
f 465/465 463/463 462/462
f 462/462 464/464 465/465
f 467/467 465/465 464/464
f 464/464 466/466 467/467
f 469/469 467/467 466/466
f 466/466 468/468 469/469
f 471/471 469/469 468/468
f 468/468 470/470 471/471
f 473/473 471/471 470/470
f 470/470 472/472 473/473
f 475/475 473/473 472/472
f 472/472 474/474 475/475
f 477/477 475/475 474/474
f 474/474 476/476 477/477
f 479/479 477/477 476/476
f 476/476 478/478 479/479
f 410/410 479/479 478/478
f 478/478 411/411 410/410
f 511/511 480/480 481/481
f 511/511 481/481 482/482
f 511/511 482/482 483/483
f 511/511 483/483 484/484
f 511/511 484/484 485/485
f 511/511 485/485 486/486
f 511/511 486/486 487/487
f 511/511 487/487 488/488
f 511/511 488/488 489/489
f 511/511 489/489 490/490
f 511/511 490/490 491/491
f 511/511 491/491 492/492
f 511/511 492/492 493/493
f 511/511 493/493 494/494
f 511/511 494/494 495/495
f 511/511 495/495 496/496
f 511/511 496/496 497/497
f 511/511 497/497 498/498
f 511/511 498/498 499/499
f 511/511 499/499 500/500
f 511/511 500/500 501/501
f 511/511 501/501 502/502
f 511/511 502/502 503/503
f 511/511 503/503 504/504
f 511/511 504/504 505/505
f 511/511 505/505 506/506
f 511/511 506/506 507/507
f 511/511 507/507 508/508
f 511/511 508/508 509/509
f 509/509 510/510 511/511
f 432/432 512/512 513/513
f 513/513 433/433 432/432
f 517/517 514/514 515/515
f 515/515 516/516 517/517
f 521/521 518/518 519/519
f 519/519 520/520 521/521
f 525/525 522/522 523/523
f 523/523 524/524 525/525
f 529/529 526/526 527/527
f 527/527 528/528 529/529
f 533/533 530/530 531/531
f 531/531 532/532 533/533
f 537/537 534/534 535/535
f 535/535 536/536 537/537
f 541/541 538/538 539/539
f 539/539 540/540 541/541
f 545/545 542/542 543/543
f 543/543 544/544 545/545
f 524/524 523/523 546/546
f 546/546 547/547 524/524
f 528/528 527/527 548/548
f 548/548 549/549 528/528
f 532/532 531/531 550/550
f 550/550 551/551 532/532
f 553/553 552/552 534/534
f 534/534 537/537 553/553
f 540/540 539/539 444/444
f 444/444 447/447 540/540
f 544/544 543/543 554/554
f 554/554 555/555 544/544
f 446/446 445/445 556/556
f 556/556 557/557 446/446
f 426/426 425/425 558/558
f 558/558 559/559 426/426
f 547/547 546/546 560/560
f 560/560 561/561 547/547
f 549/549 548/548 562/562
f 562/562 563/563 549/549
f 551/551 550/550 564/564
f 564/564 565/565 551/551
f 569/569 566/566 567/567
f 567/567 568/568 569/569
f 555/555 554/554 570/570
f 570/570 571/571 555/555
f 516/516 515/515 552/552
f 552/552 553/553 516/516
f 573/573 572/572 424/424
f 424/424 427/427 573/573
f 561/561 560/560 574/574
f 574/574 575/575 561/561
f 563/563 562/562 576/576
f 576/576 577/577 563/563
f 565/565 564/564 514/514
f 514/514 517/517 565/565
f 559/559 558/558 522/522
f 522/522 525/525 559/559
f 557/557 556/556 526/526
f 526/526 529/529 557/557
f 571/571 570/570 530/530
f 530/530 533/533 571/571
f 536/536 535/535 572/572
f 572/572 573/573 536/536
f 575/575 574/574 538/538
f 538/538 541/541 575/575
f 577/577 576/576 542/542
f 542/542 545/545 577/577
f 581/581 578/578 579/579
f 579/579 580/580 581/581
f 585/585 582/582 583/583
f 583/583 584/584 585/585
f 587/587 521/521 520/520
f 520/520 586/586 587/587
f 591/591 588/588 589/589
f 589/589 590/590 591/591
f 593/593 587/587 586/586
f 586/586 592/592 593/593
f 595/595 591/591 590/590
f 590/590 594/594 595/595
f 597/597 593/593 592/592
f 592/592 596/596 597/597
f 599/599 595/595 594/594
f 594/594 598/598 599/599
f 601/601 597/597 596/596
f 596/596 600/600 601/601
f 603/603 599/599 598/598
f 598/598 602/602 603/603
f 605/605 601/601 600/600
f 600/600 604/604 605/605
f 607/607 603/603 602/602
f 602/602 606/606 607/607
f 609/609 605/605 604/604
f 604/604 608/608 609/609
f 611/611 607/607 606/606
f 606/606 610/610 611/611
f 613/613 609/609 608/608
f 608/608 612/612 613/613
f 615/615 611/611 610/610
f 610/610 614/614 615/615
f 619/619 616/616 617/617
f 617/617 618/618 619/619
f 621/621 613/613 612/612
f 612/612 620/620 621/621
f 623/623 615/615 614/614
f 614/614 622/622 623/623
f 627/627 624/624 625/625
f 625/625 626/626 627/627
f 629/629 621/621 620/620
f 620/620 628/628 629/629
f 631/631 623/623 622/622
f 622/622 630/630 631/631
f 582/582 632/632 633/633
f 633/633 583/583 582/582
f 635/635 631/631 630/630
f 630/630 634/634 635/635
f 632/632 636/636 637/637
f 637/637 633/633 632/632
f 639/639 635/635 634/634
f 634/634 638/638 639/639
f 636/636 629/629 628/628
f 628/628 637/637 636/636
f 588/588 640/640 641/641
f 641/641 589/589 588/588
f 518/518 639/639 638/638
f 638/638 519/519 518/518
f 640/640 642/642 643/643
f 643/643 641/641 640/640
f 420/420 644/644 645/645
f 645/645 421/421 420/420
f 647/647 585/585 584/584
f 584/584 646/646 647/647
f 651/651 648/648 649/649
f 649/649 650/650 651/651
f 648/648 652/652 653/653
f 653/653 649/649 648/648
f 652/652 654/654 655/655
f 655/655 653/653 652/652
f 654/654 656/656 657/657
f 657/657 655/655 654/654
f 659/659 651/651 650/650
f 650/650 658/658 659/659
f 663/663 660/660 661/661
f 661/661 662/662 663/663
f 665/665 663/663 662/662
f 662/662 664/664 665/665
f 667/667 665/665 664/664
f 664/664 666/666 667/667
f 669/669 667/667 666/666
f 666/666 668/668 669/669
f 671/671 669/669 668/668
f 668/668 670/670 671/671
f 673/673 671/671 670/670
f 670/670 672/672 673/673
f 675/675 673/673 672/672
f 672/672 674/674 675/675
f 677/677 675/675 674/674
f 674/674 676/676 677/677
f 679/679 677/677 676/676
f 676/676 678/678 679/679
f 681/681 679/679 678/678
f 678/678 680/680 681/681
f 683/683 681/681 680/680
f 680/680 682/682 683/683
f 685/685 683/683 682/682
f 682/682 684/684 685/685
f 687/687 685/685 684/684
f 684/684 686/686 687/687
f 689/689 687/687 686/686
f 686/686 688/688 689/689
f 691/691 689/689 688/688
f 688/688 690/690 691/691
f 693/693 691/691 690/690
f 690/690 692/692 693/693
f 695/695 693/693 692/692
f 692/692 694/694 695/695
f 697/697 695/695 694/694
f 694/694 696/696 697/697
f 699/699 697/697 696/696
f 696/696 698/698 699/699
f 701/701 699/699 698/698
f 698/698 700/700 701/701
f 703/703 701/701 700/700
f 700/700 702/702 703/703
f 705/705 703/703 702/702
f 702/702 704/704 705/705
f 656/656 705/705 704/704
f 704/704 657/657 656/656
f 660/660 627/627 626/626
f 626/626 661/661 660/660
f 709/709 706/706 707/707
f 707/707 708/708 709/709
f 713/713 710/710 711/711
f 711/711 712/712 713/713
f 715/715 581/581 580/580
f 580/580 714/714 715/715
f 717/717 713/713 712/712
f 712/712 716/716 717/717
f 721/721 718/718 719/719
f 719/719 720/720 721/721
f 723/723 715/715 714/714
f 714/714 722/722 723/723
f 725/725 717/717 716/716
f 716/716 724/724 725/725
f 718/718 726/726 727/727
f 727/727 719/719 718/718
f 729/729 723/723 722/722
f 722/722 728/728 729/729
f 731/731 725/725 724/724
f 724/724 730/730 731/731
f 726/726 732/732 733/733
f 733/733 727/727 726/726
f 735/735 729/729 728/728
f 728/728 734/734 735/735
f 739/739 736/736 737/737
f 737/737 738/738 739/739
f 732/732 740/740 741/741
f 741/741 733/733 732/732
f 743/743 735/735 734/734
f 734/734 742/742 743/743
f 745/745 739/739 738/738
f 738/738 744/744 745/745
f 740/740 746/746 747/747
f 747/747 741/741 740/740
f 749/749 743/743 742/742
f 742/742 748/748 749/749
f 751/751 745/745 744/744
f 744/744 750/750 751/751
f 746/746 749/749 748/748
f 748/748 747/747 746/746
f 753/753 751/751 750/750
f 750/750 752/752 753/753
f 755/755 721/721 720/720
f 720/720 754/754 755/755
f 757/757 753/753 752/752
f 752/752 756/756 757/757
f 759/759 755/755 754/754
f 754/754 758/758 759/759
f 761/761 757/757 756/756
f 756/756 760/760 761/761
f 763/763 759/759 758/758
f 758/758 762/762 763/763
f 765/765 761/761 760/760
f 760/760 764/764 765/765
f 767/767 763/763 762/762
f 762/762 766/766 767/767
f 769/769 765/765 764/764
f 764/764 768/768 769/769
f 771/771 767/767 766/766
f 766/766 770/770 771/771
f 578/578 769/769 768/768
f 768/768 579/579 578/578
f 710/710 771/771 770/770
f 770/770 711/711 710/710
f 775/775 772/772 773/773
f 773/773 774/774 775/775
f 779/779 776/776 777/777
f 777/777 778/778 779/779
f 783/783 780/780 781/781
f 781/781 782/782 783/783
f 706/706 784/784 785/785
f 785/785 707/707 706/706
f 787/787 779/779 778/778
f 778/778 786/786 787/787
f 791/791 788/788 789/789
f 789/789 790/790 791/791
f 784/784 792/792 793/793
f 793/793 785/785 784/784
f 795/795 787/787 786/786
f 786/786 794/794 795/795
f 797/797 791/791 790/790
f 790/790 796/796 797/797
f 792/792 798/798 799/799
f 799/799 793/793 792/792
f 801/801 795/795 794/794
f 794/794 800/800 801/801
f 803/803 797/797 796/796
f 796/796 802/802 803/803
f 798/798 801/801 800/800
f 800/800 799/799 798/798
f 805/805 803/803 802/802
f 802/802 804/804 805/805
f 809/809 806/806 807/807
f 807/807 808/808 809/809
f 811/811 805/805 804/804
f 804/804 810/810 811/811
f 813/813 809/809 808/808
f 808/808 812/812 813/813
f 815/815 811/811 810/810
f 810/810 814/814 815/815
f 817/817 813/813 812/812
f 812/812 816/816 817/817
f 819/819 815/815 814/814
f 814/814 818/818 819/819
f 821/821 817/817 816/816
f 816/816 820/820 821/821
f 823/823 819/819 818/818
f 818/818 822/822 823/823
f 825/825 821/821 820/820
f 820/820 824/824 825/825
f 827/827 823/823 822/822
f 822/822 826/826 827/827
f 829/829 825/825 824/824
f 824/824 828/828 829/829
f 831/831 827/827 826/826
f 826/826 830/830 831/831
f 833/833 829/829 828/828
f 828/828 832/832 833/833
f 835/835 831/831 830/830
f 830/830 834/834 835/835
f 837/837 833/833 832/832
f 832/832 836/836 837/837
f 806/806 709/709 708/708
f 708/708 807/807 806/806
f 776/776 835/835 834/834
f 834/834 777/777 776/776
f 780/780 837/837 836/836
f 836/836 781/781 780/780
f 841/841 838/838 839/839
f 839/839 840/840 841/841
f 845/845 842/842 843/843
f 843/843 844/844 845/845
f 849/849 846/846 847/847
f 847/847 848/848 849/849
f 772/772 850/850 851/851
f 851/851 773/773 772/772
f 853/853 849/849 848/848
f 848/848 852/852 853/853
f 857/857 854/854 855/855
f 855/855 856/856 857/857
f 859/859 853/853 852/852
f 852/852 858/858 859/859
f 838/838 860/860 861/861
f 861/861 839/839 838/838
f 863/863 859/859 858/858
f 858/858 862/862 863/863
f 865/865 841/841 840/840
f 840/840 864/864 865/865
f 867/867 863/863 862/862
f 862/862 866/866 867/867
f 869/869 865/865 864/864
f 864/864 868/868 869/869
f 871/871 867/867 866/866
f 866/866 870/870 871/871
f 873/873 869/869 868/868
f 868/868 872/872 873/873
f 875/875 871/871 870/870
f 870/870 874/874 875/875
f 877/877 873/873 872/872
f 872/872 876/876 877/877
f 879/879 875/875 874/874
f 874/874 878/878 879/879
f 881/881 877/877 876/876
f 876/876 880/880 881/881
f 883/883 879/879 878/878
f 878/878 882/882 883/883
f 885/885 881/881 880/880
f 880/880 884/884 885/885
f 887/887 857/857 856/856
f 856/856 886/886 887/887
f 889/889 883/883 882/882
f 882/882 888/888 889/889
f 891/891 885/885 884/884
f 884/884 890/890 891/891
f 895/895 892/892 893/893
f 893/893 894/894 895/895
f 897/897 889/889 888/888
f 888/888 896/896 897/897
f 901/901 898/898 899/899
f 899/899 900/900 901/901
f 854/854 902/902 903/903
f 903/903 855/855 854/854
f 850/850 897/897 896/896
f 896/896 851/851 850/850
f 905/905 901/901 900/900
f 900/900 904/904 905/905
f 902/902 775/775 774/774
f 774/774 903/903 902/902
f 846/846 905/905 904/904
f 904/904 847/847 846/846
f 868/868 864/864 906/906
f 906/906 907/907 868/868
f 911/911 908/908 909/909
f 909/909 910/910 911/911
f 913/913 845/845 844/844
f 844/844 912/912 913/913
f 915/915 911/911 910/910
f 910/910 914/914 915/915
f 917/917 913/913 912/912
f 912/912 916/916 917/917
f 919/919 915/915 914/914
f 914/914 918/918 919/919
f 921/921 917/917 916/916
f 916/916 920/920 921/921
f 923/923 919/919 918/918
f 918/918 922/922 923/923
f 925/925 921/921 920/920
f 920/920 924/924 925/925
f 927/927 923/923 922/922
f 922/922 926/926 927/927
f 929/929 925/925 924/924
f 924/924 928/928 929/929
f 931/931 927/927 926/926
f 926/926 930/930 931/931
f 933/933 929/929 928/928
f 928/928 932/932 933/933
f 892/892 934/934 935/935
f 935/935 893/893 892/892
f 937/937 931/931 930/930
f 930/930 936/936 937/937
f 939/939 933/933 932/932
f 932/932 938/938 939/939
f 860/860 940/940 941/941
f 941/941 861/861 860/860
f 943/943 937/937 936/936
f 936/936 942/942 943/943
f 945/945 939/939 938/938
f 938/938 944/944 945/945
f 934/934 946/946 947/947
f 947/947 935/935 934/934
f 949/949 943/943 942/942
f 942/942 948/948 949/949
f 953/953 950/950 951/951
f 951/951 952/952 953/953
f 946/946 954/954 955/955
f 955/955 947/947 946/946
f 957/957 949/949 948/948
f 948/948 956/956 957/957
f 959/959 953/953 952/952
f 952/952 958/958 959/959
f 954/954 960/960 961/961
f 961/961 955/955 954/954
f 963/963 957/957 956/956
f 956/956 962/962 963/963
f 965/965 959/959 958/958
f 958/958 964/964 965/965
f 960/960 963/963 962/962
f 962/962 961/961 960/960
f 967/967 965/965 964/964
f 964/964 966/966 967/967
f 842/842 895/895 894/894
f 894/894 843/843 842/842
f 908/908 967/967 966/966
f 966/966 909/909 908/908
f 971/971 968/968 969/969
f 969/969 970/970 971/971
f 870/870 866/866 972/972
f 972/972 973/973 870/870
f 872/872 868/868 907/907
f 907/907 974/974 872/872
f 874/874 870/870 973/973
f 973/973 975/975 874/874
f 876/876 872/872 974/974
f 974/974 968/968 876/876
f 878/878 874/874 975/975
f 975/975 976/976 878/878
f 880/880 876/876 968/968
f 968/968 971/971 880/880
f 941/941 886/886 977/977
f 977/977 978/978 941/941
f 882/882 878/878 976/976
f 976/976 979/979 882/882
f 884/884 880/880 971/971
f 971/971 980/980 884/884
f 886/886 856/856 981/981
f 981/981 977/977 886/886
f 888/888 882/882 979/979
f 979/979 982/982 888/888
f 890/890 884/884 980/980
f 980/980 983/983 890/890
f 856/856 855/855 984/984
f 984/984 981/981 856/856
f 896/896 888/888 982/982
f 982/982 985/985 896/896
f 900/900 899/899 986/986
f 986/986 987/987 900/900
f 855/855 903/903 988/988
f 988/988 984/984 855/855
f 851/851 896/896 985/985
f 985/985 989/989 851/851
f 904/904 900/900 987/987
f 987/987 990/990 904/904
f 903/903 774/774 991/991
f 991/991 988/988 903/903
f 773/773 851/851 989/989
f 989/989 992/992 773/773
f 847/847 904/904 990/990
f 990/990 993/993 847/847
f 774/774 773/773 992/992
f 992/992 991/991 774/774
f 848/848 847/847 993/993
f 993/993 994/994 848/848
f 861/861 941/941 978/978
f 978/978 995/995 861/861
f 852/852 848/848 994/994
f 994/994 996/996 852/852
f 839/839 861/861 995/995
f 995/995 997/997 839/839
f 858/858 852/852 996/996
f 996/996 998/998 858/858
f 840/840 839/839 997/997
f 997/997 999/999 840/840
f 862/862 858/858 998/998
f 998/998 1000/1000 862/862
f 864/864 840/840 999/999
f 999/999 906/906 864/864
f 866/866 862/862 1000/1000
f 1000/1000 972/972 866/866
f 1004/1004 1001/1001 1002/1002
f 1002/1002 1003/1003 1004/1004
f 978/978 977/977 1005/1005
f 1005/1005 1006/1006 978/978
f 979/979 976/976 1007/1007
f 1007/1007 1008/1008 979/979
f 980/980 971/971 970/970
f 970/970 1009/1009 980/980
f 977/977 981/981 1010/1010
f 1010/1010 1005/1005 977/977
f 982/982 979/979 1008/1008
f 1008/1008 1011/1011 982/982
f 983/983 980/980 1009/1009
f 1009/1009 1012/1012 983/983
f 981/981 984/984 1013/1013
f 1013/1013 1010/1010 981/981
f 985/985 982/982 1011/1011
f 1011/1011 1014/1014 985/985
f 987/987 986/986 1001/1001
f 1001/1001 1004/1004 987/987
f 984/984 988/988 1015/1015
f 1015/1015 1013/1013 984/984
f 989/989 985/985 1014/1014
f 1014/1014 1016/1016 989/989
f 990/990 987/987 1004/1004
f 1004/1004 1017/1017 990/990
f 988/988 991/991 1018/1018
f 1018/1018 1015/1015 988/988
f 992/992 989/989 1016/1016
f 1016/1016 1019/1019 992/992
f 993/993 990/990 1017/1017
f 1017/1017 1020/1020 993/993
f 991/991 992/992 1019/1019
f 1019/1019 1018/1018 991/991
f 994/994 993/993 1020/1020
f 1020/1020 1021/1021 994/994
f 995/995 978/978 1006/1006
f 1006/1006 1022/1022 995/995
f 996/996 994/994 1021/1021
f 1021/1021 1023/1023 996/996
f 997/997 995/995 1022/1022
f 1022/1022 1024/1024 997/997
f 998/998 996/996 1023/1023
f 1023/1023 1025/1025 998/998
f 999/999 997/997 1024/1024
f 1024/1024 1026/1026 999/999
f 1000/1000 998/998 1025/1025
f 1025/1025 1027/1027 1000/1000
f 906/906 999/999 1026/1026
f 1026/1026 1028/1028 906/906
f 972/972 1000/1000 1027/1027
f 1027/1027 1029/1029 972/972
f 907/907 906/906 1028/1028
f 1028/1028 1030/1030 907/907
f 973/973 972/972 1029/1029
f 1029/1029 1031/1031 973/973
f 974/974 907/907 1030/1030
f 1030/1030 1032/1032 974/974
f 975/975 973/973 1031/1031
f 1031/1031 1033/1033 975/975
f 968/968 974/974 1032/1032
f 1032/1032 969/969 968/968
f 976/976 975/975 1033/1033
f 1033/1033 1007/1007 976/976
f 1037/1037 1034/1034 1035/1035
f 1035/1035 1036/1036 1037/1037
f 1013/1013 1015/1015 1038/1038
f 1038/1038 1039/1039 1013/1013
f 1016/1016 1014/1014 1040/1040
f 1040/1040 1041/1041 1016/1016
f 1017/1017 1004/1004 1003/1003
f 1003/1003 1042/1042 1017/1017
f 1015/1015 1018/1018 1043/1043
f 1043/1043 1038/1038 1015/1015
f 1019/1019 1016/1016 1041/1041
f 1041/1041 1044/1044 1019/1019
f 1020/1020 1017/1017 1042/1042
f 1042/1042 1045/1045 1020/1020
f 1018/1018 1019/1019 1044/1044
f 1044/1044 1043/1043 1018/1018
f 1021/1021 1020/1020 1045/1045
f 1045/1045 1046/1046 1021/1021
f 1022/1022 1006/1006 1047/1047
f 1047/1047 1048/1048 1022/1022
f 1023/1023 1021/1021 1046/1046
f 1046/1046 1049/1049 1023/1023
f 1024/1024 1022/1022 1048/1048
f 1048/1048 1050/1050 1024/1024
f 1025/1025 1023/1023 1049/1049
f 1049/1049 1051/1051 1025/1025
f 1026/1026 1024/1024 1050/1050
f 1050/1050 1052/1052 1026/1026
f 1027/1027 1025/1025 1051/1051
f 1051/1051 1053/1053 1027/1027
f 1028/1028 1026/1026 1052/1052
f 1052/1052 1054/1054 1028/1028
f 1029/1029 1027/1027 1053/1053
f 1053/1053 1055/1055 1029/1029
f 1030/1030 1028/1028 1054/1054
f 1054/1054 1056/1056 1030/1030
f 1031/1031 1029/1029 1055/1055
f 1055/1055 1057/1057 1031/1031
f 1032/1032 1030/1030 1056/1056
f 1056/1056 1058/1058 1032/1032
f 1033/1033 1031/1031 1057/1057
f 1057/1057 1059/1059 1033/1033
f 969/969 1032/1032 1058/1058
f 1058/1058 1060/1060 969/969
f 1007/1007 1033/1033 1059/1059
f 1059/1059 1061/1061 1007/1007
f 970/970 969/969 1060/1060
f 1060/1060 1062/1062 970/970
f 1006/1006 1005/1005 1063/1063
f 1063/1063 1047/1047 1006/1006
f 1008/1008 1007/1007 1061/1061
f 1061/1061 1064/1064 1008/1008
f 1009/1009 970/970 1062/1062
f 1062/1062 1065/1065 1009/1009
f 1005/1005 1010/1010 1066/1066
f 1066/1066 1063/1063 1005/1005
f 1011/1011 1008/1008 1064/1064
f 1064/1064 1067/1067 1011/1011
f 1012/1012 1009/1009 1065/1065
f 1065/1065 1068/1068 1012/1012
f 1010/1010 1013/1013 1039/1039
f 1039/1039 1066/1066 1010/1010
f 1014/1014 1011/1011 1067/1067
f 1067/1067 1040/1040 1014/1014
f 1072/1072 1069/1069 1070/1070
f 1070/1070 1071/1071 1072/1072
f 1076/1076 1073/1073 1074/1074
f 1074/1074 1075/1075 1076/1076
f 1078/1078 1037/1037 1036/1036
f 1036/1036 1077/1077 1078/1078
f 1082/1082 1079/1079 1080/1080
f 1080/1080 1081/1081 1082/1082
f 1053/1053 1051/1051 1083/1083
f 1083/1083 1084/1084 1053/1053
f 1086/1086 1082/1082 1081/1081
f 1081/1081 1085/1085 1086/1086
f 1069/1069 1078/1078 1077/1077
f 1077/1077 1070/1070 1069/1069
f 1088/1088 1086/1086 1085/1085
f 1085/1085 1087/1087 1088/1088
f 1090/1090 1072/1072 1071/1071
f 1071/1071 1089/1089 1090/1090
f 1092/1092 1088/1088 1087/1087
f 1087/1087 1091/1091 1092/1092
f 1094/1094 1090/1090 1089/1089
f 1089/1089 1093/1093 1094/1094
f 1096/1096 1092/1092 1091/1091
f 1091/1091 1095/1095 1096/1096
f 1098/1098 1094/1094 1093/1093
f 1093/1093 1097/1097 1098/1098
f 1100/1100 1096/1096 1095/1095
f 1095/1095 1099/1099 1100/1100
f 1102/1102 1098/1098 1097/1097
f 1097/1097 1101/1101 1102/1102
f 1104/1104 1100/1100 1099/1099
f 1099/1099 1103/1103 1104/1104
f 1106/1106 1076/1076 1075/1075
f 1075/1075 1105/1105 1106/1106
f 1108/1108 1102/1102 1101/1101
f 1101/1101 1107/1107 1108/1108
f 1110/1110 1104/1104 1103/1103
f 1103/1103 1109/1109 1110/1110
f 1047/1047 1063/1063 1111/1111
f 1111/1111 1112/1112 1047/1047
f 1114/1114 1108/1108 1107/1107
f 1107/1107 1113/1113 1114/1114
f 1116/1116 1110/1110 1109/1109
f 1109/1109 1115/1115 1116/1116
f 1073/1073 1117/1117 1118/1118
f 1118/1118 1074/1074 1073/1073
f 1120/1120 1114/1114 1113/1113
f 1113/1113 1119/1119 1120/1120
f 1124/1124 1121/1121 1122/1122
f 1122/1122 1123/1123 1124/1124
f 1117/1117 1125/1125 1126/1126
f 1126/1126 1118/1118 1117/1117
f 1128/1128 1124/1124 1123/1123
f 1123/1123 1127/1127 1128/1128
f 1125/1125 1129/1129 1130/1130
f 1130/1130 1126/1126 1125/1125
f 1079/1079 1131/1131 1132/1132
f 1132/1132 1080/1080 1079/1079
f 1034/1034 1128/1128 1127/1127
f 1127/1127 1035/1035 1034/1034
f 1129/1129 1120/1120 1119/1119
f 1119/1119 1130/1130 1129/1129
f 1093/1093 1089/1089 1133/1133
f 1133/1133 1134/1134 1093/1093
f 1054/1054 1052/1052 1135/1135
f 1135/1135 1136/1136 1054/1054
f 1055/1055 1053/1053 1084/1084
f 1084/1084 1137/1137 1055/1055
f 1056/1056 1054/1054 1136/1136
f 1136/1136 1138/1138 1056/1056
f 1057/1057 1055/1055 1137/1137
f 1137/1137 1139/1139 1057/1057
f 1058/1058 1056/1056 1138/1138
f 1138/1138 1140/1140 1058/1058
f 1059/1059 1057/1057 1139/1139
f 1139/1139 1141/1141 1059/1059
f 1060/1060 1058/1058 1140/1140
f 1140/1140 1142/1142 1060/1060
f 1061/1061 1059/1059 1141/1141
f 1141/1141 1143/1143 1061/1061
f 1062/1062 1060/1060 1142/1142
f 1142/1142 1144/1144 1062/1062
f 1063/1063 1066/1066 1145/1145
f 1145/1145 1111/1111 1063/1063
f 1064/1064 1061/1061 1143/1143
f 1143/1143 1146/1146 1064/1064
f 1065/1065 1062/1062 1144/1144
f 1144/1144 1147/1147 1065/1065
f 1131/1131 1148/1148 1149/1149
f 1149/1149 1132/1132 1131/1131
f 1067/1067 1064/1064 1146/1146
f 1146/1146 1150/1150 1067/1067
f 1068/1068 1065/1065 1147/1147
f 1147/1147 1151/1151 1068/1068
f 1066/1066 1039/1039 1152/1152
f 1152/1152 1145/1145 1066/1066
f 1040/1040 1067/1067 1150/1150
f 1150/1150 1153/1153 1040/1040
f 1003/1003 1002/1002 1154/1154
f 1154/1154 1155/1155 1003/1003
f 1039/1039 1038/1038 1156/1156
f 1156/1156 1152/1152 1039/1039
f 1041/1041 1040/1040 1153/1153
f 1153/1153 1157/1157 1041/1041
f 1042/1042 1003/1003 1155/1155
f 1155/1155 1158/1158 1042/1042
f 1038/1038 1043/1043 1159/1159
f 1159/1159 1156/1156 1038/1038
f 1044/1044 1041/1041 1157/1157
f 1157/1157 1160/1160 1044/1044
f 1045/1045 1042/1042 1158/1158
f 1158/1158 1161/1161 1045/1045
f 1043/1043 1044/1044 1160/1160
f 1160/1160 1159/1159 1043/1043
f 1046/1046 1045/1045 1161/1161
f 1161/1161 1162/1162 1046/1046
f 1048/1048 1047/1047 1112/1112
f 1112/1112 1163/1163 1048/1048
f 1049/1049 1046/1046 1162/1162
f 1162/1162 1164/1164 1049/1049
f 1050/1050 1048/1048 1163/1163
f 1163/1163 1165/1165 1050/1050
f 1051/1051 1049/1049 1164/1164
f 1164/1164 1083/1083 1051/1051
f 1052/1052 1050/1050 1165/1165
f 1165/1165 1135/1135 1052/1052
f 1169/1169 1166/1166 1167/1167
f 1167/1167 1168/1168 1169/1169
f 1095/1095 1091/1091 1170/1170
f 1170/1170 1171/1171 1095/1095
f 1097/1097 1093/1093 1134/1134
f 1134/1134 1172/1172 1097/1097
f 1099/1099 1095/1095 1171/1171
f 1171/1171 1173/1173 1099/1099
f 1149/1149 1105/1105 1174/1174
f 1174/1174 1175/1175 1149/1149
f 1101/1101 1097/1097 1172/1172
f 1172/1172 1176/1176 1101/1101
f 1103/1103 1099/1099 1173/1173
f 1173/1173 1177/1177 1103/1103
f 1105/1105 1075/1075 1178/1178
f 1178/1178 1174/1174 1105/1105
f 1107/1107 1101/1101 1176/1176
f 1176/1176 1179/1179 1107/1107
f 1109/1109 1103/1103 1177/1177
f 1177/1177 1180/1180 1109/1109
f 1075/1075 1074/1074 1181/1181
f 1181/1181 1178/1178 1075/1075
f 1113/1113 1107/1107 1179/1179
f 1179/1179 1182/1182 1113/1113
f 1115/1115 1109/1109 1180/1180
f 1180/1180 1183/1183 1115/1115
f 1074/1074 1118/1118 1184/1184
f 1184/1184 1181/1181 1074/1074
f 1119/1119 1113/1113 1182/1182
f 1182/1182 1185/1185 1119/1119
f 1123/1123 1122/1122 1186/1186
f 1186/1186 1187/1187 1123/1123
f 1118/1118 1126/1126 1188/1188
f 1188/1188 1184/1184 1118/1118
f 1130/1130 1119/1119 1185/1185
f 1185/1185 1189/1189 1130/1130
f 1127/1127 1123/1123 1187/1187
f 1187/1187 1190/1190 1127/1127
f 1126/1126 1130/1130 1189/1189
f 1189/1189 1188/1188 1126/1126
f 1035/1035 1127/1127 1190/1190
f 1190/1190 1191/1191 1035/1035
f 1132/1132 1149/1149 1175/1175
f 1175/1175 1192/1192 1132/1132
f 1036/1036 1035/1035 1191/1191
f 1191/1191 1193/1193 1036/1036
f 1080/1080 1132/1132 1192/1192
f 1192/1192 1194/1194 1080/1080
f 1077/1077 1036/1036 1193/1193
f 1193/1193 1195/1195 1077/1077
f 1081/1081 1080/1080 1194/1194
f 1194/1194 1196/1196 1081/1081
f 1070/1070 1077/1077 1195/1195
f 1195/1195 1197/1197 1070/1070
f 1085/1085 1081/1081 1196/1196
f 1196/1196 1198/1198 1085/1085
f 1071/1071 1070/1070 1197/1197
f 1197/1197 1199/1199 1071/1071
f 1087/1087 1085/1085 1198/1198
f 1198/1198 1200/1200 1087/1087
f 1089/1089 1071/1071 1199/1199
f 1199/1199 1133/1133 1089/1089
f 1091/1091 1087/1087 1200/1200
f 1200/1200 1170/1170 1091/1091
f 1204/1204 1201/1201 1202/1202
f 1202/1202 1203/1203 1204/1204
f 1208/1208 1205/1205 1206/1206
f 1206/1206 1207/1207 1208/1208
f 1210/1210 1169/1169 1168/1168
f 1168/1168 1209/1209 1210/1210
f 1212/1212 1204/1204 1203/1203
f 1203/1203 1211/1211 1212/1212
f 1205/1205 1213/1213 1214/1214
f 1214/1214 1206/1206 1205/1205
f 1216/1216 1210/1210 1209/1209
f 1209/1209 1215/1215 1216/1216
f 1220/1220 1217/1217 1218/1218
f 1218/1218 1219/1219 1220/1220
f 1213/1213 1221/1221 1222/1222
f 1222/1222 1214/1214 1213/1213
f 1224/1224 1216/1216 1215/1215
f 1215/1215 1223/1223 1224/1224
f 1226/1226 1220/1220 1219/1219
f 1219/1219 1225/1225 1226/1226
f 1221/1221 1224/1224 1223/1223
f 1223/1223 1222/1222 1221/1221
f 1228/1228 1226/1226 1225/1225
f 1225/1225 1227/1227 1228/1228
f 1232/1232 1229/1229 1230/1230
f 1230/1230 1231/1231 1232/1232
f 1234/1234 1228/1228 1227/1227
f 1227/1227 1233/1233 1234/1234
f 1236/1236 1232/1232 1231/1231
f 1231/1231 1235/1235 1236/1236
f 1238/1238 1234/1234 1233/1233
f 1233/1233 1237/1237 1238/1238
f 1240/1240 1236/1236 1235/1235
f 1235/1235 1239/1239 1240/1240
f 1242/1242 1238/1238 1237/1237
f 1237/1237 1241/1241 1242/1242
f 1244/1244 1240/1240 1239/1239
f 1239/1239 1243/1243 1244/1244
f 1246/1246 1242/1242 1241/1241
f 1241/1241 1245/1245 1246/1246
f 1248/1248 1244/1244 1243/1243
f 1243/1243 1247/1247 1248/1248
f 1250/1250 1246/1246 1245/1245
f 1245/1245 1249/1249 1250/1250
f 1252/1252 1248/1248 1247/1247
f 1247/1247 1251/1251 1252/1252
f 1254/1254 1250/1250 1249/1249
f 1249/1249 1253/1253 1254/1254
f 1256/1256 1252/1252 1251/1251
f 1251/1251 1255/1255 1256/1256
f 1258/1258 1254/1254 1253/1253
f 1253/1253 1257/1257 1258/1258
f 1260/1260 1256/1256 1255/1255
f 1255/1255 1259/1259 1260/1260
f 1229/1229 1261/1261 1262/1262
f 1262/1262 1230/1230 1229/1229
f 1166/1166 1258/1258 1257/1257
f 1257/1257 1167/1167 1166/1166
f 1201/1201 1260/1260 1259/1259
f 1259/1259 1202/1202 1201/1201
f 1261/1261 1208/1208 1207/1207
f 1207/1207 1262/1262 1261/1261
f 512/512 1263/1263 1264/1264
f 1264/1264 513/513 512/512
f 1268/1268 1265/1265 1266/1266
f 1266/1266 1267/1267 1268/1268
f 624/624 1269/1269 1270/1270
f 1270/1270 625/625 624/624
f 1272/1272 1268/1268 1267/1267
f 1267/1267 1271/1271 1272/1272
f 644/644 1273/1273 1274/1274
f 1274/1274 645/645 644/644
f 1276/1276 1272/1272 1271/1271
f 1271/1271 1275/1275 1276/1276
f 1273/1273 1277/1277 1278/1278
f 1278/1278 1274/1274 1273/1273
f 1280/1280 1276/1276 1275/1275
f 1275/1275 1279/1279 1280/1280
f 1277/1277 1281/1281 1282/1282
f 1282/1282 1278/1278 1277/1277
f 1284/1284 1280/1280 1279/1279
f 1279/1279 1283/1283 1284/1284
f 1281/1281 1285/1285 1286/1286
f 1286/1286 1282/1282 1281/1281
f 1288/1288 1284/1284 1283/1283
f 1283/1283 1287/1287 1288/1288
f 1290/1290 423/423 422/422
f 422/422 1289/1289 1290/1290
f 1265/1265 1291/1291 1292/1292
f 1292/1292 1266/1266 1265/1265
f 1294/1294 1290/1290 1289/1289
f 1289/1289 1293/1293 1294/1294
f 1291/1291 1295/1295 1296/1296
f 1296/1296 1292/1292 1291/1291
f 1298/1298 1294/1294 1293/1293
f 1293/1293 1297/1297 1298/1298
f 1295/1295 1299/1299 1300/1300
f 1300/1300 1296/1296 1295/1295
f 1302/1302 1298/1298 1297/1297
f 1297/1297 1301/1301 1302/1302
f 1299/1299 1303/1303 1304/1304
f 1304/1304 1300/1300 1299/1299
f 1306/1306 1302/1302 1301/1301
f 1301/1301 1305/1305 1306/1306
f 1303/1303 1307/1307 1308/1308
f 1308/1308 1304/1304 1303/1303
f 1310/1310 1306/1306 1305/1305
f 1305/1305 1309/1309 1310/1310
f 1307/1307 1311/1311 1312/1312
f 1312/1312 1308/1308 1307/1307
f 566/566 1310/1310 1309/1309
f 1309/1309 567/567 566/566
f 1311/1311 1313/1313 1314/1314
f 1314/1314 1312/1312 1311/1311
f 448/448 1315/1315 1316/1316
f 1316/1316 449/449 448/448
f 1313/1313 1317/1317 1318/1318
f 1318/1318 1314/1314 1313/1313
f 1320/1320 569/569 568/568
f 568/568 1319/1319 1320/1320
f 1317/1317 1321/1321 1322/1322
f 1322/1322 1318/1318 1317/1317
f 1324/1324 1320/1320 1319/1319
f 1319/1319 1323/1323 1324/1324
f 1321/1321 1325/1325 1326/1326
f 1326/1326 1322/1322 1321/1321
f 1328/1328 1324/1324 1323/1323
f 1323/1323 1327/1327 1328/1328
f 1325/1325 1329/1329 1330/1330
f 1330/1330 1326/1326 1325/1325
f 1332/1332 1328/1328 1327/1327
f 1327/1327 1331/1331 1332/1332
f 1329/1329 1333/1333 1334/1334
f 1334/1334 1330/1330 1329/1329
f 1336/1336 1332/1332 1331/1331
f 1331/1331 1335/1335 1336/1336
f 1333/1333 1337/1337 1338/1338
f 1338/1338 1334/1334 1333/1333
f 1340/1340 1336/1336 1335/1335
f 1335/1335 1339/1339 1340/1340
f 1337/1337 1341/1341 1342/1342
f 1342/1342 1338/1338 1337/1337
f 1344/1344 1340/1340 1339/1339
f 1339/1339 1343/1343 1344/1344
f 1341/1341 1345/1345 1346/1346
f 1346/1346 1342/1342 1341/1341
f 1348/1348 1344/1344 1343/1343
f 1343/1343 1347/1347 1348/1348
f 1345/1345 1349/1349 1350/1350
f 1350/1350 1346/1346 1345/1345
f 1352/1352 1348/1348 1347/1347
f 1347/1347 1351/1351 1352/1352
f 1349/1349 1353/1353 1354/1354
f 1354/1354 1350/1350 1349/1349
f 1356/1356 1352/1352 1351/1351
f 1351/1351 1355/1355 1356/1356
f 1353/1353 1357/1357 1358/1358
f 1358/1358 1354/1354 1353/1353
f 1360/1360 1356/1356 1355/1355
f 1355/1355 1359/1359 1360/1360
f 1357/1357 1361/1361 1362/1362
f 1362/1362 1358/1358 1357/1357
f 1364/1364 1360/1360 1359/1359
f 1359/1359 1363/1363 1364/1364
f 1361/1361 1365/1365 1366/1366
f 1366/1366 1362/1362 1361/1361
f 1368/1368 1364/1364 1363/1363
f 1363/1363 1367/1367 1368/1368
f 1365/1365 1369/1369 1370/1370
f 1370/1370 1366/1366 1365/1365
f 1372/1372 1368/1368 1367/1367
f 1367/1367 1371/1371 1372/1372
f 1369/1369 1373/1373 1374/1374
f 1374/1374 1370/1370 1369/1369
f 1376/1376 1372/1372 1371/1371
f 1371/1371 1375/1375 1376/1376
f 1373/1373 1377/1377 1378/1378
f 1378/1378 1374/1374 1373/1373
f 1380/1380 1376/1376 1375/1375
f 1375/1375 1379/1379 1380/1380
f 1377/1377 1381/1381 1382/1382
f 1382/1382 1378/1378 1377/1377
f 1384/1384 1380/1380 1379/1379
f 1379/1379 1383/1383 1384/1384
f 1381/1381 1385/1385 1386/1386
f 1386/1386 1382/1382 1381/1381
f 1285/1285 1384/1384 1383/1383
f 1383/1383 1286/1286 1285/1285
f 1385/1385 1288/1288 1287/1287
f 1287/1287 1386/1386 1385/1385
f 642/642 619/619 618/618
f 618/618 643/643 642/642
f 558/558 425/425 1387/1387
f 1387/1387 1388/1388 558/558
f 1388/1388 1387/1387 1389/1389
f 1389/1389 1390/1390 1388/1388
f 425/425 424/424 1391/1391
f 1391/1391 1387/1387 425/425
f 1387/1387 1391/1391 1392/1392
f 1392/1392 1389/1389 1387/1387
f 424/424 572/572 1393/1393
f 1393/1393 1391/1391 424/424
f 1391/1391 1393/1393 1394/1394
f 1394/1394 1392/1392 1391/1391
f 572/572 535/535 1395/1395
f 1395/1395 1393/1393 572/572
f 1393/1393 1395/1395 1396/1396
f 1396/1396 1394/1394 1393/1393
f 535/535 534/534 1397/1397
f 1397/1397 1395/1395 535/535
f 1395/1395 1397/1397 1398/1398
f 1398/1398 1396/1396 1395/1395
f 534/534 552/552 1399/1399
f 1399/1399 1397/1397 534/534
f 1397/1397 1399/1399 1400/1400
f 1400/1400 1398/1398 1397/1397
f 522/522 558/558 1388/1388
f 1388/1388 1401/1401 522/522
f 1401/1401 1388/1388 1390/1390
f 1390/1390 1402/1402 1401/1401
f 523/523 522/522 1401/1401
f 1401/1401 1403/1403 523/523
f 1403/1403 1401/1401 1402/1402
f 1402/1402 1404/1404 1403/1403
f 546/546 523/523 1403/1403
f 1403/1403 1405/1405 546/546
f 1405/1405 1403/1403 1404/1404
f 1404/1404 1406/1406 1405/1405
f 560/560 546/546 1405/1405
f 1405/1405 1407/1407 560/560
f 1407/1407 1405/1405 1406/1406
f 1406/1406 1408/1408 1407/1407
f 574/574 560/560 1407/1407
f 1407/1407 1409/1409 574/574
f 1409/1409 1407/1407 1408/1408
f 1408/1408 1410/1410 1409/1409
f 538/538 574/574 1409/1409
f 1409/1409 1411/1411 538/538
f 1411/1411 1409/1409 1410/1410
f 1410/1410 1412/1412 1411/1411
f 539/539 538/538 1411/1411
f 1411/1411 1413/1413 539/539
f 1413/1413 1411/1411 1412/1412
f 1412/1412 1414/1414 1413/1413
f 444/444 539/539 1413/1413
f 1413/1413 1415/1415 444/444
f 1415/1415 1413/1413 1414/1414
f 1414/1414 1416/1416 1415/1415
f 445/445 444/444 1415/1415
f 1415/1415 1417/1417 445/445
f 1417/1417 1415/1415 1416/1416
f 1416/1416 1418/1418 1417/1417
f 556/556 445/445 1417/1417
f 1417/1417 1419/1419 556/556
f 1419/1419 1417/1417 1418/1418
f 1418/1418 1420/1420 1419/1419
f 526/526 556/556 1419/1419
f 1419/1419 1421/1421 526/526
f 1421/1421 1419/1419 1420/1420
f 1420/1420 1422/1422 1421/1421
f 527/527 526/526 1421/1421
f 1421/1421 1423/1423 527/527
f 1423/1423 1421/1421 1422/1422
f 1422/1422 1424/1424 1423/1423
f 548/548 527/527 1423/1423
f 1423/1423 1425/1425 548/548
f 1425/1425 1423/1423 1424/1424
f 1424/1424 1426/1426 1425/1425
f 562/562 548/548 1425/1425
f 1425/1425 1427/1427 562/562
f 1427/1427 1425/1425 1426/1426
f 1426/1426 1428/1428 1427/1427
f 576/576 562/562 1427/1427
f 1427/1427 1429/1429 576/576
f 1429/1429 1427/1427 1428/1428
f 1428/1428 1430/1430 1429/1429
f 542/542 576/576 1429/1429
f 1429/1429 1431/1431 542/542
f 1431/1431 1429/1429 1430/1430
f 1430/1430 1432/1432 1431/1431
f 543/543 542/542 1431/1431
f 1431/1431 1433/1433 543/543
f 1433/1433 1431/1431 1432/1432
f 1432/1432 1434/1434 1433/1433
f 554/554 543/543 1433/1433
f 1433/1433 1435/1435 554/554
f 1435/1435 1433/1433 1434/1434
f 1434/1434 1436/1436 1435/1435
f 570/570 554/554 1435/1435
f 1435/1435 1437/1437 570/570
f 1437/1437 1435/1435 1436/1436
f 1436/1436 1438/1438 1437/1437
f 530/530 570/570 1437/1437
f 1437/1437 1439/1439 530/530
f 1439/1439 1437/1437 1438/1438
f 1438/1438 1440/1440 1439/1439
f 531/531 530/530 1439/1439
f 1439/1439 1441/1441 531/531
f 1441/1441 1439/1439 1440/1440
f 1440/1440 1442/1442 1441/1441
f 550/550 531/531 1441/1441
f 1441/1441 1443/1443 550/550
f 1443/1443 1441/1441 1442/1442
f 1442/1442 1444/1444 1443/1443
f 564/564 550/550 1443/1443
f 1443/1443 1445/1445 564/564
f 1445/1445 1443/1443 1444/1444
f 1444/1444 1446/1446 1445/1445
f 514/514 564/564 1445/1445
f 1445/1445 1447/1447 514/514
f 1447/1447 1445/1445 1446/1446
f 1446/1446 1448/1448 1447/1447
f 515/515 514/514 1447/1447
f 1447/1447 1449/1449 515/515
f 1449/1449 1447/1447 1448/1448
f 1448/1448 1450/1450 1449/1449
f 552/552 515/515 1449/1449
f 1449/1449 1399/1399 552/552
f 1399/1399 1449/1449 1450/1450
f 1450/1450 1400/1400 1399/1399
f 1315/1315 443/443 442/442
f 442/442 1316/1316 1315/1315
f 1267/1267 1266/1266 1451/1451
f 1451/1451 1452/1452 1267/1267
f 1452/1452 1451/1451 618/618
f 618/618 617/617 1452/1452
f 1271/1271 1267/1267 1452/1452
f 1452/1452 1453/1453 1271/1271
f 1453/1453 1452/1452 617/617
f 617/617 646/646 1453/1453
f 1275/1275 1271/1271 1453/1453
f 1453/1453 1454/1454 1275/1275
f 1454/1454 1453/1453 646/646
f 646/646 584/584 1454/1454
f 1279/1279 1275/1275 1454/1454
f 1454/1454 1455/1455 1279/1279
f 1455/1455 1454/1454 584/584
f 584/584 583/583 1455/1455
f 1283/1283 1279/1279 1455/1455
f 1455/1455 1456/1456 1283/1283
f 1456/1456 1455/1455 583/583
f 583/583 633/633 1456/1456
f 1287/1287 1283/1283 1456/1456
f 1456/1456 1457/1457 1287/1287
f 1457/1457 1456/1456 633/633
f 633/633 637/637 1457/1457
f 1266/1266 1292/1292 1458/1458
f 1458/1458 1451/1451 1266/1266
f 1451/1451 1458/1458 643/643
f 643/643 618/618 1451/1451
f 1292/1292 1296/1296 1459/1459
f 1459/1459 1458/1458 1292/1292
f 1458/1458 1459/1459 641/641
f 641/641 643/643 1458/1458
f 1296/1296 1300/1300 1460/1460
f 1460/1460 1459/1459 1296/1296
f 1459/1459 1460/1460 589/589
f 589/589 641/641 1459/1459
f 1300/1300 1304/1304 1461/1461
f 1461/1461 1460/1460 1300/1300
f 1460/1460 1461/1461 590/590
f 590/590 589/589 1460/1460
f 1304/1304 1308/1308 1462/1462
f 1462/1462 1461/1461 1304/1304
f 1461/1461 1462/1462 594/594
f 594/594 590/590 1461/1461
f 1308/1308 1312/1312 1463/1463
f 1463/1463 1462/1462 1308/1308
f 1462/1462 1463/1463 598/598
f 598/598 594/594 1462/1462
f 1312/1312 1314/1314 1464/1464
f 1464/1464 1463/1463 1312/1312
f 1463/1463 1464/1464 602/602
f 602/602 598/598 1463/1463
f 1314/1314 1318/1318 1465/1465
f 1465/1465 1464/1464 1314/1314
f 1464/1464 1465/1465 606/606
f 606/606 602/602 1464/1464
f 1318/1318 1322/1322 1466/1466
f 1466/1466 1465/1465 1318/1318
f 1465/1465 1466/1466 610/610
f 610/610 606/606 1465/1465
f 1322/1322 1326/1326 1467/1467
f 1467/1467 1466/1466 1322/1322
f 1466/1466 1467/1467 614/614
f 614/614 610/610 1466/1466
f 1326/1326 1330/1330 1468/1468
f 1468/1468 1467/1467 1326/1326
f 1467/1467 1468/1468 622/622
f 622/622 614/614 1467/1467
f 1330/1330 1334/1334 1469/1469
f 1469/1469 1468/1468 1330/1330
f 1468/1468 1469/1469 630/630
f 630/630 622/622 1468/1468
f 1334/1334 1338/1338 1470/1470
f 1470/1470 1469/1469 1334/1334
f 1469/1469 1470/1470 634/634
f 634/634 630/630 1469/1469
f 1338/1338 1342/1342 1471/1471
f 1471/1471 1470/1470 1338/1338
f 1470/1470 1471/1471 638/638
f 638/638 634/634 1470/1470
f 1342/1342 1346/1346 1472/1472
f 1472/1472 1471/1471 1342/1342
f 1471/1471 1472/1472 519/519
f 519/519 638/638 1471/1471
f 1346/1346 1350/1350 1473/1473
f 1473/1473 1472/1472 1346/1346
f 1472/1472 1473/1473 520/520
f 520/520 519/519 1472/1472
f 1350/1350 1354/1354 1474/1474
f 1474/1474 1473/1473 1350/1350
f 1473/1473 1474/1474 586/586
f 586/586 520/520 1473/1473
f 1354/1354 1358/1358 1475/1475
f 1475/1475 1474/1474 1354/1354
f 1474/1474 1475/1475 592/592
f 592/592 586/586 1474/1474
f 1358/1358 1362/1362 1476/1476
f 1476/1476 1475/1475 1358/1358
f 1475/1475 1476/1476 596/596
f 596/596 592/592 1475/1475
f 1362/1362 1366/1366 1477/1477
f 1477/1477 1476/1476 1362/1362
f 1476/1476 1477/1477 600/600
f 600/600 596/596 1476/1476
f 1366/1366 1370/1370 1478/1478
f 1478/1478 1477/1477 1366/1366
f 1477/1477 1478/1478 604/604
f 604/604 600/600 1477/1477
f 1370/1370 1374/1374 1479/1479
f 1479/1479 1478/1478 1370/1370
f 1478/1478 1479/1479 608/608
f 608/608 604/604 1478/1478
f 1374/1374 1378/1378 1480/1480
f 1480/1480 1479/1479 1374/1374
f 1479/1479 1480/1480 612/612
f 612/612 608/608 1479/1479
f 1378/1378 1382/1382 1481/1481
f 1481/1481 1480/1480 1378/1378
f 1480/1480 1481/1481 620/620
f 620/620 612/612 1480/1480
f 1382/1382 1386/1386 1482/1482
f 1482/1482 1481/1481 1382/1382
f 1481/1481 1482/1482 628/628
f 628/628 620/620 1481/1481
f 1386/1386 1287/1287 1457/1457
f 1457/1457 1482/1482 1386/1386
f 1482/1482 1457/1457 637/637
f 637/637 628/628 1482/1482
f 616/616 647/647 646/646
f 646/646 617/617 616/616
f 1264/1264 430/430 1483/1483
f 1483/1483 1484/1484 1264/1264
f 1484/1484 1483/1483 1269/1269
f 1269/1269 624/624 1484/1484
f 430/430 429/429 1485/1485
f 1485/1485 1483/1483 430/430
f 1483/1483 1485/1485 659/659
f 659/659 1269/1269 1483/1483
f 429/429 418/418 1486/1486
f 1486/1486 1485/1485 429/429
f 1485/1485 1486/1486 651/651
f 651/651 659/659 1485/1485
f 418/418 416/416 1487/1487
f 1487/1487 1486/1486 418/418
f 1486/1486 1487/1487 648/648
f 648/648 651/651 1486/1486
f 416/416 414/414 1488/1488
f 1488/1488 1487/1487 416/416
f 1487/1487 1488/1488 652/652
f 652/652 648/648 1487/1487
f 414/414 412/412 1489/1489
f 1489/1489 1488/1488 414/414
f 1488/1488 1489/1489 654/654
f 654/654 652/652 1488/1488
f 513/513 1264/1264 1484/1484
f 1484/1484 1490/1490 513/513
f 1490/1490 1484/1484 624/624
f 624/624 627/627 1490/1490
f 433/433 513/513 1490/1490
f 1490/1490 1491/1491 433/433
f 1491/1491 1490/1490 627/627
f 627/627 660/660 1491/1491
f 434/434 433/433 1491/1491
f 1491/1491 1492/1492 434/434
f 1492/1492 1491/1491 660/660
f 660/660 663/663 1492/1492
f 436/436 434/434 1492/1492
f 1492/1492 1493/1493 436/436
f 1493/1493 1492/1492 663/663
f 663/663 665/665 1493/1493
f 438/438 436/436 1493/1493
f 1493/1493 1494/1494 438/438
f 1494/1494 1493/1493 665/665
f 665/665 667/667 1494/1494
f 440/440 438/438 1494/1494
f 1494/1494 1495/1495 440/440
f 1495/1495 1494/1494 667/667
f 667/667 669/669 1495/1495
f 442/442 440/440 1495/1495
f 1495/1495 1496/1496 442/442
f 1496/1496 1495/1495 669/669
f 669/669 671/671 1496/1496
f 1316/1316 442/442 1496/1496
f 1496/1496 1497/1497 1316/1316
f 1497/1497 1496/1496 671/671
f 671/671 673/673 1497/1497
f 449/449 1316/1316 1497/1497
f 1497/1497 1498/1498 449/449
f 1498/1498 1497/1497 673/673
f 673/673 675/675 1498/1498
f 450/450 449/449 1498/1498
f 1498/1498 1499/1499 450/450
f 1499/1499 1498/1498 675/675
f 675/675 677/677 1499/1499
f 452/452 450/450 1499/1499
f 1499/1499 1500/1500 452/452
f 1500/1500 1499/1499 677/677
f 677/677 679/679 1500/1500
f 454/454 452/452 1500/1500
f 1500/1500 1501/1501 454/454
f 1501/1501 1500/1500 679/679
f 679/679 681/681 1501/1501
f 456/456 454/454 1501/1501
f 1501/1501 1502/1502 456/456
f 1502/1502 1501/1501 681/681
f 681/681 683/683 1502/1502
f 458/458 456/456 1502/1502
f 1502/1502 1503/1503 458/458
f 1503/1503 1502/1502 683/683
f 683/683 685/685 1503/1503
f 460/460 458/458 1503/1503
f 1503/1503 1504/1504 460/460
f 1504/1504 1503/1503 685/685
f 685/685 687/687 1504/1504
f 462/462 460/460 1504/1504
f 1504/1504 1505/1505 462/462
f 1505/1505 1504/1504 687/687
f 687/687 689/689 1505/1505
f 464/464 462/462 1505/1505
f 1505/1505 1506/1506 464/464
f 1506/1506 1505/1505 689/689
f 689/689 691/691 1506/1506
f 466/466 464/464 1506/1506
f 1506/1506 1507/1507 466/466
f 1507/1507 1506/1506 691/691
f 691/691 693/693 1507/1507
f 468/468 466/466 1507/1507
f 1507/1507 1508/1508 468/468
f 1508/1508 1507/1507 693/693
f 693/693 695/695 1508/1508
f 470/470 468/468 1508/1508
f 1508/1508 1509/1509 470/470
f 1509/1509 1508/1508 695/695
f 695/695 697/697 1509/1509
f 472/472 470/470 1509/1509
f 1509/1509 1510/1510 472/472
f 1510/1510 1509/1509 697/697
f 697/697 699/699 1510/1510
f 474/474 472/472 1510/1510
f 1510/1510 1511/1511 474/474
f 1511/1511 1510/1510 699/699
f 699/699 701/701 1511/1511
f 476/476 474/474 1511/1511
f 1511/1511 1512/1512 476/476
f 1512/1512 1511/1511 701/701
f 701/701 703/703 1512/1512
f 478/478 476/476 1512/1512
f 1512/1512 1513/1513 478/478
f 1513/1513 1512/1512 703/703
f 703/703 705/705 1513/1513
f 411/411 478/478 1513/1513
f 1513/1513 1514/1514 411/411
f 1514/1514 1513/1513 705/705
f 705/705 656/656 1514/1514
f 412/412 411/411 1514/1514
f 1514/1514 1489/1489 412/412
f 1489/1489 1514/1514 656/656
f 656/656 654/654 1489/1489
f 1269/1269 659/659 658/658
f 658/658 1270/1270 1269/1269
f 1112/1112 1111/1111 1515/1515
f 1515/1515 1516/1516 1112/1112
f 1516/1516 1515/1515 1106/1106
f 1106/1106 1148/1148 1516/1516
f 1111/1111 1145/1145 1517/1517
f 1517/1517 1515/1515 1111/1111
f 1515/1515 1517/1517 1076/1076
f 1076/1076 1106/1106 1515/1515
f 1145/1145 1152/1152 1518/1518
f 1518/1518 1517/1517 1145/1145
f 1517/1517 1518/1518 1073/1073
f 1073/1073 1076/1076 1517/1517
f 1152/1152 1156/1156 1519/1519
f 1519/1519 1518/1518 1152/1152
f 1518/1518 1519/1519 1117/1117
f 1117/1117 1073/1073 1518/1518
f 1156/1156 1159/1159 1520/1520
f 1520/1520 1519/1519 1156/1156
f 1519/1519 1520/1520 1125/1125
f 1125/1125 1117/1117 1519/1519
f 1159/1159 1160/1160 1521/1521
f 1521/1521 1520/1520 1159/1159
f 1520/1520 1521/1521 1129/1129
f 1129/1129 1125/1125 1520/1520
f 1163/1163 1112/1112 1516/1516
f 1516/1516 1522/1522 1163/1163
f 1522/1522 1516/1516 1148/1148
f 1148/1148 1131/1131 1522/1522
f 1165/1165 1163/1163 1522/1522
f 1522/1522 1523/1523 1165/1165
f 1523/1523 1522/1522 1131/1131
f 1131/1131 1079/1079 1523/1523
f 1135/1135 1165/1165 1523/1523
f 1523/1523 1524/1524 1135/1135
f 1524/1524 1523/1523 1079/1079
f 1079/1079 1082/1082 1524/1524
f 1136/1136 1135/1135 1524/1524
f 1524/1524 1525/1525 1136/1136
f 1525/1525 1524/1524 1082/1082
f 1082/1082 1086/1086 1525/1525
f 1138/1138 1136/1136 1525/1525
f 1525/1525 1526/1526 1138/1138
f 1526/1526 1525/1525 1086/1086
f 1086/1086 1088/1088 1526/1526
f 1140/1140 1138/1138 1526/1526
f 1526/1526 1527/1527 1140/1140
f 1527/1527 1526/1526 1088/1088
f 1088/1088 1092/1092 1527/1527
f 1142/1142 1140/1140 1527/1527
f 1527/1527 1528/1528 1142/1142
f 1528/1528 1527/1527 1092/1092
f 1092/1092 1096/1096 1528/1528
f 1144/1144 1142/1142 1528/1528
f 1528/1528 1529/1529 1144/1144
f 1529/1529 1528/1528 1096/1096
f 1096/1096 1100/1100 1529/1529
f 1147/1147 1144/1144 1529/1529
f 1529/1529 1530/1530 1147/1147
f 1530/1530 1529/1529 1100/1100
f 1100/1100 1104/1104 1530/1530
f 1151/1151 1147/1147 1530/1530
f 1530/1530 1531/1531 1151/1151
f 1531/1531 1530/1530 1104/1104
f 1104/1104 1110/1110 1531/1531
f 1155/1155 1154/1154 1532/1532
f 1532/1532 1533/1533 1155/1155
f 1533/1533 1532/1532 1534/1534
f 1534/1534 1121/1121 1533/1533
f 1158/1158 1155/1155 1533/1533
f 1533/1533 1535/1535 1158/1158
f 1535/1535 1533/1533 1121/1121
f 1121/1121 1124/1124 1535/1535
f 1161/1161 1158/1158 1535/1535
f 1535/1535 1536/1536 1161/1161
f 1536/1536 1535/1535 1124/1124
f 1124/1124 1128/1128 1536/1536
f 1162/1162 1161/1161 1536/1536
f 1536/1536 1537/1537 1162/1162
f 1537/1537 1536/1536 1128/1128
f 1128/1128 1034/1034 1537/1537
f 1164/1164 1162/1162 1537/1537
f 1537/1537 1538/1538 1164/1164
f 1538/1538 1537/1537 1034/1034
f 1034/1034 1037/1037 1538/1538
f 1083/1083 1164/1164 1538/1538
f 1538/1538 1539/1539 1083/1083
f 1539/1539 1538/1538 1037/1037
f 1037/1037 1078/1078 1539/1539
f 1084/1084 1083/1083 1539/1539
f 1539/1539 1540/1540 1084/1084
f 1540/1540 1539/1539 1078/1078
f 1078/1078 1069/1069 1540/1540
f 1137/1137 1084/1084 1540/1540
f 1540/1540 1541/1541 1137/1137
f 1541/1541 1540/1540 1069/1069
f 1069/1069 1072/1072 1541/1541
f 1139/1139 1137/1137 1541/1541
f 1541/1541 1542/1542 1139/1139
f 1542/1542 1541/1541 1072/1072
f 1072/1072 1090/1090 1542/1542
f 1141/1141 1139/1139 1542/1542
f 1542/1542 1543/1543 1141/1141
f 1543/1543 1542/1542 1090/1090
f 1090/1090 1094/1094 1543/1543
f 1143/1143 1141/1141 1543/1543
f 1543/1543 1544/1544 1143/1143
f 1544/1544 1543/1543 1094/1094
f 1094/1094 1098/1098 1544/1544
f 1146/1146 1143/1143 1544/1544
f 1544/1544 1545/1545 1146/1146
f 1545/1545 1544/1544 1098/1098
f 1098/1098 1102/1102 1545/1545
f 1150/1150 1146/1146 1545/1545
f 1545/1545 1546/1546 1150/1150
f 1546/1546 1545/1545 1102/1102
f 1102/1102 1108/1108 1546/1546
f 1153/1153 1150/1150 1546/1546
f 1546/1546 1547/1547 1153/1153
f 1547/1547 1546/1546 1108/1108
f 1108/1108 1114/1114 1547/1547
f 1157/1157 1153/1153 1547/1547
f 1547/1547 1548/1548 1157/1157
f 1548/1548 1547/1547 1114/1114
f 1114/1114 1120/1120 1548/1548
f 1160/1160 1157/1157 1548/1548
f 1548/1548 1521/1521 1160/1160
f 1521/1521 1548/1548 1120/1120
f 1120/1120 1129/1129 1521/1521
f 1148/1148 1106/1106 1105/1105
f 1105/1105 1149/1149 1148/1148
f 422/422 421/421 431/431
f 431/431 1263/1263 422/422
f 421/421 645/645 428/428
f 428/428 431/431 421/421
f 645/645 1274/1274 419/419
f 419/419 428/428 645/645
f 1274/1274 1278/1278 417/417
f 417/417 419/419 1274/1274
f 1278/1278 1282/1282 415/415
f 415/415 417/417 1278/1278
f 1282/1282 1286/1286 413/413
f 413/413 415/415 1282/1282
f 1289/1289 422/422 1263/1263
f 1263/1263 512/512 1289/1289
f 1293/1293 1289/1289 512/512
f 512/512 432/432 1293/1293
f 1297/1297 1293/1293 432/432
f 432/432 435/435 1297/1297
f 1301/1301 1297/1297 435/435
f 435/435 437/437 1301/1301
f 1305/1305 1301/1301 437/437
f 437/437 439/439 1305/1305
f 1309/1309 1305/1305 439/439
f 439/439 441/441 1309/1309
f 567/567 1309/1309 441/441
f 441/441 443/443 567/567
f 568/568 567/567 443/443
f 443/443 1315/1315 568/568
f 1319/1319 568/568 1315/1315
f 1315/1315 448/448 1319/1319
f 1323/1323 1319/1319 448/448
f 448/448 451/451 1323/1323
f 1327/1327 1323/1323 451/451
f 451/451 453/453 1327/1327
f 1331/1331 1327/1327 453/453
f 453/453 455/455 1331/1331
f 1335/1335 1331/1331 455/455
f 455/455 457/457 1335/1335
f 1339/1339 1335/1335 457/457
f 457/457 459/459 1339/1339
f 1343/1343 1339/1339 459/459
f 459/459 461/461 1343/1343
f 1347/1347 1343/1343 461/461
f 461/461 463/463 1347/1347
f 1351/1351 1347/1347 463/463
f 463/463 465/465 1351/1351
f 1355/1355 1351/1351 465/465
f 465/465 467/467 1355/1355
f 1359/1359 1355/1355 467/467
f 467/467 469/469 1359/1359
f 1363/1363 1359/1359 469/469
f 469/469 471/471 1363/1363
f 1367/1367 1363/1363 471/471
f 471/471 473/473 1367/1367
f 1371/1371 1367/1367 473/473
f 473/473 475/475 1371/1371
f 1375/1375 1371/1371 475/475
f 475/475 477/477 1375/1375
f 1379/1379 1375/1375 477/477
f 477/477 479/479 1379/1379
f 1383/1383 1379/1379 479/479
f 479/479 410/410 1383/1383
f 1286/1286 1383/1383 410/410
f 410/410 413/413 1286/1286
f 1263/1263 431/431 430/430
f 430/430 1264/1264 1263/1263
f 1552/1552 1549/1549 1550/1550
f 1550/1550 1551/1551 1552/1552
f 1556/1556 1553/1553 1554/1554
f 1554/1554 1555/1555 1556/1556
f 1553/1553 1557/1557 1558/1558
f 1558/1558 1554/1554 1553/1553
f 1557/1557 1559/1559 1560/1560
f 1560/1560 1558/1558 1557/1557
f 1559/1559 1561/1561 1562/1562
f 1562/1562 1560/1560 1559/1559
f 1561/1561 1563/1563 1564/1564
f 1564/1564 1562/1562 1561/1561
f 1563/1563 1565/1565 1566/1566
f 1566/1566 1564/1564 1563/1563
f 1565/1565 1567/1567 1568/1568
f 1568/1568 1566/1566 1565/1565
f 1567/1567 1569/1569 1570/1570
f 1570/1570 1568/1568 1567/1567
f 1569/1569 1571/1571 1572/1572
f 1572/1572 1570/1570 1569/1569
f 1571/1571 1573/1573 1574/1574
f 1574/1574 1572/1572 1571/1571
f 1573/1573 1575/1575 1576/1576
f 1576/1576 1574/1574 1573/1573
f 1575/1575 1577/1577 1578/1578
f 1578/1578 1576/1576 1575/1575
f 1577/1577 1579/1579 1580/1580
f 1580/1580 1578/1578 1577/1577
f 1584/1584 1581/1581 1582/1582
f 1582/1582 1583/1583 1584/1584
f 1581/1581 1585/1585 1586/1586
f 1586/1586 1582/1582 1581/1581
f 1585/1585 1587/1587 1588/1588
f 1588/1588 1586/1586 1585/1585
f 1587/1587 1589/1589 1590/1590
f 1590/1590 1588/1588 1587/1587
f 1594/1594 1591/1591 1592/1592
f 1592/1592 1593/1593 1594/1594
f 1589/1589 1595/1595 1596/1596
f 1596/1596 1590/1590 1589/1589
f 1595/1595 1597/1597 1598/1598
f 1598/1598 1596/1596 1595/1595
f 1597/1597 1599/1599 1600/1600
f 1600/1600 1598/1598 1597/1597
f 1599/1599 1601/1601 1602/1602
f 1602/1602 1600/1600 1599/1599
f 1601/1601 1603/1603 1604/1604
f 1604/1604 1602/1602 1601/1601
f 1603/1603 1605/1605 1606/1606
f 1606/1606 1604/1604 1603/1603
f 1605/1605 1607/1607 1608/1608
f 1608/1608 1606/1606 1605/1605
f 1607/1607 1609/1609 1610/1610
f 1610/1610 1608/1608 1607/1607
f 1609/1609 1611/1611 1612/1612
f 1612/1612 1610/1610 1609/1609
f 1611/1611 1613/1613 1614/1614
f 1614/1614 1612/1612 1611/1611
f 1613/1613 1615/1615 1616/1616
f 1616/1616 1614/1614 1613/1613
f 1620/1620 1617/1617 1618/1618
f 1618/1618 1619/1619 1620/1620
f 1549/1549 1621/1621 1622/1622
f 1622/1622 1550/1550 1549/1549
f 1624/1624 1556/1556 1555/1555
f 1555/1555 1623/1623 1624/1624
f 1615/1615 1625/1625 1626/1626
f 1626/1626 1616/1616 1615/1615
f 1572/1572 1574/1574 1627/1627
f 1627/1627 1628/1628 1572/1572
f 1632/1632 1629/1629 1630/1630
f 1630/1630 1631/1631 1632/1632
f 1634/1634 1633/1633 1549/1549
f 1549/1549 1552/1552 1634/1634
f 1636/1636 1624/1624 1623/1623
f 1623/1623 1635/1635 1636/1636
f 1640/1640 1637/1637 1638/1638
f 1638/1638 1639/1639 1640/1640
f 1644/1644 1641/1641 1642/1642
f 1642/1642 1643/1643 1644/1644
f 1648/1648 1645/1645 1646/1646
f 1646/1646 1647/1647 1648/1648
f 1652/1652 1649/1649 1650/1650
f 1650/1650 1651/1651 1652/1652
f 1619/1619 1618/1618 1653/1653
f 1653/1653 1654/1654 1619/1619
f 1631/1631 1630/1630 1655/1655
f 1655/1655 1656/1656 1631/1631
f 1551/1551 1550/1550 1657/1657
f 1657/1657 1658/1658 1551/1551
f 1639/1639 1638/1638 1659/1659
f 1659/1659 1660/1660 1639/1639
f 1643/1643 1642/1642 1591/1591
f 1591/1591 1594/1594 1643/1643
f 1647/1647 1646/1646 1661/1661
f 1661/1661 1662/1662 1647/1647
f 1651/1651 1650/1650 1663/1663
f 1663/1663 1664/1664 1651/1651
f 1654/1654 1653/1653 1665/1665
f 1665/1665 1666/1666 1654/1654
f 1656/1656 1655/1655 1667/1667
f 1667/1667 1668/1668 1656/1656
f 1658/1658 1657/1657 1669/1669
f 1669/1669 1670/1670 1658/1658
f 1660/1660 1659/1659 1671/1671
f 1671/1671 1672/1672 1660/1660
f 1593/1593 1592/1592 1673/1673
f 1673/1673 1674/1674 1593/1593
f 1662/1662 1661/1661 1633/1633
f 1633/1633 1634/1634 1662/1662
f 1664/1664 1663/1663 1675/1675
f 1675/1675 1676/1676 1664/1664
f 1680/1680 1677/1677 1678/1678
f 1678/1678 1679/1679 1680/1680
f 1668/1668 1667/1667 1681/1681
f 1681/1681 1682/1682 1668/1668
f 1670/1670 1669/1669 1683/1683
f 1683/1683 1684/1684 1670/1670
f 1672/1672 1671/1671 1617/1617
f 1617/1617 1620/1620 1672/1672
f 1674/1674 1673/1673 1629/1629
f 1629/1629 1632/1632 1674/1674
f 1676/1676 1675/1675 1637/1637
f 1637/1637 1640/1640 1676/1676
f 1679/1679 1678/1678 1641/1641
f 1641/1641 1644/1644 1679/1679
f 1682/1682 1681/1681 1645/1645
f 1645/1645 1648/1648 1682/1682
f 1684/1684 1683/1683 1649/1649
f 1649/1649 1652/1652 1684/1684
f 1688/1688 1685/1685 1686/1686
f 1686/1686 1687/1687 1688/1688
f 1606/1606 1608/1608 1689/1689
f 1689/1689 1690/1690 1606/1606
f 1574/1574 1576/1576 1691/1691
f 1691/1691 1627/1627 1574/1574
f 1626/1626 1635/1635 1692/1692
f 1692/1692 1693/1693 1626/1626
f 1608/1608 1610/1610 1694/1694
f 1694/1694 1689/1689 1608/1608
f 1576/1576 1578/1578 1688/1688
f 1688/1688 1691/1691 1576/1576
f 1635/1635 1623/1623 1695/1695
f 1695/1695 1692/1692 1635/1635
f 1610/1610 1612/1612 1696/1696
f 1696/1696 1694/1694 1610/1610
f 1578/1578 1580/1580 1685/1685
f 1685/1685 1688/1688 1578/1578
f 1623/1623 1555/1555 1697/1697
f 1697/1697 1695/1695 1623/1623
f 1612/1612 1614/1614 1698/1698
f 1698/1698 1696/1696 1612/1612
f 1583/1583 1582/1582 1699/1699
f 1699/1699 1700/1700 1583/1583
f 1555/1555 1554/1554 1701/1701
f 1701/1701 1697/1697 1555/1555
f 1614/1614 1616/1616 1702/1702
f 1702/1702 1698/1698 1614/1614
f 1582/1582 1586/1586 1703/1703
f 1703/1703 1699/1699 1582/1582
f 1554/1554 1558/1558 1704/1704
f 1704/1704 1701/1701 1554/1554
f 1616/1616 1626/1626 1693/1693
f 1693/1693 1702/1702 1616/1616
f 1586/1586 1588/1588 1705/1705
f 1705/1705 1703/1703 1586/1586
f 1558/1558 1560/1560 1706/1706
f 1706/1706 1704/1704 1558/1558
f 1588/1588 1590/1590 1707/1707
f 1707/1707 1705/1705 1588/1588
f 1560/1560 1562/1562 1708/1708
f 1708/1708 1706/1706 1560/1560
f 1590/1590 1596/1596 1709/1709
f 1709/1709 1707/1707 1590/1590
f 1562/1562 1564/1564 1710/1710
f 1710/1710 1708/1708 1562/1562
f 1596/1596 1598/1598 1711/1711
f 1711/1711 1709/1709 1596/1596
f 1564/1564 1566/1566 1712/1712
f 1712/1712 1710/1710 1564/1564
f 1598/1598 1600/1600 1713/1713
f 1713/1713 1711/1711 1598/1598
f 1566/1566 1568/1568 1714/1714
f 1714/1714 1712/1712 1566/1566
f 1600/1600 1602/1602 1715/1715
f 1715/1715 1713/1713 1600/1600
f 1568/1568 1570/1570 1716/1716
f 1716/1716 1714/1714 1568/1568
f 1602/1602 1604/1604 1717/1717
f 1717/1717 1715/1715 1602/1602
f 1570/1570 1572/1572 1628/1628
f 1628/1628 1716/1716 1570/1570
f 1604/1604 1606/1606 1690/1690
f 1690/1690 1717/1717 1604/1604
f 1721/1721 1718/1718 1719/1719
f 1719/1719 1720/1720 1721/1721
f 1695/1695 1697/1697 1722/1722
f 1722/1722 1723/1723 1695/1695
f 1696/1696 1698/1698 1724/1724
f 1724/1724 1725/1725 1696/1696
f 1700/1700 1699/1699 1726/1726
f 1726/1726 1727/1727 1700/1700
f 1697/1697 1701/1701 1728/1728
f 1728/1728 1722/1722 1697/1697
f 1698/1698 1702/1702 1729/1729
f 1729/1729 1724/1724 1698/1698
f 1699/1699 1703/1703 1730/1730
f 1730/1730 1726/1726 1699/1699
f 1701/1701 1704/1704 1731/1731
f 1731/1731 1728/1728 1701/1701
f 1702/1702 1693/1693 1732/1732
f 1732/1732 1729/1729 1702/1702
f 1703/1703 1705/1705 1733/1733
f 1733/1733 1730/1730 1703/1703
f 1704/1704 1706/1706 1734/1734
f 1734/1734 1731/1731 1704/1704
f 1705/1705 1707/1707 1735/1735
f 1735/1735 1733/1733 1705/1705
f 1706/1706 1708/1708 1736/1736
f 1736/1736 1734/1734 1706/1706
f 1707/1707 1709/1709 1737/1737
f 1737/1737 1735/1735 1707/1707
f 1708/1708 1710/1710 1738/1738
f 1738/1738 1736/1736 1708/1708
f 1709/1709 1711/1711 1739/1739
f 1739/1739 1737/1737 1709/1709
f 1710/1710 1712/1712 1740/1740
f 1740/1740 1738/1738 1710/1710
f 1711/1711 1713/1713 1741/1741
f 1741/1741 1739/1739 1711/1711
f 1712/1712 1714/1714 1742/1742
f 1742/1742 1740/1740 1712/1712
f 1713/1713 1715/1715 1743/1743
f 1743/1743 1741/1741 1713/1713
f 1714/1714 1716/1716 1744/1744
f 1744/1744 1742/1742 1714/1714
f 1715/1715 1717/1717 1745/1745
f 1745/1745 1743/1743 1715/1715
f 1716/1716 1628/1628 1746/1746
f 1746/1746 1744/1744 1716/1716
f 1717/1717 1690/1690 1747/1747
f 1747/1747 1745/1745 1717/1717
f 1628/1628 1627/1627 1748/1748
f 1748/1748 1746/1746 1628/1628
f 1690/1690 1689/1689 1749/1749
f 1749/1749 1747/1747 1690/1690
f 1627/1627 1691/1691 1750/1750
f 1750/1750 1748/1748 1627/1627
f 1693/1693 1692/1692 1751/1751
f 1751/1751 1732/1732 1693/1693
f 1689/1689 1694/1694 1752/1752
f 1752/1752 1749/1749 1689/1689
f 1691/1691 1688/1688 1687/1687
f 1687/1687 1750/1750 1691/1691
f 1692/1692 1695/1695 1723/1723
f 1723/1723 1751/1751 1692/1692
f 1694/1694 1696/1696 1725/1725
f 1725/1725 1752/1752 1694/1694
f 1756/1756 1753/1753 1754/1754
f 1754/1754 1755/1755 1756/1756
f 1760/1760 1757/1757 1758/1758
f 1758/1758 1759/1759 1760/1760
f 1718/1718 1761/1761 1762/1762
f 1762/1762 1719/1719 1718/1718
f 1757/1757 1763/1763 1764/1764
f 1764/1764 1758/1758 1757/1757
f 1761/1761 1765/1765 1766/1766
f 1766/1766 1762/1762 1761/1761
f 1763/1763 1767/1767 1768/1768
f 1768/1768 1764/1764 1763/1763
f 1765/1765 1769/1769 1770/1770
f 1770/1770 1766/1766 1765/1765
f 1767/1767 1771/1771 1772/1772
f 1772/1772 1768/1768 1767/1767
f 1769/1769 1773/1773 1774/1774
f 1774/1774 1770/1770 1769/1769
f 1771/1771 1775/1775 1776/1776
f 1776/1776 1772/1772 1771/1771
f 1773/1773 1777/1777 1778/1778
f 1778/1778 1774/1774 1773/1773
f 1775/1775 1779/1779 1780/1780
f 1780/1780 1776/1776 1775/1775
f 1777/1777 1781/1781 1782/1782
f 1782/1782 1778/1778 1777/1777
f 1779/1779 1783/1783 1784/1784
f 1784/1784 1780/1780 1779/1779
f 1781/1781 1785/1785 1786/1786
f 1786/1786 1782/1782 1781/1781
f 1783/1783 1787/1787 1788/1788
f 1788/1788 1784/1784 1783/1783
f 1785/1785 1789/1789 1790/1790
f 1790/1790 1786/1786 1785/1785
f 1787/1787 1791/1791 1792/1792
f 1792/1792 1788/1788 1787/1787
f 1796/1796 1793/1793 1794/1794
f 1794/1794 1795/1795 1796/1796
f 1789/1789 1797/1797 1798/1798
f 1798/1798 1790/1790 1789/1789
f 1791/1791 1799/1799 1800/1800
f 1800/1800 1792/1792 1791/1791
f 1793/1793 1801/1801 1802/1802
f 1802/1802 1794/1794 1793/1793
f 1797/1797 1803/1803 1804/1804
f 1804/1804 1798/1798 1797/1797
f 1799/1799 1805/1805 1806/1806
f 1806/1806 1800/1800 1799/1799
f 1801/1801 1807/1807 1808/1808
f 1808/1808 1802/1802 1801/1801
f 1803/1803 1809/1809 1810/1810
f 1810/1810 1804/1804 1803/1803
f 1814/1814 1811/1811 1812/1812
f 1812/1812 1813/1813 1814/1814
f 1807/1807 1815/1815 1816/1816
f 1816/1816 1808/1808 1807/1807
f 1809/1809 1817/1817 1818/1818
f 1818/1818 1810/1810 1809/1809
f 1811/1811 1721/1721 1720/1720
f 1720/1720 1812/1812 1811/1811
f 1815/1815 1760/1760 1759/1759
f 1759/1759 1816/1816 1815/1815
f 1817/1817 1796/1796 1795/1795
f 1795/1795 1818/1818 1817/1817
f 1822/1822 1819/1819 1820/1820
f 1820/1820 1821/1821 1822/1822
f 1826/1826 1823/1823 1824/1824
f 1824/1824 1825/1825 1826/1826
f 1753/1753 1827/1827 1828/1828
f 1828/1828 1754/1754 1753/1753
f 1823/1823 1829/1829 1830/1830
f 1830/1830 1824/1824 1823/1823
f 1827/1827 1831/1831 1832/1832
f 1832/1832 1828/1828 1827/1827
f 1829/1829 1833/1833 1834/1834
f 1834/1834 1830/1830 1829/1829
f 1831/1831 1835/1835 1836/1836
f 1836/1836 1832/1832 1831/1831
f 1833/1833 1837/1837 1838/1838
f 1838/1838 1834/1834 1833/1833
f 1835/1835 1839/1839 1840/1840
f 1840/1840 1836/1836 1835/1835
f 1837/1837 1841/1841 1842/1842
f 1842/1842 1838/1838 1837/1837
f 1839/1839 1843/1843 1844/1844
f 1844/1844 1840/1840 1839/1839
f 1841/1841 1845/1845 1846/1846
f 1846/1846 1842/1842 1841/1841
f 1850/1850 1847/1847 1848/1848
f 1848/1848 1849/1849 1850/1850
f 1843/1843 1851/1851 1852/1852
f 1852/1852 1844/1844 1843/1843
f 1845/1845 1853/1853 1854/1854
f 1854/1854 1846/1846 1845/1845
f 1847/1847 1855/1855 1856/1856
f 1856/1856 1848/1848 1847/1847
f 1851/1851 1857/1857 1858/1858
f 1858/1858 1852/1852 1851/1851
f 1853/1853 1859/1859 1860/1860
f 1860/1860 1854/1854 1853/1853
f 1855/1855 1861/1861 1862/1862
f 1862/1862 1856/1856 1855/1855
f 1857/1857 1863/1863 1864/1864
f 1864/1864 1858/1858 1857/1857
f 1868/1868 1865/1865 1866/1866
f 1866/1866 1867/1867 1868/1868
f 1861/1861 1869/1869 1870/1870
f 1870/1870 1862/1862 1861/1861
f 1863/1863 1871/1871 1872/1872
f 1872/1872 1864/1864 1863/1863
f 1865/1865 1873/1873 1874/1874
f 1874/1874 1866/1866 1865/1865
f 1869/1869 1875/1875 1876/1876
f 1876/1876 1870/1870 1869/1869
f 1871/1871 1850/1850 1849/1849
f 1849/1849 1872/1872 1871/1871
f 1873/1873 1877/1877 1878/1878
f 1878/1878 1874/1874 1873/1873
f 1875/1875 1879/1879 1880/1880
f 1880/1880 1876/1876 1875/1875
f 1877/1877 1881/1881 1882/1882
f 1882/1882 1878/1878 1877/1877
f 1879/1879 1883/1883 1884/1884
f 1884/1884 1880/1880 1879/1879
f 1881/1881 1756/1756 1755/1755
f 1755/1755 1882/1882 1881/1881
f 1883/1883 1826/1826 1825/1825
f 1825/1825 1884/1884 1883/1883
f 1888/1888 1885/1885 1886/1886
f 1886/1886 1887/1887 1888/1888
f 1892/1892 1889/1889 1890/1890
f 1890/1890 1891/1891 1892/1892
f 1819/1819 1893/1893 1894/1894
f 1894/1894 1820/1820 1819/1819
f 1889/1889 1895/1895 1896/1896
f 1896/1896 1890/1890 1889/1889
f 1893/1893 1897/1897 1898/1898
f 1898/1898 1894/1894 1893/1893
f 1895/1895 1899/1899 1900/1900
f 1900/1900 1896/1896 1895/1895
f 1904/1904 1901/1901 1902/1902
f 1902/1902 1903/1903 1904/1904
f 1897/1897 1905/1905 1906/1906
f 1906/1906 1898/1898 1897/1897
f 1899/1899 1907/1907 1908/1908
f 1908/1908 1900/1900 1899/1899
f 1901/1901 1909/1909 1910/1910
f 1910/1910 1902/1902 1901/1901
f 1905/1905 1911/1911 1912/1912
f 1912/1912 1906/1906 1905/1905
f 1907/1907 1913/1913 1914/1914
f 1914/1914 1908/1908 1907/1907
f 1909/1909 1915/1915 1916/1916
f 1916/1916 1910/1910 1909/1909
f 1911/1911 1917/1917 1918/1918
f 1918/1918 1912/1912 1911/1911
f 1922/1922 1919/1919 1920/1920
f 1920/1920 1921/1921 1922/1922
f 1915/1915 1923/1923 1924/1924
f 1924/1924 1916/1916 1915/1915
f 1917/1917 1925/1925 1926/1926
f 1926/1926 1918/1918 1917/1917
f 1919/1919 1927/1927 1928/1928
f 1928/1928 1920/1920 1919/1919
f 1923/1923 1929/1929 1930/1930
f 1930/1930 1924/1924 1923/1923
f 1925/1925 1904/1904 1903/1903
f 1903/1903 1926/1926 1925/1925
f 1927/1927 1931/1931 1932/1932
f 1932/1932 1928/1928 1927/1927
f 1929/1929 1933/1933 1934/1934
f 1934/1934 1930/1930 1929/1929
f 1931/1931 1935/1935 1936/1936
f 1936/1936 1932/1932 1931/1931
f 1933/1933 1937/1937 1938/1938
f 1938/1938 1934/1934 1933/1933
f 1935/1935 1939/1939 1940/1940
f 1940/1940 1936/1936 1935/1935
f 1937/1937 1941/1941 1942/1942
f 1942/1942 1938/1938 1937/1937
f 1939/1939 1943/1943 1944/1944
f 1944/1944 1940/1940 1939/1939
f 1941/1941 1945/1945 1946/1946
f 1946/1946 1942/1942 1941/1941
f 1943/1943 1947/1947 1948/1948
f 1948/1948 1944/1944 1943/1943
f 1945/1945 1949/1949 1950/1950
f 1950/1950 1946/1946 1945/1945
f 1947/1947 1822/1822 1821/1821
f 1821/1821 1948/1948 1947/1947
f 1949/1949 1892/1892 1891/1891
f 1891/1891 1950/1950 1949/1949
f 1954/1954 1951/1951 1952/1952
f 1952/1952 1953/1953 1954/1954
f 1958/1958 1955/1955 1956/1956
f 1956/1956 1957/1957 1958/1958
f 1962/1962 1959/1959 1960/1960
f 1960/1960 1961/1961 1962/1962
f 1885/1885 1963/1963 1964/1964
f 1964/1964 1886/1886 1885/1885
f 1955/1955 1965/1965 1966/1966
f 1966/1966 1956/1956 1955/1955
f 1959/1959 1967/1967 1968/1968
f 1968/1968 1960/1960 1959/1959
f 1963/1963 1969/1969 1970/1970
f 1970/1970 1964/1964 1963/1963
f 1974/1974 1971/1971 1972/1972
f 1972/1972 1973/1973 1974/1974
f 1967/1967 1975/1975 1976/1976
f 1976/1976 1968/1968 1967/1967
f 1969/1969 1977/1977 1978/1978
f 1978/1978 1970/1970 1969/1969
f 1971/1971 1979/1979 1980/1980
f 1980/1980 1972/1972 1971/1971
f 1975/1975 1981/1981 1982/1982
f 1982/1982 1976/1976 1975/1975
f 1977/1977 1983/1983 1984/1984
f 1984/1984 1978/1978 1977/1977
f 1979/1979 1985/1985 1986/1986
f 1986/1986 1980/1980 1979/1979
f 1981/1981 1987/1987 1988/1988
f 1988/1988 1982/1982 1981/1981
f 1985/1985 1989/1989 1990/1990
f 1990/1990 1986/1986 1985/1985
f 1987/1987 1991/1991 1992/1992
f 1992/1992 1988/1988 1987/1987
f 1989/1989 1993/1993 1994/1994
f 1994/1994 1990/1990 1989/1989
f 1991/1991 1995/1995 1996/1996
f 1996/1996 1992/1992 1991/1991
f 1993/1993 1997/1997 1998/1998
f 1998/1998 1994/1994 1993/1993
f 1995/1995 1999/1999 2000/2000
f 2000/2000 1996/1996 1995/1995
f 1997/1997 2001/2001 2002/2002
f 2002/2002 1998/1998 1997/1997
f 1999/1999 2003/2003 2004/2004
f 2004/2004 2000/2000 1999/1999
f 2001/2001 2005/2005 2006/2006
f 2006/2006 2002/2002 2001/2001
f 2003/2003 2007/2007 2008/2008
f 2008/2008 2004/2004 2003/2003
f 2005/2005 2009/2009 2010/2010
f 2010/2010 2006/2006 2005/2005
f 2007/2007 2011/2011 2012/2012
f 2012/2012 2008/2008 2007/2007
f 2009/2009 2013/2013 2014/2014
f 2014/2014 2010/2010 2009/2009
f 2011/2011 2015/2015 2016/2016
f 2016/2016 2012/2012 2011/2011
f 2013/2013 1888/1888 1887/1887
f 1887/1887 2014/2014 2013/2013
f 2015/2015 1958/1958 1957/1957
f 1957/1957 2016/2016 2015/2015
f 1983/1983 1962/1962 1961/1961
f 1961/1961 1984/1984 1983/1983
f 2020/2020 2017/2017 2018/2018
f 2018/2018 2019/2019 2020/2020
f 2024/2024 2021/2021 2022/2022
f 2022/2022 2023/2023 2024/2024
f 2028/2028 2025/2025 2026/2026
f 2026/2026 2027/2027 2028/2028
f 1951/1951 2029/2029 2030/2030
f 2030/2030 1952/1952 1951/1951
f 2021/2021 2031/2031 2032/2032
f 2032/2032 2022/2022 2021/2021
f 2025/2025 2033/2033 2034/2034
f 2034/2034 2026/2026 2025/2025
f 2031/2031 2035/2035 2036/2036
f 2036/2036 2032/2032 2031/2031
f 2033/2033 2037/2037 2038/2038
f 2038/2038 2034/2034 2033/2033
f 2035/2035 2039/2039 2040/2040
f 2040/2040 2036/2036 2035/2035
f 2037/2037 2041/2041 2042/2042
f 2042/2042 2038/2038 2037/2037
f 2039/2039 2043/2043 2044/2044
f 2044/2044 2040/2040 2039/2039
f 2041/2041 2045/2045 2046/2046
f 2046/2046 2042/2042 2041/2041
f 2043/2043 2047/2047 2048/2048
f 2048/2048 2044/2044 2043/2043
f 2045/2045 2049/2049 2050/2050
f 2050/2050 2046/2046 2045/2045
f 2047/2047 2051/2051 2052/2052
f 2052/2052 2048/2048 2047/2047
f 2049/2049 2053/2053 2054/2054
f 2054/2054 2050/2050 2049/2049
f 2051/2051 2055/2055 2056/2056
f 2056/2056 2052/2052 2051/2051
f 2053/2053 2057/2057 2058/2058
f 2058/2058 2054/2054 2053/2053
f 2055/2055 2059/2059 2060/2060
f 2060/2060 2056/2056 2055/2055
f 2057/2057 2061/2061 2062/2062
f 2062/2062 2058/2058 2057/2057
f 2059/2059 2063/2063 2064/2064
f 2064/2064 2060/2060 2059/2059
f 2061/2061 2065/2065 2066/2066
f 2066/2066 2062/2062 2061/2061
f 2029/2029 2067/2067 2068/2068
f 2068/2068 2030/2030 2029/2029
f 2063/2063 2069/2069 2070/2070
f 2070/2070 2064/2064 2063/2063
f 2065/2065 2071/2071 2072/2072
f 2072/2072 2066/2066 2065/2065
f 2067/2067 2073/2073 2074/2074
f 2074/2074 2068/2068 2067/2067
f 2069/2069 2075/2075 2076/2076
f 2076/2076 2070/2070 2069/2069
f 2071/2071 2077/2077 2078/2078
f 2078/2078 2072/2072 2071/2071
f 2073/2073 2079/2079 2080/2080
f 2080/2080 2074/2074 2073/2073
f 2075/2075 1954/1954 1953/1953
f 1953/1953 2076/2076 2075/2075
f 2082/2082 2024/2024 2023/2023
f 2023/2023 2081/2081 2082/2082
f 2079/2079 2028/2028 2027/2027
f 2027/2027 2080/2080 2079/2079
f 2086/2086 2083/2083 2084/2084
f 2084/2084 2085/2085 2086/2086
f 2090/2090 2087/2087 2088/2088
f 2088/2088 2089/2089 2090/2090
f 2017/2017 2091/2091 2092/2092
f 2092/2092 2018/2018 2017/2017
f 2087/2087 2093/2093 2094/2094
f 2094/2094 2088/2088 2087/2087
f 2091/2091 2095/2095 2096/2096
f 2096/2096 2092/2092 2091/2091
f 2093/2093 2097/2097 2098/2098
f 2098/2098 2094/2094 2093/2093
f 2095/2095 2099/2099 2100/2100
f 2100/2100 2096/2096 2095/2095
f 2097/2097 2101/2101 2102/2102
f 2102/2102 2098/2098 2097/2097
f 2099/2099 2103/2103 2104/2104
f 2104/2104 2100/2100 2099/2099
f 2101/2101 2105/2105 2106/2106
f 2106/2106 2102/2102 2101/2101
f 2103/2103 2107/2107 2108/2108
f 2108/2108 2104/2104 2103/2103
f 2105/2105 2109/2109 2110/2110
f 2110/2110 2106/2106 2105/2105
f 2107/2107 2111/2111 2112/2112
f 2112/2112 2108/2108 2107/2107
f 2109/2109 2113/2113 2114/2114
f 2114/2114 2110/2110 2109/2109
f 2146/2146 2115/2115 2116/2116
f 2146/2146 2116/2116 2117/2117
f 2146/2146 2117/2117 2118/2118
f 2146/2146 2118/2118 2119/2119
f 2146/2146 2119/2119 2120/2120
f 2146/2146 2120/2120 2121/2121
f 2146/2146 2121/2121 2122/2122
f 2146/2146 2122/2122 2123/2123
f 2146/2146 2123/2123 2124/2124
f 2146/2146 2124/2124 2125/2125
f 2146/2146 2125/2125 2126/2126
f 2146/2146 2126/2126 2127/2127
f 2146/2146 2127/2127 2128/2128
f 2146/2146 2128/2128 2129/2129
f 2146/2146 2129/2129 2130/2130
f 2146/2146 2130/2130 2131/2131
f 2146/2146 2131/2131 2132/2132
f 2146/2146 2132/2132 2133/2133
f 2146/2146 2133/2133 2134/2134
f 2146/2146 2134/2134 2135/2135
f 2146/2146 2135/2135 2136/2136
f 2146/2146 2136/2136 2137/2137
f 2146/2146 2137/2137 2138/2138
f 2146/2146 2138/2138 2139/2139
f 2146/2146 2139/2139 2140/2140
f 2146/2146 2140/2140 2141/2141
f 2146/2146 2141/2141 2142/2142
f 2146/2146 2142/2142 2143/2143
f 2146/2146 2143/2143 2144/2144
f 2144/2144 2145/2145 2146/2146
f 2111/2111 2147/2147 2148/2148
f 2148/2148 2112/2112 2111/2111
f 2113/2113 2149/2149 2150/2150
f 2150/2150 2114/2114 2113/2113
f 2154/2154 2151/2151 2152/2152
f 2152/2152 2153/2153 2154/2154
f 2147/2147 2155/2155 2156/2156
f 2156/2156 2148/2148 2147/2147
f 2160/2160 2157/2157 2158/2158
f 2158/2158 2159/2159 2160/2160
f 2164/2164 2161/2161 2162/2162
f 2162/2162 2163/2163 2164/2164
f 2155/2155 2154/2154 2153/2153
f 2153/2153 2156/2156 2155/2155
f 2157/2157 2165/2165 2166/2166
f 2166/2166 2158/2158 2157/2157
f 2161/2161 2167/2167 2168/2168
f 2168/2168 2162/2162 2161/2161
f 2165/2165 2169/2169 2170/2170
f 2170/2170 2166/2166 2165/2165
f 2167/2167 2171/2171 2172/2172
f 2172/2172 2168/2168 2167/2167
f 2083/2083 2164/2164 2163/2163
f 2163/2163 2084/2084 2083/2083
f 2169/2169 2173/2173 2174/2174
f 2174/2174 2170/2170 2169/2169
f 2171/2171 2175/2175 2176/2176
f 2176/2176 2172/2172 2171/2171
f 2173/2173 2020/2020 2019/2019
f 2019/2019 2174/2174 2173/2173
f 2175/2175 2090/2090 2089/2089
f 2089/2089 2176/2176 2175/2175
f 2152/2152 2085/2085 2177/2177
f 2177/2177 2178/2178 2152/2152
f 2178/2178 2177/2177 2179/2179
f 2179/2179 2180/2180 2178/2178
f 2085/2085 2084/2084 2181/2181
f 2181/2181 2177/2177 2085/2085
f 2177/2177 2181/2181 2182/2182
f 2182/2182 2179/2179 2177/2177
f 2084/2084 2163/2163 2183/2183
f 2183/2183 2181/2181 2084/2084
f 2181/2181 2183/2183 2184/2184
f 2184/2184 2182/2182 2181/2181
f 2163/2163 2162/2162 2185/2185
f 2185/2185 2183/2183 2163/2163
f 2183/2183 2185/2185 2186/2186
f 2186/2186 2184/2184 2183/2183
f 2162/2162 2168/2168 2187/2187
f 2187/2187 2185/2185 2162/2162
f 2185/2185 2187/2187 2188/2188
f 2188/2188 2186/2186 2185/2185
f 2168/2168 2172/2172 2189/2189
f 2189/2189 2187/2187 2168/2168
f 2187/2187 2189/2189 2190/2190
f 2190/2190 2188/2188 2187/2187
f 2172/2172 2176/2176 2191/2191
f 2191/2191 2189/2189 2172/2172
f 2189/2189 2191/2191 2192/2192
f 2192/2192 2190/2190 2189/2189
f 2176/2176 2089/2089 2193/2193
f 2193/2193 2191/2191 2176/2176
f 2191/2191 2193/2193 2194/2194
f 2194/2194 2192/2192 2191/2191
f 2089/2089 2088/2088 2195/2195
f 2195/2195 2193/2193 2089/2089
f 2193/2193 2195/2195 2196/2196
f 2196/2196 2194/2194 2193/2193
f 2088/2088 2094/2094 2197/2197
f 2197/2197 2195/2195 2088/2088
f 2195/2195 2197/2197 2198/2198
f 2198/2198 2196/2196 2195/2195
f 2094/2094 2098/2098 2199/2199
f 2199/2199 2197/2197 2094/2094
f 2197/2197 2199/2199 2200/2200
f 2200/2200 2198/2198 2197/2197
f 2098/2098 2102/2102 2201/2201
f 2201/2201 2199/2199 2098/2098
f 2199/2199 2201/2201 2202/2202
f 2202/2202 2200/2200 2199/2199
f 2102/2102 2106/2106 2203/2203
f 2203/2203 2201/2201 2102/2102
f 2201/2201 2203/2203 2204/2204
f 2204/2204 2202/2202 2201/2201
f 2106/2106 2110/2110 2205/2205
f 2205/2205 2203/2203 2106/2106
f 2203/2203 2205/2205 2206/2206
f 2206/2206 2204/2204 2203/2203
f 2110/2110 2114/2114 2207/2207
f 2207/2207 2205/2205 2110/2110
f 2205/2205 2207/2207 2208/2208
f 2208/2208 2206/2206 2205/2205
f 2114/2114 2150/2150 2209/2209
f 2209/2209 2207/2207 2114/2114
f 2207/2207 2209/2209 2210/2210
f 2210/2210 2208/2208 2207/2207
f 2159/2159 2158/2158 2211/2211
f 2211/2211 2212/2212 2159/2159
f 2212/2212 2211/2211 2213/2213
f 2213/2213 2214/2214 2212/2212
f 2158/2158 2166/2166 2215/2215
f 2215/2215 2211/2211 2158/2158
f 2211/2211 2215/2215 2216/2216
f 2216/2216 2213/2213 2211/2211
f 2166/2166 2170/2170 2217/2217
f 2217/2217 2215/2215 2166/2166
f 2215/2215 2217/2217 2218/2218
f 2218/2218 2216/2216 2215/2215
f 2170/2170 2174/2174 2219/2219
f 2219/2219 2217/2217 2170/2170
f 2217/2217 2219/2219 2220/2220
f 2220/2220 2218/2218 2217/2217
f 2174/2174 2019/2019 2221/2221
f 2221/2221 2219/2219 2174/2174
f 2219/2219 2221/2221 2222/2222
f 2222/2222 2220/2220 2219/2219
f 2019/2019 2018/2018 2223/2223
f 2223/2223 2221/2221 2019/2019
f 2221/2221 2223/2223 2224/2224
f 2224/2224 2222/2222 2221/2221
f 2018/2018 2092/2092 2225/2225
f 2225/2225 2223/2223 2018/2018
f 2223/2223 2225/2225 2226/2226
f 2226/2226 2224/2224 2223/2223
f 2092/2092 2096/2096 2227/2227
f 2227/2227 2225/2225 2092/2092
f 2225/2225 2227/2227 2228/2228
f 2228/2228 2226/2226 2225/2225
f 2096/2096 2100/2100 2229/2229
f 2229/2229 2227/2227 2096/2096
f 2227/2227 2229/2229 2230/2230
f 2230/2230 2228/2228 2227/2227
f 2100/2100 2104/2104 2231/2231
f 2231/2231 2229/2229 2100/2100
f 2229/2229 2231/2231 2232/2232
f 2232/2232 2230/2230 2229/2229
f 2104/2104 2108/2108 2233/2233
f 2233/2233 2231/2231 2104/2104
f 2231/2231 2233/2233 2234/2234
f 2234/2234 2232/2232 2231/2231
f 2108/2108 2112/2112 2235/2235
f 2235/2235 2233/2233 2108/2108
f 2233/2233 2235/2235 2236/2236
f 2236/2236 2234/2234 2233/2233
f 2112/2112 2148/2148 2237/2237
f 2237/2237 2235/2235 2112/2112
f 2235/2235 2237/2237 2238/2238
f 2238/2238 2236/2236 2235/2235
f 2148/2148 2156/2156 2239/2239
f 2239/2239 2237/2237 2148/2148
f 2237/2237 2239/2239 2240/2240
f 2240/2240 2238/2238 2237/2237
f 2156/2156 2153/2153 2241/2241
f 2241/2241 2239/2239 2156/2156
f 2239/2239 2241/2241 2242/2242
f 2242/2242 2240/2240 2239/2239
f 2153/2153 2152/2152 2178/2178
f 2178/2178 2241/2241 2153/2153
f 2241/2241 2178/2178 2180/2180
f 2180/2180 2242/2242 2241/2241
f 2151/2151 2086/2086 2085/2085
f 2085/2085 2152/2152 2151/2151
f 1622/1622 1621/1621 2243/2243
f 2243/2243 2244/2244 1622/1622
f 2244/2244 2243/2243 2245/2245
f 2245/2245 2246/2246 2244/2244
f 2248/2248 1622/1622 2244/2244
f 2244/2244 2247/2247 2248/2248
f 2247/2247 2244/2244 2246/2246
f 2246/2246 2249/2249 2247/2247
f 2251/2251 2248/2248 2247/2247
f 2247/2247 2250/2250 2251/2251
f 2250/2250 2247/2247 2249/2249
f 2249/2249 2252/2252 2250/2250
f 2254/2254 2251/2251 2250/2250
f 2250/2250 2253/2253 2254/2254
f 2253/2253 2250/2250 2252/2252
f 2252/2252 2255/2255 2253/2253
f 2257/2257 2254/2254 2253/2253
f 2253/2253 2256/2256 2257/2257
f 2256/2256 2253/2253 2255/2255
f 2255/2255 2258/2258 2256/2256
f 2260/2260 2257/2257 2256/2256
f 2256/2256 2259/2259 2260/2260
f 2259/2259 2256/2256 2258/2258
f 2258/2258 2261/2261 2259/2259
f 2263/2263 2260/2260 2259/2259
f 2259/2259 2262/2262 2263/2263
f 2262/2262 2259/2259 2261/2261
f 2261/2261 2264/2264 2262/2262
f 2266/2266 2263/2263 2262/2262
f 2262/2262 2265/2265 2266/2266
f 2265/2265 2262/2262 2264/2264
f 2264/2264 2267/2267 2265/2265
f 2269/2269 2266/2266 2265/2265
f 2265/2265 2268/2268 2269/2269
f 2268/2268 2265/2265 2267/2267
f 2267/2267 2270/2270 2268/2268
f 2272/2272 2269/2269 2268/2268
f 2268/2268 2271/2271 2272/2272
f 2271/2271 2268/2268 2270/2270
f 2270/2270 2273/2273 2271/2271
f 2275/2275 2272/2272 2271/2271
f 2271/2271 2274/2274 2275/2275
f 2274/2274 2271/2271 2273/2273
f 2273/2273 2276/2276 2274/2274
f 2278/2278 2275/2275 2274/2274
f 2274/2274 2277/2277 2278/2278
f 2277/2277 2274/2274 2276/2276
f 2276/2276 2279/2279 2277/2277
f 2281/2281 2278/2278 2277/2277
f 2277/2277 2280/2280 2281/2281
f 2280/2280 2277/2277 2279/2279
f 2279/2279 2282/2282 2280/2280
f 2284/2284 2281/2281 2280/2280
f 2280/2280 2283/2283 2284/2284
f 2283/2283 2280/2280 2282/2282
f 2282/2282 2285/2285 2283/2283
f 2287/2287 2284/2284 2283/2283
f 2283/2283 2286/2286 2287/2287
f 2286/2286 2283/2283 2285/2285
f 2285/2285 2288/2288 2286/2286
f 2290/2290 2287/2287 2286/2286
f 2286/2286 2289/2289 2290/2290
f 2289/2289 2286/2286 2288/2288
f 2288/2288 2291/2291 2289/2289
f 2295/2295 2292/2292 2293/2293
f 2293/2293 2294/2294 2295/2295
f 2294/2294 2293/2293 2296/2296
f 2296/2296 2297/2297 2294/2294
f 2299/2299 2295/2295 2294/2294
f 2294/2294 2298/2298 2299/2299
f 2298/2298 2294/2294 2297/2297
f 2297/2297 2300/2300 2298/2298
f 2302/2302 2299/2299 2298/2298
f 2298/2298 2301/2301 2302/2302
f 2301/2301 2298/2298 2300/2300
f 2300/2300 2303/2303 2301/2301
f 2305/2305 2302/2302 2301/2301
f 2301/2301 2304/2304 2305/2305
f 2304/2304 2301/2301 2303/2303
f 2303/2303 2306/2306 2304/2304
f 2308/2308 2305/2305 2304/2304
f 2304/2304 2307/2307 2308/2308
f 2307/2307 2304/2304 2306/2306
f 2306/2306 2309/2309 2307/2307
f 2311/2311 2308/2308 2307/2307
f 2307/2307 2310/2310 2311/2311
f 2310/2310 2307/2307 2309/2309
f 2309/2309 2312/2312 2310/2310
f 2314/2314 2311/2311 2310/2310
f 2310/2310 2313/2313 2314/2314
f 2313/2313 2310/2310 2312/2312
f 2312/2312 2315/2315 2313/2313
f 2317/2317 2314/2314 2313/2313
f 2313/2313 2316/2316 2317/2317
f 2316/2316 2313/2313 2315/2315
f 2315/2315 2318/2318 2316/2316
f 2320/2320 2317/2317 2316/2316
f 2316/2316 2319/2319 2320/2320
f 2319/2319 2316/2316 2318/2318
f 2318/2318 2321/2321 2319/2319
f 2323/2323 2320/2320 2319/2319
f 2319/2319 2322/2322 2323/2323
f 2322/2322 2319/2319 2321/2321
f 2321/2321 2324/2324 2322/2322
f 2326/2326 2323/2323 2322/2322
f 2322/2322 2325/2325 2326/2326
f 2325/2325 2322/2322 2324/2324
f 2324/2324 2327/2327 2325/2325
f 2329/2329 2326/2326 2325/2325
f 2325/2325 2328/2328 2329/2329
f 2328/2328 2325/2325 2327/2327
f 2327/2327 2330/2330 2328/2328
f 2332/2332 2329/2329 2328/2328
f 2328/2328 2331/2331 2332/2332
f 2331/2331 2328/2328 2330/2330
f 2330/2330 2333/2333 2331/2331
f 2335/2335 2332/2332 2331/2331
f 2331/2331 2334/2334 2335/2335
f 2334/2334 2331/2331 2333/2333
f 2333/2333 2336/2336 2334/2334
f 2338/2338 2335/2335 2334/2334
f 2334/2334 2337/2337 2338/2338
f 2337/2337 2334/2334 2336/2336
f 2336/2336 2339/2339 2337/2337
f 1621/1621 2338/2338 2337/2337
f 2337/2337 2243/2243 1621/1621
f 2243/2243 2337/2337 2339/2339
f 2339/2339 2245/2245 2243/2243
f 1550/1550 1622/1622 2248/2248
f 2248/2248 1657/1657 1550/1550
f 1661/1661 2335/2335 2338/2338
f 2338/2338 1633/1633 1661/1661
f 1646/1646 2332/2332 2335/2335
f 2335/2335 1661/1661 1646/1646
f 1645/1645 2329/2329 2332/2332
f 2332/2332 1646/1646 1645/1645
f 1681/1681 2326/2326 2329/2329
f 2329/2329 1645/1645 1681/1681
f 1667/1667 2323/2323 2326/2326
f 2326/2326 1681/1681 1667/1667
f 1655/1655 2320/2320 2323/2323
f 2323/2323 1667/1667 1655/1655
f 1630/1630 2317/2317 2320/2320
f 2320/2320 1655/1655 1630/1630
f 1629/1629 2314/2314 2317/2317
f 2317/2317 1630/1630 1629/1629
f 1673/1673 2311/2311 2314/2314
f 2314/2314 1629/1629 1673/1673
f 1592/1592 2308/2308 2311/2311
f 2311/2311 1673/1673 1592/1592
f 1591/1591 2305/2305 2308/2308
f 2308/2308 1592/1592 1591/1591
f 1642/1642 2302/2302 2305/2305
f 2305/2305 1591/1591 1642/1642
f 1641/1641 2299/2299 2302/2302
f 2302/2302 1642/1642 1641/1641
f 1678/1678 2295/2295 2299/2299
f 2299/2299 1641/1641 1678/1678
f 1677/1677 2292/2292 2295/2295
f 2295/2295 1678/1678 1677/1677
f 1653/1653 2287/2287 2290/2290
f 2290/2290 1665/1665 1653/1653
f 1618/1618 2284/2284 2287/2287
f 2287/2287 1653/1653 1618/1618
f 1617/1617 2281/2281 2284/2284
f 2284/2284 1618/1618 1617/1617
f 1671/1671 2278/2278 2281/2281
f 2281/2281 1617/1617 1671/1671
f 1659/1659 2275/2275 2278/2278
f 2278/2278 1671/1671 1659/1659
f 1638/1638 2272/2272 2275/2275
f 2275/2275 1659/1659 1638/1638
f 1637/1637 2269/2269 2272/2272
f 2272/2272 1638/1638 1637/1637
f 1675/1675 2266/2266 2269/2269
f 2269/2269 1637/1637 1675/1675
f 1663/1663 2263/2263 2266/2266
f 2266/2266 1675/1675 1663/1663
f 1650/1650 2260/2260 2263/2263
f 2263/2263 1663/1663 1650/1650
f 1649/1649 2257/2257 2260/2260
f 2260/2260 1650/1650 1649/1649
f 1683/1683 2254/2254 2257/2257
f 2257/2257 1649/1649 1683/1683
f 1669/1669 2251/2251 2254/2254
f 2254/2254 1683/1683 1669/1669
f 1657/1657 2248/2248 2251/2251
f 2251/2251 1669/1669 1657/1657
f 1633/1633 2338/2338 1621/1621
f 1621/1621 1549/1549 1633/1633
f 1552/1552 1551/1551 2340/2340
f 2340/2340 2341/2341 1552/1552
f 2341/2341 2340/2340 1636/1636
f 1636/1636 1625/1625 2341/2341
f 1551/1551 1658/1658 2342/2342
f 2342/2342 2340/2340 1551/1551
f 2340/2340 2342/2342 1624/1624
f 1624/1624 1636/1636 2340/2340
f 1658/1658 1670/1670 2343/2343
f 2343/2343 2342/2342 1658/1658
f 2342/2342 2343/2343 1556/1556
f 1556/1556 1624/1624 2342/2342
f 1670/1670 1684/1684 2344/2344
f 2344/2344 2343/2343 1670/1670
f 2343/2343 2344/2344 1553/1553
f 1553/1553 1556/1556 2343/2343
f 1684/1684 1652/1652 2345/2345
f 2345/2345 2344/2344 1684/1684
f 2344/2344 2345/2345 1557/1557
f 1557/1557 1553/1553 2344/2344
f 1652/1652 1651/1651 2346/2346
f 2346/2346 2345/2345 1652/1652
f 2345/2345 2346/2346 1559/1559
f 1559/1559 1557/1557 2345/2345
f 1651/1651 1664/1664 2347/2347
f 2347/2347 2346/2346 1651/1651
f 2346/2346 2347/2347 1561/1561
f 1561/1561 1559/1559 2346/2346
f 1664/1664 1676/1676 2348/2348
f 2348/2348 2347/2347 1664/1664
f 2347/2347 2348/2348 1563/1563
f 1563/1563 1561/1561 2347/2347
f 1676/1676 1640/1640 2349/2349
f 2349/2349 2348/2348 1676/1676
f 2348/2348 2349/2349 1565/1565
f 1565/1565 1563/1563 2348/2348
f 1640/1640 1639/1639 2350/2350
f 2350/2350 2349/2349 1640/1640
f 2349/2349 2350/2350 1567/1567
f 1567/1567 1565/1565 2349/2349
f 1639/1639 1660/1660 2351/2351
f 2351/2351 2350/2350 1639/1639
f 2350/2350 2351/2351 1569/1569
f 1569/1569 1567/1567 2350/2350
f 1660/1660 1672/1672 2352/2352
f 2352/2352 2351/2351 1660/1660
f 2351/2351 2352/2352 1571/1571
f 1571/1571 1569/1569 2351/2351
f 1672/1672 1620/1620 2353/2353
f 2353/2353 2352/2352 1672/1672
f 2352/2352 2353/2353 1573/1573
f 1573/1573 1571/1571 2352/2352
f 1620/1620 1619/1619 2354/2354
f 2354/2354 2353/2353 1620/1620
f 2353/2353 2354/2354 1575/1575
f 1575/1575 1573/1573 2353/2353
f 1619/1619 1654/1654 2355/2355
f 2355/2355 2354/2354 1619/1619
f 2354/2354 2355/2355 1577/1577
f 1577/1577 1575/1575 2354/2354
f 1654/1654 1666/1666 2356/2356
f 2356/2356 2355/2355 1654/1654
f 2355/2355 2356/2356 1579/1579
f 1579/1579 1577/1577 2355/2355
f 1680/1680 1679/1679 2357/2357
f 2357/2357 2358/2358 1680/1680
f 2358/2358 2357/2357 1581/1581
f 1581/1581 1584/1584 2358/2358
f 1679/1679 1644/1644 2359/2359
f 2359/2359 2357/2357 1679/1679
f 2357/2357 2359/2359 1585/1585
f 1585/1585 1581/1581 2357/2357
f 1644/1644 1643/1643 2360/2360
f 2360/2360 2359/2359 1644/1644
f 2359/2359 2360/2360 1587/1587
f 1587/1587 1585/1585 2359/2359
f 1643/1643 1594/1594 2361/2361
f 2361/2361 2360/2360 1643/1643
f 2360/2360 2361/2361 1589/1589
f 1589/1589 1587/1587 2360/2360
f 1594/1594 1593/1593 2362/2362
f 2362/2362 2361/2361 1594/1594
f 2361/2361 2362/2362 1595/1595
f 1595/1595 1589/1589 2361/2361
f 1593/1593 1674/1674 2363/2363
f 2363/2363 2362/2362 1593/1593
f 2362/2362 2363/2363 1597/1597
f 1597/1597 1595/1595 2362/2362
f 1674/1674 1632/1632 2364/2364
f 2364/2364 2363/2363 1674/1674
f 2363/2363 2364/2364 1599/1599
f 1599/1599 1597/1597 2363/2363
f 1632/1632 1631/1631 2365/2365
f 2365/2365 2364/2364 1632/1632
f 2364/2364 2365/2365 1601/1601
f 1601/1601 1599/1599 2364/2364
f 1631/1631 1656/1656 2366/2366
f 2366/2366 2365/2365 1631/1631
f 2365/2365 2366/2366 1603/1603
f 1603/1603 1601/1601 2365/2365
f 1656/1656 1668/1668 2367/2367
f 2367/2367 2366/2366 1656/1656
f 2366/2366 2367/2367 1605/1605
f 1605/1605 1603/1603 2366/2366
f 1668/1668 1682/1682 2368/2368
f 2368/2368 2367/2367 1668/1668
f 2367/2367 2368/2368 1607/1607
f 1607/1607 1605/1605 2367/2367
f 1682/1682 1648/1648 2369/2369
f 2369/2369 2368/2368 1682/1682
f 2368/2368 2369/2369 1609/1609
f 1609/1609 1607/1607 2368/2368
f 1648/1648 1647/1647 2370/2370
f 2370/2370 2369/2369 1648/1648
f 2369/2369 2370/2370 1611/1611
f 1611/1611 1609/1609 2369/2369
f 1647/1647 1662/1662 2371/2371
f 2371/2371 2370/2370 1647/1647
f 2370/2370 2371/2371 1613/1613
f 1613/1613 1611/1611 2370/2370
f 1662/1662 1634/1634 2372/2372
f 2372/2372 2371/2371 1662/1662
f 2371/2371 2372/2372 1615/1615
f 1615/1615 1613/1613 2371/2371
f 1634/1634 1552/1552 2341/2341
f 2341/2341 2372/2372 1634/1634
f 2372/2372 2341/2341 1625/1625
f 1625/1625 1615/1615 2372/2372
f 1625/1625 1636/1636 1635/1635
f 1635/1635 1626/1626 1625/1625
f 2376/2376 2373/2373 2374/2374
f 2374/2374 2375/2375 2376/2376
f 2380/2380 2377/2377 2378/2378
f 2378/2378 2379/2379 2380/2380
f 2382/2382 2380/2380 2379/2379
f 2379/2379 2381/2381 2382/2382
f 2384/2384 2382/2382 2381/2381
f 2381/2381 2383/2383 2384/2384
f 2386/2386 2384/2384 2383/2383
f 2383/2383 2385/2385 2386/2386
f 2388/2388 2386/2386 2385/2385
f 2385/2385 2387/2387 2388/2388
f 2390/2390 2388/2388 2387/2387
f 2387/2387 2389/2389 2390/2390
f 2392/2392 2390/2390 2389/2389
f 2389/2389 2391/2391 2392/2392
f 2394/2394 2392/2392 2391/2391
f 2391/2391 2393/2393 2394/2394
f 2396/2396 2394/2394 2393/2393
f 2393/2393 2395/2395 2396/2396
f 2398/2398 2396/2396 2395/2395
f 2395/2395 2397/2397 2398/2398
f 2400/2400 2398/2398 2397/2397
f 2397/2397 2399/2399 2400/2400
f 2402/2402 2400/2400 2399/2399
f 2399/2399 2401/2401 2402/2402
f 2404/2404 2402/2402 2401/2401
f 2401/2401 2403/2403 2404/2404
f 2406/2406 2404/2404 2403/2403
f 2403/2403 2405/2405 2406/2406
f 2408/2408 2406/2406 2405/2405
f 2405/2405 2407/2407 2408/2408
f 2410/2410 2408/2408 2407/2407
f 2407/2407 2409/2409 2410/2410
f 2412/2412 2410/2410 2409/2409
f 2409/2409 2411/2411 2412/2412
f 2414/2414 2412/2412 2411/2411
f 2411/2411 2413/2413 2414/2414
f 2416/2416 2414/2414 2413/2413
f 2413/2413 2415/2415 2416/2416
f 2418/2418 2416/2416 2415/2415
f 2415/2415 2417/2417 2418/2418
f 2420/2420 2418/2418 2417/2417
f 2417/2417 2419/2419 2420/2420
f 2422/2422 2420/2420 2419/2419
f 2419/2419 2421/2421 2422/2422
f 2424/2424 2422/2422 2421/2421
f 2421/2421 2423/2423 2424/2424
f 2428/2428 2425/2425 2426/2426
f 2426/2426 2427/2427 2428/2428
f 2430/2430 2428/2428 2427/2427
f 2427/2427 2429/2429 2430/2430
f 2432/2432 2430/2430 2429/2429
f 2429/2429 2431/2431 2432/2432
f 2434/2434 2432/2432 2431/2431
f 2431/2431 2433/2433 2434/2434
f 2436/2436 2434/2434 2433/2433
f 2433/2433 2435/2435 2436/2436
f 2373/2373 2436/2436 2435/2435
f 2435/2435 2374/2374 2373/2373
f 2438/2438 2376/2376 2375/2375
f 2375/2375 2437/2437 2438/2438
f 2377/2377 2438/2438 2437/2437
f 2437/2437 2378/2378 2377/2377
f 2442/2442 2439/2439 2440/2440
f 2440/2440 2441/2441 2442/2442
f 2446/2446 2443/2443 2444/2444
f 2444/2444 2445/2445 2446/2446
f 2450/2450 2447/2447 2448/2448
f 2448/2448 2449/2449 2450/2450
f 2454/2454 2451/2451 2452/2452
f 2452/2452 2453/2453 2454/2454
f 2441/2441 2440/2440 2455/2455
f 2455/2455 2456/2456 2441/2441
f 2449/2449 2448/2448 2457/2457
f 2457/2457 2458/2458 2449/2449
f 2462/2462 2459/2459 2460/2460
f 2460/2460 2461/2461 2462/2462
f 2456/2456 2455/2455 2463/2463
f 2463/2463 2464/2464 2456/2456
f 2458/2458 2457/2457 2465/2465
f 2465/2465 2466/2466 2458/2458
f 2470/2470 2467/2467 2468/2468
f 2468/2468 2469/2469 2470/2470
f 2466/2466 2465/2465 2471/2471
f 2471/2471 2472/2472 2466/2466
f 2474/2474 2473/2473 2451/2451
f 2451/2451 2454/2454 2474/2474
f 2478/2478 2475/2475 2476/2476
f 2476/2476 2477/2477 2478/2478
f 2482/2482 2479/2479 2480/2480
f 2480/2480 2481/2481 2482/2482
f 2484/2484 2483/2483 2459/2459
f 2459/2459 2462/2462 2484/2484
f 2481/2481 2480/2480 2485/2485
f 2485/2485 2486/2486 2481/2481
f 2488/2488 2487/2487 2467/2467
f 2467/2467 2470/2470 2488/2488
f 2486/2486 2485/2485 2489/2489
f 2489/2489 2490/2490 2486/2486
f 2492/2492 2491/2491 2473/2473
f 2473/2473 2474/2474 2492/2492
f 2494/2494 2493/2493 2475/2475
f 2475/2475 2478/2478 2494/2494
f 2490/2490 2489/2489 2495/2495
f 2495/2495 2496/2496 2490/2490
f 2498/2498 2497/2497 2483/2483
f 2483/2483 2484/2484 2498/2498
f 2496/2496 2495/2495 2499/2499
f 2499/2499 2500/2500 2496/2496
f 2502/2502 2501/2501 2487/2487
f 2487/2487 2488/2488 2502/2502
f 2500/2500 2499/2499 2503/2503
f 2503/2503 2504/2504 2500/2500
f 2506/2506 2505/2505 2491/2491
f 2491/2491 2492/2492 2506/2506
f 2508/2508 2507/2507 2493/2493
f 2493/2493 2494/2494 2508/2508
f 2504/2504 2503/2503 2509/2509
f 2509/2509 2510/2510 2504/2504
f 2512/2512 2511/2511 2497/2497
f 2497/2497 2498/2498 2512/2512
f 2510/2510 2509/2509 2513/2513
f 2513/2513 2514/2514 2510/2510
f 2516/2516 2515/2515 2501/2501
f 2501/2501 2502/2502 2516/2516
f 2514/2514 2513/2513 2517/2517
f 2517/2517 2518/2518 2514/2514
f 2520/2520 2519/2519 2505/2505
f 2505/2505 2506/2506 2520/2520
f 2524/2524 2521/2521 2522/2522
f 2522/2522 2523/2523 2524/2524
f 2528/2528 2525/2525 2526/2526
f 2526/2526 2527/2527 2528/2528
f 2445/2445 2444/2444 2529/2529
f 2529/2529 2530/2530 2445/2445
f 2527/2527 2526/2526 2531/2531
f 2531/2531 2532/2532 2527/2527
f 2530/2530 2529/2529 2533/2533
f 2533/2533 2534/2534 2530/2530
f 2532/2532 2531/2531 2535/2535
f 2535/2535 2536/2536 2532/2532
f 2534/2534 2533/2533 2537/2537
f 2537/2537 2538/2538 2534/2534
f 2536/2536 2535/2535 2539/2539
f 2539/2539 2540/2540 2536/2536
f 2538/2538 2537/2537 2541/2541
f 2541/2541 2542/2542 2538/2538
f 2546/2546 2543/2543 2544/2544
f 2544/2544 2545/2545 2546/2546
f 2540/2540 2539/2539 2547/2547
f 2547/2547 2548/2548 2540/2540
f 2542/2542 2541/2541 2549/2549
f 2549/2549 2550/2550 2542/2542
f 2545/2545 2544/2544 2551/2551
f 2551/2551 2552/2552 2545/2545
f 2548/2548 2547/2547 2521/2521
f 2521/2521 2524/2524 2548/2548
f 2550/2550 2549/2549 2553/2553
f 2553/2553 2554/2554 2550/2550
f 2552/2552 2551/2551 2555/2555
f 2555/2555 2556/2556 2552/2552
f 2560/2560 2557/2557 2558/2558
f 2558/2558 2559/2559 2560/2560
f 2554/2554 2553/2553 2561/2561
f 2561/2561 2562/2562 2554/2554
f 2556/2556 2555/2555 2563/2563
f 2563/2563 2564/2564 2556/2556
f 2566/2566 2565/2565 2543/2543
f 2543/2543 2546/2546 2566/2566
f 2562/2562 2561/2561 2567/2567
f 2567/2567 2568/2568 2562/2562
f 2564/2564 2563/2563 2569/2569
f 2569/2569 2570/2570 2564/2564
f 2568/2568 2567/2567 2571/2571
f 2571/2571 2572/2572 2568/2568
f 2570/2570 2569/2569 2573/2573
f 2573/2573 2574/2574 2570/2570
f 2572/2572 2571/2571 2575/2575
f 2575/2575 2576/2576 2572/2572
f 2574/2574 2573/2573 2577/2577
f 2577/2577 2578/2578 2574/2574
f 2576/2576 2575/2575 2579/2579
f 2579/2579 2580/2580 2576/2576
f 2578/2578 2577/2577 2581/2581
f 2581/2581 2582/2582 2578/2578
f 2580/2580 2579/2579 2583/2583
f 2583/2583 2584/2584 2580/2580
f 2582/2582 2581/2581 2443/2443
f 2443/2443 2446/2446 2582/2582
f 2584/2584 2583/2583 2585/2585
f 2585/2585 2586/2586 2584/2584
f 2588/2588 2523/2523 2566/2566
f 2566/2566 2587/2587 2588/2588
f 2592/2592 2589/2589 2590/2590
f 2590/2590 2591/2591 2592/2592
f 2587/2587 2566/2566 2546/2546
f 2546/2546 2593/2593 2587/2587
f 2591/2591 2590/2590 2594/2594
f 2594/2594 2595/2595 2591/2591
f 2593/2593 2546/2546 2545/2545
f 2545/2545 2596/2596 2593/2593
f 2595/2595 2594/2594 2597/2597
f 2597/2597 2598/2598 2595/2595
f 2596/2596 2545/2545 2552/2552
f 2552/2552 2599/2599 2596/2596
f 2598/2598 2597/2597 2600/2600
f 2600/2600 2601/2601 2598/2598
f 2599/2599 2552/2552 2556/2556
f 2556/2556 2602/2602 2599/2599
f 2601/2601 2600/2600 2603/2603
f 2603/2603 2604/2604 2601/2601
f 2602/2602 2556/2556 2564/2564
f 2564/2564 2605/2605 2602/2602
f 2604/2604 2603/2603 2606/2606
f 2606/2606 2607/2607 2604/2604
f 2605/2605 2564/2564 2570/2570
f 2570/2570 2608/2608 2605/2605
f 2607/2607 2606/2606 2609/2609
f 2609/2609 2610/2610 2607/2607
f 2608/2608 2570/2570 2574/2574
f 2574/2574 2611/2611 2608/2608
f 2610/2610 2609/2609 2612/2612
f 2612/2612 2613/2613 2610/2610
f 2611/2611 2574/2574 2578/2578
f 2578/2578 2614/2614 2611/2611
f 2613/2613 2612/2612 2615/2615
f 2615/2615 2616/2616 2613/2613
f 2614/2614 2578/2578 2582/2582
f 2582/2582 2617/2617 2614/2614
f 2616/2616 2615/2615 2618/2618
f 2618/2618 2619/2619 2616/2616
f 2617/2617 2582/2582 2446/2446
f 2446/2446 2620/2620 2617/2617
f 2619/2619 2618/2618 2621/2621
f 2621/2621 2622/2622 2619/2619
f 2620/2620 2446/2446 2445/2445
f 2445/2445 2623/2623 2620/2620
f 2622/2622 2621/2621 2624/2624
f 2624/2624 2625/2625 2622/2622
f 2623/2623 2445/2445 2530/2530
f 2530/2530 2626/2626 2623/2623
f 2625/2625 2624/2624 2627/2627
f 2627/2627 2628/2628 2625/2625
f 2626/2626 2530/2530 2534/2534
f 2534/2534 2629/2629 2626/2626
f 2628/2628 2627/2627 2630/2630
f 2630/2630 2631/2631 2628/2628
f 2629/2629 2534/2534 2538/2538
f 2538/2538 2632/2632 2629/2629
f 2631/2631 2630/2630 2633/2633
f 2633/2633 2634/2634 2631/2631
f 2632/2632 2538/2538 2542/2542
f 2542/2542 2635/2635 2632/2632
f 2634/2634 2633/2633 2636/2636
f 2636/2636 2637/2637 2634/2634
f 2635/2635 2542/2542 2550/2550
f 2550/2550 2638/2638 2635/2635
f 2637/2637 2636/2636 2639/2639
f 2639/2639 2640/2640 2637/2637
f 2638/2638 2550/2550 2554/2554
f 2554/2554 2641/2641 2638/2638
f 2640/2640 2639/2639 2642/2642
f 2642/2642 2643/2643 2640/2640
f 2641/2641 2554/2554 2562/2562
f 2562/2562 2644/2644 2641/2641
f 2643/2643 2642/2642 2645/2645
f 2645/2645 2646/2646 2643/2643
f 2644/2644 2562/2562 2568/2568
f 2568/2568 2647/2647 2644/2644
f 2646/2646 2645/2645 2648/2648
f 2648/2648 2649/2649 2646/2646
f 2647/2647 2568/2568 2572/2572
f 2572/2572 2650/2650 2647/2647
f 2649/2649 2648/2648 2651/2651
f 2651/2651 2652/2652 2649/2649
f 2650/2650 2572/2572 2576/2576
f 2576/2576 2653/2653 2650/2650
f 2652/2652 2651/2651 2654/2654
f 2654/2654 2655/2655 2652/2652
f 2653/2653 2576/2576 2580/2580
f 2580/2580 2656/2656 2653/2653
f 2655/2655 2654/2654 2657/2657
f 2657/2657 2658/2658 2655/2655
f 2656/2656 2580/2580 2584/2584
f 2584/2584 2659/2659 2656/2656
f 2658/2658 2657/2657 2660/2660
f 2660/2660 2661/2661 2658/2658
f 2659/2659 2584/2584 2586/2586
f 2586/2586 2662/2662 2659/2659
f 2661/2661 2660/2660 2663/2663
f 2663/2663 2664/2664 2661/2661
f 2666/2666 2528/2528 2527/2527
f 2527/2527 2665/2665 2666/2666
f 2670/2670 2667/2667 2668/2668
f 2668/2668 2669/2669 2670/2670
f 2665/2665 2527/2527 2532/2532
f 2532/2532 2671/2671 2665/2665
f 2669/2669 2668/2668 2672/2672
f 2672/2672 2673/2673 2669/2669
f 2671/2671 2532/2532 2536/2536
f 2536/2536 2674/2674 2671/2671
f 2673/2673 2672/2672 2675/2675
f 2675/2675 2676/2676 2673/2673
f 2674/2674 2536/2536 2540/2540
f 2540/2540 2677/2677 2674/2674
f 2676/2676 2675/2675 2678/2678
f 2678/2678 2679/2679 2676/2676
f 2677/2677 2540/2540 2548/2548
f 2548/2548 2680/2680 2677/2677
f 2679/2679 2678/2678 2681/2681
f 2681/2681 2682/2682 2679/2679
f 2680/2680 2548/2548 2524/2524
f 2524/2524 2683/2683 2680/2680
f 2682/2682 2681/2681 2684/2684
f 2684/2684 2685/2685 2682/2682
f 2683/2683 2524/2524 2523/2523
f 2523/2523 2588/2588 2683/2683
f 2685/2685 2684/2684 2589/2589
f 2589/2589 2592/2592 2685/2685
f 2523/2523 2522/2522 2565/2565
f 2565/2565 2566/2566 2523/2523
f 2689/2689 2686/2686 2687/2687
f 2687/2687 2688/2688 2689/2689
f 2693/2693 2690/2690 2691/2691
f 2691/2691 2692/2692 2693/2693
f 2697/2697 2694/2694 2695/2695
f 2695/2695 2696/2696 2697/2697
f 2699/2699 2698/2698 2694/2694
f 2694/2694 2697/2697 2699/2699
f 2703/2703 2700/2700 2701/2701
f 2701/2701 2702/2702 2703/2703
f 2707/2707 2704/2704 2705/2705
f 2705/2705 2706/2706 2707/2707
f 2711/2711 2708/2708 2709/2709
f 2709/2709 2710/2710 2711/2711
f 2559/2559 2558/2558 2712/2712
f 2712/2712 2713/2713 2559/2559
f 2688/2688 2687/2687 2714/2714
f 2714/2714 2715/2715 2688/2688
f 2692/2692 2691/2691 2716/2716
f 2716/2716 2717/2717 2692/2692
f 2696/2696 2695/2695 2718/2718
f 2718/2718 2719/2719 2696/2696
f 2702/2702 2701/2701 2720/2720
f 2720/2720 2721/2721 2702/2702
f 2706/2706 2705/2705 2722/2722
f 2722/2722 2723/2723 2706/2706
f 2710/2710 2709/2709 2724/2724
f 2724/2724 2725/2725 2710/2710
f 2713/2713 2712/2712 2726/2726
f 2726/2726 2727/2727 2713/2713
f 2715/2715 2714/2714 2728/2728
f 2728/2728 2729/2729 2715/2715
f 2717/2717 2716/2716 2730/2730
f 2730/2730 2731/2731 2717/2717
f 2719/2719 2718/2718 2732/2732
f 2732/2732 2733/2733 2719/2719
f 2721/2721 2720/2720 2734/2734
f 2734/2734 2735/2735 2721/2721
f 2723/2723 2722/2722 2736/2736
f 2736/2736 2737/2737 2723/2723
f 2725/2725 2724/2724 2738/2738
f 2738/2738 2739/2739 2725/2725
f 2727/2727 2726/2726 2740/2740
f 2740/2740 2741/2741 2727/2727
f 2729/2729 2728/2728 2742/2742
f 2742/2742 2743/2743 2729/2729
f 2747/2747 2744/2744 2745/2745
f 2745/2745 2746/2746 2747/2747
f 2733/2733 2732/2732 2557/2557
f 2557/2557 2560/2560 2733/2733
f 2735/2735 2734/2734 2686/2686
f 2686/2686 2689/2689 2735/2735
f 2737/2737 2736/2736 2690/2690
f 2690/2690 2693/2693 2737/2737
f 2739/2739 2738/2738 2698/2698
f 2698/2698 2699/2699 2739/2739
f 2741/2741 2740/2740 2700/2700
f 2700/2700 2703/2703 2741/2741
f 2743/2743 2742/2742 2704/2704
f 2704/2704 2707/2707 2743/2743
f 2746/2746 2745/2745 2708/2708
f 2708/2708 2711/2711 2746/2746
f 2469/2469 2468/2468 2748/2748
f 2748/2748 2749/2749 2469/2469
f 2751/2751 2750/2750 2447/2447
f 2447/2447 2450/2450 2751/2751
f 2753/2753 2752/2752 2439/2439
f 2439/2439 2442/2442 2753/2753
f 2461/2461 2460/2460 2754/2754
f 2754/2754 2755/2755 2461/2461
f 2757/2757 2756/2756 2750/2750
f 2750/2750 2751/2751 2757/2757
f 2759/2759 2758/2758 2752/2752
f 2752/2752 2753/2753 2759/2759
f 2453/2453 2452/2452 2760/2760
f 2760/2760 2761/2761 2453/2453
f 2464/2464 2463/2463 2756/2756
f 2756/2756 2757/2757 2464/2464
f 2763/2763 2762/2762 2758/2758
f 2758/2758 2759/2759 2763/2763
f 2749/2749 2748/2748 2764/2764
f 2764/2764 2765/2765 2749/2749
f 2767/2767 2766/2766 2762/2762
f 2762/2762 2763/2763 2767/2767
f 2771/2771 2768/2768 2769/2769
f 2769/2769 2770/2770 2771/2771
f 2773/2773 2772/2772 2766/2766
f 2766/2766 2767/2767 2773/2773
f 2761/2761 2760/2760 2774/2774
f 2774/2774 2775/2775 2761/2761
f 2777/2777 2776/2776 2772/2772
f 2772/2772 2773/2773 2777/2777
f 2765/2765 2764/2764 2778/2778
f 2778/2778 2779/2779 2765/2765
f 2477/2477 2476/2476 2780/2780
f 2780/2780 2781/2781 2477/2477
f 2783/2783 2782/2782 2776/2776
f 2776/2776 2777/2777 2783/2783
f 2770/2770 2769/2769 2784/2784
f 2784/2784 2785/2785 2770/2770
f 2787/2787 2786/2786 2782/2782
f 2782/2782 2783/2783 2787/2787
f 2775/2775 2774/2774 2788/2788
f 2788/2788 2789/2789 2775/2775
f 2791/2791 2790/2790 2786/2786
f 2786/2786 2787/2787 2791/2791
f 2779/2779 2778/2778 2792/2792
f 2792/2792 2793/2793 2779/2779
f 2795/2795 2794/2794 2790/2790
f 2790/2790 2791/2791 2795/2795
f 2785/2785 2784/2784 2796/2796
f 2796/2796 2797/2797 2785/2785
f 2781/2781 2780/2780 2519/2519
f 2519/2519 2520/2520 2781/2781
f 2799/2799 2798/2798 2794/2794
f 2794/2794 2795/2795 2799/2799
f 2789/2789 2788/2788 2515/2515
f 2515/2515 2516/2516 2789/2789
f 2801/2801 2800/2800 2798/2798
f 2798/2798 2799/2799 2801/2801
f 2793/2793 2792/2792 2511/2511
f 2511/2511 2512/2512 2793/2793
f 2518/2518 2517/2517 2800/2800
f 2800/2800 2801/2801 2518/2518
f 2797/2797 2796/2796 2507/2507
f 2507/2507 2508/2508 2797/2797
f 2805/2805 2802/2802 2803/2803
f 2803/2803 2804/2804 2805/2805
f 2809/2809 2806/2806 2807/2807
f 2807/2807 2808/2808 2809/2809
f 2811/2811 2810/2810 2802/2802
f 2802/2802 2805/2805 2811/2811
f 2813/2813 2812/2812 2806/2806
f 2806/2806 2809/2809 2813/2813
f 2815/2815 2814/2814 2810/2810
f 2810/2810 2811/2811 2815/2815
f 2817/2817 2816/2816 2812/2812
f 2812/2812 2813/2813 2817/2817
f 2819/2819 2818/2818 2814/2814
f 2814/2814 2815/2815 2819/2819
f 2821/2821 2820/2820 2816/2816
f 2816/2816 2817/2817 2821/2821
f 2823/2823 2822/2822 2818/2818
f 2818/2818 2819/2819 2823/2823
f 2825/2825 2824/2824 2820/2820
f 2820/2820 2821/2821 2825/2825
f 2827/2827 2826/2826 2822/2822
f 2822/2822 2823/2823 2827/2827
f 2829/2829 2828/2828 2824/2824
f 2824/2824 2825/2825 2829/2829
f 2831/2831 2830/2830 2826/2826
f 2826/2826 2827/2827 2831/2831
f 2833/2833 2832/2832 2828/2828
f 2828/2828 2829/2829 2833/2833
f 2835/2835 2834/2834 2830/2830
f 2830/2830 2831/2831 2835/2835
f 2837/2837 2836/2836 2832/2832
f 2832/2832 2833/2833 2837/2837
f 2839/2839 2838/2838 2834/2834
f 2834/2834 2835/2835 2839/2839
f 2841/2841 2840/2840 2836/2836
f 2836/2836 2837/2837 2841/2841
f 2843/2843 2842/2842 2838/2838
f 2838/2838 2839/2839 2843/2843
f 2845/2845 2844/2844 2840/2840
f 2840/2840 2841/2841 2845/2845
f 2847/2847 2846/2846 2842/2842
f 2842/2842 2843/2843 2847/2847
f 2849/2849 2848/2848 2844/2844
f 2844/2844 2845/2845 2849/2849
f 2851/2851 2850/2850 2846/2846
f 2846/2846 2847/2847 2851/2851
f 2853/2853 2852/2852 2848/2848
f 2848/2848 2849/2849 2853/2853
f 2855/2855 2854/2854 2850/2850
f 2850/2850 2851/2851 2855/2855
f 2857/2857 2856/2856 2852/2852
f 2852/2852 2853/2853 2857/2857
f 2859/2859 2858/2858 2854/2854
f 2854/2854 2855/2855 2859/2859
f 2861/2861 2860/2860 2856/2856
f 2856/2856 2857/2857 2861/2861
f 2863/2863 2862/2862 2858/2858
f 2858/2858 2859/2859 2863/2863
f 2865/2865 2864/2864 2860/2860
f 2860/2860 2861/2861 2865/2865
f 2867/2867 2866/2866 2862/2862
f 2862/2862 2863/2863 2867/2867
f 2869/2869 2868/2868 2864/2864
f 2864/2864 2865/2865 2869/2869
f 2871/2871 2870/2870 2866/2866
f 2866/2866 2867/2867 2871/2871
f 2873/2873 2872/2872 2868/2868
f 2868/2868 2869/2869 2873/2873
f 2875/2875 2874/2874 2870/2870
f 2870/2870 2871/2871 2875/2875
f 2877/2877 2876/2876 2872/2872
f 2872/2872 2873/2873 2877/2877
f 2879/2879 2878/2878 2874/2874
f 2874/2874 2875/2875 2879/2879
f 2881/2881 2880/2880 2876/2876
f 2876/2876 2877/2877 2881/2881
f 2883/2883 2882/2882 2878/2878
f 2878/2878 2879/2879 2883/2883
f 2885/2885 2884/2884 2880/2880
f 2880/2880 2881/2881 2885/2885
f 2887/2887 2886/2886 2882/2882
f 2882/2882 2883/2883 2887/2887
f 2889/2889 2888/2888 2884/2884
f 2884/2884 2885/2885 2889/2889
f 2891/2891 2890/2890 2886/2886
f 2886/2886 2887/2887 2891/2891
f 2893/2893 2892/2892 2888/2888
f 2888/2888 2889/2889 2893/2893
f 2895/2895 2894/2894 2890/2890
f 2890/2890 2891/2891 2895/2895
f 2897/2897 2896/2896 2892/2892
f 2892/2892 2893/2893 2897/2897
f 2899/2899 2898/2898 2894/2894
f 2894/2894 2895/2895 2899/2899
f 2901/2901 2900/2900 2896/2896
f 2896/2896 2897/2897 2901/2901
f 2903/2903 2902/2902 2898/2898
f 2898/2898 2899/2899 2903/2903
f 2905/2905 2904/2904 2900/2900
f 2900/2900 2901/2901 2905/2905
f 2908/2908 2906/2906 2907/2907
f 2907/2907 2903/2903 2908/2908
f 2910/2910 2909/2909 2904/2904
f 2904/2904 2905/2905 2910/2910
f 2912/2912 2911/2911 2906/2906
f 2906/2906 2908/2908 2912/2912
f 2914/2914 2913/2913 2909/2909
f 2909/2909 2910/2910 2914/2914
f 2916/2916 2915/2915 2911/2911
f 2911/2911 2912/2912 2916/2916
f 2918/2918 2917/2917 2913/2913
f 2913/2913 2914/2914 2918/2918
f 2920/2920 2919/2919 2915/2915
f 2915/2915 2916/2916 2920/2920
f 2922/2922 2921/2921 2917/2917
f 2917/2917 2918/2918 2922/2922
f 2924/2924 2923/2923 2919/2919
f 2919/2919 2920/2920 2924/2924
f 2926/2926 2925/2925 2921/2921
f 2921/2921 2922/2922 2926/2926
f 2928/2928 2927/2927 2923/2923
f 2923/2923 2924/2924 2928/2928
f 2930/2930 2929/2929 2925/2925
f 2925/2925 2926/2926 2930/2930
f 2804/2804 2803/2803 2927/2927
f 2927/2927 2928/2928 2804/2804
f 2808/2808 2807/2807 2929/2929
f 2929/2929 2930/2930 2808/2808
f 2813/2813 2809/2809 2808/2808
f 2813/2813 2808/2808 2930/2930
f 2813/2813 2930/2930 2926/2926
f 2813/2813 2926/2926 2922/2922
f 2813/2813 2922/2922 2918/2918
f 2813/2813 2918/2918 2914/2914
f 2813/2813 2914/2914 2910/2910
f 2813/2813 2910/2910 2905/2905
f 2813/2813 2905/2905 2901/2901
f 2813/2813 2901/2901 2897/2897
f 2813/2813 2897/2897 2893/2893
f 2813/2813 2893/2893 2889/2889
f 2813/2813 2889/2889 2885/2885
f 2813/2813 2885/2885 2881/2881
f 2813/2813 2881/2881 2877/2877
f 2813/2813 2877/2877 2873/2873
f 2813/2813 2873/2873 2869/2869
f 2813/2813 2869/2869 2865/2865
f 2813/2813 2865/2865 2861/2861
f 2813/2813 2861/2861 2857/2857
f 2813/2813 2857/2857 2853/2853
f 2813/2813 2853/2853 2849/2849
f 2813/2813 2849/2849 2845/2845
f 2813/2813 2845/2845 2841/2841
f 2813/2813 2841/2841 2837/2837
f 2813/2813 2837/2837 2833/2833
f 2813/2813 2833/2833 2829/2829
f 2813/2813 2829/2829 2825/2825
f 2813/2813 2825/2825 2821/2821
f 2821/2821 2817/2817 2813/2813
f 2934/2934 2931/2931 2932/2932
f 2932/2932 2933/2933 2934/2934
f 2938/2938 2935/2935 2936/2936
f 2936/2936 2937/2937 2938/2938
f 2937/2937 2936/2936 2939/2939
f 2939/2939 2940/2940 2937/2937
f 2940/2940 2939/2939 2941/2941
f 2941/2941 2942/2942 2940/2940
f 2942/2942 2941/2941 2943/2943
f 2943/2943 2944/2944 2942/2942
f 2944/2944 2943/2943 2945/2945
f 2945/2945 2946/2946 2944/2944
f 2946/2946 2945/2945 2947/2947
f 2947/2947 2948/2948 2946/2946
f 2948/2948 2947/2947 2949/2949
f 2949/2949 2950/2950 2948/2948
f 2950/2950 2949/2949 2951/2951
f 2951/2951 2952/2952 2950/2950
f 2952/2952 2951/2951 2953/2953
f 2953/2953 2954/2954 2952/2952
f 2954/2954 2953/2953 2955/2955
f 2955/2955 2956/2956 2954/2954
f 2956/2956 2955/2955 2957/2957
f 2957/2957 2958/2958 2956/2956
f 2958/2958 2957/2957 2959/2959
f 2959/2959 2960/2960 2958/2958
f 2960/2960 2959/2959 2961/2961
f 2961/2961 2962/2962 2960/2960
f 2962/2962 2961/2961 2963/2963
f 2963/2963 2964/2964 2962/2962
f 2964/2964 2963/2963 2965/2965
f 2965/2965 2966/2966 2964/2964
f 2966/2966 2965/2965 2967/2967
f 2967/2967 2968/2968 2966/2966
f 2968/2968 2967/2967 2969/2969
f 2969/2969 2970/2970 2968/2968
f 2970/2970 2969/2969 2971/2971
f 2971/2971 2972/2972 2970/2970
f 2972/2972 2971/2971 2973/2973
f 2973/2973 2974/2974 2972/2972
f 2974/2974 2973/2973 2975/2975
f 2975/2975 2976/2976 2974/2974
f 2976/2976 2975/2975 2977/2977
f 2977/2977 2978/2978 2976/2976
f 2978/2978 2977/2977 2979/2979
f 2979/2979 2980/2980 2978/2978
f 2980/2980 2979/2979 2981/2981
f 2981/2981 2982/2982 2980/2980
f 2982/2982 2981/2981 2983/2983
f 2983/2983 2984/2984 2982/2982
f 2984/2984 2983/2983 2985/2985
f 2985/2985 2986/2986 2984/2984
f 2986/2986 2985/2985 2987/2987
f 2987/2987 2988/2988 2986/2986
f 2988/2988 2987/2987 2989/2989
f 2989/2989 2990/2990 2988/2988
f 2990/2990 2989/2989 2991/2991
f 2991/2991 2992/2992 2990/2990
f 2992/2992 2991/2991 2993/2993
f 2993/2993 2994/2994 2992/2992
f 2994/2994 2993/2993 2931/2931
f 2931/2931 2934/2934 2994/2994
f 2933/2933 2932/2932 2935/2935
f 2935/2935 2938/2938 2933/2933
f 2998/2998 2995/2995 2996/2996
f 2996/2996 2997/2997 2998/2998
f 3002/3002 2999/2999 3000/3000
f 3000/3000 3001/3001 3002/3002
f 3006/3006 3003/3003 3004/3004
f 3004/3004 3005/3005 3006/3006
f 3010/3010 3007/3007 3008/3008
f 3008/3008 3009/3009 3010/3010
f 3014/3014 3011/3011 3012/3012
f 3012/3012 3013/3013 3014/3014
f 3018/3018 3015/3015 3016/3016
f 3016/3016 3017/3017 3018/3018
f 3022/3022 3019/3019 3020/3020
f 3020/3020 3021/3021 3022/3022
f 3026/3026 3023/3023 3024/3024
f 3024/3024 3025/3025 3026/3026
f 3030/3030 3027/3027 3028/3028
f 3028/3028 3029/3029 3030/3030
f 3034/3034 3031/3031 3032/3032
f 3032/3032 3033/3033 3034/3034
f 3038/3038 3035/3035 3036/3036
f 3036/3036 3037/3037 3038/3038
f 3040/3040 3039/3039 3007/3007
f 3007/3007 3010/3010 3040/3040
f 3044/3044 3041/3041 3042/3042
f 3042/3042 3043/3043 3044/3044
f 3048/3048 3045/3045 3046/3046
f 3046/3046 3047/3047 3048/3048
f 3050/3050 3049/3049 3019/3019
f 3019/3019 3022/3022 3050/3050
f 3054/3054 3051/3051 3052/3052
f 3052/3052 3053/3053 3054/3054
f 3056/3056 3055/3055 3031/3031
f 3031/3031 3034/3034 3056/3056
f 3060/3060 3057/3057 3058/3058
f 3058/3058 3059/3059 3060/3060
f 3062/3062 3061/3061 3039/3039
f 3039/3039 3040/3040 3062/3062
f 3066/3066 3063/3063 3064/3064
f 3064/3064 3065/3065 3066/3066
f 3070/3070 3067/3067 3068/3068
f 3068/3068 3069/3069 3070/3070
f 3072/3072 3071/3071 3049/3049
f 3049/3049 3050/3050 3072/3072
f 3076/3076 3073/3073 3074/3074
f 3074/3074 3075/3075 3076/3076
f 3078/3078 3077/3077 3055/3055
f 3055/3055 3056/3056 3078/3078
f 3082/3082 3079/3079 3080/3080
f 3080/3080 3081/3081 3082/3082
f 3084/3084 3083/3083 3061/3061
f 3061/3061 3062/3062 3084/3084
f 3086/3086 3085/3085 3063/3063
f 3063/3063 3066/3066 3086/3086
f 3090/3090 3087/3087 3088/3088
f 3088/3088 3089/3089 3090/3090
f 3092/3092 3091/3091 3071/3071
f 3071/3071 3072/3072 3092/3092
f 3096/3096 3093/3093 3094/3094
f 3094/3094 3095/3095 3096/3096
f 3098/3098 3097/3097 3077/3077
f 3077/3077 3078/3078 3098/3098
f 3100/3100 3099/3099 3003/3003
f 3003/3003 3006/3006 3100/3100
f 3102/3102 3101/3101 3083/3083
f 3083/3083 3084/3084 3102/3102
f 3106/3106 3103/3103 3104/3104
f 3104/3104 3105/3105 3106/3106
f 3005/3005 3004/3004 3067/3067
f 3067/3067 3070/3070 3005/3005
f 3110/3110 3107/3107 3108/3108
f 3108/3108 3109/3109 3110/3110
f 3112/3112 3111/3111 3057/3057
f 3057/3057 3060/3060 3112/3112
f 3116/3116 3113/3113 3114/3114
f 3114/3114 3115/3115 3116/3116
f 3118/3118 3117/3117 3051/3051
f 3051/3051 3054/3054 3118/3118
f 3122/3122 3119/3119 3120/3120
f 3120/3120 3121/3121 3122/3122
f 3124/3124 3123/3123 3045/3045
f 3045/3045 3048/3048 3124/3124
f 3126/3126 3125/3125 3015/3015
f 3015/3015 3018/3018 3126/3126
f 3130/3130 3127/3127 3128/3128
f 3128/3128 3129/3129 3130/3130
f 3132/3132 3131/3131 3035/3035
f 3035/3035 3038/3038 3132/3132
f 3081/3081 3080/3080 3123/3123
f 3123/3123 3124/3124 3081/3081
f 3129/3129 3128/3128 3133/3133
f 3133/3133 3134/3134 3129/3129
f 3136/3136 3135/3135 3027/3027
f 3027/3027 3030/3030 3136/3136
f 3075/3075 3074/3074 3137/3137
f 3137/3137 3138/3138 3075/3075
f 3134/3134 3133/3133 3139/3139
f 3139/3139 3140/3140 3134/3134
f 3144/3144 3141/3141 3142/3142
f 3142/3142 3143/3143 3144/3144
f 3069/3069 3068/3068 3135/3135
f 3135/3135 3136/3136 3069/3069
f 3140/3140 3139/3139 3145/3145
f 3145/3145 3146/3146 3140/3140
f 3148/3148 3147/3147 3127/3127
f 3127/3127 3130/3130 3148/3148
f 3150/3150 3149/3149 3125/3125
f 3125/3125 3126/3126 3150/3150
f 3146/3146 3145/3145 3151/3151
f 3151/3151 3152/3152 3146/3146
f 3053/3053 3052/3052 3099/3099
f 3099/3099 3100/3100 3053/3053
f 3156/3156 3153/3153 3154/3154
f 3154/3154 3155/3155 3156/3156
f 3047/3047 3046/3046 3093/3093
f 3093/3093 3096/3096 3047/3047
f 3160/3160 3157/3157 3158/3158
f 3158/3158 3159/3159 3160/3160
f 3037/3037 3036/3036 3087/3087
f 3087/3087 3090/3090 3037/3037
f 3164/3164 3161/3161 3162/3162
f 3162/3162 3163/3163 3164/3164
f 3029/3029 3028/3028 3079/3079
f 3079/3079 3082/3082 3029/3029
f 3166/3166 3165/3165 3153/3153
f 3153/3153 3156/3156 3166/3166
f 3017/3017 3016/3016 3073/3073
f 3073/3073 3076/3076 3017/3017
f 3170/3170 3167/3167 3168/3168
f 3168/3168 3169/3169 3170/3170
f 3169/3169 3168/3168 3171/3171
f 3171/3171 3172/3172 3169/3169
f 3176/3176 3173/3173 3174/3174
f 3174/3174 3175/3175 3176/3176
f 3178/3178 3177/3177 3167/3167
f 3167/3167 3170/3170 3178/3178
f 3180/3180 3179/3179 3173/3173
f 3173/3173 3176/3176 3180/3180
f 3182/3182 3181/3181 3177/3177
f 3177/3177 3178/3178 3182/3182
f 3184/3184 3183/3183 3179/3179
f 3179/3179 3180/3180 3184/3184
f 3186/3186 3185/3185 3181/3181
f 3181/3181 3182/3182 3186/3186
f 3188/3188 3187/3187 3183/3183
f 3183/3183 3184/3184 3188/3188
f 3190/3190 3189/3189 3185/3185
f 3185/3185 3186/3186 3190/3190
f 3192/3192 3191/3191 3187/3187
f 3187/3187 3188/3188 3192/3192
f 3194/3194 3193/3193 3189/3189
f 3189/3189 3190/3190 3194/3194
f 3196/3196 3195/3195 3191/3191
f 3191/3191 3192/3192 3196/3196
f 3198/3198 3197/3197 3193/3193
f 3193/3193 3194/3194 3198/3198
f 3200/3200 3199/3199 3195/3195
f 3195/3195 3196/3196 3200/3200
f 3202/3202 3201/3201 3197/3197
f 3197/3197 3198/3198 3202/3202
f 3204/3204 3203/3203 3199/3199
f 3199/3199 3200/3200 3204/3204
f 3206/3206 3205/3205 3201/3201
f 3201/3201 3202/3202 3206/3206
f 3208/3208 3207/3207 3203/3203
f 3203/3203 3204/3204 3208/3208
f 3210/3210 3209/3209 3205/3205
f 3205/3205 3206/3206 3210/3210
f 3212/3212 3211/3211 3207/3207
f 3207/3207 3208/3208 3212/3212
f 3214/3214 3213/3213 3209/3209
f 3209/3209 3210/3210 3214/3214
f 3216/3216 3215/3215 3211/3211
f 3211/3211 3212/3212 3216/3216
f 3218/3218 3217/3217 3213/3213
f 3213/3213 3214/3214 3218/3218
f 3220/3220 3219/3219 3215/3215
f 3215/3215 3216/3216 3220/3220
f 3222/3222 3221/3221 3217/3217
f 3217/3217 3218/3218 3222/3222
f 3224/3224 3223/3223 3219/3219
f 3219/3219 3220/3220 3224/3224
f 3226/3226 3225/3225 3221/3221
f 3221/3221 3222/3222 3226/3226
f 3228/3228 3227/3227 3223/3223
f 3223/3223 3224/3224 3228/3228
f 3230/3230 3229/3229 3225/3225
f 3225/3225 3226/3226 3230/3230
f 3232/3232 3231/3231 3227/3227
f 3227/3227 3228/3228 3232/3232
f 3236/3236 3233/3233 3234/3234
f 3234/3234 3235/3235 3236/3236
f 3191/3191 3237/3237 3238/3238
f 3238/3238 3187/3187 3191/3191
f 3240/3240 3239/3239 3233/3233
f 3233/3233 3236/3236 3240/3240
f 3195/3195 3241/3241 3237/3237
f 3237/3237 3191/3191 3195/3195
f 3243/3243 3242/3242 3239/3239
f 3239/3239 3240/3240 3243/3243
f 3199/3199 3244/3244 3241/3241
f 3241/3241 3195/3195 3199/3199
f 3246/3246 3245/3245 3242/3242
f 3242/3242 3243/3243 3246/3246
f 3203/3203 3247/3247 3244/3244
f 3244/3244 3199/3199 3203/3203
f 3249/3249 3248/3248 3245/3245
f 3245/3245 3246/3246 3249/3249
f 3207/3207 3250/3250 3247/3247
f 3247/3247 3203/3203 3207/3207
f 3252/3252 3251/3251 3248/3248
f 3248/3248 3249/3249 3252/3252
f 3227/3227 3253/3253 3254/3254
f 3254/3254 3223/3223 3227/3227
f 3211/3211 3255/3255 3250/3250
f 3250/3250 3207/3207 3211/3211
f 3257/3257 3256/3256 3251/3251
f 3251/3251 3252/3252 3257/3257
f 3089/3089 3088/3088 3117/3117
f 3117/3117 3118/3118 3089/3089
f 3215/3215 3258/3258 3255/3255
f 3255/3255 3211/3211 3215/3215
f 3260/3260 3259/3259 3256/3256
f 3256/3256 3257/3257 3260/3260
f 3264/3264 3261/3261 3262/3262
f 3262/3262 3263/3263 3264/3264
f 3219/3219 3265/3265 3258/3258
f 3258/3258 3215/3215 3219/3219
f 3267/3267 3266/3266 3259/3259
f 3259/3259 3260/3260 3267/3267
f 3269/3269 3268/3268 3261/3261
f 3261/3261 3264/3264 3269/3269
f 3223/3223 3254/3254 3265/3265
f 3265/3265 3219/3219 3223/3223
f 3174/3174 3270/3270 3266/3266
f 3266/3266 3267/3267 3174/3174
f 3272/3272 3271/3271 3268/3268
f 3268/3268 3269/3269 3272/3272
f 3173/3173 3273/3273 3270/3270
f 3270/3270 3174/3174 3173/3173
f 3275/3275 3274/3274 3271/3271
f 3271/3271 3272/3272 3275/3275
f 3179/3179 3276/3276 3273/3273
f 3273/3273 3173/3173 3179/3179
f 3278/3278 3277/3277 3274/3274
f 3274/3274 3275/3275 3278/3278
f 3183/3183 3279/3279 3276/3276
f 3276/3276 3179/3179 3183/3183
f 3281/3281 3280/3280 3277/3277
f 3277/3277 3278/3278 3281/3281
f 3263/3263 3262/3262 3282/3282
f 3282/3282 3231/3231 3263/3263
f 3175/3175 3174/3174 3267/3267
f 3267/3267 3283/3283 3175/3175
f 3283/3283 3267/3267 3260/3260
f 3260/3260 3284/3284 3283/3283
f 3065/3065 3064/3064 3041/3041
f 3041/3041 3044/3044 3065/3065
f 3286/3286 3240/3240 3236/3236
f 3236/3236 3285/3285 3286/3286
f 3290/3290 3287/3287 3288/3288
f 3288/3288 3289/3289 3290/3290
f 3172/3172 3171/3171 3291/3291
f 3291/3291 3292/3292 3172/3172
f 3294/3294 3293/3293 3229/3229
f 3229/3229 3230/3230 3294/3294
f 3296/3296 3246/3246 3243/3243
f 3243/3243 3295/3295 3296/3296
f 3300/3300 3297/3297 3298/3298
f 3298/3298 3299/3299 3300/3300
f 3302/3302 3264/3264 3263/3263
f 3263/3263 3301/3301 3302/3302
f 3304/3304 3252/3252 3249/3249
f 3249/3249 3303/3303 3304/3304
f 3308/3308 3305/3305 3306/3306
f 3306/3306 3307/3307 3308/3308
f 3310/3310 3272/3272 3269/3269
f 3269/3269 3309/3309 3310/3310
f 3284/3284 3260/3260 3257/3257
f 3257/3257 3311/3311 3284/3284
f 3315/3315 3312/3312 3313/3313
f 3313/3313 3314/3314 3315/3315
f 3317/3317 3278/3278 3275/3275
f 3275/3275 3316/3316 3317/3317
f 3319/3319 3318/3318 3293/3293
f 3293/3293 3294/3294 3319/3319
f 3143/3143 3142/3142 3320/3320
f 3320/3320 3321/3321 3143/3143
f 3285/3285 3236/3236 3235/3235
f 3235/3235 3322/3322 3285/3285
f 3289/3289 3288/3288 3323/3323
f 3323/3323 3324/3324 3289/3289
f 3292/3292 3291/3291 3141/3141
f 3141/3141 3144/3144 3292/3292
f 3295/3295 3243/3243 3240/3240
f 3240/3240 3286/3286 3295/3295
f 3299/3299 3298/3298 3287/3287
f 3287/3287 3290/3290 3299/3299
f 3301/3301 3263/3263 3231/3231
f 3231/3231 3232/3232 3301/3301
f 3303/3303 3249/3249 3246/3246
f 3246/3246 3296/3296 3303/3303
f 3307/3307 3306/3306 3325/3325
f 3325/3325 3326/3326 3307/3307
f 3309/3309 3269/3269 3264/3264
f 3264/3264 3302/3302 3309/3309
f 3311/3311 3257/3257 3252/3252
f 3252/3252 3304/3304 3311/3311
f 3314/3314 3313/3313 3305/3305
f 3305/3305 3308/3308 3314/3314
f 3316/3316 3275/3275 3272/3272
f 3272/3272 3310/3310 3316/3316
f 3231/3231 3282/3282 3253/3253
f 3253/3253 3227/3227 3231/3231
f 3321/3321 3320/3320 3312/3312
f 3312/3312 3315/3315 3321/3321
f 3327/3327 3281/3281 3278/3278
f 3278/3278 3317/3317 3327/3327
f 3324/3324 3323/3323 3318/3318
f 3318/3318 3319/3319 3324/3324
f 3033/3033 3032/3032 3328/3328
f 3328/3328 3329/3329 3033/3033
f 3138/3138 3137/3137 3131/3131
f 3131/3131 3132/3132 3138/3138
f 3331/3331 3330/3330 3023/3023
f 3023/3023 3026/3026 3331/3331
f 3021/3021 3020/3020 3332/3332
f 3332/3332 3333/3333 3021/3021
f 3095/3095 3094/3094 3111/3111
f 3111/3111 3112/3112 3095/3095
f 3155/3155 3154/3154 3103/3103
f 3103/3103 3106/3106 3155/3155
f 3009/3009 3334/3334 3335/3335
f 3335/3335 3336/3336 3009/3009
f 3338/3338 3337/3337 3147/3147
f 3147/3147 3148/3148 3338/3338
f 3159/3159 3158/3158 3011/3011
f 3011/3011 3014/3014 3159/3159
f 3329/3329 3328/3328 3339/3339
f 3339/3339 3340/3340 3329/3329
f 3163/3163 3162/3162 3330/3330
f 3330/3330 3331/3331 3163/3163
f 3333/3333 3332/3332 3341/3341
f 3341/3341 3342/3342 3333/3333
f 3344/3344 3343/3343 2995/2995
f 2995/2995 2998/2998 3344/3344
f 3336/3336 3335/3335 3345/3345
f 3345/3345 3346/3346 3336/3336
f 3152/3152 3151/3151 3347/3347
f 3347/3347 3348/3348 3152/3152
f 3340/3340 3339/3339 3349/3349
f 3349/3349 3350/3350 3340/3340
f 2990/2990 2992/2992 2994/2994
f 2990/2990 2994/2994 2934/2934
f 2990/2990 2934/2934 2933/2933
f 2990/2990 2933/2933 2938/2938
f 2990/2990 2938/2938 2937/2937
f 2990/2990 2937/2937 2940/2940
f 2990/2990 2940/2940 2942/2942
f 2990/2990 2942/2942 2944/2944
f 2990/2990 2944/2944 2946/2946
f 2990/2990 2946/2946 2948/2948
f 2990/2990 2948/2948 2950/2950
f 2990/2990 2950/2950 2952/2952
f 2990/2990 2952/2952 2954/2954
f 2990/2990 2954/2954 2956/2956
f 2990/2990 2956/2956 2958/2958
f 2990/2990 2958/2958 2960/2960
f 2990/2990 2960/2960 2962/2962
f 2990/2990 2962/2962 2964/2964
f 2990/2990 2964/2964 2966/2966
f 2990/2990 2966/2966 2968/2968
f 2990/2990 2968/2968 2970/2970
f 2990/2990 2970/2970 2972/2972
f 2990/2990 2972/2972 2974/2974
f 2990/2990 2974/2974 2976/2976
f 2990/2990 2976/2976 2978/2978
f 2990/2990 2978/2978 2980/2980
f 2990/2990 2980/2980 2982/2982
f 2990/2990 2982/2982 2984/2984
f 2990/2990 2984/2984 2986/2986
f 2986/2986 2988/2988 2990/2990
f 3348/3348 3347/3347 3351/3351
f 3351/3351 3352/3352 3348/3348
f 3342/3342 3341/3341 3353/3353
f 3353/3353 3354/3354 3342/3342
f 3352/3352 3351/3351 3355/3355
f 3355/3355 3356/3356 3352/3352
f 3346/3346 3345/3345 3357/3357
f 3357/3357 3358/3358 3346/3346
f 3356/3356 3355/3355 3107/3107
f 3107/3107 3110/3110 3356/3356
f 3350/3350 3349/3349 3359/3359
f 3359/3359 3360/3360 3350/3350
f 3362/3362 3361/3361 3157/3157
f 3157/3157 3160/3160 3362/3362
f 3354/3354 3353/3353 3363/3363
f 3363/3363 3364/3364 3354/3354
f 3043/3043 3042/3042 3101/3101
f 3101/3101 3102/3102 3043/3043
f 3001/3001 3000/3000 3119/3119
f 3119/3119 3122/3122 3001/3001
f 3358/3358 3357/3357 3097/3097
f 3097/3097 3098/3098 3358/3358
f 3109/3109 3108/3108 3365/3365
f 3365/3365 3366/3366 3109/3109
f 3360/3360 3359/3359 3091/3091
f 3091/3091 3092/3092 3360/3360
f 3368/3368 3367/3367 3165/3165
f 3165/3165 3166/3166 3368/3368
f 3364/3364 3363/3363 3085/3085
f 3085/3085 3086/3086 3364/3364
f 3372/3372 3369/3369 3370/3370
f 3370/3370 3371/3371 3372/3372
f 3371/3371 3370/3370 3337/3337
f 3337/3337 3338/3338 3371/3371
f 3025/3025 3024/3024 3373/3373
f 3373/3373 3374/3374 3025/3025
f 3376/3376 3375/3375 3369/3369
f 3369/3369 3372/3372 3376/3376
f 3378/3378 3377/3377 3375/3375
f 3375/3375 3376/3376 3378/3378
f 3382/3382 3379/3379 3380/3380
f 3380/3380 3381/3381 3382/3382
f 3384/3384 3383/3383 3377/3377
f 3377/3377 3378/3378 3384/3384
f 3388/3388 3385/3385 3386/3386
f 3386/3386 3387/3387 3388/3388
f 3390/3390 3389/3389 3383/3383
f 3383/3383 3384/3384 3390/3390
f 3394/3394 3391/3391 3392/3392
f 3392/3392 3393/3393 3394/3394
f 3381/3381 3380/3380 3395/3395
f 3395/3395 3396/3396 3381/3381
f 3374/3374 3373/3373 3397/3397
f 3397/3397 3398/3398 3374/3374
f 3387/3387 3386/3386 3399/3399
f 3399/3399 3400/3400 3387/3387
f 3402/3402 3401/3401 3389/3389
f 3389/3389 3390/3390 3402/3402
f 3393/3393 3392/3392 3403/3403
f 3403/3403 3404/3404 3393/3393
f 3406/3406 3405/3405 3401/3401
f 3401/3401 3402/3402 3406/3406
f 3398/3398 3397/3397 3343/3343
f 3343/3343 3344/3344 3398/3398
f 3408/3408 3407/3407 3405/3405
f 3405/3405 3406/3406 3408/3408
f 3412/3412 3409/3409 3410/3410
f 3410/3410 3411/3411 3412/3412
f 3396/3396 3395/3395 3413/3413
f 3413/3413 3414/3414 3396/3396
f 3416/3416 3415/3415 3409/3409
f 3409/3409 3412/3412 3416/3416
f 3400/3400 3399/3399 3367/3367
f 3367/3367 3368/3368 3400/3400
f 3404/3404 3403/3403 3113/3113
f 3113/3113 3116/3116 3404/3404
f 3418/3418 3417/3417 2999/2999
f 2999/2999 3002/3002 3418/3418
f 3420/3420 3419/3419 3417/3417
f 3417/3417 3418/3418 3420/3420
f 3422/3422 3421/3421 3415/3415
f 3415/3415 3416/3416 3422/3422
f 3121/3121 3120/3120 3421/3421
f 3421/3421 3422/3422 3121/3121
f 3414/3414 3413/3413 3361/3361
f 3361/3361 3362/3362 3414/3414
f 3366/3366 3365/3365 3419/3419
f 3419/3419 3420/3420 3366/3366
f 3187/3187 3238/3238 3279/3279
f 3279/3279 3183/3183 3187/3187
f 3426/3426 3423/3423 3424/3424
f 3424/3424 3425/3425 3426/3426
f 3428/3428 3426/3426 3425/3425
f 3425/3425 3427/3427 3428/3428
f 3432/3432 3429/3429 3430/3430
f 3430/3430 3431/3431 3432/3432
f 3434/3434 3432/3432 3431/3431
f 3431/3431 3433/3433 3434/3434
f 3438/3438 3435/3435 3436/3436
f 3436/3436 3437/3437 3438/3438
f 3429/3429 3438/3438 3437/3437
f 3437/3437 3430/3430 3429/3429
f 3442/3442 3439/3439 3440/3440
f 3440/3440 3441/3441 3442/3442
f 3435/3435 3442/3442 3441/3441
f 3441/3441 3436/3436 3435/3435
f 3446/3446 3443/3443 3444/3444
f 3444/3444 3445/3445 3446/3446
f 3448/3448 3446/3446 3445/3445
f 3445/3445 3447/3447 3448/3448
f 3452/3452 3449/3449 3450/3450
f 3450/3450 3451/3451 3452/3452
f 3443/3443 3452/3452 3451/3451
f 3451/3451 3444/3444 3443/3443
f 3456/3456 3453/3453 3454/3454
f 3454/3454 3455/3455 3456/3456
f 3449/3449 3456/3456 3455/3455
f 3455/3455 3450/3450 3449/3449
f 3460/3460 3457/3457 3458/3458
f 3458/3458 3459/3459 3460/3460
f 3453/3453 3460/3460 3459/3459
f 3459/3459 3454/3454 3453/3453
f 3464/3464 3461/3461 3462/3462
f 3462/3462 3463/3463 3464/3464
f 3457/3457 3464/3464 3463/3463
f 3463/3463 3458/3458 3457/3457
f 3468/3468 3465/3465 3466/3466
f 3466/3466 3467/3467 3468/3468
f 3461/3461 3468/3468 3467/3467
f 3467/3467 3462/3462 3461/3461
f 3472/3472 3469/3469 3470/3470
f 3470/3470 3471/3471 3472/3472
f 3465/3465 3472/3472 3471/3471
f 3471/3471 3466/3466 3465/3465
f 3476/3476 3473/3473 3474/3474
f 3474/3474 3475/3475 3476/3476
f 3469/3469 3476/3476 3475/3475
f 3475/3475 3470/3470 3469/3469
f 3480/3480 3477/3477 3478/3478
f 3478/3478 3479/3479 3480/3480
f 3473/3473 3480/3480 3479/3479
f 3479/3479 3474/3474 3473/3473
f 3484/3484 3481/3481 3482/3482
f 3482/3482 3483/3483 3484/3484
f 3477/3477 3484/3484 3483/3483
f 3483/3483 3478/3478 3477/3477
f 3488/3488 3485/3485 3486/3486
f 3486/3486 3487/3487 3488/3488
f 3481/3481 3488/3488 3487/3487
f 3487/3487 3482/3482 3481/3481
f 3423/3423 3434/3434 3433/3433
f 3433/3433 3424/3424 3423/3423
f 3485/3485 3428/3428 3427/3427
f 3427/3427 3486/3486 3485/3485
f 3105/3105 3104/3104 3391/3391
f 3391/3391 3394/3394 3105/3105
f 2997/2997 2996/2996 3379/3379
f 3379/3379 3382/3382 2997/2997
f 3013/3013 3012/3012 3385/3385
f 3385/3385 3388/3388 3013/3013
f 3492/3492 3489/3489 3490/3490
f 3490/3490 3491/3491 3492/3492
f 3491/3491 3490/3490 3493/3493
f 3493/3493 3494/3494 3491/3491
f 3496/3496 3491/3491 3494/3494
f 3494/3494 3495/3495 3496/3496
f 3497/3497 3492/3492 3491/3491
f 3491/3491 3496/3496 3497/3497
f 3501/3501 3498/3498 3499/3499
f 3499/3499 3500/3500 3501/3501
f 3500/3500 3499/3499 3502/3502
f 3502/3502 3503/3503 3500/3500
f 3505/3505 3500/3500 3503/3503
f 3503/3503 3504/3504 3505/3505
f 3506/3506 3501/3501 3500/3500
f 3500/3500 3505/3505 3506/3506
f 3510/3510 3507/3507 3508/3508
f 3508/3508 3509/3509 3510/3510
f 3509/3509 3508/3508 3511/3511
f 3511/3511 3512/3512 3509/3509
f 3514/3514 3509/3509 3512/3512
f 3512/3512 3513/3513 3514/3514
f 3515/3515 3510/3510 3509/3509
f 3509/3509 3514/3514 3515/3515
f 3519/3519 3516/3516 3517/3517
f 3517/3517 3518/3518 3519/3519
f 3518/3518 3517/3517 3520/3520
f 3520/3520 3521/3521 3518/3518
f 3523/3523 3518/3518 3521/3521
f 3521/3521 3522/3522 3523/3523
f 3524/3524 3519/3519 3518/3518
f 3518/3518 3523/3523 3524/3524
f 3528/3528 3525/3525 3526/3526
f 3526/3526 3527/3527 3528/3528
f 3527/3527 3526/3526 3529/3529
f 3529/3529 3530/3530 3527/3527
f 3534/3534 3531/3531 3532/3532
f 3532/3532 3533/3533 3534/3534
f 3536/3536 3535/3535 3531/3531
f 3531/3531 3534/3534 3536/3536
f 3540/3540 3537/3537 3538/3538
f 3538/3538 3539/3539 3540/3540
f 3539/3539 3538/3538 3541/3541
f 3541/3541 3542/3542 3539/3539
f 3546/3546 3543/3543 3544/3544
f 3544/3544 3545/3545 3546/3546
f 3548/3548 3547/3547 3543/3543
f 3543/3543 3546/3546 3548/3548
f 3552/3552 3549/3549 3550/3550
f 3550/3550 3551/3551 3552/3552
f 3551/3551 3550/3550 3553/3553
f 3553/3553 3554/3554 3551/3551
f 3556/3556 3551/3551 3554/3554
f 3554/3554 3555/3555 3556/3556
f 3557/3557 3552/3552 3551/3551
f 3551/3551 3556/3556 3557/3557
f 3561/3561 3558/3558 3559/3559
f 3559/3559 3560/3560 3561/3561
f 3560/3560 3559/3559 3562/3562
f 3562/3562 3563/3563 3560/3560
f 3567/3567 3564/3564 3565/3565
f 3565/3565 3566/3566 3567/3567
f 3569/3569 3568/3568 3564/3564
f 3564/3564 3567/3567 3569/3569
f 3573/3573 3570/3570 3571/3571
f 3571/3571 3572/3572 3573/3573
f 3572/3572 3571/3571 3574/3574
f 3574/3574 3575/3575 3572/3572
f 3579/3579 3576/3576 3577/3577
f 3577/3577 3578/3578 3579/3579
f 3581/3581 3580/3580 3576/3576
f 3576/3576 3579/3579 3581/3581
f 3585/3585 3582/3582 3583/3583
f 3583/3583 3584/3584 3585/3585
f 3584/3584 3583/3583 3586/3586
f 3586/3586 3587/3587 3584/3584
f 3589/3589 3584/3584 3587/3587
f 3587/3587 3588/3588 3589/3589
f 3590/3590 3585/3585 3584/3584
f 3584/3584 3589/3589 3590/3590
f 3594/3594 3591/3591 3592/3592
f 3592/3592 3593/3593 3594/3594
f 3593/3593 3592/3592 3595/3595
f 3595/3595 3596/3596 3593/3593
f 3598/3598 3593/3593 3596/3596
f 3596/3596 3597/3597 3598/3598
f 3599/3599 3594/3594 3593/3593
f 3593/3593 3598/3598 3599/3599
f 3603/3603 3600/3600 3601/3601
f 3601/3601 3602/3602 3603/3603
f 3602/3602 3601/3601 3604/3604
f 3604/3604 3605/3605 3602/3602
f 3607/3607 3602/3602 3605/3605
f 3605/3605 3606/3606 3607/3607
f 3608/3608 3603/3603 3602/3602
f 3602/3602 3607/3607 3608/3608
f 3612/3612 3609/3609 3610/3610
f 3610/3610 3611/3611 3612/3612
f 3611/3611 3610/3610 3613/3613
f 3613/3613 3614/3614 3611/3611
f 3616/3616 3611/3611 3614/3614
f 3614/3614 3615/3615 3616/3616
f 3617/3617 3612/3612 3611/3611
f 3611/3611 3616/3616 3617/3617
f 3621/3621 3618/3618 3619/3619
f 3619/3619 3620/3620 3621/3621
f 3620/3620 3619/3619 3622/3622
f 3622/3622 3623/3623 3620/3620
f 3625/3625 3620/3620 3623/3623
f 3623/3623 3624/3624 3625/3625
f 3626/3626 3621/3621 3620/3620
f 3620/3620 3625/3625 3626/3626
f 3630/3630 3627/3627 3628/3628
f 3628/3628 3629/3629 3630/3630
f 3629/3629 3628/3628 3631/3631
f 3631/3631 3632/3632 3629/3629
f 3634/3634 3629/3629 3632/3632
f 3632/3632 3633/3633 3634/3634
f 3635/3635 3630/3630 3629/3629
f 3629/3629 3634/3634 3635/3635
f 3639/3639 3636/3636 3637/3637
f 3637/3637 3638/3638 3639/3639
f 3638/3638 3637/3637 3640/3640
f 3640/3640 3641/3641 3638/3638
f 3643/3643 3638/3638 3641/3641
f 3641/3641 3642/3642 3643/3643
f 3644/3644 3639/3639 3638/3638
f 3638/3638 3643/3643 3644/3644
f 3648/3648 3645/3645 3646/3646
f 3646/3646 3647/3647 3648/3648
f 3647/3647 3646/3646 3649/3649
f 3649/3649 3650/3650 3647/3647
f 3652/3652 3647/3647 3650/3650
f 3650/3650 3651/3651 3652/3652
f 3653/3653 3648/3648 3647/3647
f 3647/3647 3652/3652 3653/3653
f 3657/3657 3654/3654 3655/3655
f 3655/3655 3656/3656 3657/3657
f 3656/3656 3655/3655 3658/3658
f 3658/3658 3659/3659 3656/3656
f 3661/3661 3656/3656 3659/3659
f 3659/3659 3660/3660 3661/3661
f 3662/3662 3657/3657 3656/3656
f 3656/3656 3661/3661 3662/3662
f 3666/3666 3663/3663 3664/3664
f 3664/3664 3665/3665 3666/3666
f 3665/3665 3664/3664 3667/3667
f 3667/3667 3668/3668 3665/3665
f 3670/3670 3665/3665 3668/3668
f 3668/3668 3669/3669 3670/3670
f 3671/3671 3666/3666 3665/3665
f 3665/3665 3670/3670 3671/3671
f 3675/3675 3672/3672 3673/3673
f 3673/3673 3674/3674 3675/3675
f 3674/3674 3673/3673 3676/3676
f 3676/3676 3677/3677 3674/3674
f 3679/3679 3674/3674 3677/3677
f 3677/3677 3678/3678 3679/3679
f 3680/3680 3675/3675 3674/3674
f 3674/3674 3679/3679 3680/3680
f 3684/3684 3681/3681 3682/3682
f 3682/3682 3683/3683 3684/3684
f 3683/3683 3682/3682 3685/3685
f 3685/3685 3686/3686 3683/3683
f 3688/3688 3683/3683 3686/3686
f 3686/3686 3687/3687 3688/3688
f 3689/3689 3684/3684 3683/3683
f 3683/3683 3688/3688 3689/3689
f 3693/3693 3690/3690 3691/3691
f 3691/3691 3692/3692 3693/3693
f 3695/3695 3693/3693 3692/3692
f 3692/3692 3694/3694 3695/3695
f 3698/3698 3558/3558 3696/3696
f 3696/3696 3697/3697 3698/3698
f 3697/3697 3696/3696 3699/3699
f 3699/3699 3700/3700 3697/3697
f 3692/3692 3697/3697 3700/3700
f 3700/3700 3694/3694 3692/3692
f 3691/3691 3698/3698 3697/3697
f 3697/3697 3692/3692 3691/3691
f 3700/3700 3699/3699 3701/3701
f 3701/3701 3702/3702 3700/3700
f 3702/3702 3701/3701 3703/3703
f 3703/3703 3704/3704 3702/3702
f 3706/3706 3702/3702 3704/3704
f 3704/3704 3705/3705 3706/3706
f 3694/3694 3700/3700 3702/3702
f 3702/3702 3706/3706 3694/3694
f 3709/3709 3541/3541 3707/3707
f 3707/3707 3708/3708 3709/3709
f 3708/3708 3707/3707 3710/3710
f 3710/3710 3711/3711 3708/3708
f 3704/3704 3708/3708 3711/3711
f 3711/3711 3705/3705 3704/3704
f 3703/3703 3709/3709 3708/3708
f 3708/3708 3704/3704 3703/3703
f 3711/3711 3710/3710 3712/3712
f 3712/3712 3713/3713 3711/3711
f 3705/3705 3711/3711 3713/3713
f 3713/3713 3714/3714 3705/3705
f 3706/3706 3715/3715 3695/3695
f 3695/3695 3694/3694 3706/3706
f 3705/3705 3714/3714 3715/3715
f 3715/3715 3706/3706 3705/3705
f 3719/3719 3716/3716 3717/3717
f 3717/3717 3718/3718 3719/3719
f 3721/3721 3719/3719 3718/3718
f 3718/3718 3720/3720 3721/3721
f 3724/3724 3537/3537 3722/3722
f 3722/3722 3723/3723 3724/3724
f 3723/3723 3722/3722 3725/3725
f 3725/3725 3726/3726 3723/3723
f 3718/3718 3723/3723 3726/3726
f 3726/3726 3720/3720 3718/3718
f 3717/3717 3724/3724 3723/3723
f 3723/3723 3718/3718 3717/3717
f 3726/3726 3725/3725 3727/3727
f 3727/3727 3728/3728 3726/3726
f 3732/3732 3729/3729 3730/3730
f 3730/3730 3731/3731 3732/3732
f 3734/3734 3732/3732 3731/3731
f 3731/3731 3733/3733 3734/3734
f 3720/3720 3726/3726 3728/3728
f 3728/3728 3735/3735 3720/3720
f 3738/3738 3574/3574 3736/3736
f 3736/3736 3737/3737 3738/3738
f 3737/3737 3736/3736 3739/3739
f 3739/3739 3740/3740 3737/3737
f 3731/3731 3737/3737 3740/3740
f 3740/3740 3733/3733 3731/3731
f 3730/3730 3738/3738 3737/3737
f 3737/3737 3731/3731 3730/3730
f 3740/3740 3739/3739 3741/3741
f 3741/3741 3742/3742 3740/3740
f 3733/3733 3740/3740 3742/3742
f 3742/3742 3743/3743 3733/3733
f 3744/3744 3721/3721 3720/3720
f 3720/3720 3735/3735 3744/3744
f 3743/3743 3745/3745 3734/3734
f 3734/3734 3733/3733 3743/3743
f 3749/3749 3746/3746 3747/3747
f 3747/3747 3748/3748 3749/3749
f 3751/3751 3749/3749 3748/3748
f 3748/3748 3750/3750 3751/3751
f 3754/3754 3525/3525 3752/3752
f 3752/3752 3753/3753 3754/3754
f 3753/3753 3752/3752 3755/3755
f 3755/3755 3756/3756 3753/3753
f 3748/3748 3753/3753 3756/3756
f 3756/3756 3750/3750 3748/3748
f 3747/3747 3754/3754 3753/3753
f 3753/3753 3748/3748 3747/3747
f 3756/3756 3755/3755 3757/3757
f 3757/3757 3758/3758 3756/3756
f 3758/3758 3757/3757 3759/3759
f 3759/3759 3760/3760 3758/3758
f 3762/3762 3758/3758 3760/3760
f 3760/3760 3761/3761 3762/3762
f 3750/3750 3756/3756 3758/3758
f 3758/3758 3762/3762 3750/3750
f 3765/3765 3562/3562 3763/3763
f 3763/3763 3764/3764 3765/3765
f 3764/3764 3763/3763 3766/3766
f 3766/3766 3767/3767 3764/3764
f 3760/3760 3764/3764 3767/3767
f 3767/3767 3761/3761 3760/3760
f 3759/3759 3765/3765 3764/3764
f 3764/3764 3760/3760 3759/3759
f 3767/3767 3766/3766 3768/3768
f 3768/3768 3769/3769 3767/3767
f 3761/3761 3767/3767 3769/3769
f 3769/3769 3770/3770 3761/3761
f 3771/3771 3751/3751 3750/3750
f 3750/3750 3762/3762 3771/3771
f 3770/3770 3771/3771 3762/3762
f 3762/3762 3761/3761 3770/3770
f 3775/3775 3772/3772 3773/3773
f 3773/3773 3774/3774 3775/3775
f 3777/3777 3775/3775 3774/3774
f 3774/3774 3776/3776 3777/3777
f 3780/3780 3570/3570 3778/3778
f 3778/3778 3779/3779 3780/3780
f 3779/3779 3778/3778 3781/3781
f 3781/3781 3782/3782 3779/3779
f 3774/3774 3779/3779 3782/3782
f 3782/3782 3776/3776 3774/3774
f 3773/3773 3780/3780 3779/3779
f 3779/3779 3774/3774 3773/3773
f 3782/3782 3781/3781 3783/3783
f 3783/3783 3784/3784 3782/3782
f 3784/3784 3783/3783 3785/3785
f 3785/3785 3786/3786 3784/3784
f 3788/3788 3784/3784 3786/3786
f 3786/3786 3787/3787 3788/3788
f 3776/3776 3782/3782 3784/3784
f 3784/3784 3788/3788 3776/3776
f 3791/3791 3529/3529 3789/3789
f 3789/3789 3790/3790 3791/3791
f 3790/3790 3789/3789 3792/3792
f 3792/3792 3793/3793 3790/3790
f 3786/3786 3790/3790 3793/3793
f 3793/3793 3787/3787 3786/3786
f 3785/3785 3791/3791 3790/3790
f 3790/3790 3786/3786 3785/3785
f 3793/3793 3792/3792 3794/3794
f 3794/3794 3795/3795 3793/3793
f 3787/3787 3793/3793 3795/3795
f 3795/3795 3796/3796 3787/3787
f 3797/3797 3777/3777 3776/3776
f 3776/3776 3788/3788 3797/3797
f 3796/3796 3797/3797 3788/3788
f 3788/3788 3787/3787 3796/3796
f 3800/3800 3515/3515 3798/3798
f 3798/3798 3799/3799 3800/3800
f 3799/3799 3798/3798 3801/3801
f 3801/3801 3802/3802 3799/3799
f 3804/3804 3799/3799 3802/3802
f 3802/3802 3803/3803 3804/3804
f 3805/3805 3800/3800 3799/3799
f 3799/3799 3804/3804 3805/3805
f 3802/3802 3806/3806 3807/3807
f 3807/3807 3808/3808 3802/3802
f 3812/3812 3809/3809 3810/3810
f 3810/3810 3811/3811 3812/3812
f 3814/3814 3812/3812 3811/3811
f 3811/3811 3813/3813 3814/3814
f 3803/3803 3802/3802 3808/3808
f 3808/3808 3815/3815 3803/3803
f 3818/3818 3498/3498 3816/3816
f 3816/3816 3817/3817 3818/3818
f 3817/3817 3816/3816 3819/3819
f 3819/3819 3820/3820 3817/3817
f 3811/3811 3817/3817 3820/3820
f 3820/3820 3813/3813 3811/3811
f 3810/3810 3818/3818 3817/3817
f 3817/3817 3811/3811 3810/3810
f 3820/3820 3819/3819 3821/3821
f 3821/3821 3822/3822 3820/3820
f 3822/3822 3821/3821 3823/3823
f 3823/3823 3824/3824 3822/3822
f 3826/3826 3822/3822 3824/3824
f 3824/3824 3825/3825 3826/3826
f 3813/3813 3820/3820 3822/3822
f 3822/3822 3826/3826 3813/3813
f 3829/3829 3578/3578 3827/3827
f 3827/3827 3828/3828 3829/3829
f 3828/3828 3827/3827 3830/3830
f 3830/3830 3831/3831 3828/3828
f 3824/3824 3828/3828 3831/3831
f 3831/3831 3825/3825 3824/3824
f 3823/3823 3829/3829 3828/3828
f 3828/3828 3824/3824 3823/3823
f 3831/3831 3830/3830 3832/3832
f 3832/3832 3833/3833 3831/3831
f 3837/3837 3834/3834 3835/3835
f 3835/3835 3836/3836 3837/3837
f 3839/3839 3837/3837 3836/3836
f 3836/3836 3838/3838 3839/3839
f 3825/3825 3831/3831 3833/3833
f 3833/3833 3840/3840 3825/3825
f 3843/3843 3548/3548 3841/3841
f 3841/3841 3842/3842 3843/3843
f 3842/3842 3841/3841 3844/3844
f 3844/3844 3845/3845 3842/3842
f 3836/3836 3842/3842 3845/3845
f 3845/3845 3838/3838 3836/3836
f 3835/3835 3843/3843 3842/3842
f 3842/3842 3836/3836 3835/3835
f 3845/3845 3844/3844 3846/3846
f 3846/3846 3847/3847 3845/3845
f 3847/3847 3846/3846 3805/3805
f 3805/3805 3804/3804 3847/3847
f 3848/3848 3847/3847 3804/3804
f 3804/3804 3803/3803 3848/3848
f 3838/3838 3845/3845 3847/3847
f 3847/3847 3848/3848 3838/3838
f 3848/3848 3803/3803 3815/3815
f 3815/3815 3849/3849 3848/3848
f 3850/3850 3814/3814 3813/3813
f 3813/3813 3826/3826 3850/3850
f 3840/3840 3850/3850 3826/3826
f 3826/3826 3825/3825 3840/3840
f 3838/3838 3848/3848 3849/3849
f 3849/3849 3839/3839 3838/3838
f 3853/3853 3507/3507 3851/3851
f 3851/3851 3852/3852 3853/3853
f 3852/3852 3851/3851 3854/3854
f 3854/3854 3855/3855 3852/3852
f 3857/3857 3852/3852 3855/3855
f 3855/3855 3856/3856 3857/3857
f 3858/3858 3853/3853 3852/3852
f 3852/3852 3857/3857 3858/3858
f 3855/3855 3854/3854 3859/3859
f 3859/3859 3860/3860 3855/3855
f 3860/3860 3859/3859 3861/3861
f 3861/3861 3862/3862 3860/3860
f 3864/3864 3860/3860 3862/3862
f 3862/3862 3863/3863 3864/3864
f 3856/3856 3855/3855 3860/3860
f 3860/3860 3864/3864 3856/3856
f 3867/3867 3545/3545 3865/3865
f 3865/3865 3866/3866 3867/3867
f 3866/3866 3865/3865 3868/3868
f 3868/3868 3869/3869 3866/3866
f 3862/3862 3866/3866 3869/3869
f 3869/3869 3863/3863 3862/3862
f 3861/3861 3867/3867 3866/3866
f 3866/3866 3862/3862 3861/3861
f 3869/3869 3868/3868 3870/3870
f 3870/3870 3871/3871 3869/3869
f 3871/3871 3870/3870 3872/3872
f 3872/3872 3873/3873 3871/3871
f 3875/3875 3871/3871 3873/3873
f 3873/3873 3874/3874 3875/3875
f 3863/3863 3869/3869 3871/3871
f 3871/3871 3875/3875 3863/3863
f 3878/3878 3569/3569 3876/3876
f 3876/3876 3877/3877 3878/3878
f 3877/3877 3876/3876 3879/3879
f 3879/3879 3880/3880 3877/3877
f 3873/3873 3877/3877 3880/3880
f 3880/3880 3874/3874 3873/3873
f 3872/3872 3878/3878 3877/3877
f 3877/3877 3873/3873 3872/3872
f 3880/3880 3879/3879 3881/3881
f 3881/3881 3882/3882 3880/3880
f 3882/3882 3881/3881 3883/3883
f 3883/3883 3884/3884 3882/3882
f 3886/3886 3882/3882 3884/3884
f 3884/3884 3885/3885 3886/3886
f 3874/3874 3880/3880 3882/3882
f 3882/3882 3886/3886 3874/3874
f 3889/3889 3524/3524 3887/3887
f 3887/3887 3888/3888 3889/3889
f 3888/3888 3887/3887 3890/3890
f 3890/3890 3891/3891 3888/3888
f 3884/3884 3888/3888 3891/3891
f 3891/3891 3885/3885 3884/3884
f 3883/3883 3889/3889 3888/3888
f 3888/3888 3884/3884 3883/3883
f 3891/3891 3890/3890 3892/3892
f 3892/3892 3893/3893 3891/3891
f 3893/3893 3892/3892 3894/3894
f 3894/3894 3857/3857 3893/3893
f 3895/3895 3893/3893 3857/3857
f 3857/3857 3856/3856 3895/3895
f 3885/3885 3891/3891 3893/3893
f 3893/3893 3895/3895 3885/3885
f 3895/3895 3856/3856 3864/3864
f 3864/3864 3896/3896 3895/3895
f 3896/3896 3864/3864 3863/3863
f 3863/3863 3875/3875 3896/3896
f 3886/3886 3896/3896 3875/3875
f 3875/3875 3874/3874 3886/3886
f 3885/3885 3895/3895 3896/3896
f 3896/3896 3886/3886 3885/3885
f 3899/3899 3506/3506 3897/3897
f 3897/3897 3898/3898 3899/3899
f 3898/3898 3897/3897 3900/3900
f 3900/3900 3901/3901 3898/3898
f 3903/3903 3898/3898 3901/3901
f 3901/3901 3902/3902 3903/3903
f 3904/3904 3899/3899 3898/3898
f 3898/3898 3903/3903 3904/3904
f 3901/3901 3900/3900 3905/3905
f 3905/3905 3906/3906 3901/3901
f 3906/3906 3905/3905 3907/3907
f 3907/3907 3908/3908 3906/3906
f 3910/3910 3906/3906 3908/3908
f 3908/3908 3909/3909 3910/3910
f 3902/3902 3901/3901 3906/3906
f 3906/3906 3910/3910 3902/3902
f 3913/3913 3681/3681 3911/3911
f 3911/3911 3912/3912 3913/3913
f 3912/3912 3911/3911 3914/3914
f 3914/3914 3915/3915 3912/3912
f 3908/3908 3912/3912 3915/3915
f 3915/3915 3909/3909 3908/3908
f 3916/3916 3913/3913 3912/3912
f 3912/3912 3908/3908 3916/3916
f 3915/3915 3914/3914 3917/3917
f 3917/3917 3918/3918 3915/3915
f 3918/3918 3917/3917 3919/3919
f 3919/3919 3920/3920 3918/3918
f 3922/3922 3918/3918 3920/3920
f 3920/3920 3921/3921 3922/3922
f 3909/3909 3915/3915 3918/3918
f 3918/3918 3922/3922 3909/3909
f 3925/3925 3533/3533 3923/3923
f 3923/3923 3924/3924 3925/3925
f 3924/3924 3923/3923 3926/3926
f 3926/3926 3927/3927 3924/3924
f 3920/3920 3924/3924 3927/3927
f 3927/3927 3921/3921 3920/3920
f 3919/3919 3925/3925 3924/3924
f 3924/3924 3920/3920 3919/3919
f 3927/3927 3926/3926 3928/3928
f 3928/3928 3929/3929 3927/3927
f 3929/3929 3928/3928 3930/3930
f 3930/3930 3931/3931 3929/3929
f 3933/3933 3929/3929 3931/3931
f 3931/3931 3932/3932 3933/3933
f 3921/3921 3927/3927 3929/3929
f 3929/3929 3933/3933 3921/3921
f 3936/3936 3581/3581 3934/3934
f 3934/3934 3935/3935 3936/3936
f 3935/3935 3934/3934 3937/3937
f 3937/3937 3938/3938 3935/3935
f 3931/3931 3935/3935 3938/3938
f 3938/3938 3932/3932 3931/3931
f 3930/3930 3936/3936 3935/3935
f 3935/3935 3931/3931 3930/3930
f 3938/3938 3937/3937 3939/3939
f 3939/3939 3940/3940 3938/3938
f 3940/3940 3939/3939 3904/3904
f 3904/3904 3903/3903 3940/3940
f 3941/3941 3940/3940 3903/3903
f 3903/3903 3902/3902 3941/3941
f 3932/3932 3938/3938 3940/3940
f 3940/3940 3941/3941 3932/3932
f 3941/3941 3902/3902 3910/3910
f 3910/3910 3942/3942 3941/3941
f 3942/3942 3910/3910 3909/3909
f 3909/3909 3922/3922 3942/3942
f 3933/3933 3942/3942 3922/3922
f 3922/3922 3921/3921 3933/3933
f 3932/3932 3941/3941 3942/3942
f 3942/3942 3933/3933 3932/3932
f 3945/3945 3689/3689 3943/3943
f 3943/3943 3944/3944 3945/3945
f 3944/3944 3943/3943 3946/3946
f 3946/3946 3947/3947 3944/3944
f 3949/3949 3944/3944 3947/3947
f 3947/3947 3948/3948 3949/3949
f 3950/3950 3945/3945 3944/3944
f 3944/3944 3949/3949 3950/3950
f 3947/3947 3951/3951 3952/3952
f 3952/3952 3953/3953 3947/3947
f 3953/3953 3952/3952 3954/3954
f 3954/3954 3955/3955 3953/3953
f 3957/3957 3953/3953 3955/3955
f 3955/3955 3956/3956 3957/3957
f 3948/3948 3947/3947 3953/3953
f 3953/3953 3957/3957 3948/3948
f 3960/3960 3516/3516 3958/3958
f 3958/3958 3959/3959 3960/3960
f 3959/3959 3958/3958 3961/3961
f 3961/3961 3962/3962 3959/3959
f 3955/3955 3959/3959 3962/3962
f 3962/3962 3956/3956 3955/3955
f 3954/3954 3960/3960 3959/3959
f 3959/3959 3955/3955 3954/3954
f 3962/3962 3961/3961 3963/3963
f 3963/3963 3964/3964 3962/3962
f 3964/3964 3963/3963 3965/3965
f 3965/3965 3966/3966 3964/3964
f 3968/3968 3964/3964 3966/3966
f 3966/3966 3967/3967 3968/3968
f 3956/3956 3962/3962 3964/3964
f 3964/3964 3968/3968 3956/3956
f 3971/3971 3566/3566 3969/3969
f 3969/3969 3970/3970 3971/3971
f 3970/3970 3969/3969 3972/3972
f 3972/3972 3973/3973 3970/3970
f 3966/3966 3970/3970 3973/3973
f 3973/3973 3967/3967 3966/3966
f 3965/3965 3971/3971 3970/3970
f 3970/3970 3966/3966 3965/3965
f 3973/3973 3972/3972 3974/3974
f 3974/3974 3975/3975 3973/3973
f 3975/3975 3974/3974 3976/3976
f 3976/3976 3977/3977 3975/3975
f 3979/3979 3975/3975 3977/3977
f 3977/3977 3978/3978 3979/3979
f 3967/3967 3973/3973 3975/3975
f 3975/3975 3979/3979 3967/3967
f 3982/3982 3536/3536 3980/3980
f 3980/3980 3981/3981 3982/3982
f 3981/3981 3980/3980 3983/3983
f 3983/3983 3984/3984 3981/3981
f 3977/3977 3981/3981 3984/3984
f 3984/3984 3978/3978 3977/3977
f 3976/3976 3982/3982 3981/3981
f 3981/3981 3977/3977 3976/3976
f 3984/3984 3983/3983 3985/3985
f 3985/3985 3986/3986 3984/3984
f 3986/3986 3985/3985 3950/3950
f 3950/3950 3949/3949 3986/3986
f 3987/3987 3986/3986 3949/3949
f 3949/3949 3948/3948 3987/3987
f 3978/3978 3984/3984 3986/3986
f 3986/3986 3987/3987 3978/3978
f 3987/3987 3948/3948 3957/3957
f 3957/3957 3988/3988 3987/3987
f 3988/3988 3957/3957 3956/3956
f 3956/3956 3968/3968 3988/3988
f 3979/3979 3988/3988 3968/3968
f 3968/3968 3967/3967 3979/3979
f 3978/3978 3987/3987 3988/3988
f 3988/3988 3979/3979 3978/3978
f 3991/3991 3553/3553 3989/3989
f 3989/3989 3990/3990 3991/3991
f 3990/3990 3989/3989 3992/3992
f 3992/3992 3993/3993 3990/3990
f 3995/3995 3990/3990 3993/3993
f 3993/3993 3994/3994 3995/3995
f 3996/3996 3991/3991 3990/3990
f 3990/3990 3995/3995 3996/3996
f 3993/3993 3992/3992 3997/3997
f 3997/3997 3998/3998 3993/3993
f 4002/4002 3999/3999 4000/4000
f 4000/4000 4001/4001 4002/4002
f 4004/4004 4002/4002 4001/4001
f 4001/4001 4003/4003 4004/4004
f 3994/3994 3993/3993 3998/3998
f 3998/3998 4005/4005 3994/3994
f 4008/4008 3588/3588 4006/4006
f 4006/4006 4007/4007 4008/4008
f 4007/4007 4006/4006 4009/4009
f 4009/4009 4010/4010 4007/4007
f 4001/4001 4007/4007 4010/4010
f 4010/4010 4003/4003 4001/4001
f 4000/4000 4008/4008 4007/4007
f 4007/4007 4001/4001 4000/4000
f 4010/4010 4009/4009 4011/4011
f 4011/4011 4012/4012 4010/4010
f 4016/4016 4013/4013 4014/4014
f 4014/4014 4015/4015 4016/4016
f 4018/4018 4016/4016 4015/4015
f 4015/4015 4017/4017 4018/4018
f 4003/4003 4010/4010 4012/4012
f 4012/4012 4019/4019 4003/4003
f 4022/4022 3654/3654 4020/4020
f 4020/4020 4021/4021 4022/4022
f 4021/4021 4020/4020 4023/4023
f 4023/4023 4024/4024 4021/4021
f 4015/4015 4021/4021 4024/4024
f 4024/4024 4017/4017 4015/4015
f 4014/4014 4022/4022 4021/4021
f 4021/4021 4015/4015 4014/4014
f 4024/4024 4023/4023 4025/4025
f 4025/4025 4026/4026 4024/4024
f 4026/4026 4025/4025 3996/3996
f 3996/3996 3995/3995 4026/4026
f 4027/4027 4026/4026 3995/3995
f 3995/3995 3994/3994 4027/4027
f 4017/4017 4024/4024 4026/4026
f 4026/4026 4027/4027 4017/4017
f 4027/4027 3994/3994 4005/4005
f 4005/4005 4028/4028 4027/4027
f 4004/4004 4003/4003 4019/4019
f 4019/4019 4029/4029 4004/4004
f 4018/4018 4017/4017 4027/4027
f 4027/4027 4028/4028 4018/4018
f 4032/4032 3495/3495 4030/4030
f 4030/4030 4031/4031 4032/4032
f 4031/4031 4030/4030 4033/4033
f 4033/4033 4034/4034 4031/4031
f 4036/4036 4031/4031 4034/4034
f 4034/4034 4035/4035 4036/4036
f 4037/4037 4032/4032 4031/4031
f 4031/4031 4036/4036 4037/4037
f 4034/4034 4033/4033 4038/4038
f 4038/4038 4039/4039 4034/4034
f 4039/4039 4038/4038 4040/4040
f 4040/4040 4041/4041 4039/4039
f 4043/4043 4039/4039 4041/4041
f 4041/4041 4042/4042 4043/4043
f 4035/4035 4034/4034 4039/4039
f 4039/4039 4043/4043 4035/4035
f 4046/4046 3680/3680 4044/4044
f 4044/4044 4045/4045 4046/4046
f 4045/4045 4044/4044 4047/4047
f 4047/4047 4048/4048 4045/4045
f 4041/4041 4045/4045 4048/4048
f 4048/4048 4042/4042 4041/4041
f 4040/4040 4046/4046 4045/4045
f 4045/4045 4041/4041 4040/4040
f 4048/4048 4047/4047 4049/4049
f 4049/4049 4050/4050 4048/4048
f 4050/4050 4049/4049 4051/4051
f 4051/4051 4052/4052 4050/4050
f 4054/4054 4050/4050 4052/4052
f 4052/4052 4053/4053 4054/4054
f 4042/4042 4048/4048 4050/4050
f 4050/4050 4054/4054 4042/4042
f 4057/4057 3511/3511 4055/4055
f 4055/4055 4056/4056 4057/4057
f 4056/4056 4055/4055 4058/4058
f 4058/4058 4059/4059 4056/4056
f 4052/4052 4056/4056 4059/4059
f 4059/4059 4053/4053 4052/4052
f 4051/4051 4057/4057 4056/4056
f 4056/4056 4052/4052 4051/4051
f 4063/4063 4060/4060 4061/4061
f 4061/4061 4062/4062 4063/4063
f 4062/4062 4061/4061 4064/4064
f 4064/4064 4065/4065 4062/4062
f 4067/4067 4062/4062 4065/4065
f 4065/4065 4066/4066 4067/4067
f 4068/4068 4063/4063 4062/4062
f 4062/4062 4067/4067 4068/4068
f 4071/4071 3522/3522 4069/4069
f 4069/4069 4070/4070 4071/4071
f 4070/4070 4069/4069 4072/4072
f 4072/4072 4073/4073 4070/4070
f 4065/4065 4070/4070 4073/4073
f 4073/4073 4066/4066 4065/4065
f 4064/4064 4071/4071 4070/4070
f 4070/4070 4065/4065 4064/4064
f 4073/4073 4072/4072 4074/4074
f 4074/4074 4075/4075 4073/4073
f 4075/4075 4074/4074 4037/4037
f 4037/4037 4036/4036 4075/4075
f 4076/4076 4075/4075 4036/4036
f 4036/4036 4035/4035 4076/4076
f 4066/4066 4073/4073 4075/4075
f 4075/4075 4076/4076 4066/4066
f 4076/4076 4035/4035 4043/4043
f 4043/4043 4077/4077 4076/4076
f 4077/4077 4043/4043 4042/4042
f 4042/4042 4054/4054 4077/4077
f 4067/4067 4077/4077 4054/4054
f 4054/4054 4068/4068 4067/4067
f 4066/4066 4076/4076 4077/4077
f 4077/4077 4067/4067 4066/4066
f 4080/4080 3555/3555 4078/4078
f 4078/4078 4079/4079 4080/4080
f 4079/4079 4078/4078 4081/4081
f 4081/4081 4082/4082 4079/4079
f 4084/4084 4079/4079 4082/4082
f 4082/4082 4083/4083 4084/4084
f 4085/4085 4080/4080 4079/4079
f 4079/4079 4084/4084 4085/4085
f 4082/4082 4081/4081 4086/4086
f 4086/4086 4087/4087 4082/4082
f 4087/4087 4086/4086 4088/4088
f 4088/4088 4089/4089 4087/4087
f 4091/4091 4087/4087 4089/4089
f 4089/4089 4090/4090 4091/4091
f 4083/4083 4082/4082 4087/4087
f 4087/4087 4091/4091 4083/4083
f 4094/4094 3662/3662 4092/4092
f 4092/4092 4093/4093 4094/4094
f 4093/4093 4092/4092 4095/4095
f 4095/4095 4096/4096 4093/4093
f 4089/4089 4093/4093 4096/4096
f 4096/4096 4090/4090 4089/4089
f 4088/4088 4094/4094 4093/4093
f 4093/4093 4089/4089 4088/4088
f 4096/4096 4095/4095 4097/4097
f 4097/4097 4098/4098 4096/4096
f 4098/4098 4097/4097 4099/4099
f 4099/4099 4100/4100 4098/4098
f 4102/4102 4098/4098 4100/4100
f 4100/4100 4101/4101 4102/4102
f 4090/4090 4096/4096 4098/4098
f 4098/4098 4102/4102 4090/4090
f 4105/4105 3600/3600 4103/4103
f 4103/4103 4104/4104 4105/4105
f 4104/4104 4103/4103 4106/4106
f 4106/4106 4107/4107 4104/4104
f 4100/4100 4104/4104 4107/4107
f 4107/4107 4101/4101 4100/4100
f 4099/4099 4105/4105 4104/4104
f 4104/4104 4100/4100 4099/4099
f 4107/4107 4106/4106 4108/4108
f 4108/4108 4109/4109 4107/4107
f 4109/4109 4108/4108 4110/4110
f 4110/4110 4111/4111 4109/4109
f 4113/4113 4109/4109 4111/4111
f 4111/4111 4112/4112 4113/4113
f 4101/4101 4107/4107 4109/4109
f 4109/4109 4113/4113 4101/4101
f 4116/4116 3595/3595 4114/4114
f 4114/4114 4115/4115 4116/4116
f 4115/4115 4114/4114 4117/4117
f 4117/4117 4118/4118 4115/4115
f 4111/4111 4115/4115 4118/4118
f 4118/4118 4112/4112 4111/4111
f 4110/4110 4116/4116 4115/4115
f 4115/4115 4111/4111 4110/4110
f 4118/4118 4117/4117 4119/4119
f 4119/4119 4120/4120 4118/4118
f 4120/4120 4119/4119 4085/4085
f 4085/4085 4084/4084 4120/4120
f 4121/4121 4120/4120 4084/4084
f 4084/4084 4083/4083 4121/4121
f 4112/4112 4118/4118 4120/4120
f 4120/4120 4121/4121 4112/4112
f 4121/4121 4083/4083 4091/4091
f 4091/4091 4122/4122 4121/4121
f 4122/4122 4091/4091 4090/4090
f 4090/4090 4102/4102 4122/4122
f 4113/4113 4122/4122 4102/4102
f 4102/4102 4101/4101 4113/4113
f 4112/4112 4121/4121 4122/4122
f 4122/4122 4113/4113 4112/4112
f 4125/4125 3597/3597 4123/4123
f 4123/4123 4124/4124 4125/4125
f 4124/4124 4123/4123 4126/4126
f 4126/4126 4127/4127 4124/4124
f 4129/4129 4124/4124 4127/4127
f 4127/4127 4128/4128 4129/4129
f 4130/4130 4125/4125 4124/4124
f 4124/4124 4129/4129 4130/4130
f 4127/4127 4126/4126 4131/4131
f 4131/4131 4132/4132 4127/4127
f 4132/4132 4131/4131 4133/4133
f 4133/4133 4134/4134 4132/4132
f 4136/4136 4132/4132 4134/4134
f 4134/4134 4135/4135 4136/4136
f 4128/4128 4127/4127 4132/4132
f 4132/4132 4136/4136 4128/4128
f 4139/4139 3608/3608 4137/4137
f 4137/4137 4138/4138 4139/4139
f 4138/4138 4137/4137 4140/4140
f 4140/4140 4141/4141 4138/4138
f 4134/4134 4138/4138 4141/4141
f 4141/4141 4135/4135 4134/4134
f 4133/4133 4139/4139 4138/4138
f 4138/4138 4134/4134 4133/4133
f 4141/4141 4140/4140 4142/4142
f 4142/4142 4143/4143 4141/4141
f 4143/4143 4142/4142 4144/4144
f 4144/4144 4145/4145 4143/4143
f 4147/4147 4143/4143 4145/4145
f 4145/4145 4146/4146 4147/4147
f 4135/4135 4141/4141 4143/4143
f 4143/4143 4147/4147 4135/4135
f 4150/4150 3672/3672 4148/4148
f 4148/4148 4149/4149 4150/4150
f 4149/4149 4148/4148 4151/4151
f 4151/4151 4152/4152 4149/4149
f 4145/4145 4149/4149 4152/4152
f 4152/4152 4146/4146 4145/4145
f 4144/4144 4150/4150 4149/4149
f 4149/4149 4145/4145 4144/4144
f 4152/4152 4151/4151 4153/4153
f 4153/4153 4154/4154 4152/4152
f 4154/4154 4153/4153 4155/4155
f 4155/4155 4156/4156 4154/4154
f 4158/4158 4154/4154 4156/4156
f 4156/4156 4157/4157 4158/4158
f 4146/4146 4152/4152 4154/4154
f 4154/4154 4158/4158 4146/4146
f 4161/4161 3493/3493 4159/4159
f 4159/4159 4160/4160 4161/4161
f 4160/4160 4159/4159 4162/4162
f 4162/4162 4163/4163 4160/4160
f 4156/4156 4160/4160 4163/4163
f 4163/4163 4157/4157 4156/4156
f 4155/4155 4161/4161 4160/4160
f 4160/4160 4156/4156 4155/4155
f 4163/4163 4162/4162 4164/4164
f 4164/4164 4165/4165 4163/4163
f 4165/4165 4164/4164 4130/4130
f 4130/4130 4129/4129 4165/4165
f 4166/4166 4165/4165 4129/4129
f 4129/4129 4128/4128 4166/4166
f 4157/4157 4163/4163 4165/4165
f 4165/4165 4166/4166 4157/4157
f 4166/4166 4128/4128 4136/4136
f 4136/4136 4167/4167 4166/4166
f 4167/4167 4136/4136 4135/4135
f 4135/4135 4147/4147 4167/4167
f 4158/4158 4167/4167 4147/4147
f 4147/4147 4146/4146 4158/4158
f 4157/4157 4166/4166 4167/4167
f 4167/4167 4158/4158 4157/4157
f 4170/4170 3586/3586 4168/4168
f 4168/4168 4169/4169 4170/4170
f 4169/4169 4168/4168 4171/4171
f 4171/4171 4172/4172 4169/4169
f 4174/4174 4169/4169 4172/4172
f 4172/4172 4173/4173 4174/4174
f 4175/4175 4170/4170 4169/4169
f 4169/4169 4174/4174 4175/4175
f 4172/4172 4171/4171 4176/4176
f 4176/4176 4177/4177 4172/4172
f 4181/4181 4178/4178 4179/4179
f 4179/4179 4180/4180 4181/4181
f 4183/4183 4181/4181 4180/4180
f 4180/4180 4182/4182 4183/4183
f 4173/4173 4172/4172 4177/4177
f 4177/4177 4184/4184 4173/4173
f 4187/4187 3663/3663 4185/4185
f 4185/4185 4186/4186 4187/4187
f 4186/4186 4185/4185 4188/4188
f 4188/4188 4189/4189 4186/4186
f 4180/4180 4186/4186 4189/4189
f 4189/4189 4182/4182 4180/4180
f 4179/4179 4187/4187 4186/4186
f 4186/4186 4180/4180 4179/4179
f 4189/4189 4188/4188 4190/4190
f 4190/4190 4191/4191 4189/4189
f 4195/4195 4192/4192 4193/4193
f 4193/4193 4194/4194 4195/4195
f 4197/4197 4195/4195 4194/4194
f 4194/4194 4196/4196 4197/4197
f 4182/4182 4189/4189 4191/4191
f 4191/4191 4198/4198 4182/4182
f 4201/4201 3658/3658 4199/4199
f 4199/4199 4200/4200 4201/4201
f 4200/4200 4199/4199 4202/4202
f 4202/4202 4203/4203 4200/4200
f 4194/4194 4200/4200 4203/4203
f 4203/4203 4196/4196 4194/4194
f 4193/4193 4201/4201 4200/4200
f 4200/4200 4194/4194 4193/4193
f 4203/4203 4202/4202 4204/4204
f 4204/4204 4205/4205 4203/4203
f 4207/4207 4206/4206 4175/4175
f 4175/4175 4174/4174 4207/4207
f 4208/4208 4207/4207 4174/4174
f 4174/4174 4173/4173 4208/4208
f 4196/4196 4203/4203 4205/4205
f 4205/4205 4209/4209 4196/4196
f 4208/4208 4173/4173 4184/4184
f 4184/4184 4210/4210 4208/4208
f 4183/4183 4182/4182 4198/4198
f 4198/4198 4211/4211 4183/4183
f 4197/4197 4196/4196 4209/4209
f 4209/4209 4212/4212 4197/4197
f 4215/4215 3617/3617 4213/4213
f 4213/4213 4214/4214 4215/4215
f 4214/4214 4213/4213 4216/4216
f 4216/4216 4217/4217 4214/4214
f 4219/4219 4214/4214 4217/4217
f 4217/4217 4218/4218 4219/4219
f 4220/4220 4215/4215 4214/4214
f 4214/4214 4219/4219 4220/4220
f 4217/4217 4216/4216 4221/4221
f 4221/4221 4222/4222 4217/4217
f 4222/4222 4221/4221 4223/4223
f 4223/4223 4224/4224 4222/4222
f 4226/4226 4222/4222 4224/4224
f 4224/4224 4225/4225 4226/4226
f 4218/4218 4217/4217 4222/4222
f 4222/4222 4226/4226 4218/4218
f 4229/4229 3502/3502 4227/4227
f 4227/4227 4228/4228 4229/4229
f 4228/4228 4227/4227 4230/4230
f 4230/4230 4231/4231 4228/4228
f 4224/4224 4228/4228 4231/4231
f 4231/4231 4225/4225 4224/4224
f 4223/4223 4229/4229 4228/4228
f 4228/4228 4224/4224 4223/4223
f 4231/4231 4230/4230 4232/4232
f 4232/4232 4233/4233 4231/4231
f 4237/4237 4234/4234 4235/4235
f 4235/4235 4236/4236 4237/4237
f 4239/4239 4237/4237 4236/4236
f 4236/4236 4238/4238 4239/4239
f 4225/4225 4231/4231 4233/4233
f 4233/4233 4240/4240 4225/4225
f 4243/4243 3513/3513 4241/4241
f 4241/4241 4242/4242 4243/4243
f 4242/4242 4241/4241 4244/4244
f 4244/4244 4245/4245 4242/4242
f 4247/4247 4242/4242 4245/4245
f 4245/4245 4246/4246 4247/4247
f 4248/4248 4243/4243 4242/4242
f 4242/4242 4247/4247 4248/4248
f 4245/4245 4244/4244 4249/4249
f 4249/4249 4250/4250 4245/4245
f 4250/4250 4249/4249 4251/4251
f 4251/4251 4252/4252 4250/4250
f 4254/4254 4250/4250 4252/4252
f 4252/4252 4253/4253 4254/4254
f 4246/4246 4245/4245 4250/4250
f 4250/4250 4254/4254 4246/4246
f 4257/4257 3678/3678 4255/4255
f 4255/4255 4256/4256 4257/4257
f 4256/4256 4255/4255 4258/4258
f 4258/4258 4259/4259 4256/4256
f 4252/4252 4256/4256 4259/4259
f 4259/4259 4253/4253 4252/4252
f 4251/4251 4257/4257 4256/4256
f 4256/4256 4252/4252 4251/4251
f 4259/4259 4258/4258 4260/4260
f 4260/4260 4261/4261 4259/4259
f 4263/4263 4262/4262 4220/4220
f 4220/4220 4219/4219 4263/4263
f 4264/4264 4263/4263 4219/4219
f 4219/4219 4218/4218 4264/4264
f 4253/4253 4259/4259 4261/4261
f 4261/4261 4265/4265 4253/4253
f 4264/4264 4218/4218 4226/4226
f 4226/4226 4266/4266 4264/4264
f 4266/4266 4226/4226 4225/4225
f 4225/4225 4240/4240 4266/4266
f 4254/4254 4267/4267 4239/4239
f 4239/4239 4238/4238 4254/4254
f 4253/4253 4265/4265 4267/4267
f 4267/4267 4254/4254 4253/4253
f 4270/4270 3671/3671 4268/4268
f 4268/4268 4269/4269 4270/4270
f 4269/4269 4268/4268 4271/4271
f 4271/4271 4272/4272 4269/4269
f 4274/4274 4269/4269 4272/4272
f 4272/4272 4273/4273 4274/4274
f 4275/4275 4270/4270 4269/4269
f 4269/4269 4274/4274 4275/4275
f 4272/4272 4271/4271 4276/4276
f 4276/4276 4277/4277 4272/4272
f 4277/4277 4276/4276 4278/4278
f 4278/4278 4279/4279 4277/4277
f 4281/4281 4277/4277 4279/4279
f 4279/4279 4280/4280 4281/4281
f 4273/4273 4272/4272 4277/4277
f 4277/4277 4281/4281 4273/4273
f 4284/4284 3627/3627 4282/4282
f 4282/4282 4283/4283 4284/4284
f 4283/4283 4282/4282 4285/4285
f 4285/4285 4286/4286 4283/4283
f 4279/4279 4283/4283 4286/4286
f 4286/4286 4280/4280 4279/4279
f 4278/4278 4284/4284 4283/4283
f 4283/4283 4279/4279 4278/4278
f 4286/4286 4285/4285 4287/4287
f 4287/4287 4288/4288 4286/4286
f 4292/4292 4289/4289 4290/4290
f 4290/4290 4291/4291 4292/4292
f 4294/4294 4292/4292 4291/4291
f 4291/4291 4293/4293 4294/4294
f 4280/4280 4286/4286 4288/4288
f 4288/4288 4295/4295 4280/4280
f 4298/4298 3604/3604 4296/4296
f 4296/4296 4297/4297 4298/4298
f 4297/4297 4296/4296 4299/4299
f 4299/4299 4300/4300 4297/4297
f 4291/4291 4297/4297 4300/4300
f 4300/4300 4293/4293 4291/4291
f 4290/4290 4298/4298 4297/4297
f 4297/4297 4291/4291 4290/4290
f 4300/4300 4299/4299 4301/4301
f 4301/4301 4302/4302 4300/4300
f 4302/4302 4301/4301 4303/4303
f 4303/4303 4304/4304 4302/4302
f 4306/4306 4302/4302 4304/4304
f 4304/4304 4305/4305 4306/4306
f 4293/4293 4300/4300 4302/4302
f 4302/4302 4306/4306 4293/4293
f 4309/4309 3660/3660 4307/4307
f 4307/4307 4308/4308 4309/4309
f 4308/4308 4307/4307 4310/4310
f 4310/4310 4311/4311 4308/4308
f 4304/4304 4308/4308 4311/4311
f 4311/4311 4305/4305 4304/4304
f 4303/4303 4309/4309 4308/4308
f 4308/4308 4304/4304 4303/4303
f 4311/4311 4310/4310 4312/4312
f 4312/4312 4313/4313 4311/4311
f 4315/4315 4314/4314 4275/4275
f 4275/4275 4274/4274 4315/4315
f 4316/4316 4315/4315 4274/4274
f 4274/4274 4273/4273 4316/4316
f 4305/4305 4311/4311 4313/4313
f 4313/4313 4317/4317 4305/4305
f 4316/4316 4273/4273 4281/4281
f 4281/4281 4318/4318 4316/4316
f 4318/4318 4281/4281 4280/4280
f 4280/4280 4295/4295 4318/4318
f 4306/4306 4319/4319 4294/4294
f 4294/4294 4293/4293 4306/4306
f 4305/4305 4317/4317 4319/4319
f 4319/4319 4306/4306 4305/4305
f 4322/4322 3635/3635 4320/4320
f 4320/4320 4321/4321 4322/4322
f 4321/4321 4320/4320 4323/4323
f 4323/4323 4324/4324 4321/4321
f 4326/4326 4321/4321 4324/4324
f 4324/4324 4325/4325 4326/4326
f 4327/4327 4322/4322 4321/4321
f 4321/4321 4326/4326 4327/4327
f 4324/4324 4323/4323 4328/4328
f 4328/4328 4329/4329 4324/4324
f 4329/4329 4328/4328 4330/4330
f 4330/4330 4331/4331 4329/4329
f 4333/4333 4329/4329 4331/4331
f 4331/4331 4332/4332 4333/4333
f 4325/4325 4324/4324 4329/4329
f 4329/4329 4333/4333 4325/4325
f 4336/4336 3609/3609 4334/4334
f 4334/4334 4335/4335 4336/4336
f 4335/4335 4334/4334 4337/4337
f 4337/4337 4338/4338 4335/4335
f 4331/4331 4335/4335 4338/4338
f 4338/4338 4332/4332 4331/4331
f 4330/4330 4336/4336 4335/4335
f 4335/4335 4331/4331 4330/4330
f 4338/4338 4337/4337 4339/4339
f 4339/4339 4340/4340 4338/4338
f 4344/4344 4341/4341 4342/4342
f 4342/4342 4343/4343 4344/4344
f 4346/4346 4344/4344 4343/4343
f 4343/4343 4345/4345 4346/4346
f 4332/4332 4338/4338 4340/4340
f 4340/4340 4347/4347 4332/4332
f 4350/4350 3676/3676 4348/4348
f 4348/4348 4349/4349 4350/4350
f 4349/4349 4348/4348 4351/4351
f 4351/4351 4352/4352 4349/4349
f 4343/4343 4349/4349 4352/4352
f 4352/4352 4345/4345 4343/4343
f 4342/4342 4350/4350 4349/4349
f 4349/4349 4343/4343 4342/4342
f 4352/4352 4351/4351 4353/4353
f 4353/4353 4354/4354 4352/4352
f 4354/4354 4353/4353 4355/4355
f 4355/4355 4356/4356 4354/4354
f 4358/4358 4354/4354 4356/4356
f 4356/4356 4357/4357 4358/4358
f 4345/4345 4352/4352 4354/4354
f 4354/4354 4358/4358 4345/4345
f 4361/4361 3606/3606 4359/4359
f 4359/4359 4360/4360 4361/4361
f 4360/4360 4359/4359 4362/4362
f 4362/4362 4363/4363 4360/4360
f 4356/4356 4360/4360 4363/4363
f 4363/4363 4357/4357 4356/4356
f 4355/4355 4361/4361 4360/4360
f 4360/4360 4356/4356 4355/4355
f 4363/4363 4362/4362 4364/4364
f 4364/4364 4365/4365 4363/4363
f 4367/4367 4366/4366 4327/4327
f 4327/4327 4326/4326 4367/4367
f 4368/4368 4367/4367 4326/4326
f 4326/4326 4325/4325 4368/4368
f 4357/4357 4363/4363 4365/4365
f 4365/4365 4369/4369 4357/4357
f 4368/4368 4325/4325 4333/4333
f 4333/4333 4370/4370 4368/4368
f 4370/4370 4333/4333 4332/4332
f 4332/4332 4347/4347 4370/4370
f 4358/4358 4371/4371 4346/4346
f 4346/4346 4345/4345 4358/4358
f 4357/4357 4369/4369 4371/4371
f 4371/4371 4358/4358 4357/4357
f 4374/4374 3590/3590 4372/4372
f 4372/4372 4373/4373 4374/4374
f 4373/4373 4372/4372 4375/4375
f 4375/4375 4376/4376 4373/4373
f 4378/4378 4373/4373 4376/4376
f 4376/4376 4377/4377 4378/4378
f 4379/4379 4374/4374 4373/4373
f 4373/4373 4378/4378 4379/4379
f 4376/4376 4375/4375 4380/4380
f 4380/4380 4381/4381 4376/4376
f 4385/4385 4382/4382 4383/4383
f 4383/4383 4384/4384 4385/4385
f 4387/4387 4385/4385 4384/4384
f 4384/4384 4386/4386 4387/4387
f 4377/4377 4376/4376 4381/4381
f 4381/4381 4388/4388 4377/4377
f 4391/4391 3549/3549 4389/4389
f 4389/4389 4390/4390 4391/4391
f 4390/4390 4389/4389 4392/4392
f 4392/4392 4393/4393 4390/4390
f 4384/4384 4390/4390 4393/4393
f 4393/4393 4386/4386 4384/4384
f 4383/4383 4391/4391 4390/4390
f 4390/4390 4384/4384 4383/4383
f 4393/4393 4392/4392 4394/4394
f 4394/4394 4395/4395 4393/4393
f 4395/4395 4394/4394 4396/4396
f 4396/4396 4397/4397 4395/4395
f 4399/4399 4395/4395 4397/4397
f 4397/4397 4398/4398 4399/4399
f 4386/4386 4393/4393 4395/4395
f 4395/4395 4399/4399 4386/4386
f 4402/4402 3622/3622 4400/4400
f 4400/4400 4401/4401 4402/4402
f 4401/4401 4400/4400 4403/4403
f 4403/4403 4404/4404 4401/4401
f 4397/4397 4401/4401 4404/4404
f 4404/4404 4398/4398 4397/4397
f 4396/4396 4402/4402 4401/4401
f 4401/4401 4397/4397 4396/4396
f 4404/4404 4403/4403 4405/4405
f 4405/4405 4406/4406 4404/4404
f 4408/4408 4407/4407 4379/4379
f 4379/4379 4378/4378 4408/4408
f 4409/4409 4408/4408 4378/4378
f 4378/4378 4377/4377 4409/4409
f 4398/4398 4404/4404 4406/4406
f 4406/4406 4410/4410 4398/4398
f 4409/4409 4377/4377 4388/4388
f 4388/4388 4411/4411 4409/4409
f 4387/4387 4386/4386 4399/4399
f 4399/4399 4412/4412 4387/4387
f 4399/4399 4398/4398 4410/4410
f 4410/4410 4412/4412 4399/4399
f 4415/4415 3497/3497 4413/4413
f 4413/4413 4414/4414 4415/4415
f 4414/4414 4413/4413 4416/4416
f 4416/4416 4417/4417 4414/4414
f 4419/4419 4414/4414 4417/4417
f 4417/4417 4418/4418 4419/4419
f 4420/4420 4415/4415 4414/4414
f 4414/4414 4419/4419 4420/4420
f 4417/4417 4416/4416 4421/4421
f 4421/4421 4422/4422 4417/4417
f 4422/4422 4421/4421 4423/4423
f 4423/4423 4424/4424 4422/4422
f 4426/4426 4422/4422 4424/4424
f 4424/4424 4425/4425 4426/4426
f 4418/4418 4417/4417 4422/4422
f 4422/4422 4426/4426 4418/4418
f 4429/4429 3520/3520 4427/4427
f 4427/4427 4428/4428 4429/4429
f 4428/4428 4427/4427 4430/4430
f 4430/4430 4431/4431 4428/4428
f 4424/4424 4428/4428 4431/4431
f 4431/4431 4425/4425 4424/4424
f 4423/4423 4429/4429 4428/4428
f 4428/4428 4424/4424 4423/4423
f 4431/4431 4430/4430 4432/4432
f 4432/4432 4433/4433 4431/4431
f 4433/4433 4432/4432 4434/4434
f 4434/4434 4435/4435 4433/4433
f 4437/4437 4433/4433 4435/4435
f 4435/4435 4436/4436 4437/4437
f 4425/4425 4431/4431 4433/4433
f 4433/4433 4437/4437 4425/4425
f 4440/4440 3687/3687 4438/4438
f 4438/4438 4439/4439 4440/4440
f 4439/4439 4438/4438 4441/4441
f 4441/4441 4442/4442 4439/4439
f 4444/4444 4439/4439 4442/4442
f 4442/4442 4443/4443 4444/4444
f 4445/4445 4440/4440 4439/4439
f 4439/4439 4444/4444 4445/4445
f 4442/4442 4441/4441 4446/4446
f 4446/4446 4447/4447 4442/4442
f 4447/4447 4446/4446 4448/4448
f 4448/4448 4449/4449 4447/4447
f 4451/4451 4447/4447 4449/4449
f 4449/4449 4450/4450 4451/4451
f 4443/4443 4442/4442 4447/4447
f 4447/4447 4451/4451 4443/4443
f 4454/4454 3642/3642 4452/4452
f 4452/4452 4453/4453 4454/4454
f 4453/4453 4452/4452 4455/4455
f 4455/4455 4456/4456 4453/4453
f 4449/4449 4453/4453 4456/4456
f 4456/4456 4450/4450 4449/4449
f 4448/4448 4454/4454 4453/4453
f 4453/4453 4449/4449 4448/4448
f 4456/4456 4455/4455 4457/4457
f 4457/4457 4458/4458 4456/4456
f 4458/4458 4457/4457 4420/4420
f 4420/4420 4419/4419 4458/4458
f 4459/4459 4458/4458 4419/4419
f 4419/4419 4418/4418 4459/4459
f 4450/4450 4456/4456 4458/4458
f 4458/4458 4459/4459 4450/4450
f 4459/4459 4418/4418 4426/4426
f 4426/4426 4460/4460 4459/4459
f 4460/4460 4426/4426 4425/4425
f 4425/4425 4437/4437 4460/4460
f 4451/4451 4460/4460 4437/4437
f 4437/4437 4436/4436 4451/4451
f 4450/4450 4459/4459 4460/4460
f 4460/4460 4451/4451 4450/4450
f 4463/4463 3557/3557 4461/4461
f 4461/4461 4462/4462 4463/4463
f 4462/4462 4461/4461 4464/4464
f 4464/4464 4465/4465 4462/4462
f 4467/4467 4462/4462 4465/4465
f 4465/4465 4466/4466 4467/4467
f 4468/4468 4463/4463 4462/4462
f 4462/4462 4467/4467 4468/4468
f 4465/4465 4464/4464 4469/4469
f 4469/4469 4470/4470 4465/4465
f 4470/4470 4469/4469 4471/4471
f 4471/4471 4472/4472 4470/4470
f 4474/4474 4470/4470 4472/4472
f 4472/4472 4473/4473 4474/4474
f 4466/4466 4465/4465 4470/4470
f 4470/4470 4474/4474 4466/4466
f 4477/4477 3591/3591 4475/4475
f 4475/4475 4476/4476 4477/4477
f 4476/4476 4475/4475 4478/4478
f 4478/4478 4479/4479 4476/4476
f 4472/4472 4476/4476 4479/4479
f 4479/4479 4473/4473 4472/4472
f 4471/4471 4477/4477 4476/4476
f 4476/4476 4472/4472 4471/4471
f 4479/4479 4478/4478 4480/4480
f 4480/4480 4481/4481 4479/4479
f 4481/4481 4480/4480 4482/4482
f 4482/4482 4483/4483 4481/4481
f 4485/4485 4481/4481 4483/4483
f 4483/4483 4484/4484 4485/4485
f 4473/4473 4479/4479 4481/4481
f 4481/4481 4485/4485 4473/4473
f 4488/4488 3649/3649 4486/4486
f 4486/4486 4487/4487 4488/4488
f 4487/4487 4486/4486 4489/4489
f 4489/4489 4490/4490 4487/4487
f 4483/4483 4487/4487 4490/4490
f 4490/4490 4484/4484 4483/4483
f 4482/4482 4488/4488 4487/4487
f 4487/4487 4483/4483 4482/4482
f 4490/4490 4489/4489 4491/4491
f 4491/4491 4492/4492 4490/4490
f 4492/4492 4491/4491 4493/4493
f 4493/4493 4494/4494 4492/4492
f 4496/4496 4492/4492 4494/4494
f 4494/4494 4495/4495 4496/4496
f 4484/4484 4490/4490 4492/4492
f 4492/4492 4496/4496 4484/4484
f 4499/4499 3624/3624 4497/4497
f 4497/4497 4498/4498 4499/4499
f 4498/4498 4497/4497 4500/4500
f 4500/4500 4501/4501 4498/4498
f 4494/4494 4498/4498 4501/4501
f 4501/4501 4495/4495 4494/4494
f 4493/4493 4499/4499 4498/4498
f 4498/4498 4494/4494 4493/4493
f 4501/4501 4500/4500 4502/4502
f 4502/4502 4503/4503 4501/4501
f 4503/4503 4502/4502 4468/4468
f 4468/4468 4467/4467 4503/4503
f 4504/4504 4503/4503 4467/4467
f 4467/4467 4466/4466 4504/4504
f 4495/4495 4501/4501 4503/4503
f 4503/4503 4504/4504 4495/4495
f 4504/4504 4466/4466 4474/4474
f 4474/4474 4505/4505 4504/4504
f 4505/4505 4474/4474 4473/4473
f 4473/4473 4485/4485 4505/4505
f 4496/4496 4505/4505 4485/4485
f 4485/4485 4484/4484 4496/4496
f 4495/4495 4504/4504 4505/4505
f 4505/4505 4496/4496 4495/4495
f 4508/4508 3599/3599 4506/4506
f 4506/4506 4507/4507 4508/4508
f 4507/4507 4506/4506 4509/4509
f 4509/4509 4510/4510 4507/4507
f 4512/4512 4507/4507 4510/4510
f 4510/4510 4511/4511 4512/4512
f 4513/4513 4508/4508 4507/4507
f 4507/4507 4512/4512 4513/4513
f 4510/4510 4509/4509 4514/4514
f 4514/4514 4515/4515 4510/4510
f 4515/4515 4514/4514 4516/4516
f 4516/4516 4517/4517 4515/4515
f 4519/4519 4515/4515 4517/4517
f 4517/4517 4518/4518 4519/4519
f 4511/4511 4510/4510 4515/4515
f 4515/4515 4519/4519 4511/4511
f 4522/4522 3489/3489 4520/4520
f 4520/4520 4521/4521 4522/4522
f 4521/4521 4520/4520 4523/4523
f 4523/4523 4524/4524 4521/4521
f 4517/4517 4521/4521 4524/4524
f 4524/4524 4518/4518 4517/4517
f 4516/4516 4522/4522 4521/4521
f 4521/4521 4517/4517 4516/4516
f 4524/4524 4523/4523 4525/4525
f 4525/4525 4526/4526 4524/4524
f 4526/4526 4525/4525 4527/4527
f 4527/4527 4528/4528 4526/4526
f 4530/4530 4526/4526 4528/4528
f 4528/4528 4529/4529 4530/4530
f 4518/4518 4524/4524 4526/4526
f 4526/4526 4530/4530 4518/4518
f 4533/4533 3640/3640 4531/4531
f 4531/4531 4532/4532 4533/4533
f 4532/4532 4531/4531 4534/4534
f 4534/4534 4535/4535 4532/4532
f 4528/4528 4532/4532 4535/4535
f 4535/4535 4529/4529 4528/4528
f 4527/4527 4533/4533 4532/4532
f 4532/4532 4528/4528 4527/4527
f 4535/4535 4534/4534 4536/4536
f 4536/4536 4537/4537 4535/4535
f 4537/4537 4536/4536 4538/4538
f 4538/4538 4539/4539 4537/4537
f 4541/4541 4537/4537 4539/4539
f 4539/4539 4540/4540 4541/4541
f 4529/4529 4535/4535 4537/4537
f 4537/4537 4541/4541 4529/4529
f 4544/4544 3651/3651 4542/4542
f 4542/4542 4543/4543 4544/4544
f 4543/4543 4542/4542 4545/4545
f 4545/4545 4546/4546 4543/4543
f 4539/4539 4543/4543 4546/4546
f 4546/4546 4540/4540 4539/4539
f 4538/4538 4544/4544 4543/4543
f 4543/4543 4539/4539 4538/4538
f 4546/4546 4545/4545 4547/4547
f 4547/4547 4548/4548 4546/4546
f 4548/4548 4547/4547 4513/4513
f 4513/4513 4512/4512 4548/4548
f 4549/4549 4548/4548 4512/4512
f 4512/4512 4511/4511 4549/4549
f 4540/4540 4546/4546 4548/4548
f 4548/4548 4549/4549 4540/4540
f 4549/4549 4511/4511 4519/4519
f 4519/4519 4550/4550 4549/4549
f 4550/4550 4519/4519 4518/4518
f 4518/4518 4530/4530 4550/4550
f 4541/4541 4550/4550 4530/4530
f 4530/4530 4529/4529 4541/4541
f 4540/4540 4549/4549 4550/4550
f 4550/4550 4541/4541 4540/4540
f 4553/4553 3582/3582 4551/4551
f 4551/4551 4552/4552 4553/4553
f 4552/4552 4551/4551 4554/4554
f 4554/4554 4555/4555 4552/4552
f 4557/4557 4552/4552 4555/4555
f 4555/4555 4556/4556 4557/4557
f 4558/4558 4553/4553 4552/4552
f 4552/4552 4557/4557 4558/4558
f 4555/4555 4554/4554 4559/4559
f 4559/4559 4560/4560 4555/4555
f 4564/4564 4561/4561 4562/4562
f 4562/4562 4563/4563 4564/4564
f 4566/4566 4564/4564 4563/4563
f 4563/4563 4565/4565 4566/4566
f 4556/4556 4555/4555 4560/4560
f 4560/4560 4567/4567 4556/4556
f 4570/4570 3618/3618 4568/4568
f 4568/4568 4569/4569 4570/4570
f 4569/4569 4568/4568 4571/4571
f 4571/4571 4572/4572 4569/4569
f 4563/4563 4569/4569 4572/4572
f 4572/4572 4565/4565 4563/4563
f 4562/4562 4570/4570 4569/4569
f 4569/4569 4563/4563 4562/4562
f 4572/4572 4571/4571 4573/4573
f 4573/4573 4574/4574 4572/4572
f 4574/4574 4573/4573 4575/4575
f 4575/4575 4576/4576 4574/4574
f 4578/4578 4574/4574 4576/4576
f 4576/4576 4577/4577 4578/4578
f 4565/4565 4572/4572 4574/4574
f 4574/4574 4578/4578 4565/4565
f 4581/4581 3667/3667 4579/4579
f 4579/4579 4580/4580 4581/4581
f 4580/4580 4579/4579 4582/4582
f 4582/4582 4583/4583 4580/4580
f 4576/4576 4580/4580 4583/4583
f 4583/4583 4577/4577 4576/4576
f 4575/4575 4581/4581 4580/4580
f 4580/4580 4576/4576 4575/4575
f 4583/4583 4582/4582 4584/4584
f 4584/4584 4585/4585 4583/4583
f 4587/4587 4586/4586 4558/4558
f 4558/4558 4557/4557 4587/4587
f 4588/4588 4587/4587 4557/4557
f 4557/4557 4556/4556 4588/4588
f 4577/4577 4583/4583 4585/4585
f 4585/4585 4589/4589 4577/4577
f 4588/4588 4556/4556 4567/4567
f 4567/4567 4590/4590 4588/4588
f 4566/4566 4565/4565 4578/4578
f 4578/4578 4591/4591 4566/4566
f 4578/4578 4577/4577 4589/4589
f 4589/4589 4591/4591 4578/4578
f 4594/4594 3644/3644 4592/4592
f 4592/4592 4593/4593 4594/4594
f 4593/4593 4592/4592 4595/4595
f 4595/4595 4596/4596 4593/4593
f 4598/4598 4593/4593 4596/4596
f 4596/4596 4597/4597 4598/4598
f 4599/4599 4594/4594 4593/4593
f 4593/4593 4598/4598 4599/4599
f 4596/4596 4595/4595 4600/4600
f 4600/4600 4601/4601 4596/4596
f 4601/4601 4600/4600 4602/4602
f 4602/4602 4603/4603 4601/4601
f 4605/4605 4601/4601 4603/4603
f 4603/4603 4604/4604 4605/4605
f 4597/4597 4596/4596 4601/4601
f 4601/4601 4605/4605 4597/4597
f 4608/4608 3685/3685 4606/4606
f 4606/4606 4607/4607 4608/4608
f 4607/4607 4606/4606 4609/4609
f 4609/4609 4610/4610 4607/4607
f 4603/4603 4607/4607 4610/4610
f 4610/4610 4604/4604 4603/4603
f 4602/4602 4608/4608 4607/4607
f 4607/4607 4603/4603 4602/4602
f 4614/4614 4611/4611 4612/4612
f 4612/4612 4613/4613 4614/4614
f 4613/4613 4612/4612 4615/4615
f 4615/4615 4616/4616 4613/4613
f 4618/4618 4613/4613 4616/4616
f 4616/4616 4617/4617 4618/4618
f 4619/4619 4614/4614 4613/4613
f 4613/4613 4618/4618 4619/4619
f 4622/4622 3504/3504 4620/4620
f 4620/4620 4621/4621 4622/4622
f 4621/4621 4620/4620 4623/4623
f 4623/4623 4624/4624 4621/4621
f 4616/4616 4621/4621 4624/4624
f 4624/4624 4617/4617 4616/4616
f 4615/4615 4622/4622 4621/4621
f 4621/4621 4616/4616 4615/4615
f 4624/4624 4623/4623 4625/4625
f 4625/4625 4626/4626 4624/4624
f 4626/4626 4625/4625 4627/4627
f 4627/4627 4628/4628 4626/4626
f 4630/4630 4626/4626 4628/4628
f 4628/4628 4629/4629 4630/4630
f 4617/4617 4624/4624 4626/4626
f 4626/4626 4630/4630 4617/4617
f 4633/4633 3615/3615 4631/4631
f 4631/4631 4632/4632 4633/4633
f 4632/4632 4631/4631 4634/4634
f 4634/4634 4635/4635 4632/4632
f 4628/4628 4632/4632 4635/4635
f 4635/4635 4629/4629 4628/4628
f 4627/4627 4633/4633 4632/4632
f 4632/4632 4628/4628 4627/4627
f 4635/4635 4634/4634 4636/4636
f 4636/4636 4637/4637 4635/4635
f 4637/4637 4636/4636 4599/4599
f 4599/4599 4598/4598 4637/4637
f 4638/4638 4637/4637 4598/4598
f 4598/4598 4597/4597 4638/4638
f 4629/4629 4635/4635 4637/4637
f 4637/4637 4638/4638 4629/4629
f 4638/4638 4597/4597 4605/4605
f 4605/4605 4639/4639 4638/4638
f 4639/4639 4605/4605 4619/4619
f 4619/4619 4618/4618 4639/4639
f 4630/4630 4639/4639 4618/4618
f 4618/4618 4617/4617 4630/4630
f 4629/4629 4638/4638 4639/4639
f 4639/4639 4630/4630 4629/4629
f 4642/4642 3626/3626 4640/4640
f 4640/4640 4641/4641 4642/4642
f 4641/4641 4640/4640 4643/4643
f 4643/4643 4644/4644 4641/4641
f 4646/4646 4641/4641 4644/4644
f 4644/4644 4645/4645 4646/4646
f 4647/4647 4642/4642 4641/4641
f 4641/4641 4646/4646 4647/4647
f 4644/4644 4643/4643 4648/4648
f 4648/4648 4649/4649 4644/4644
f 4649/4649 4648/4648 4650/4650
f 4650/4650 4651/4651 4649/4649
f 4653/4653 4649/4649 4651/4651
f 4651/4651 4652/4652 4653/4653
f 4645/4645 4644/4644 4649/4649
f 4649/4649 4653/4653 4645/4645
f 4656/4656 3645/3645 4654/4654
f 4654/4654 4655/4655 4656/4656
f 4655/4655 4654/4654 4657/4657
f 4657/4657 4658/4658 4655/4655
f 4651/4651 4655/4655 4658/4658
f 4658/4658 4652/4652 4651/4651
f 4650/4650 4656/4656 4655/4655
f 4655/4655 4651/4651 4650/4650
f 4658/4658 4657/4657 4659/4659
f 4659/4659 4660/4660 4658/4658
f 4660/4660 4659/4659 4661/4661
f 4661/4661 4662/4662 4660/4660
f 4664/4664 4660/4660 4662/4662
f 4662/4662 4663/4663 4664/4664
f 4652/4652 4658/4658 4660/4660
f 4660/4660 4664/4664 4652/4652
f 4667/4667 3631/3631 4665/4665
f 4665/4665 4666/4666 4667/4667
f 4666/4666 4665/4665 4668/4668
f 4668/4668 4669/4669 4666/4666
f 4662/4662 4666/4666 4669/4669
f 4669/4669 4663/4663 4662/4662
f 4661/4661 4667/4667 4666/4666
f 4666/4666 4662/4662 4661/4661
f 4669/4669 4668/4668 4670/4670
f 4670/4670 4671/4671 4669/4669
f 4671/4671 4670/4670 4672/4672
f 4672/4672 4673/4673 4671/4671
f 4675/4675 4671/4671 4673/4673
f 4673/4673 4674/4674 4675/4675
f 4663/4663 4669/4669 4671/4671
f 4671/4671 4675/4675 4663/4663
f 4678/4678 3669/3669 4676/4676
f 4676/4676 4677/4677 4678/4678
f 4677/4677 4676/4676 4679/4679
f 4679/4679 4680/4680 4677/4677
f 4673/4673 4677/4677 4680/4680
f 4680/4680 4674/4674 4673/4673
f 4672/4672 4678/4678 4677/4677
f 4677/4677 4673/4673 4672/4672
f 4680/4680 4679/4679 4681/4681
f 4681/4681 4682/4682 4680/4680
f 4682/4682 4681/4681 4647/4647
f 4647/4647 4646/4646 4682/4682
f 4683/4683 4682/4682 4646/4646
f 4646/4646 4645/4645 4683/4683
f 4674/4674 4680/4680 4682/4682
f 4682/4682 4683/4683 4674/4674
f 4683/4683 4645/4645 4653/4653
f 4653/4653 4684/4684 4683/4683
f 4684/4684 4653/4653 4652/4652
f 4652/4652 4664/4664 4684/4684
f 4675/4675 4684/4684 4664/4664
f 4664/4664 4663/4663 4675/4675
f 4674/4674 4683/4683 4684/4684
f 4684/4684 4675/4675 4674/4674
f 4687/4687 3653/3653 4685/4685
f 4685/4685 4686/4686 4687/4687
f 4686/4686 4685/4685 4688/4688
f 4688/4688 4689/4689 4686/4686
f 4691/4691 4686/4686 4689/4689
f 4689/4689 4690/4690 4691/4691
f 4692/4692 4687/4687 4686/4686
f 4686/4686 4691/4691 4692/4692
f 4689/4689 4688/4688 4693/4693
f 4693/4693 4694/4694 4689/4689
f 4694/4694 4693/4693 4695/4695
f 4695/4695 4696/4696 4694/4694
f 4698/4698 4694/4694 4696/4696
f 4696/4696 4697/4697 4698/4698
f 4690/4690 4689/4689 4694/4694
f 4694/4694 4698/4698 4690/4690
f 4701/4701 3636/3636 4699/4699
f 4699/4699 4700/4700 4701/4701
f 4700/4700 4699/4699 4702/4702
f 4702/4702 4703/4703 4700/4700
f 4696/4696 4700/4700 4703/4703
f 4703/4703 4697/4697 4696/4696
f 4695/4695 4701/4701 4700/4700
f 4700/4700 4696/4696 4695/4695
f 4703/4703 4702/4702 4704/4704
f 4704/4704 4705/4705 4703/4703
f 4705/4705 4704/4704 4706/4706
f 4706/4706 4707/4707 4705/4705
f 4709/4709 4705/4705 4707/4707
f 4707/4707 4708/4708 4709/4709
f 4697/4697 4703/4703 4705/4705
f 4705/4705 4709/4709 4697/4697
f 4712/4712 3613/3613 4710/4710
f 4710/4710 4711/4711 4712/4712
f 4711/4711 4710/4710 4713/4713
f 4713/4713 4714/4714 4711/4711
f 4707/4707 4711/4711 4714/4714
f 4714/4714 4708/4708 4707/4707
f 4706/4706 4712/4712 4711/4711
f 4711/4711 4707/4707 4706/4706
f 4714/4714 4713/4713 4715/4715
f 4715/4715 4716/4716 4714/4714
f 4716/4716 4715/4715 4717/4717
f 4717/4717 4718/4718 4716/4716
f 4720/4720 4716/4716 4718/4718
f 4718/4718 4719/4719 4720/4720
f 4708/4708 4714/4714 4716/4716
f 4716/4716 4720/4720 4708/4708
f 4723/4723 3633/3633 4721/4721
f 4721/4721 4722/4722 4723/4723
f 4722/4722 4721/4721 4724/4724
f 4724/4724 4725/4725 4722/4722
f 4718/4718 4722/4722 4725/4725
f 4725/4725 4719/4719 4718/4718
f 4717/4717 4723/4723 4722/4722
f 4722/4722 4718/4718 4717/4717
f 4725/4725 4724/4724 4726/4726
f 4726/4726 4727/4727 4725/4725
f 4727/4727 4726/4726 4692/4692
f 4692/4692 4691/4691 4727/4727
f 4728/4728 4727/4727 4691/4691
f 4691/4691 4690/4690 4728/4728
f 4719/4719 4725/4725 4727/4727
f 4727/4727 4728/4728 4719/4719
f 4728/4728 4690/4690 4698/4698
f 4698/4698 4729/4729 4728/4728
f 4729/4729 4698/4698 4697/4697
f 4697/4697 4709/4709 4729/4729
f 4720/4720 4729/4729 4709/4709
f 4709/4709 4708/4708 4720/4720
f 4719/4719 4728/4728 4729/4729
f 4729/4729 4720/4720 4719/4719
f 3841/3841 3548/3548 3546/3546
f 3546/3546 4730/4730 3841/3841
f 4730/4730 3546/3546 3545/3545
f 3545/3545 3867/3867 4730/4730
f 4731/4731 4730/4730 3867/3867
f 3867/3867 3861/3861 4731/4731
f 3844/3844 3841/3841 4730/4730
f 4730/4730 4731/4731 3844/3844
f 3846/3846 3844/3844 4731/4731
f 4731/4731 4732/4732 3846/3846
f 4732/4732 4731/4731 3861/3861
f 3861/3861 3859/3859 4732/4732
f 4733/4733 4732/4732 3859/3859
f 3859/3859 3854/3854 4733/4733
f 3805/3805 3846/3846 4732/4732
f 4732/4732 4733/4733 3805/3805
f 3800/3800 3805/3805 4733/4733
f 4733/4733 4734/4734 3800/3800
f 4734/4734 4733/4733 3854/3854
f 3854/3854 3851/3851 4734/4734
f 3510/3510 4734/4734 3851/3851
f 3851/3851 3507/3507 3510/3510
f 3515/3515 3800/3800 4734/4734
f 4734/4734 3510/3510 3515/3515
f 3934/3934 3581/3581 3579/3579
f 3579/3579 4735/4735 3934/3934
f 4735/4735 3579/3579 3578/3578
f 3578/3578 3829/3829 4735/4735
f 4736/4736 4735/4735 3829/3829
f 3829/3829 3823/3823 4736/4736
f 3937/3937 3934/3934 4735/4735
f 4735/4735 4736/4736 3937/3937
f 3939/3939 3937/3937 4736/4736
f 4736/4736 4737/4737 3939/3939
f 4737/4737 4736/4736 3823/3823
f 3823/3823 3821/3821 4737/4737
f 4738/4738 4737/4737 3821/3821
f 3821/3821 3819/3819 4738/4738
f 3904/3904 3939/3939 4737/4737
f 4737/4737 4738/4738 3904/3904
f 3899/3899 3904/3904 4738/4738
f 4738/4738 4739/4739 3899/3899
f 4739/4739 4738/4738 3819/3819
f 3819/3819 3816/3816 4739/4739
f 3501/3501 4739/4739 3816/3816
f 3816/3816 3498/3498 3501/3501
f 3506/3506 3899/3899 4739/4739
f 4739/4739 3501/3501 3506/3506
f 3980/3980 3536/3536 3534/3534
f 3534/3534 4740/4740 3980/3980
f 4740/4740 3534/3534 3533/3533
f 3533/3533 3925/3925 4740/4740
f 4741/4741 4740/4740 3925/3925
f 3925/3925 3919/3919 4741/4741
f 3983/3983 3980/3980 4740/4740
f 4740/4740 4741/4741 3983/3983
f 3985/3985 3983/3983 4741/4741
f 4741/4741 4742/4742 3985/3985
f 4742/4742 4741/4741 3919/3919
f 3919/3919 3917/3917 4742/4742
f 4743/4743 4742/4742 3917/3917
f 3917/3917 3914/3914 4743/4743
f 3950/3950 3985/3985 4742/4742
f 4742/4742 4743/4743 3950/3950
f 3945/3945 3950/3950 4743/4743
f 4743/4743 4744/4744 3945/3945
f 4744/4744 4743/4743 3914/3914
f 3914/3914 3911/3911 4744/4744
f 3684/3684 4744/4744 3911/3911
f 3911/3911 3681/3681 3684/3684
f 3689/3689 3945/3945 4744/4744
f 4744/4744 3684/3684 3689/3689
f 3876/3876 3569/3569 3567/3567
f 3567/3567 4745/4745 3876/3876
f 4745/4745 3567/3567 3566/3566
f 3566/3566 3971/3971 4745/4745
f 4746/4746 4745/4745 3971/3971
f 3971/3971 3965/3965 4746/4746
f 3879/3879 3876/3876 4745/4745
f 4745/4745 4746/4746 3879/3879
f 3881/3881 3879/3879 4746/4746
f 4746/4746 4747/4747 3881/3881
f 4747/4747 4746/4746 3965/3965
f 3965/3965 3963/3963 4747/4747
f 4748/4748 4747/4747 3963/3963
f 3963/3963 3961/3961 4748/4748
f 3883/3883 3881/3881 4747/4747
f 4747/4747 4748/4748 3883/3883
f 3889/3889 3883/3883 4748/4748
f 4748/4748 4749/4749 3889/3889
f 4749/4749 4748/4748 3961/3961
f 3961/3961 3958/3958 4749/4749
f 3519/3519 4749/4749 3958/3958
f 3958/3958 3516/3516 3519/3519
f 3524/3524 3889/3889 4749/4749
f 4749/4749 3519/3519 3524/3524
f 4751/4751 4750/4750 3712/3712
f 3712/3712 3710/3710 4751/4751
f 3717/3717 3716/3716 4750/4750
f 4750/4750 4751/4751 3717/3717
f 3724/3724 3717/3717 4751/4751
f 4751/4751 4752/4752 3724/3724
f 4752/4752 4751/4751 3710/3710
f 3710/3710 3707/3707 4752/4752
f 3538/3538 4752/4752 3707/3707
f 3707/3707 3541/3541 3538/3538
f 3537/3537 3724/3724 4752/4752
f 4752/4752 3538/3538 3537/3537
f 4754/4754 4753/4753 3741/3741
f 3741/3741 3739/3739 4754/4754
f 3773/3773 3772/3772 4753/4753
f 4753/4753 4754/4754 3773/3773
f 3780/3780 3773/3773 4754/4754
f 4754/4754 4755/4755 3780/3780
f 4755/4755 4754/4754 3739/3739
f 3739/3739 3736/3736 4755/4755
f 3571/3571 4755/4755 3736/3736
f 3736/3736 3574/3574 3571/3571
f 3570/3570 3780/3780 4755/4755
f 4755/4755 3571/3571 3570/3570
f 4757/4757 4756/4756 3794/3794
f 3794/3794 3792/3792 4757/4757
f 3747/3747 3746/3746 4756/4756
f 4756/4756 4757/4757 3747/3747
f 3754/3754 3747/3747 4757/4757
f 4757/4757 4758/4758 3754/3754
f 4758/4758 4757/4757 3792/3792
f 3792/3792 3789/3789 4758/4758
f 3526/3526 4758/4758 3789/3789
f 3789/3789 3529/3529 3526/3526
f 3525/3525 3754/3754 4758/4758
f 4758/4758 3526/3526 3525/3525
f 4760/4760 4759/4759 3768/3768
f 3768/3768 3766/3766 4760/4760
f 3691/3691 3690/3690 4759/4759
f 4759/4759 4760/4760 3691/3691
f 3698/3698 3691/3691 4760/4760
f 4760/4760 4761/4761 3698/3698
f 4761/4761 4760/4760 3766/3766
f 3766/3766 3763/3763 4761/4761
f 3559/3559 4761/4761 3763/3763
f 3763/3763 3562/3562 3559/3559
f 3558/3558 3698/3698 4761/4761
f 4761/4761 3559/3559 3558/3558
f 3827/3827 3578/3578 3577/3577
f 3577/3577 4762/4762 3827/3827
f 4763/4763 3575/3575 3574/3574
f 3574/3574 3738/3738 4763/4763
f 4764/4764 4763/4763 3738/3738
f 3738/3738 3730/3730 4764/4764
f 3830/3830 3827/3827 4762/4762
f 4762/4762 4764/4764 3830/3830
f 3832/3832 3830/3830 4764/4764
f 4764/4764 4765/4765 3832/3832
f 4765/4765 4764/4764 3730/3730
f 3730/3730 3729/3729 4765/4765
f 4767/4767 4766/4766 3727/3727
f 3727/3727 3725/3725 4767/4767
f 3835/3835 3834/3834 4766/4766
f 4766/4766 4767/4767 3835/3835
f 3843/3843 3835/3835 4767/4767
f 4767/4767 4768/4768 3843/3843
f 4769/4769 4767/4767 3725/3725
f 3725/3725 3722/3722 4769/4769
f 3540/3540 4769/4769 3722/3722
f 3722/3722 3537/3537 3540/3540
f 3548/3548 3843/3843 4768/4768
f 4768/4768 3547/3547 3548/3548
f 3696/3696 3558/3558 3561/3561
f 3561/3561 4770/4770 3696/3696
f 4771/4771 3568/3568 3569/3569
f 3569/3569 3878/3878 4771/4771
f 4772/4772 4771/4771 3878/3878
f 3878/3878 3872/3872 4772/4772
f 3699/3699 3696/3696 4770/4770
f 4770/4770 4772/4772 3699/3699
f 3701/3701 3699/3699 4772/4772
f 4772/4772 4773/4773 3701/3701
f 4773/4773 4772/4772 3872/3872
f 3872/3872 3870/3870 4773/4773
f 4774/4774 4773/4773 3870/3870
f 3870/3870 3868/3868 4774/4774
f 3703/3703 3701/3701 4773/4773
f 4773/4773 4774/4774 3703/3703
f 3709/3709 3703/3703 4774/4774
f 4774/4774 4775/4775 3709/3709
f 4776/4776 4774/4774 3868/3868
f 3868/3868 3865/3865 4776/4776
f 3544/3544 4776/4776 3865/3865
f 3865/3865 3545/3545 3544/3544
f 3541/3541 3709/3709 4775/4775
f 4775/4775 3542/3542 3541/3541
f 3923/3923 3533/3533 3532/3532
f 3532/3532 4777/4777 3923/3923
f 4778/4778 3530/3530 3529/3529
f 3529/3529 3791/3791 4778/4778
f 4779/4779 4778/4778 3791/3791
f 3791/3791 3785/3785 4779/4779
f 3926/3926 3923/3923 4777/4777
f 4777/4777 4779/4779 3926/3926
f 3928/3928 3926/3926 4779/4779
f 4779/4779 4780/4780 3928/3928
f 4780/4780 4779/4779 3785/3785
f 3785/3785 3783/3783 4780/4780
f 4781/4781 4780/4780 3783/3783
f 3783/3783 3781/3781 4781/4781
f 3930/3930 3928/3928 4780/4780
f 4780/4780 4781/4781 3930/3930
f 3936/3936 3930/3930 4781/4781
f 4781/4781 4782/4782 3936/3936
f 4783/4783 4781/4781 3781/3781
f 3781/3781 3778/3778 4783/4783
f 3573/3573 4783/4783 3778/3778
f 3778/3778 3570/3570 3573/3573
f 3581/3581 3936/3936 4782/4782
f 4782/4782 3580/3580 3581/3581
f 3969/3969 3566/3566 3565/3565
f 3565/3565 4784/4784 3969/3969
f 4785/4785 3563/3563 3562/3562
f 3562/3562 3765/3765 4785/4785
f 4786/4786 4785/4785 3765/3765
f 3765/3765 3759/3759 4786/4786
f 3972/3972 3969/3969 4784/4784
f 4784/4784 4786/4786 3972/3972
f 3974/3974 3972/3972 4786/4786
f 4786/4786 4787/4787 3974/3974
f 4787/4787 4786/4786 3759/3759
f 3759/3759 3757/3757 4787/4787
f 4788/4788 4787/4787 3757/3757
f 3757/3757 3755/3755 4788/4788
f 3976/3976 3974/3974 4787/4787
f 4787/4787 4788/4788 3976/3976
f 3982/3982 3976/3976 4788/4788
f 4788/4788 4789/4789 3982/3982
f 4790/4790 4788/4788 3755/3755
f 3755/3755 3752/3752 4790/4790
f 3528/3528 4790/4790 3752/3752
f 3752/3752 3525/3525 3528/3528
f 3536/3536 3982/3982 4789/4789
f 4789/4789 3535/3535 3536/3536
f 4078/4078 3555/3555 3554/3554
f 3554/3554 4791/4791 4078/4078
f 4791/4791 3554/3554 3553/3553
f 3553/3553 3991/3991 4791/4791
f 4792/4792 4791/4791 3991/3991
f 3991/3991 3996/3996 4792/4792
f 4081/4081 4078/4078 4791/4791
f 4791/4791 4792/4792 4081/4081
f 4086/4086 4081/4081 4792/4792
f 4792/4792 4793/4793 4086/4086
f 4793/4793 4792/4792 3996/3996
f 3996/3996 4025/4025 4793/4793
f 4794/4794 4793/4793 4025/4025
f 4025/4025 4023/4023 4794/4794
f 4088/4088 4086/4086 4793/4793
f 4793/4793 4794/4794 4088/4088
f 4094/4094 4088/4088 4794/4794
f 4794/4794 4795/4795 4094/4094
f 4795/4795 4794/4794 4023/4023
f 4023/4023 4020/4020 4795/4795
f 3657/3657 4795/4795 4020/4020
f 4020/4020 3654/3654 3657/3657
f 3662/3662 4094/4094 4795/4795
f 4795/4795 3657/3657 3662/3662
f 4006/4006 3588/3588 3587/3587
f 3587/3587 4796/4796 4006/4006
f 4796/4796 3587/3587 3586/3586
f 3586/3586 4170/4170 4796/4796
f 4797/4797 4796/4796 4170/4170
f 4170/4170 4175/4175 4797/4797
f 4009/4009 4006/4006 4796/4796
f 4796/4796 4797/4797 4009/4009
f 4011/4011 4009/4009 4797/4797
f 4797/4797 4798/4798 4011/4011
f 4798/4798 4797/4797 4175/4175
f 4175/4175 4206/4206 4798/4798
f 4800/4800 4799/4799 4204/4204
f 4204/4204 4202/4202 4800/4800
f 4014/4014 4013/4013 4799/4799
f 4799/4799 4800/4800 4014/4014
f 4022/4022 4014/4014 4800/4800
f 4800/4800 4801/4801 4022/4022
f 4801/4801 4800/4800 4202/4202
f 4202/4202 4199/4199 4801/4801
f 3655/3655 4801/4801 4199/4199
f 4199/4199 3658/3658 3655/3655
f 3654/3654 4022/4022 4801/4801
f 4801/4801 3655/3655 3654/3654
f 4185/4185 3663/3663 3666/3666
f 3666/3666 4802/4802 4185/4185
f 4802/4802 3666/3666 3671/3671
f 3671/3671 4270/4270 4802/4802
f 4803/4803 4802/4802 4270/4270
f 4270/4270 4275/4275 4803/4803
f 4188/4188 4185/4185 4802/4802
f 4802/4802 4803/4803 4188/4188
f 4190/4190 4188/4188 4803/4803
f 4803/4803 4804/4804 4190/4190
f 4804/4804 4803/4803 4275/4275
f 4275/4275 4314/4314 4804/4804
f 4806/4806 4805/4805 4312/4312
f 4312/4312 4310/4310 4806/4806
f 4193/4193 4192/4192 4805/4805
f 4805/4805 4806/4806 4193/4193
f 4201/4201 4193/4193 4806/4806
f 4806/4806 4807/4807 4201/4201
f 4807/4807 4806/4806 4310/4310
f 4310/4310 4307/4307 4807/4807
f 3659/3659 4807/4807 4307/4307
f 4307/4307 3660/3660 3659/3659
f 3658/3658 4201/4201 4807/4807
f 4807/4807 3659/3659 3658/3658
f 4296/4296 3604/3604 3601/3601
f 3601/3601 4808/4808 4296/4296
f 4808/4808 3601/3601 3600/3600
f 3600/3600 4105/4105 4808/4808
f 4809/4809 4808/4808 4105/4105
f 4105/4105 4099/4099 4809/4809
f 4299/4299 4296/4296 4808/4808
f 4808/4808 4809/4809 4299/4299
f 4301/4301 4299/4299 4809/4809
f 4809/4809 4810/4810 4301/4301
f 4810/4810 4809/4809 4099/4099
f 4099/4099 4097/4097 4810/4810
f 4811/4811 4810/4810 4097/4097
f 4097/4097 4095/4095 4811/4811
f 4303/4303 4301/4301 4810/4810
f 4810/4810 4811/4811 4303/4303
f 4309/4309 4303/4303 4811/4811
f 4811/4811 4812/4812 4309/4309
f 4812/4812 4811/4811 4095/4095
f 4095/4095 4092/4092 4812/4812
f 3661/3661 4812/4812 4092/4092
f 4092/4092 3662/3662 3661/3661
f 3660/3660 4309/4309 4812/4812
f 4812/4812 3661/3661 3660/3660
f 4123/4123 3597/3597 3596/3596
f 3596/3596 4813/4813 4123/4123
f 4813/4813 3596/3596 3595/3595
f 3595/3595 4116/4116 4813/4813
f 4814/4814 4813/4813 4116/4116
f 4116/4116 4110/4110 4814/4814
f 4126/4126 4123/4123 4813/4813
f 4813/4813 4814/4814 4126/4126
f 4131/4131 4126/4126 4814/4814
f 4814/4814 4815/4815 4131/4131
f 4815/4815 4814/4814 4110/4110
f 4110/4110 4108/4108 4815/4815
f 4816/4816 4815/4815 4108/4108
f 4108/4108 4106/4106 4816/4816
f 4133/4133 4131/4131 4815/4815
f 4815/4815 4816/4816 4133/4133
f 4139/4139 4133/4133 4816/4816
f 4816/4816 4817/4817 4139/4139
f 4817/4817 4816/4816 4106/4106
f 4106/4106 4103/4103 4817/4817
f 3603/3603 4817/4817 4103/4103
f 4103/4103 3600/3600 3603/3603
f 3608/3608 4139/4139 4817/4817
f 4817/4817 3603/3603 3608/3608
f 4282/4282 3627/3627 3630/3630
f 3630/3630 4818/4818 4282/4282
f 4818/4818 3630/3630 3635/3635
f 3635/3635 4322/4322 4818/4818
f 4819/4819 4818/4818 4322/4322
f 4322/4322 4327/4327 4819/4819
f 4285/4285 4282/4282 4818/4818
f 4818/4818 4819/4819 4285/4285
f 4287/4287 4285/4285 4819/4819
f 4819/4819 4820/4820 4287/4287
f 4820/4820 4819/4819 4327/4327
f 4327/4327 4366/4366 4820/4820
f 4822/4822 4821/4821 4364/4364
f 4364/4364 4362/4362 4822/4822
f 4290/4290 4289/4289 4821/4821
f 4821/4821 4822/4822 4290/4290
f 4298/4298 4290/4290 4822/4822
f 4822/4822 4823/4823 4298/4298
f 4823/4823 4822/4822 4362/4362
f 4362/4362 4359/4359 4823/4823
f 3605/3605 4823/4823 4359/4359
f 4359/4359 3606/3606 3605/3605
f 3604/3604 4298/4298 4823/4823
f 4823/4823 3605/3605 3604/3604
f 4348/4348 3676/3676 3673/3673
f 3673/3673 4824/4824 4348/4348
f 4824/4824 3673/3673 3672/3672
f 3672/3672 4150/4150 4824/4824
f 4825/4825 4824/4824 4150/4150
f 4150/4150 4144/4144 4825/4825
f 4351/4351 4348/4348 4824/4824
f 4824/4824 4825/4825 4351/4351
f 4353/4353 4351/4351 4825/4825
f 4825/4825 4826/4826 4353/4353
f 4826/4826 4825/4825 4144/4144
f 4144/4144 4142/4142 4826/4826
f 4827/4827 4826/4826 4142/4142
f 4142/4142 4140/4140 4827/4827
f 4355/4355 4353/4353 4826/4826
f 4826/4826 4827/4827 4355/4355
f 4361/4361 4355/4355 4827/4827
f 4827/4827 4828/4828 4361/4361
f 4828/4828 4827/4827 4140/4140
f 4140/4140 4137/4137 4828/4828
f 3607/3607 4828/4828 4137/4137
f 4137/4137 3608/3608 3607/3607
f 3606/3606 4361/4361 4828/4828
f 4828/4828 3607/3607 3606/3606
f 4030/4030 3495/3495 3494/3494
f 3494/3494 4829/4829 4030/4030
f 4829/4829 3494/3494 3493/3493
f 3493/3493 4161/4161 4829/4829
f 4830/4830 4829/4829 4161/4161
f 4161/4161 4155/4155 4830/4830
f 4033/4033 4030/4030 4829/4829
f 4829/4829 4830/4830 4033/4033
f 4038/4038 4033/4033 4830/4830
f 4830/4830 4831/4831 4038/4038
f 4831/4831 4830/4830 4155/4155
f 4155/4155 4153/4153 4831/4831
f 4832/4832 4831/4831 4153/4153
f 4153/4153 4151/4151 4832/4832
f 4040/4040 4038/4038 4831/4831
f 4831/4831 4832/4832 4040/4040
f 4046/4046 4040/4040 4832/4832
f 4832/4832 4833/4833 4046/4046
f 4833/4833 4832/4832 4151/4151
f 4151/4151 4148/4148 4833/4833
f 3675/3675 4833/4833 4148/4148
f 4148/4148 3672/3672 3675/3675
f 3680/3680 4046/4046 4833/4833
f 4833/4833 3675/3675 3680/3680
f 4334/4334 3609/3609 3612/3612
f 3612/3612 4834/4834 4334/4334
f 4834/4834 3612/3612 3617/3617
f 3617/3617 4215/4215 4834/4834
f 4835/4835 4834/4834 4215/4215
f 4215/4215 4220/4220 4835/4835
f 4337/4337 4334/4334 4834/4834
f 4834/4834 4835/4835 4337/4337
f 4339/4339 4337/4337 4835/4835
f 4835/4835 4836/4836 4339/4339
f 4836/4836 4835/4835 4220/4220
f 4220/4220 4262/4262 4836/4836
f 4838/4838 4837/4837 4260/4260
f 4260/4260 4258/4258 4838/4838
f 4342/4342 4341/4341 4837/4837
f 4837/4837 4838/4838 4342/4342
f 4350/4350 4342/4342 4838/4838
f 4838/4838 4839/4839 4350/4350
f 4839/4839 4838/4838 4258/4258
f 4258/4258 4255/4255 4839/4839
f 3677/3677 4839/4839 4255/4255
f 4255/4255 3678/3678 3677/3677
f 3676/3676 4350/4350 4839/4839
f 4839/4839 3677/3677 3676/3676
f 4241/4241 3513/3513 3512/3512
f 3512/3512 4840/4840 4241/4241
f 4840/4840 3512/3512 3511/3511
f 3511/3511 4057/4057 4840/4840
f 4841/4841 4840/4840 4057/4057
f 4057/4057 4051/4051 4841/4841
f 4244/4244 4241/4241 4840/4840
f 4840/4840 4841/4841 4244/4244
f 4249/4249 4244/4244 4841/4841
f 4841/4841 4842/4842 4249/4249
f 4842/4842 4841/4841 4051/4051
f 4051/4051 4049/4049 4842/4842
f 4843/4843 4842/4842 4049/4049
f 4049/4049 4047/4047 4843/4843
f 4251/4251 4249/4249 4842/4842
f 4842/4842 4843/4843 4251/4251
f 4257/4257 4251/4251 4843/4843
f 4843/4843 4844/4844 4257/4257
f 4844/4844 4843/4843 4047/4047
f 4047/4047 4044/4044 4844/4844
f 3679/3679 4844/4844 4044/4044
f 4044/4044 3680/3680 3679/3679
f 3678/3678 4257/4257 4844/4844
f 4844/4844 3679/3679 3678/3678
f 4168/4168 3586/3586 3583/3583
f 3583/3583 4845/4845 4168/4168
f 4845/4845 3583/3583 3582/3582
f 3582/3582 4553/4553 4845/4845
f 4846/4846 4845/4845 4553/4553
f 4553/4553 4558/4558 4846/4846
f 4171/4171 4168/4168 4845/4845
f 4845/4845 4846/4846 4171/4171
f 4176/4176 4171/4171 4846/4846
f 4846/4846 4847/4847 4176/4176
f 4847/4847 4846/4846 4558/4558
f 4558/4558 4586/4586 4847/4847
f 4849/4849 4848/4848 4584/4584
f 4584/4584 4582/4582 4849/4849
f 4179/4179 4178/4178 4848/4848
f 4848/4848 4849/4849 4179/4179
f 4187/4187 4179/4179 4849/4849
f 4849/4849 4850/4850 4187/4187
f 4850/4850 4849/4849 4582/4582
f 4582/4582 4579/4579 4850/4850
f 3664/3664 4850/4850 4579/4579
f 4579/4579 3667/3667 3664/3664
f 3663/3663 4187/4187 4850/4850
f 4850/4850 3664/3664 3663/3663
f 4568/4568 3618/3618 3621/3621
f 3621/3621 4851/4851 4568/4568
f 4851/4851 3621/3621 3626/3626
f 3626/3626 4642/4642 4851/4851
f 4852/4852 4851/4851 4642/4642
f 4642/4642 4647/4647 4852/4852
f 4571/4571 4568/4568 4851/4851
f 4851/4851 4852/4852 4571/4571
f 4573/4573 4571/4571 4852/4852
f 4852/4852 4853/4853 4573/4573
f 4853/4853 4852/4852 4647/4647
f 4647/4647 4681/4681 4853/4853
f 4854/4854 4853/4853 4681/4681
f 4681/4681 4679/4679 4854/4854
f 4575/4575 4573/4573 4853/4853
f 4853/4853 4854/4854 4575/4575
f 4581/4581 4575/4575 4854/4854
f 4854/4854 4855/4855 4581/4581
f 4855/4855 4854/4854 4679/4679
f 4679/4679 4676/4676 4855/4855
f 3668/3668 4855/4855 4676/4676
f 4676/4676 3669/3669 3668/3668
f 3667/3667 4581/4581 4855/4855
f 4855/4855 3668/3668 3667/3667
f 4665/4665 3631/3631 3628/3628
f 3628/3628 4856/4856 4665/4665
f 4856/4856 3628/3628 3627/3627
f 3627/3627 4284/4284 4856/4856
f 4857/4857 4856/4856 4284/4284
f 4284/4284 4278/4278 4857/4857
f 4668/4668 4665/4665 4856/4856
f 4856/4856 4857/4857 4668/4668
f 4670/4670 4668/4668 4857/4857
f 4857/4857 4858/4858 4670/4670
f 4858/4858 4857/4857 4278/4278
f 4278/4278 4276/4276 4858/4858
f 4859/4859 4858/4858 4276/4276
f 4276/4276 4271/4271 4859/4859
f 4672/4672 4670/4670 4858/4858
f 4858/4858 4859/4859 4672/4672
f 4678/4678 4672/4672 4859/4859
f 4859/4859 4860/4860 4678/4678
f 4860/4860 4859/4859 4271/4271
f 4271/4271 4268/4268 4860/4860
f 3670/3670 4860/4860 4268/4268
f 4268/4268 3671/3671 3670/3670
f 3669/3669 4678/4678 4860/4860
f 4860/4860 3670/3670 3669/3669
f 4654/4654 3645/3645 3648/3648
f 3648/3648 4861/4861 4654/4654
f 4861/4861 3648/3648 3653/3653
f 3653/3653 4687/4687 4861/4861
f 4862/4862 4861/4861 4687/4687
f 4687/4687 4692/4692 4862/4862
f 4657/4657 4654/4654 4861/4861
f 4861/4861 4862/4862 4657/4657
f 4659/4659 4657/4657 4862/4862
f 4862/4862 4863/4863 4659/4659
f 4863/4863 4862/4862 4692/4692
f 4692/4692 4726/4726 4863/4863
f 4864/4864 4863/4863 4726/4726
f 4726/4726 4724/4724 4864/4864
f 4661/4661 4659/4659 4863/4863
f 4863/4863 4864/4864 4661/4661
f 4667/4667 4661/4661 4864/4864
f 4864/4864 4865/4865 4667/4667
f 4865/4865 4864/4864 4724/4724
f 4724/4724 4721/4721 4865/4865
f 3632/3632 4865/4865 4721/4721
f 4721/4721 3633/3633 3632/3632
f 3631/3631 4667/4667 4865/4865
f 4865/4865 3632/3632 3631/3631
f 4710/4710 3613/3613 3610/3610
f 3610/3610 4866/4866 4710/4710
f 4866/4866 3610/3610 3609/3609
f 3609/3609 4336/4336 4866/4866
f 4867/4867 4866/4866 4336/4336
f 4336/4336 4330/4330 4867/4867
f 4713/4713 4710/4710 4866/4866
f 4866/4866 4867/4867 4713/4713
f 4715/4715 4713/4713 4867/4867
f 4867/4867 4868/4868 4715/4715
f 4868/4868 4867/4867 4330/4330
f 4330/4330 4328/4328 4868/4868
f 4869/4869 4868/4868 4328/4328
f 4328/4328 4323/4323 4869/4869
f 4717/4717 4715/4715 4868/4868
f 4868/4868 4869/4869 4717/4717
f 4723/4723 4717/4717 4869/4869
f 4869/4869 4870/4870 4723/4723
f 4870/4870 4869/4869 4323/4323
f 4323/4323 4320/4320 4870/4870
f 3634/3634 4870/4870 4320/4320
f 4320/4320 3635/3635 3634/3634
f 3633/3633 4723/4723 4870/4870
f 4870/4870 3634/3634 3633/3633
f 4699/4699 3636/3636 3639/3639
f 3639/3639 4871/4871 4699/4699
f 4871/4871 3639/3639 3644/3644
f 3644/3644 4594/4594 4871/4871
f 4872/4872 4871/4871 4594/4594
f 4594/4594 4599/4599 4872/4872
f 4702/4702 4699/4699 4871/4871
f 4871/4871 4872/4872 4702/4702
f 4704/4704 4702/4702 4872/4872
f 4872/4872 4873/4873 4704/4704
f 4873/4873 4872/4872 4599/4599
f 4599/4599 4636/4636 4873/4873
f 4874/4874 4873/4873 4636/4636
f 4636/4636 4634/4634 4874/4874
f 4706/4706 4704/4704 4873/4873
f 4873/4873 4874/4874 4706/4706
f 4712/4712 4706/4706 4874/4874
f 4874/4874 4875/4875 4712/4712
f 4875/4875 4874/4874 4634/4634
f 4634/4634 4631/4631 4875/4875
f 3614/3614 4875/4875 4631/4631
f 4631/4631 3615/3615 3614/3614
f 3613/3613 4712/4712 4875/4875
f 4875/4875 3614/3614 3613/3613
f 4620/4620 3504/3504 3503/3503
f 3503/3503 4876/4876 4620/4620
f 4876/4876 3503/3503 3502/3502
f 3502/3502 4229/4229 4876/4876
f 4877/4877 4876/4876 4229/4229
f 4229/4229 4223/4223 4877/4877
f 4623/4623 4620/4620 4876/4876
f 4876/4876 4877/4877 4623/4623
f 4625/4625 4623/4623 4877/4877
f 4877/4877 4878/4878 4625/4625
f 4878/4878 4877/4877 4223/4223
f 4223/4223 4221/4221 4878/4878
f 4879/4879 4878/4878 4221/4221
f 4221/4221 4216/4216 4879/4879
f 4627/4627 4625/4625 4878/4878
f 4878/4878 4879/4879 4627/4627
f 4633/4633 4627/4627 4879/4879
f 4879/4879 4880/4880 4633/4633
f 4880/4880 4879/4879 4216/4216
f 4216/4216 4213/4213 4880/4880
f 3616/3616 4880/4880 4213/4213
f 4213/4213 3617/3617 3616/3616
f 3615/3615 4633/4633 4880/4880
f 4880/4880 3616/3616 3615/3615
f 4551/4551 3582/3582 3585/3585
f 3585/3585 4881/4881 4551/4551
f 4881/4881 3585/3585 3590/3590
f 3590/3590 4374/4374 4881/4881
f 4882/4882 4881/4881 4374/4374
f 4374/4374 4379/4379 4882/4882
f 4554/4554 4551/4551 4881/4881
f 4881/4881 4882/4882 4554/4554
f 4559/4559 4554/4554 4882/4882
f 4882/4882 4883/4883 4559/4559
f 4883/4883 4882/4882 4379/4379
f 4379/4379 4407/4407 4883/4883
f 4885/4885 4884/4884 4405/4405
f 4405/4405 4403/4403 4885/4885
f 4562/4562 4561/4561 4884/4884
f 4884/4884 4885/4885 4562/4562
f 4570/4570 4562/4562 4885/4885
f 4885/4885 4886/4886 4570/4570
f 4886/4886 4885/4885 4403/4403
f 4403/4403 4400/4400 4886/4886
f 3619/3619 4886/4886 4400/4400
f 4400/4400 3622/3622 3619/3619
f 3618/3618 4570/4570 4886/4886
f 4886/4886 3619/3619 3618/3618
f 4389/4389 3549/3549 3552/3552
f 3552/3552 4887/4887 4389/4389
f 4887/4887 3552/3552 3557/3557
f 3557/3557 4463/4463 4887/4887
f 4888/4888 4887/4887 4463/4463
f 4463/4463 4468/4468 4888/4888
f 4392/4392 4389/4389 4887/4887
f 4887/4887 4888/4888 4392/4392
f 4394/4394 4392/4392 4888/4888
f 4888/4888 4889/4889 4394/4394
f 4889/4889 4888/4888 4468/4468
f 4468/4468 4502/4502 4889/4889
f 4890/4890 4889/4889 4502/4502
f 4502/4502 4500/4500 4890/4890
f 4396/4396 4394/4394 4889/4889
f 4889/4889 4890/4890 4396/4396
f 4402/4402 4396/4396 4890/4890
f 4890/4890 4891/4891 4402/4402
f 4891/4891 4890/4890 4500/4500
f 4500/4500 4497/4497 4891/4891
f 3623/3623 4891/4891 4497/4497
f 4497/4497 3624/3624 3623/3623
f 3622/3622 4402/4402 4891/4891
f 4891/4891 3623/3623 3622/3622
f 4486/4486 3649/3649 3646/3646
f 3646/3646 4892/4892 4486/4486
f 4892/4892 3646/3646 3645/3645
f 3645/3645 4656/4656 4892/4892
f 4893/4893 4892/4892 4656/4656
f 4656/4656 4650/4650 4893/4893
f 4489/4489 4486/4486 4892/4892
f 4892/4892 4893/4893 4489/4489
f 4491/4491 4489/4489 4893/4893
f 4893/4893 4894/4894 4491/4491
f 4894/4894 4893/4893 4650/4650
f 4650/4650 4648/4648 4894/4894
f 4895/4895 4894/4894 4648/4648
f 4648/4648 4643/4643 4895/4895
f 4493/4493 4491/4491 4894/4894
f 4894/4894 4895/4895 4493/4493
f 4499/4499 4493/4493 4895/4895
f 4895/4895 4896/4896 4499/4499
f 4896/4896 4895/4895 4643/4643
f 4643/4643 4640/4640 4896/4896
f 3625/3625 4896/4896 4640/4640
f 4640/4640 3626/3626 3625/3625
f 3624/3624 4499/4499 4896/4896
f 4896/4896 3625/3625 3624/3624
f 4475/4475 3591/3591 3594/3594
f 3594/3594 4897/4897 4475/4475
f 4897/4897 3594/3594 3599/3599
f 3599/3599 4508/4508 4897/4897
f 4898/4898 4897/4897 4508/4508
f 4508/4508 4513/4513 4898/4898
f 4478/4478 4475/4475 4897/4897
f 4897/4897 4898/4898 4478/4478
f 4480/4480 4478/4478 4898/4898
f 4898/4898 4899/4899 4480/4480
f 4899/4899 4898/4898 4513/4513
f 4513/4513 4547/4547 4899/4899
f 4900/4900 4899/4899 4547/4547
f 4547/4547 4545/4545 4900/4900
f 4482/4482 4480/4480 4899/4899
f 4899/4899 4900/4900 4482/4482
f 4488/4488 4482/4482 4900/4900
f 4900/4900 4901/4901 4488/4488
f 4901/4901 4900/4900 4545/4545
f 4545/4545 4542/4542 4901/4901
f 3650/3650 4901/4901 4542/4542
f 4542/4542 3651/3651 3650/3650
f 3649/3649 4488/4488 4901/4901
f 4901/4901 3650/3650 3649/3649
f 4531/4531 3640/3640 3637/3637
f 3637/3637 4902/4902 4531/4531
f 4902/4902 3637/3637 3636/3636
f 3636/3636 4701/4701 4902/4902
f 4903/4903 4902/4902 4701/4701
f 4701/4701 4695/4695 4903/4903
f 4534/4534 4531/4531 4902/4902
f 4902/4902 4903/4903 4534/4534
f 4536/4536 4534/4534 4903/4903
f 4903/4903 4904/4904 4536/4536
f 4904/4904 4903/4903 4695/4695
f 4695/4695 4693/4693 4904/4904
f 4905/4905 4904/4904 4693/4693
f 4693/4693 4688/4688 4905/4905
f 4538/4538 4536/4536 4904/4904
f 4904/4904 4905/4905 4538/4538
f 4544/4544 4538/4538 4905/4905
f 4905/4905 4906/4906 4544/4544
f 4906/4906 4905/4905 4688/4688
f 4688/4688 4685/4685 4906/4906
f 3652/3652 4906/4906 4685/4685
f 4685/4685 3653/3653 3652/3652
f 3651/3651 4544/4544 4906/4906
f 4906/4906 3652/3652 3651/3651
f 4520/4520 3489/3489 3492/3492
f 3492/3492 4907/4907 4520/4520
f 4907/4907 3492/3492 3497/3497
f 3497/3497 4415/4415 4907/4907
f 4908/4908 4907/4907 4415/4415
f 4415/4415 4420/4420 4908/4908
f 4523/4523 4520/4520 4907/4907
f 4907/4907 4908/4908 4523/4523
f 4525/4525 4523/4523 4908/4908
f 4908/4908 4909/4909 4525/4525
f 4909/4909 4908/4908 4420/4420
f 4420/4420 4457/4457 4909/4909
f 4910/4910 4909/4909 4457/4457
f 4457/4457 4455/4455 4910/4910
f 4527/4527 4525/4525 4909/4909
f 4909/4909 4910/4910 4527/4527
f 4533/4533 4527/4527 4910/4910
f 4910/4910 4911/4911 4533/4533
f 4911/4911 4910/4910 4455/4455
f 4455/4455 4452/4452 4911/4911
f 3641/3641 4911/4911 4452/4452
f 4452/4452 3642/3642 3641/3641
f 3640/3640 4533/4533 4911/4911
f 4911/4911 3641/3641 3640/3640
f 4438/4438 3687/3687 3686/3686
f 3686/3686 4912/4912 4438/4438
f 4912/4912 3686/3686 3685/3685
f 3685/3685 4608/4608 4912/4912
f 4913/4913 4912/4912 4608/4608
f 4608/4608 4602/4602 4913/4913
f 4441/4441 4438/4438 4912/4912
f 4912/4912 4913/4913 4441/4441
f 4446/4446 4441/4441 4913/4913
f 4913/4913 4914/4914 4446/4446
f 4914/4914 4913/4913 4602/4602
f 4602/4602 4600/4600 4914/4914
f 4915/4915 4914/4914 4600/4600
f 4600/4600 4595/4595 4915/4915
f 4448/4448 4446/4446 4914/4914
f 4914/4914 4915/4915 4448/4448
f 4454/4454 4448/4448 4915/4915
f 4915/4915 4916/4916 4454/4454
f 4916/4916 4915/4915 4595/4595
f 4595/4595 4592/4592 4916/4916
f 3643/3643 4916/4916 4592/4592
f 4592/4592 3644/3644 3643/3643
f 3642/3642 4454/4454 4916/4916
f 4916/4916 3643/3643 3642/3642
f 4372/4372 3590/3590 3589/3589
f 3589/3589 4917/4917 4372/4372
f 4917/4917 3589/3589 3588/3588
f 3588/3588 4008/4008 4917/4917
f 4918/4918 4917/4917 4008/4008
f 4008/4008 4000/4000 4918/4918
f 4375/4375 4372/4372 4917/4917
f 4917/4917 4918/4918 4375/4375
f 4380/4380 4375/4375 4918/4918
f 4918/4918 4919/4919 4380/4380
f 4919/4919 4918/4918 4000/4000
f 4000/4000 3999/3999 4919/4919
f 4921/4921 4920/4920 3997/3997
f 3997/3997 3992/3992 4921/4921
f 4383/4383 4382/4382 4920/4920
f 4920/4920 4921/4921 4383/4383
f 4391/4391 4383/4383 4921/4921
f 4921/4921 4922/4922 4391/4391
f 4922/4922 4921/4921 3992/3992
f 3992/3992 3989/3989 4922/4922
f 3550/3550 4922/4922 3989/3989
f 3989/3989 3553/3553 3550/3550
f 3549/3549 4391/4391 4922/4922
f 4922/4922 3550/3550 3549/3549
f 4114/4114 3595/3595 3592/3592
f 3592/3592 4923/4923 4114/4114
f 4923/4923 3592/3592 3591/3591
f 3591/3591 4477/4477 4923/4923
f 4924/4924 4923/4923 4477/4477
f 4477/4477 4471/4471 4924/4924
f 4117/4117 4114/4114 4923/4923
f 4923/4923 4924/4924 4117/4117
f 4119/4119 4117/4117 4924/4924
f 4924/4924 4925/4925 4119/4119
f 4925/4925 4924/4924 4471/4471
f 4471/4471 4469/4469 4925/4925
f 4926/4926 4925/4925 4469/4469
f 4469/4469 4464/4464 4926/4926
f 4085/4085 4119/4119 4925/4925
f 4925/4925 4926/4926 4085/4085
f 4080/4080 4085/4085 4926/4926
f 4926/4926 4927/4927 4080/4080
f 4927/4927 4926/4926 4464/4464
f 4464/4464 4461/4461 4927/4927
f 3556/3556 4927/4927 4461/4461
f 4461/4461 3557/3557 3556/3556
f 3555/3555 4080/4080 4927/4927
f 4927/4927 3556/3556 3555/3555
f 4159/4159 3493/3493 3490/3490
f 3490/3490 4928/4928 4159/4159
f 4928/4928 3490/3490 3489/3489
f 3489/3489 4522/4522 4928/4928
f 4929/4929 4928/4928 4522/4522
f 4522/4522 4516/4516 4929/4929
f 4162/4162 4159/4159 4928/4928
f 4928/4928 4929/4929 4162/4162
f 4164/4164 4162/4162 4929/4929
f 4929/4929 4930/4930 4164/4164
f 4930/4930 4929/4929 4516/4516
f 4516/4516 4514/4514 4930/4930
f 4931/4931 4930/4930 4514/4514
f 4514/4514 4509/4509 4931/4931
f 4130/4130 4164/4164 4930/4930
f 4930/4930 4931/4931 4130/4130
f 4125/4125 4130/4130 4931/4931
f 4931/4931 4932/4932 4125/4125
f 4932/4932 4931/4931 4509/4509
f 4509/4509 4506/4506 4932/4932
f 3598/3598 4932/4932 4506/4506
f 4506/4506 3599/3599 3598/3598
f 3597/3597 4125/4125 4932/4932
f 4932/4932 3598/3598 3597/3597
f 4069/4069 3522/3522 3521/3521
f 3521/3521 4933/4933 4069/4069
f 4933/4933 3521/3521 3520/3520
f 3520/3520 4429/4429 4933/4933
f 4934/4934 4933/4933 4429/4429
f 4429/4429 4423/4423 4934/4934
f 4072/4072 4069/4069 4933/4933
f 4933/4933 4934/4934 4072/4072
f 4074/4074 4072/4072 4934/4934
f 4934/4934 4935/4935 4074/4074
f 4935/4935 4934/4934 4423/4423
f 4423/4423 4421/4421 4935/4935
f 4936/4936 4935/4935 4421/4421
f 4421/4421 4416/4416 4936/4936
f 4037/4037 4074/4074 4935/4935
f 4935/4935 4936/4936 4037/4037
f 4032/4032 4037/4037 4936/4936
f 4936/4936 4937/4937 4032/4032
f 4937/4937 4936/4936 4416/4416
f 4416/4416 4413/4413 4937/4937
f 3496/3496 4937/4937 4413/4413
f 4413/4413 3497/3497 3496/3496
f 3495/3495 4032/4032 4937/4937
f 4937/4937 3496/3496 3495/3495
f 3943/3943 3689/3689 3688/3688
f 3688/3688 4938/4938 3943/3943
f 4938/4938 3688/3688 3687/3687
f 3687/3687 4440/4440 4938/4938
f 4939/4939 4938/4938 4440/4440
f 4440/4440 4445/4445 4939/4939
f 3946/3946 3943/3943 4938/4938
f 4938/4938 4939/4939 3946/3946
f 3952/3952 3951/3951 4940/4940
f 4940/4940 4941/4941 3952/3952
f 4941/4941 4940/4940 4434/4434
f 4434/4434 4432/4432 4941/4941
f 4942/4942 4941/4941 4432/4432
f 4432/4432 4430/4430 4942/4942
f 3954/3954 3952/3952 4941/4941
f 4941/4941 4942/4942 3954/3954
f 3960/3960 3954/3954 4942/4942
f 4942/4942 4943/4943 3960/3960
f 4943/4943 4942/4942 4430/4430
f 4430/4430 4427/4427 4943/4943
f 3517/3517 4943/4943 4427/4427
f 4427/4427 3520/3520 3517/3517
f 3516/3516 3960/3960 4943/4943
f 4943/4943 3517/3517 3516/3516
f 4055/4055 3511/3511 3508/3508
f 3508/3508 4944/4944 4055/4055
f 4944/4944 3508/3508 3507/3507
f 3507/3507 3853/3853 4944/4944
f 4945/4945 4944/4944 3853/3853
f 3853/3853 3858/3858 4945/4945
f 4058/4058 4055/4055 4944/4944
f 4944/4944 4945/4945 4058/4058
f 4061/4061 4060/4060 4946/4946
f 4946/4946 4947/4947 4061/4061
f 4947/4947 4946/4946 3894/3894
f 3894/3894 3892/3892 4947/4947
f 4948/4948 4947/4947 3892/3892
f 3892/3892 3890/3890 4948/4948
f 4064/4064 4061/4061 4947/4947
f 4947/4947 4948/4948 4064/4064
f 4071/4071 4064/4064 4948/4948
f 4948/4948 4949/4949 4071/4071
f 4949/4949 4948/4948 3890/3890
f 3890/3890 3887/3887 4949/4949
f 3523/3523 4949/4949 3887/3887
f 3887/3887 3524/3524 3523/3523
f 3522/3522 4071/4071 4949/4949
f 4949/4949 3523/3523 3522/3522
f 4227/4227 3502/3502 3499/3499
f 3499/3499 4950/4950 4227/4227
f 4950/4950 3499/3499 3498/3498
f 3498/3498 3818/3818 4950/4950
f 4951/4951 4950/4950 3818/3818
f 3818/3818 3810/3810 4951/4951
f 4230/4230 4227/4227 4950/4950
f 4950/4950 4951/4951 4230/4230
f 4232/4232 4230/4230 4951/4951
f 4951/4951 4952/4952 4232/4232
f 4952/4952 4951/4951 3810/3810
f 3810/3810 3809/3809 4952/4952
f 4954/4954 4953/4953 3807/3807
f 3807/3807 3806/3806 4954/4954
f 4235/4235 4234/4234 4953/4953
f 4953/4953 4954/4954 4235/4235
f 4243/4243 4248/4248 4955/4955
f 4955/4955 4956/4956 4243/4243
f 4956/4956 4955/4955 3801/3801
f 3801/3801 3798/3798 4956/4956
f 3514/3514 4956/4956 3798/3798
f 3798/3798 3515/3515 3514/3514
f 3513/3513 4243/4243 4956/4956
f 4956/4956 3514/3514 3513/3513
f 4606/4606 3685/3685 3682/3682
f 3682/3682 4957/4957 4606/4606
f 4957/4957 3682/3682 3681/3681
f 3681/3681 3913/3913 4957/4957
f 4958/4958 4957/4957 3913/3913
f 3913/3913 3916/3916 4958/4958
f 4609/4609 4606/4606 4957/4957
f 4957/4957 4958/4958 4609/4609
f 4612/4612 4611/4611 4959/4959
f 4959/4959 4960/4960 4612/4612
f 4960/4960 4959/4959 3907/3907
f 3907/3907 3905/3905 4960/4960
f 4961/4961 4960/4960 3905/3905
f 3905/3905 3900/3900 4961/4961
f 4615/4615 4612/4612 4960/4960
f 4960/4960 4961/4961 4615/4615
f 4622/4622 4615/4615 4961/4961
f 4961/4961 4962/4962 4622/4622
f 4962/4962 4961/4961 3900/3900
f 3900/3900 3897/3897 4962/4962
f 3505/3505 4962/4962 3897/3897
f 3897/3897 3506/3506 3505/3505
f 3504/3504 4622/4622 4962/4962
f 4962/4962 3505/3505 3504/3504
f 138/138 139/139 161/161
f 161/161 159/159 138/138
f 137/137 138/138 159/159
f 159/159 157/157 137/137
f 139/139 140/140 163/163
f 163/163 161/161 139/139
f 140/140 141/141 165/165
f 165/165 163/163 140/140
f 141/141 142/142 167/167
f 167/167 165/165 141/141
f 142/142 143/143 169/169
f 169/169 167/167 142/142
f 143/143 144/144 171/171
f 171/171 169/169 143/143
f 144/144 145/145 173/173
f 173/173 171/171 144/144
f 132/132 134/134 151/151
f 151/151 147/147 132/132
f 150/150 133/133 132/132
f 132/132 147/147 150/150
f 145/145 146/146 175/175
f 175/175 173/173 145/145
f 134/134 135/135 153/153
f 153/153 151/151 134/134
f 135/135 136/136 155/155
f 155/155 153/153 135/135
f 136/136 137/137 157/157
f 157/157 155/155 136/136
f 894/894 893/893 4963/4963
f 4963/4963 4964/4964 894/894
f 4964/4964 4963/4963 887/887
f 887/887 940/940 4964/4964
f 893/893 935/935 4965/4965
f 4965/4965 4963/4963 893/893
f 4963/4963 4965/4965 857/857
f 857/857 887/887 4963/4963
f 935/935 947/947 4966/4966
f 4966/4966 4965/4965 935/935
f 4965/4965 4966/4966 854/854
f 854/854 857/857 4965/4965
f 947/947 955/955 4967/4967
f 4967/4967 4966/4966 947/947
f 4966/4966 4967/4967 902/902
f 902/902 854/854 4966/4966
f 955/955 961/961 4968/4968
f 4968/4968 4967/4967 955/955
f 4967/4967 4968/4968 775/775
f 775/775 902/902 4967/4967
f 961/961 962/962 4969/4969
f 4969/4969 4968/4968 961/961
f 4968/4968 4969/4969 772/772
f 772/772 775/775 4968/4968
f 843/843 894/894 4964/4964
f 4964/4964 4970/4970 843/843
f 4970/4970 4964/4964 940/940
f 940/940 860/860 4970/4970
f 844/844 843/843 4970/4970
f 4970/4970 4971/4971 844/844
f 4971/4971 4970/4970 860/860
f 860/860 838/838 4971/4971
f 912/912 844/844 4971/4971
f 4971/4971 4972/4972 912/912
f 4972/4972 4971/4971 838/838
f 838/838 841/841 4972/4972
f 916/916 912/912 4972/4972
f 4972/4972 4973/4973 916/916
f 4973/4973 4972/4972 841/841
f 841/841 865/865 4973/4973
f 920/920 916/916 4973/4973
f 4973/4973 4974/4974 920/920
f 4974/4974 4973/4973 865/865
f 865/865 869/869 4974/4974
f 924/924 920/920 4974/4974
f 4974/4974 4975/4975 924/924
f 4975/4975 4974/4974 869/869
f 869/869 873/873 4975/4975
f 928/928 924/924 4975/4975
f 4975/4975 4976/4976 928/928
f 4976/4976 4975/4975 873/873
f 873/873 877/877 4976/4976
f 932/932 928/928 4976/4976
f 4976/4976 4977/4977 932/932
f 4977/4977 4976/4976 877/877
f 877/877 881/881 4977/4977
f 938/938 932/932 4977/4977
f 4977/4977 4978/4978 938/938
f 4978/4978 4977/4977 881/881
f 881/881 885/885 4978/4978
f 944/944 938/938 4978/4978
f 4978/4978 4979/4979 944/944
f 4979/4979 4978/4978 885/885
f 885/885 891/891 4979/4979
f 952/952 951/951 4980/4980
f 4980/4980 4981/4981 952/952
f 4981/4981 4980/4980 898/898
f 898/898 901/901 4981/4981
f 958/958 952/952 4981/4981
f 4981/4981 4982/4982 958/958
f 4982/4982 4981/4981 901/901
f 901/901 905/905 4982/4982
f 964/964 958/958 4982/4982
f 4982/4982 4983/4983 964/964
f 4983/4983 4982/4982 905/905
f 905/905 846/846 4983/4983
f 966/966 964/964 4983/4983
f 4983/4983 4984/4984 966/966
f 4984/4984 4983/4983 846/846
f 846/846 849/849 4984/4984
f 909/909 966/966 4984/4984
f 4984/4984 4985/4985 909/909
f 4985/4985 4984/4984 849/849
f 849/849 853/853 4985/4985
f 910/910 909/909 4985/4985
f 4985/4985 4986/4986 910/910
f 4986/4986 4985/4985 853/853
f 853/853 859/859 4986/4986
f 914/914 910/910 4986/4986
f 4986/4986 4987/4987 914/914
f 4987/4987 4986/4986 859/859
f 859/859 863/863 4987/4987
f 918/918 914/914 4987/4987
f 4987/4987 4988/4988 918/918
f 4988/4988 4987/4987 863/863
f 863/863 867/867 4988/4988
f 922/922 918/918 4988/4988
f 4988/4988 4989/4989 922/922
f 4989/4989 4988/4988 867/867
f 867/867 871/871 4989/4989
f 926/926 922/922 4989/4989
f 4989/4989 4990/4990 926/926
f 4990/4990 4989/4989 871/871
f 871/871 875/875 4990/4990
f 930/930 926/926 4990/4990
f 4990/4990 4991/4991 930/930
f 4991/4991 4990/4990 875/875
f 875/875 879/879 4991/4991
f 936/936 930/930 4991/4991
f 4991/4991 4992/4992 936/936
f 4992/4992 4991/4991 879/879
f 879/879 883/883 4992/4992
f 942/942 936/936 4992/4992
f 4992/4992 4993/4993 942/942
f 4993/4993 4992/4992 883/883
f 883/883 889/889 4993/4993
f 948/948 942/942 4993/4993
f 4993/4993 4994/4994 948/948
f 4994/4994 4993/4993 889/889
f 889/889 897/897 4994/4994
f 956/956 948/948 4994/4994
f 4994/4994 4995/4995 956/956
f 4995/4995 4994/4994 897/897
f 897/897 850/850 4995/4995
f 962/962 956/956 4995/4995
f 4995/4995 4969/4969 962/962
f 4969/4969 4995/4995 850/850
f 850/850 772/772 4969/4969
f 940/940 887/887 886/886
f 886/886 941/941 940/940

